 0.0000000000000000E+000  0.0000000000000000E+000 -0.1398795267562198E+001  0.1232865323300736E+001  0.1232825156975754E+001 -0.7384992612692670E-001  0.0000000000000000E+000
 0.5783680700000000E-002  0.0000000000000000E+000 -0.1398070347322252E+001  0.1232144375556006E+001  0.1232104354094963E+001 -0.7384101737607961E-001  0.1308409876742273E-020
 0.1192781000000000E-001  0.0000000000000000E+000 -0.1395697041173473E+001  0.1229784478918522E+001  0.1229744751931490E+001 -0.7381147958385664E-001 -0.3503047002665756E-021
 0.1844960300000000E-001  0.0000000000000000E+000 -0.1391386272746175E+001  0.1225499151620108E+001  0.1225459767237073E+001 -0.7375640088009916E-001  0.3078438062631464E-021
 0.2536636600000000E-001  0.0000000000000000E+000 -0.1384884400299487E+001  0.1219038060095248E+001  0.1218999043899265E+001 -0.7367001379576228E-001 -0.1009557537801363E-021
 0.3269537900000000E-001  0.0000000000000000E+000 -0.1376005630929971E+001  0.1210219738061147E+001  0.1210181110514294E+001 -0.7354614052415361E-001 -0.9152772084550810E-022
 0.4045376700000000E-001  0.0000000000000000E+000 -0.1364662997173541E+001  0.1198962839262218E+001  0.1198924619661527E+001 -0.7337931029003136E-001 -0.1599203709156438E-020
 0.4865834800000000E-001  0.0000000000000000E+000 -0.1350890723749162E+001  0.1185308760834262E+001  0.1185270970484340E+001 -0.7316671983812095E-001 -0.1134333649202960E-020
 0.5732546900000000E-001  0.0000000000000000E+000 -0.1334851214267718E+001  0.1169428851358391E+001  0.1169391515004105E+001 -0.7291095576578288E-001 -0.2714135071188869E-021
 0.6647082500000000E-001  0.0000000000000000E+000 -0.1316823057018379E+001  0.1151612578512418E+001  0.1151575722759068E+001 -0.7262302429209760E-001 -0.1632105059930838E-020
 0.7610926000000000E-001  0.0000000000000000E+000 -0.1297171423343853E+001  0.1132238016077877E+001  0.1132201664953637E+001 -0.7232489904392743E-001 -0.4158795305735221E-020
 0.8625455200000000E-001  0.0000000000000000E+000 -0.1276307016883862E+001  0.1111730809040585E+001  0.1111694978695615E+001 -0.7205070596812299E-001  0.1553968582139606E-022
 0.9691918300000001E-001  0.0000000000000000E+000 -0.1254642302305767E+001  0.1090520357759991E+001  0.1090485052928902E+001 -0.7184593132646119E-001  0.6222911808885862E-021
 0.1081141000000000E+000  0.0000000000000000E+000 -0.1232553238274050E+001  0.1069001463058805E+001  0.1068966676799380E+001 -0.7176458493564875E-001 -0.6049834789574793E-021
 0.1198484800000000E+000  0.0000000000000000E+000 -0.1210351875467468E+001  0.1047506806410490E+001  0.1047472522776226E+001 -0.7186483650474970E-001  0.1826150359206921E-020
 0.1321294200000000E+000  0.0000000000000000E+000 -0.1188271711047358E+001  0.1026292153288934E+001  0.1026258351367418E+001 -0.7220401224386097E-001 -0.1399147938345089E-021
 0.1449617600000000E+000  0.0000000000000000E+000 -0.1166464158270202E+001  0.1005532640738300E+001  0.1005499298435993E+001 -0.7283387935369974E-001 -0.2023969329815474E-022
 0.1583477400000000E+000  0.0000000000000000E+000 -0.1145003778019791E+001  0.9853277567140031E+000  0.9852948533480217E+000 -0.7379689522002088E-001 -0.3366603703849210E-021
 0.1722868300000000E+000  0.0000000000000000E+000 -0.1123898381082930E+001  0.9657111186008136E+000  0.9656786361477021E+000 -0.7512374264350319E-001  0.8662637723430628E-022
 0.1867754200000000E+000  0.0000000000000000E+000 -0.1103101725605943E+001  0.9466627234080648E+000  0.9466306467175106E+000 -0.7683210641947109E-001  0.4961896596884712E-021
 0.2018066600000000E+000  0.0000000000000000E+000 -0.1082526346176281E+001  0.9281212082461202E+000  0.9280895246652580E+000 -0.7892645747363132E-001 -0.7805884837025718E-021
 0.2173702200000000E+000  0.0000000000000000E+000 -0.1062055705824377E+001  0.9099952704679285E+000  0.9099639692390566E+000 -0.8139848433776536E-001 -0.4573725836372871E-022
 0.2334521800000000E+000  0.0000000000000000E+000 -0.1041554846776795E+001  0.8921734395095163E+000  0.8921425111714206E+000 -0.8422787322255997E-001  0.1424794277906734E-020
 0.2500348700000000E+000  0.0000000000000000E+000 -0.1020879698920295E+001  0.8745323397797189E+000  0.8745017756774902E+000 -0.8738316743830600E-001  0.4823308419441910E-021
 0.2670968500000000E+000  0.0000000000000000E+000 -0.9998849339754149E+000  0.8569433831591922E+000  0.8569131750960644E+000 -0.9082258883215361E-001  0.2804626181433678E-021
 0.2846128000000000E+000  0.0000000000000000E+000 -0.9784308821925749E+000  0.8392784088478263E+000  0.8392485488692724E+000 -0.9449472416465950E-001 -0.3659173859201526E-021
 0.3025536600000000E+000  0.0000000000000000E+000 -0.9563893047372710E+000  0.8214141934909795E+000  0.8213846737837305E+000 -0.9833916230690987E-001  0.9057038955571566E-022
 0.3208866600000000E+000  0.0000000000000000E+000 -0.9336486174949323E+000  0.8032364433574375E+000  0.8032072562343320E+000 -0.1022870827066446E+000 -0.1407163835131925E-022
 0.3395755000000000E+000  0.0000000000000000E+000 -0.9101183116166150E+000  0.7846431699878093E+000  0.7846143079344768E+000 -0.1062619514938345E+000 -0.5534306854269466E-022
 0.3585805500000000E+000  0.0000000000000000E+000 -0.8857327120341824E+000  0.7655476779454673E+000  0.7655191337024827E+000 -0.1101804170656348E+000  0.3202263861531454E-021
 0.3778591900000000E+000  0.0000000000000000E+000 -0.8604538311069553E+000  0.7458810667427398E+000  0.7458528333992588E+000 -0.1139535448800903E+000  0.8401884091930578E-022
 0.3973661100000000E+000  0.0000000000000000E+000 -0.8342734118049749E+000  0.7255943892821715E+000  0.7255664603558702E+000 -0.1174884494321693E+000  0.2432374907579817E-021
 0.4170537000000000E+000  0.0000000000000000E+000 -0.8072138562887109E+000  0.7046602601311933E+000  0.7046326296172075E+000 -0.1206904150669111E+000  0.4400876611651775E-021
 0.4368725300000000E+000  0.0000000000000000E+000 -0.7793279133108542E+000  0.6830738080028547E+000  0.6830464703836538E+000 -0.1234655177810131E+000 -0.3777121104180263E-021
 0.4567718400000000E+000  0.0000000000000000E+000 -0.7506971669655510E+000  0.6608529524268997E+000  0.6608259026447592E+000 -0.1257236877430437E+000 -0.8733668814462612E-021
 0.4767000000000000E+000  0.0000000000000000E+000 -0.7214294074077120E+000  0.6380379751184169E+000  0.6380112085209914E+000 -0.1273821031076575E+000  0.2723445258001871E-021
 0.4966051100000000E+000  0.0000000000000000E+000 -0.6916547416582164E+000  0.6146901544534497E+000  0.6146636667305113E+000 -0.1283687583120300E+000  0.2438122849786036E-021
 0.5164355000000000E+000  0.0000000000000000E+000 -0.6615209772909619E+000  0.5908897398694658E+000  0.5908635269956907E+000 -0.1286259454713292E+000 -0.4528124594868075E-022
 0.5361402700000000E+000  0.0000000000000000E+000 -0.6311883365525203E+000  0.5667331779231692E+000  0.5667072361198108E+000 -0.1281133956565833E+000 -0.5443142589089775E-021
 0.5556698200000000E+000  0.0000000000000000E+000 -0.6008238683692803E+000  0.5423297619765876E+000  0.5423040876974866E+000 -0.1268107885775963E+000  0.4723276587657835E-021
 0.5749763200000000E+000  0.0000000000000000E+000 -0.5705959430717753E+000  0.5177979283621873E+000  0.5177725183018670E+000 -0.1247193723353988E+000  0.1929138575664906E-021
 0.5940141799999999E+000  0.0000000000000000E+000 -0.5406690224707978E+000  0.4932613121629489E+000  0.4932361632800134E+000 -0.1218624875075724E+000 -0.8778663605960231E-022
 0.6127404500000000E+000  0.0000000000000000E+000 -0.5111990518669708E+000  0.4688448447210171E+000  0.4688199542668747E+000 -0.1182848841235620E+000 -0.2040086512797380E-021
 0.6311151600000000E+000  0.0000000000000000E+000 -0.4823296337794323E+000  0.4446710685544596E+000  0.4446464340983130E+000 -0.1140508320191788E+000  0.2444842942634965E-021
 0.6491016200000000E+000  0.0000000000000000E+000 -0.4541890548489788E+000  0.4208568044352808E+000  0.4208324238794480E+000 -0.1092411356636029E+000  0.7609665632854658E-022
 0.6666666700000000E+000  0.0000000000000000E+000 -0.4268882160453939E+000  0.3975103080489817E+000  0.3974861796320394E+000 -0.1039492764910394E+000 -0.2160308922524799E-021
 0.6837808000000000E+000  0.0000000000000000E+000 -0.4005195634080445E+000  0.3747291063133769E+000  0.3747052286007165E+000 -0.9827701713884077E-001 -0.1891319792183901E-021
 0.7004183000000000E+000  0.0000000000000000E+000 -0.3751566940038223E+000  0.3525983403834805E+000  0.3525747122493948E+000 -0.9232977605383309E-001  0.4058768338317091E-021
 0.7165572700000000E+000  0.0000000000000000E+000 -0.3508547923097340E+000  0.3311898398866674E+000  0.3311664604907201E+000 -0.8621217834289691E-001  0.3479279567317493E-021
 0.7321796300000000E+000  0.0000000000000000E+000 -0.3276515521893632E+000  0.3105617071790321E+000  0.3105385759414065E+000 -0.8002405553592919E-001  0.7236086399294149E-022
 0.7472710500000000E+000  0.0000000000000000E+000 -0.3055685737899455E+000  0.2907584568285623E+000  0.2907355734069883E+000 -0.7385716305559052E-001  0.6088567561162708E-021
 0.7618208000000000E+000  0.0000000000000000E+000 -0.2846131013111195E+000  0.2718116305282118E+000  0.2717889947977923E+000 -0.6779276779037970E-001 -0.9022261645994421E-021
 0.7758216500000000E+000  0.0000000000000000E+000 -0.2647797955919066E+000  0.2537406302185265E+000  0.2537182422569459E+000 -0.6190010117085884E-001  0.9831375867300084E-021
 0.7892696500000000E+000  0.0000000000000000E+000 -0.2460526910555011E+000  0.2365539049921788E+000  0.2365317650692098E+000 -0.5623570763697847E-001 -0.1296879363701974E-020
 0.8021639100000000E+000  0.0000000000000000E+000 -0.2284070799862088E+000  0.2202502509577240E+000  0.2202283595292833E+000 -0.5084353039192383E-001 -0.8921401680046394E-022
 0.8145064000000000E+000  0.0000000000000000E+000 -0.2118112427872653E+000  0.2048201285162964E+000  0.2047984862234062E+000 -0.4575557189541483E-001  0.8894223295054708E-021
 0.8263016600000000E+000  0.0000000000000000E+000 -0.1962281355422942E+000  0.1902470760999738E+000  0.1902256837705923E+000 -0.4099300431255400E-001  0.2192239951677685E-021
 0.8375565600000000E+000  0.0000000000000000E+000 -0.1816168205234113E+000  0.1765089963504424E+000  0.1764878550047596E+000 -0.3656750536193369E-001 -0.4129959189707714E-021
 0.8482800500000000E+000  0.0000000000000000E+000 -0.1679337179588014E+000  0.1635793599212032E+000  0.1635584707800617E+000 -0.3248270217201832E-001 -0.1440606201026283E-020
 0.8584829000000000E+000  0.0000000000000000E+000 -0.1551336823374264E+000  0.1514283062404493E+000  0.1514076707366034E+000 -0.2873561142967514E-001 -0.1711875340018009E-020
 0.8681774200000000E+000  0.0000000000000000E+000 -0.1431709265996912E+000  0.1400236426912467E+000  0.1400032624827163E+000 -0.2531800108488471E-001 -0.1722376391320972E-020
 0.8773772700000000E+000  0.0000000000000000E+000 -0.1319996766661601E+000  0.1293316124763454E+000  0.1293114894639181E+000 -0.2221758909179011E-001 -0.1487554717058004E-020
 0.8860971700000000E+000  0.0000000000000000E+000 -0.1215748139334920E+000  0.1193176625075480E+000  0.1192977988537011E+000 -0.1941912772664039E-001 -0.1641312482903625E-021
 0.8943527400000000E+000  0.0000000000000000E+000 -0.1118522444154482E+000  0.1099469520038209E+000  0.1099273501567099E+000 -0.1690529111714305E-001  0.1198307326380502E-020
 0.9021602500000000E+000  0.0000000000000000E+000 -0.1027892840893811E+000  0.1011848716606117E+000  0.1011655343808237E+000 -0.1465744980885473E-001 -0.2244696514350198E-021
 0.9095365000000000E+000  0.0000000000000000E+000 -0.9434481751270492E-001  0.9299733555990997E-001  0.9297826595434171E-001 -0.1265627665583814E-001 -0.7092779616993761E-021
 0.9164985600000000E+000  0.0000000000000000E+000 -0.8647956278835772E-001  0.8535116477635780E-001  0.8533236633469747E-001 -0.1088227931457852E-001  0.2097344682938328E-020
 0.9230637200000000E+000  0.0000000000000000E+000 -0.7915605344555703E-001  0.7821418469826039E-001  0.7819566134007810E-001 -0.9316175639719407E-002  0.2750445522883273E-020
 0.9292492700000000E+000  0.0000000000000000E+000 -0.7233878512339666E-001  0.7155547002638535E-001  0.7153722615358654E-001 -0.7939228965140576E-002 -0.3889035046128756E-020
 0.9350724600000000E+000  0.0000000000000000E+000 -0.6599414023265392E-001  0.6534536211764604E-001  0.6532740268099393E-001 -0.6733464865382901E-002 -0.3476811425273290E-020
 0.9405503300000000E+000  0.0000000000000000E+000 -0.6009044541668113E-001  0.5955560496009855E-001  0.5953793553596287E-001 -0.5681855446626211E-002 -0.1047698761117100E-019
 0.9456996700000000E+000  0.0000000000000000E+000 -0.5459787994332722E-001  0.5415932563762041E-001  0.5414195252324972E-001 -0.4768421729272632E-002 -0.4066932095476747E-020
 0.9505369100000000E+000  0.0000000000000000E+000 -0.4948845914002591E-001  0.4913107930153357E-001  0.4911400962910555E-001 -0.3978306665649149E-002  0.6951965941581791E-020
 0.9550781000000000E+000  0.0000000000000000E+000 -0.4473592352785877E-001  0.4444679358746951E-001  0.4443003546749712E-001 -0.3297796194288658E-002  0.3280018511291783E-021
 0.9593388200000000E+000  0.0000000000000000E+000 -0.4031570675910680E-001  0.4008378344262540E-001  0.4006734613997860E-001 -0.2714324206142522E-002  0.2542064503711935E-020
 0.9633341700000000E+000  0.0000000000000000E+000 -0.3620482522152155E-001  0.3602068262554430E-001  0.3600457678343463E-001 -0.2216443041702548E-002 -0.3074459779309893E-020
 0.9670787100000000E+000  0.0000000000000000E+000 -0.3238182695356664E-001  0.3223742821844325E-001  0.3222166614175966E-001 -0.1793785338322649E-002  0.1571521977651697E-020
 0.9705864600000000E+000  0.0000000000000000E+000 -0.2882668618113108E-001  0.2871518665294895E-001  0.2869978267803247E-001 -0.1437006666136578E-002  0.2749068781083351E-020
 0.9738709000000000E+000  0.0000000000000000E+000 -0.2552070676778422E-001  0.2543628421212698E-001  0.2542125519745406E-001 -0.1137722239696870E-002 -0.6914618347483600E-020
 0.9769449100000001E+000  0.0000000000000000E+000 -0.2244649393708284E-001  0.2238420158143919E-001  0.2236956756311997E-001 -0.8884447816291350E-003 -0.3129845851126232E-020
 0.9798208200000000E+000  0.0000000000000000E+000 -0.1958782282656853E-001  0.1954346288759685E-001  0.1952924799271981E-001 -0.6825102853117863E-003  0.8070537214202416E-020
 0.9825103800000000E+000  0.0000000000000000E+000 -0.1692959532030099E-001  0.1689960939871354E-001  0.1688584314069366E-001 -0.5140116809941994E-003  0.1111353931657694E-019
 0.9850247900000000E+000  0.0000000000000000E+000 -0.1445774407369825E-001  0.1443911819898215E-001  0.1442583739032340E-001 -0.3777294512993814E-003  0.4249611137488362E-020
 0.9873746700000000E+000  0.0000000000000000E+000 -0.1215920251407322E-001  0.1214938401977187E-001  0.1213663570439554E-001 -0.2690687261292918E-003 -0.1216097306612247E-020
 0.9895701099999999E+000  0.0000000000000000E+000 -0.1002180223653195E-001  0.1001862625148713E-001  0.1000647246967518E-001 -0.1839952293019094E-003 -0.2619154445712564E-020
 0.9916206800000000E+000  0.0000000000000000E+000 -0.8034215879154328E-002  0.8035837933713104E-002  0.8024364010207173E-002 -0.1189780102068156E-003 -0.1888293169303911E-020
 0.9935354199999999E+000  0.0000000000000000E+000 -0.6185924357491685E-002  0.6190753671499969E-002  0.6180084102538238E-002 -0.7093654400757030E-004 -0.2387222343557202E-021
 0.9953228800000000E+000  0.0000000000000000E+000 -0.4467140296366193E-002  0.4473760699210707E-002  0.4464094678234757E-002 -0.3719032031270208E-004  0.4352567184663742E-021
 0.9969911299999999E+000  0.0000000000000000E+000 -0.2868765006916385E-002  0.2875795717893054E-002  0.2867508970770041E-002 -0.1541384858816823E-004  0.2045211139806194E-021
 0.9985477800000000E+000  0.0000000000000000E+000 -0.1382339660576634E-002  0.1388013803631432E-002  0.1382048025661771E-002 -0.3595443497472623E-005 -0.2225995389088010E-021
 0.1000000000000000E+001  0.0000000000000000E+000  0.8968930807881385E-020 -0.3272840823327054E-019 -0.3187138046481428E-021 -0.1422831120741317E-026 -0.3216833836851843E-047

 0.0000000000000000E+000  0.6514166800000000E-001 -0.1399251618594581E+001  0.1232408975365468E+001  0.1233273944229182E+001 -0.7384992612692676E-001  0.3869020209479698E-002
 0.5783680700000000E-002  0.6514166800000000E-001 -0.1398525633365250E+001  0.1231688866998011E+001  0.1232552018264237E+001 -0.7384104578697845E-001  0.3880112780250967E-002
 0.1192781000000000E-001  0.6514166800000000E-001 -0.1396148847392119E+001  0.1229331719749666E+001  0.1230188743915822E+001 -0.7381160013152266E-001  0.3916609288409869E-002
 0.1844960300000000E-001  0.6514166800000000E-001 -0.1391831785674673E+001  0.1225051391306400E+001  0.1225897107939889E+001 -0.7375668520837615E-001  0.3983611146051211E-002
 0.2536636600000000E-001  0.6514166800000000E-001 -0.1385320491386903E+001  0.1218597850937435E+001  0.1219426401130887E+001 -0.7367053622398406E-001  0.4086439384683493E-002
 0.3269537900000000E-001  0.6514166800000000E-001 -0.1376429003178711E+001  0.1209789860998169E+001  0.1210594937699332E+001 -0.7354697016582655E-001  0.4230402608731153E-002
 0.4045376700000000E-001  0.6514166800000000E-001 -0.1365070394444423E+001  0.1198546191756292E+001  0.1199321355965133E+001 -0.7338050102488514E-001  0.4420516320326890E-002
 0.4865834800000000E-001  0.6514166800000000E-001 -0.1351279188628549E+001  0.1184908214389315E+001  0.1185647288493836E+001 -0.7316829950975282E-001  0.4661202722665347E-002
 0.5732546900000000E-001  0.6514166800000000E-001 -0.1335218365517285E+001  0.1169047094728964E+001  0.1169744587465563E+001 -0.7291291683404312E-001  0.4956009891654593E-002
 0.6647082500000000E-001  0.6514166800000000E-001 -0.1317167347019270E+001  0.1151251968707711E+001  0.1151903469491019E+001 -0.7262531857065599E-001  0.5307388257694528E-002
 0.7610926000000000E-001  0.6514166800000000E-001 -0.1297492334552605E+001  0.1131900460227164E+001  0.1132502939847498E+001 -0.7232743869985098E-001  0.5716550169407740E-002
 0.8625455200000000E-001  0.6514166800000000E-001 -0.1276605166142750E+001  0.1111417695096023E+001  0.1111969666643502E+001 -0.7205337156963139E-001  0.6183418533687535E-002
 0.9691918300000001E-001  0.6514166800000000E-001 -0.1254919440293321E+001  0.1090232542291017E+001  0.1090734065004364E+001 -0.7184858581574555E-001  0.6706650255551259E-002
 0.1081141000000000E+000  0.6514166800000000E-001 -0.1232812152140907E+001  0.1068739313238959E+001  0.1069191852780563E+001 -0.7176709075452893E-001  0.7283706827869384E-002
 0.1198484800000000E+000  0.6514166800000000E-001 -0.1210596218915709E+001  0.1047270284110803E+001  0.1047676466314911E+001 -0.7186707241665440E-001  0.7910941138719712E-002
 0.1321294200000000E+000  0.6514166800000000E-001 -0.1188505793598939E+001  0.1026080923901659E+001  0.1026444230668309E+001 -0.7220588689539989E-001  0.8583669537108745E-002
 0.1449617600000000E+000  0.6514166800000000E-001 -0.1166692723508137E+001  0.1005346189101128E+001  0.1005670643259616E+001 -0.7283533993868409E-001  0.9296223633206330E-002
 0.1583477400000000E+000  0.6514166800000000E-001 -0.1145231792920027E+001  0.9851654944846302E+000  0.9854553716534892E+000 -0.7379793112175920E-001  0.1004195999634849E-001
 0.1722868300000000E+000  0.6514166800000000E-001 -0.1124130847965751E+001  0.9655724724264255E+000  0.9658320627796820E+000 -0.7512438505241296E-001  0.1081324977891522E-001
 0.1867754200000000E+000  0.6514166800000000E-001 -0.1103343519117721E+001  0.9465471971379833E+000  0.9467806273605729E+000 -0.7683242544283758E-001  0.1160144144088667E-001
 0.2018066600000000E+000  0.6514166800000000E-001 -0.1082782071299499E+001  0.9280284168071354E+000  0.9282395311405428E+000 -0.7892655819427992E-001  0.1239682740422468E-001
 0.2173702200000000E+000  0.6514166800000000E-001 -0.1062329569904895E+001  0.9099249454593119E+000  0.9101172385813237E+000 -0.8139850288772699E-001  0.1318861931355777E-001
 0.2334521800000000E+000  0.6514166800000000E-001 -0.1041850538677518E+001  0.8921254088437258E+000  0.8923019997332782E+000 -0.8422797341825097E-001  0.1396496179927394E-001
 0.2500348700000000E+000  0.6514166800000000E-001 -0.1021200270434718E+001  0.8745064847139298E+000  0.8746701202745040E+000 -0.8738353805212647E-001  0.1471299387078967E-001
 0.2670968500000000E+000  0.6514166800000000E-001 -0.1000232682351702E+001  0.8569395773033364E+000  0.8570926551292077E+000 -0.9082344121762485E-001  0.1541898487878765E-001
 0.2846128000000000E+000  0.6514166800000000E-001 -0.9788072363619157E+000  0.8392964442777917E+000  0.8394410456952259E+000 -0.9449628972543657E-001  0.1606854925088752E-001
 0.3025536600000000E+000  0.6514166800000000E-001 -0.9567947223233978E+000  0.8214537003833554E+000  0.8215916264062322E+000 -0.9834168920584299E-001  0.1664696441977564E-001
 0.3208866600000000E+000  0.6514166800000000E-001 -0.9340825023554452E+000  0.8032968098786715E+000  0.8034296146659279E+000 -0.1022908312031559E+000  0.1713957934405682E-001
 0.3395755000000000E+000  0.6514166800000000E-001 -0.9105789640262529E+000  0.7847234700839331E+000  0.7848524879445725E+000 -0.1062671873952653E+000  0.1753231759953173E-001
 0.3585805500000000E+000  0.6514166800000000E-001 -0.8862173235831934E+000  0.7656466146576681E+000  0.7657729782904850E+000 -0.1101874029448022E+000  0.1781225204455197E-001
 0.3778591900000000E+000  0.6514166800000000E-001 -0.8609585345966471E+000  0.7459969382669291E+000  0.7461215874539890E+000 -0.1139625289676145E+000  0.1796822328516300E-001
 0.3973661100000000E+000  0.6514166800000000E-001 -0.8347933920704249E+000  0.7257250834235623E+000  0.7258487649726520E+000 -0.1174996523885778E+000  0.1799145738874541E-001
 0.4170537000000000E+000  0.6514166800000000E-001 -0.8077435221913625E+000  0.7048032806896356E+000  0.7049265418438151E+000 -0.1207040152060907E+000  0.1787613703245923E-001
 0.4368725300000000E+000  0.6514166800000000E-001 -0.7798611241497645E+000  0.6832263335905150E+000  0.6833495123413859E+000 -0.1234816356894695E+000  0.1761987200562643E-001
 0.4567718400000000E+000  0.6514166800000000E-001 -0.7512274995919586E+000  0.6610119247383914E+000  0.6611351412431959E+000 -0.1257423715660787E+000  0.1722401965252712E-001
 0.4767000000000000E+000  0.6514166800000000E-001 -0.7219504447885833E+000  0.6382002103602166E+000  0.6383233637966754E+000 -0.1274033160122898E+000  0.1669381881698844E-001
 0.4966051100000000E+000  0.6514166800000000E-001 -0.6921603603087814E+000  0.6148524689681562E+000  0.6149752435848687E+000 -0.1283923697538912E+000  0.1603831071697676E-001
 0.5164355000000000E+000  0.6514166800000000E-001 -0.6620056107009680E+000  0.5910490792591225E+000  0.5911709621213455E+000 -0.1286517277538063E+000  0.1527004815280138E-001
 0.5361402700000000E+000  0.6514166800000000E-001 -0.6316471944658116E+000  0.5668867387427013E+000  0.5670070499252342E+000 -0.1281410269468105E+000  0.1440460844732577E-001
 0.5556698200000000E+000  0.6514166800000000E-001 -0.6012530970130238E+000  0.5424750961314762E+000  0.5425930301749968E+000 -0.1268398629645351E+000  0.1345994670630541E-001
 0.5749763200000000E+000  0.6514166800000000E-001 -0.5709927183147993E+000  0.5179330226136949E+000  0.5180476983042304E+000 -0.1247494167573312E+000  0.1245564135380499E-001
 0.5940141799999999E+000  0.6514166800000000E-001 -0.5410315749998466E+000  0.4933846381130069E+000  0.4934951523716378E+000 -0.1218929845427981E+000  0.1141208556757004E-001
 0.6127404500000000E+000  0.6514166800000000E-001 -0.5115266300487944E+000  0.4689553778997609E+000  0.4690608590134483E+000 -0.1183152988402755E+000  0.1034968403608504E-001
 0.6311151600000000E+000  0.6514166800000000E-001 -0.4826224148349239E+000  0.4447682782273335E+000  0.4448679338515685E+000 -0.1140806404836637E+000  0.9288104908231459E-002
 0.6491016200000000E+000  0.6514166800000000E-001 -0.4544480179414429E+000  0.4209406181190188E+000  0.4210337743314973E+000 -0.1092698524201133E+000  0.8245625242939952E-002
 0.6666666700000000E+000  0.6514166800000000E-001 -0.4271149919505827E+000  0.3975810563200582E+000  0.3976671853000486E+000 -0.1039764784224996E+000  0.7238597385880061E-002
 0.6837808000000000E+000  0.6514166800000000E-001 -0.4007162749290415E+000  0.3747874543078983E+000  0.3748661897214602E+000 -0.9830236160140925E-001  0.6281055049225434E-002
 0.7004183000000000E+000  0.6514166800000000E-001 -0.3753257990880093E+000  0.3526452122727513E+000  0.3527163527701138E+000 -0.9235301193469270E-001  0.5384452511248920E-002
 0.7165572700000000E+000  0.6514166800000000E-001 -0.3509989394843304E+000  0.3312263421657775E+000  0.3312898445710043E+000 -0.8623314962188247E-001  0.4557540334086826E-002
 0.7321796300000000E+000  0.6514166800000000E-001 -0.3277734547524833E+000  0.3105890555516003E+000  0.3106450199867981E+000 -0.8004269782040921E-001  0.3806357118898772E-002
 0.7472710500000000E+000  0.6514166800000000E-001 -0.3056709065052705E+000  0.2907779103834594E+000  0.2908265599147179E+000 -0.7387349430360161E-001  0.3134325574101500E-002
 0.7618208000000000E+000  0.6514166800000000E-001 -0.2846984208552182E+000  0.2718244357059122E+000  0.2718660930526616E+000 -0.6780687491132995E-001  0.2542434477868320E-002
 0.7758216500000000E+000  0.6514166800000000E-001 -0.2648504838745853E+000  0.2537479758840884E+000  0.2537830393581550E+000 -0.6191212434487561E-001  0.2029483244562566E-002
 0.7892696500000000E+000  0.6514166800000000E-001 -0.2461109193438550E+000  0.2365568890450140E+000  0.2365858095021897E+000 -0.5624582411902126E-001  0.1592379987072590E-002
 0.8021639100000000E+000  0.6514166800000000E-001 -0.2284547907215610E+000  0.2202498580389136E+000  0.2202731180470702E+000 -0.5085193924357380E-001  0.1226471947487789E-002
 0.8145064000000000E+000  0.6514166800000000E-001 -0.2118501455872339E+000  0.2048172177709313E+000  0.2048353136974274E+000 -0.4576248066851057E-001  0.9258943520939195E-003
 0.8263016600000000E+000  0.6514166800000000E-001 -0.1962597139417996E+000  0.1902423775579314E+000  0.1902558049092443E+000 -0.4099861828226935E-001  0.6839275976522354E-003
 0.8375565600000000E+000  0.6514166800000000E-001 -0.1816423461400596E+000  0.1765031142066045E+000  0.1765123561724037E+000 -0.3657201949128636E-001  0.4933460827996007E-003
 0.8482800500000000E+000  0.6514166800000000E-001 -0.1679542692607836E+000  0.1635727809393230E+000  0.1635782999068488E+000 -0.3248629568999289E-001  0.3467488570776809E-003
 0.8584829000000000E+000  0.6514166800000000E-001 -0.1551501657102485E+000  0.1514214115625837E+000  0.1514236432416045E+000 -0.2873844469874995E-001  0.2368602764912279E-003
 0.8681774200000000E+000  0.6514166800000000E-001 -0.1431840979524167E+000  0.1400167215061825E+000  0.1400160712527725E+000 -0.2532021432596903E-001  0.1567896878503581E-003
 0.8773772700000000E+000  0.6514166800000000E-001 -0.1320101622968599E+000  0.1293248762559144E+000  0.1293217171485961E+000 -0.2221930250051381E-001  0.1002398705938769E-003
 0.8860971700000000E+000  0.6514166800000000E-001 -0.1215831298935378E+000  0.1193112588225435E+000  0.1193059311338324E+000 -0.1942044255782942E-001  0.6165893464892557E-004
 0.8943527400000000E+000  0.6514166800000000E-001 -0.1118588138979019E+000  0.1099409772381130E+000  0.1099337889245774E+000 -0.1690629136268594E-001  0.3632990693769913E-004
 0.9021602500000000E+000  0.6514166800000000E-001 -0.1027944527068983E+000  0.1011793822227300E+000  0.1011706101719042E+000 -0.1465820418337625E-001  0.2039974555263436E-004
 0.9095365000000000E+000  0.6514166800000000E-001 -0.9434886646294668E-001  0.9299235743475538E-001  0.9298224920648542E-001 -0.1265684067095678E-001  0.1085163496062655E-004
 0.9164985600000000E+000  0.6514166800000000E-001 -0.8648272007374275E-001  0.8534670142038227E-001  0.8533547732667024E-001 -0.1088269729978090E-001  0.5430765554909122E-005
 0.9230637200000000E+000  0.6514166800000000E-001 -0.7915850331411610E-001  0.7821022341780422E-001  0.7819807875965738E-001 -0.9316482612655934E-002  0.2536172615012979E-005
 0.9292492700000000E+000  0.6514166800000000E-001 -0.7234067597722996E-001  0.7155198701349533E-001  0.7153909439892049E-001 -0.7939452306227774E-002  0.1094613399003783E-005
 0.9350724600000000E+000  0.6514166800000000E-001 -0.6599559119933003E-001  0.6534232636227374E-001  0.6532883800145843E-001 -0.6733625773639184E-002  0.4316365620787588E-006
 0.9405503300000000E+000  0.6514166800000000E-001 -0.6009155179770083E-001  0.5955298122767592E-001  0.5953903117046243E-001 -0.5681970179433290E-002  0.1533790408677758E-006
 0.9456996700000000E+000  0.6514166800000000E-001 -0.5459871770608022E-001  0.5415707670021238E-001  0.5414278296694763E-001 -0.4768502637378260E-002  0.4830106281978565E-007
 0.9505369100000000E+000  0.6514166800000000E-001 -0.4948908861364379E-001  0.4912916756991371E-001  0.4911463416514271E-001 -0.3978363044245630E-002  0.1320792632199405E-007
 0.9550781000000000E+000  0.6514166800000000E-001 -0.4473639243072219E-001  0.4444518227777320E-001  0.4443050107497253E-001 -0.3297834972563868E-002  0.3058236882491340E-008
 0.9593388200000000E+000  0.6514166800000000E-001 -0.4031605267439205E-001  0.4008243737635073E-001  0.4006768988260226E-001 -0.2714350499290586E-002  0.5811583319927269E-009
 0.9633341700000000E+000  0.6514166800000000E-001 -0.3620507761288283E-001  0.3601956875204407E-001  0.3600482776225009E-001 -0.2216460587440476E-002  0.8720900286267791E-010
 0.9670787100000000E+000  0.6514166800000000E-001 -0.3238200880300027E-001  0.3223651592371281E-001  0.3222184708752707E-001 -0.1793796838506203E-002  0.9883586539145901E-011
 0.9705864600000000E+000  0.6514166800000000E-001 -0.2882681531467001E-001  0.2871444791182562E-001  0.2869991124419828E-001 -0.1437014051247343E-002  0.8170969640992540E-012
 0.9738709000000000E+000  0.6514166800000000E-001 -0.2552079692565610E-001  0.2543569362539157E-001  0.2542134500685528E-001 -0.1137726871619371E-002  0.5187461786044109E-013
 0.9769449100000001E+000  0.6514166800000000E-001 -0.2244655563560110E-001  0.2238373632777182E-001  0.2236962905313588E-001 -0.8884476076555485E-003  0.3285011301422521E-014
 0.9798208200000000E+000  0.6514166800000000E-001 -0.1958786404897437E-001  0.1954310262101781E-001  0.1952928909423382E-001 -0.6825119538655041E-003  0.2086214680217336E-015
 0.9825103800000000E+000  0.6514166800000000E-001 -0.1692962206951302E-001  0.1689933610734275E-001  0.1688586982245507E-001 -0.5140126277905262E-003  0.1568085275889837E-016
 0.9850247900000000E+000  0.6514166800000000E-001 -0.1445776081266117E-001  0.1443891604196313E-001  0.1442585409341398E-001 -0.3777299627979266E-003 -0.7900834066550197E-017
 0.9873746700000000E+000  0.6514166800000000E-001 -0.1215921251557693E-001  0.1214923915167071E-001  0.1213664568795419E-001 -0.2690689857664764E-003  0.6875600107436376E-017
 0.9895701099999999E+000  0.6514166800000000E-001 -0.1002180785976079E-001  0.1001852664439514E-001  0.1000647808462318E-001 -0.1839953507503391E-003 -0.2685314419933326E-018
 0.9916206800000000E+000  0.6514166800000000E-001 -0.8034218787591238E-002  0.8035773201548876E-002  0.8024366915224037E-002 -0.1189780610038980E-003 -0.7948572677122467E-017
 0.9935354199999999E+000  0.6514166800000000E-001 -0.6185925689827342E-002  0.6190714900327910E-002  0.6180085433672149E-002 -0.7093656206927669E-004  0.2414432114651668E-016
 0.9953228800000000E+000  0.6514166800000000E-001 -0.4467140799815534E-002  0.4473740287108909E-002  0.4464095181357222E-002 -0.3719032527931583E-004  0.8450847579792112E-017
 0.9969911299999999E+000  0.6514166800000000E-001 -0.2868765140675312E-002  0.2875787225350887E-002  0.2867509104473463E-002 -0.1541384944155397E-004 -0.5528064649708787E-016
 0.9985477800000000E+000  0.6514166800000000E-001 -0.1382339675585962E-002  0.1388011815652654E-002  0.1382048040668123E-002 -0.3595443543858886E-005 -0.2403215648584330E-016
 0.1000000000000000E+001  0.6514166800000000E-001 -0.1024044002170527E-018 -0.4296941598150623E-019 -0.2591448866700848E-019 -0.1905132306253492E-026 -0.1888965796716838E-021

 0.0000000000000000E+000  0.1300754400000000E+000 -0.1400609665351157E+001  0.1231050934779925E+001  0.1234609523151476E+001 -0.7384992612692676E-001  0.7709550674050533E-002
 0.5783680700000000E-002  0.1300754400000000E+000 -0.1399880507910904E+001  0.1230333328358979E+001  0.1233884252391577E+001 -0.7384113019027415E-001  0.7731655836678668E-002
 0.1192781000000000E-001  0.1300754400000000E+000 -0.1397493356858341E+001  0.1227984376139748E+001  0.1231510041504776E+001 -0.7381195825869540E-001  0.7804386321582325E-002
 0.1844960300000000E-001  0.1300754400000000E+000 -0.1393157549945165E+001  0.1223718947167399E+001  0.1227198596813247E+001 -0.7375752991531112E-001  0.7937909241955999E-002
 0.2536636600000000E-001  0.1300754400000000E+000 -0.1386618192077533E+001  0.1217287912424464E+001  0.1220698157912884E+001 -0.7367208833906079E-001  0.8142829853306877E-002
 0.3269537900000000E-001  0.1300754400000000E+000 -0.1377688820553775E+001  0.1208510714194109E+001  0.1211826401154609E+001 -0.7354943508695405E-001  0.8429729573297864E-002
 0.4045376700000000E-001  0.1300754400000000E+000 -0.1366282630950177E+001  0.1197306467817890E+001  0.1200501923237033E+001 -0.7338403893283955E-001  0.8808607168955171E-002
 0.4865834800000000E-001  0.1300754400000000E+000 -0.1352435036966216E+001  0.1183716464283620E+001  0.1186767052876407E+001 -0.7317299326755396E-001  0.9288281105885938E-002
 0.5732546900000000E-001  0.1300754400000000E+000 -0.1336310734877038E+001  0.1167911321595112E+001  0.1170795132745293E+001 -0.7291874419058401E-001  0.9875830588706558E-002
 0.6647082500000000E-001  0.1300754400000000E+000 -0.1318191629533059E+001  0.1150179183873385E+001  0.1152878605017748E+001 -0.7263213648564393E-001  0.1057615089241472E-001
 0.7610926000000000E-001  0.1300754400000000E+000 -0.1298446989936482E+001  0.1130896331682215E+001  0.1133399256943210E+001 -0.7233498626776219E-001  0.1139167430637092E-001
 0.8625455200000000E-001  0.1300754400000000E+000 -0.1277492031835713E+001  0.1110486341928212E+001  0.1112786826609074E+001 -0.7206129389437191E-001  0.1232226857999686E-001
 0.9691918300000001E-001  0.1300754400000000E+000 -0.1255743729379839E+001  0.1089376499499079E+001  0.1091474784085386E+001 -0.7185647551334472E-001  0.1336528434943225E-001
 0.1081141000000000E+000  0.1300754400000000E+000 -0.1233582163184377E+001  0.1067959658052789E+001  0.1069861611310862E+001 -0.7177453885233660E-001  0.1451569636416077E-001
 0.1198484800000000E+000  0.1300754400000000E+000 -0.1211322830085722E+001  0.1046566887601991E+001  0.1048283017517929E+001 -0.7187371837286631E-001  0.1576627677924050E-001
 0.1321294200000000E+000  0.1300754400000000E+000 -0.1189201835710131E+001  0.1025452775991188E+001  0.1026997007059353E+001 -0.7221145893982936E-001  0.1710773869695541E-001
 0.1449617600000000E+000  0.1300754400000000E+000 -0.1167372320667687E+001  0.1004791744415916E+001  0.1006180152419045E+001 -0.7283968085622529E-001  0.1852883881515315E-001
 0.1583477400000000E+000  0.1300754400000000E+000 -0.1145909736578207E+001  0.9846829924989915E+000  0.9859326507608223E+000 -0.7380100910103891E-001  0.2001639547272083E-001
 0.1722868300000000E+000  0.1300754400000000E+000 -0.1124822038568774E+001  0.9651602002442921E+000  0.9662882287692289E+000 -0.7512629256103073E-001  0.2155526582275669E-001
 0.1867754200000000E+000  0.1300754400000000E+000 -0.1104062482362044E+001  0.9462036749046078E+000  0.9472265322053581E+000 -0.7683337064086225E-001  0.2312826832458025E-001
 0.2018066600000000E+000  0.1300754400000000E+000 -0.1083542536852683E+001  0.9277524987275635E+000  0.9286855104861010E+000 -0.7892685322159435E-001  0.2471611188989898E-001
 0.2173702200000000E+000  0.1300754400000000E+000 -0.1063144091468602E+001  0.9097158366139626E+000  0.9105729311271914E+000 -0.8139855219942953E-001  0.2629734094273886E-001
 0.2334521800000000E+000  0.1300754400000000E+000 -0.1042730134607371E+001  0.8919826046967103E+000  0.8927762112197719E+000 -0.8422826379662342E-001  0.2784835613322997E-001
 0.2500348700000000E+000  0.1300754400000000E+000 -0.1022154070160706E+001  0.8744296432024490E+000  0.8751707082180331E+000 -0.8738463051989311E-001  0.2934352921673731E-001
 0.2670968500000000E+000  0.1300754400000000E+000 -0.1001267574950409E+001  0.8569283370607438E+000  0.8576264161759164E+000 -0.9082596401141528E-001  0.3075546645234590E-001
 0.2846128000000000E+000  0.1300754400000000E+000 -0.9799275288680609E+000  0.8393502041553698E+000  0.8400135944183021E+000 -0.9450093081233782E-001  0.3205542975987960E-001
 0.3025536600000000E+000  0.1300754400000000E+000 -0.9580018288779328E+000  0.8215713792928806E+000  0.8222072627342417E+000 -0.9834918654397273E-001  0.3321396556390251E-001
 0.3208866600000000E+000  0.1300754400000000E+000 -0.9353746934642507E+000  0.8034766069762610E+000  0.8040911839408956E+000 -0.1023019589215376E+000  0.3420171740738370E-001
 0.3395755000000000E+000  0.1300754400000000E+000 -0.9119512124847615E+000  0.7849626481148034E+000  0.7855612447101283E+000 -0.1062827363560077E+000  0.3499043154778843E-001
 0.3585805500000000E+000  0.1300754400000000E+000 -0.8876612837477895E+000  0.7659413293131552E+000  0.7665284698135012E+000 -0.1102081546448180E+000  0.3555411051126536E-001
 0.3778591900000000E+000  0.1300754400000000E+000 -0.8624626865048718E+000  0.7463421352800674E+000  0.7469215764022106E+000 -0.1139892224994311E+000  0.3587025946199477E-001
 0.3973661100000000E+000  0.1300754400000000E+000 -0.8363433689487653E+000  0.7261144805181668E+000  0.7266892107645656E+000 -0.1175329450633316E+000  0.3592113580096506E-001
 0.4170537000000000E+000  0.1300754400000000E+000 -0.8093226227600288E+000  0.7052294451993273E+000  0.7058016581332213E+000 -0.1207444385358195E+000  0.3569490899782310E-001
 0.4368725300000000E+000  0.1300754400000000E+000 -0.7814509899198298E+000  0.6836808574613717E+000  0.6842519126440985E+000 -0.1235295495405487E+000  0.3518662027487487E-001
 0.4567718400000000E+000  0.1300754400000000E+000 -0.7528089160980411E+000  0.6614856881326215E+000  0.6620560765106475E+000 -0.1257979202737383E+000  0.3439884058612534E-001
 0.4767000000000000E+000  0.1300754400000000E+000 -0.7235042086853766E+000  0.6386837150484360E+000  0.6392530461170870E+000 -0.1274663909620448E+000  0.3334195134271915E-001
 0.4966051100000000E+000  0.1300754400000000E+000 -0.6936681439620164E+000  0.6153362145849723E+000  0.6159032403457089E+000 -0.1284625832888215E+000  0.3203399273783986E-001
 0.5164355000000000E+000  0.1300754400000000E+000 -0.6634507548609089E+000  0.5915239502273649E+000  0.5920866359292539E+000 -0.1287284028539053E+000  0.3050008149010386E-001
 0.5361402700000000E+000  0.1300754400000000E+000 -0.6330153678722530E+000  0.5673443689396269E+000  0.5679000135889335E+000 -0.1282232061603983E+000  0.2877142920204682E-001
 0.5556698200000000E+000  0.1300754400000000E+000 -0.6025327777295684E+000  0.5429081815806482E+000  0.5434535834546964E+000 -0.1269263383414236E+000  0.2688403607027614E-001
 0.5749763200000000E+000  0.1300754400000000E+000 -0.5721754725802507E+000  0.5183355593554833E+000  0.5188672147302053E+000 -0.1248387802696530E+000  0.2487716623294564E-001
 0.5940141799999999E+000  0.1300754400000000E+000 -0.5421121310531503E+000  0.4937520713930850E+000  0.4942663896097384E+000 -0.1219836959906283E+000  0.2279171464983828E-001
 0.6127404500000000E+000  0.1300754400000000E+000 -0.5125027643671904E+000  0.4692846586370858E+000  0.4697781744302502E+000 -0.1184057658581856E+000  0.2066858670232122E-001
 0.6311151600000000E+000  0.1300754400000000E+000 -0.4834946832052341E+000  0.4450578317449768E+000  0.4455273965772753E+000 -0.1141693034845978E+000  0.1854719191724981E-001
 0.6491016200000000E+000  0.1300754400000000E+000 -0.4552193726757350E+000  0.4211902372407720E+000  0.4216331748062254E+000 -0.1093552664630160E+000  0.1646412921684122E-001
 0.6666666700000000E+000  0.1300754400000000E+000 -0.4277903296122831E+000  0.3977917356870087E+000  0.3982059519422164E+000 -0.1040573842792462E+000  0.1445211849305851E-001
 0.6837808000000000E+000  0.1300754400000000E+000 -0.4013019572284399E+000  0.3749611851610083E+000  0.3753452292707393E+000 -0.9837773974528155E-001  0.1253921534499505E-001
 0.7004183000000000E+000  0.1300754400000000E+000 -0.3758291828070656E+000  0.3527847565462766E+000  0.3531378344192165E+000 -0.9242211543093334E-001  0.1074829474612355E-001
 0.7165572700000000E+000  0.1300754400000000E+000 -0.3514279441194204E+000  0.3313350033412444E+000  0.3316569501134941E+000 -0.8629551467909338E-001  0.9096809220190936E-002
 0.7321796300000000E+000  0.1300754400000000E+000 -0.3281361869456305E+000  0.3106704605254465E+000  0.3109616809695983E+000 -0.8009813341122457E-001  0.7596779477985250E-002
 0.7472710500000000E+000  0.1300754400000000E+000 -0.3059753522411694E+000  0.2908358133217354E+000  0.2910972005197469E+000 -0.7392205448366855E-001  0.6254993179265109E-002
 0.7618208000000000E+000  0.1300754400000000E+000 -0.2849522089273298E+000  0.2718625512663754E+000  0.2720953936853849E+000 -0.6784881887614050E-001  0.5073374384429892E-002
 0.7758216500000000E+000  0.1300754400000000E+000 -0.2650607177935390E+000  0.2537698456606677E+000  0.2539757312537329E+000 -0.6194786971250931E-001  0.4049476812659679E-002
 0.7892696500000000E+000  0.1300754400000000E+000 -0.2462840713519500E+000  0.2365657824506497E+000  0.2367465068736304E+000 -0.5627589869948094E-001  0.3177082573240292E-002
 0.8021639100000000E+000  0.1300754400000000E+000 -0.2285966485192442E+000  0.2202487062636075E+000  0.2204061899825223E+000 -0.5087693558947880E-001  0.2446864214508618E-002
 0.8145064000000000E+000  0.1300754400000000E+000 -0.2119658012393811E+000  0.2048085776689110E+000  0.2049447947324740E+000 -0.4578301645239491E-001  0.1847082397312234E-002
 0.8263016600000000E+000  0.1300754400000000E+000 -0.1963535846525956E+000  0.1902284211585128E+000  0.1903453409452931E+000 -0.4101530427420671E-001  0.1364299247956600E-002
 0.8375565600000000E+000  0.1300754400000000E+000 -0.1817182170066301E+000  0.1764856387151953E+000  0.1765851804446636E+000 -0.3658543567301975E-001  0.9840743128984243E-003
 0.8482800500000000E+000  0.1300754400000000E+000 -0.1680153496029325E+000  0.1635532339360169E+000  0.1636372329977029E+000 -0.3249697514996815E-001  0.6916237218781534E-003
 0.8584829000000000E+000  0.1300754400000000E+000 -0.1551991521288673E+000  0.1514009262850540E+000  0.1514711109442695E+000 -0.2874686433918382E-001  0.4724191854400443E-003
 0.8681774200000000E+000  0.1300754400000000E+000 -0.1432232388960792E+000  0.1399961576191398E+000  0.1400541344556957E+000 -0.2532679109366249E-001  0.3127050857205868E-003
 0.8773772700000000E+000  0.1300754400000000E+000 -0.1320413203443703E+000  0.1293048622725798E+000  0.1293521085658058E+000 -0.2222439375308988E-001  0.1999132962268490E-003
 0.8860971700000000E+000  0.1300754400000000E+000 -0.1216078395069867E+000  0.1192922332457127E+000  0.1193300948915130E+000 -0.1942434930567729E-001  0.1229652477130593E-003
 0.8943527400000000E+000  0.1300754400000000E+000 -0.1118783332491077E+000  0.1099232264011642E+000  0.1099529198509853E+000 -0.1690926327164586E-001  0.7244979871761719E-004
 0.9021602500000000E+000  0.1300754400000000E+000 -0.1028098091895976E+000  0.1011630736451120E+000  0.1011856908336462E+000 -0.1466044548901766E-001  0.4068041685584824E-004
 0.9095365000000000E+000  0.1300754400000000E+000 -0.9436089589513282E-001  0.9297756822959030E-001  0.9299408343598116E-001 -0.1265851635302627E-001  0.2163937326114385E-004
 0.9164985600000000E+000  0.1300754400000000E+000 -0.8649210009428819E-001  0.8533344176875401E-001  0.8534471980584515E-001 -0.1088393909528412E-001  0.1082930100762765E-004
 0.9230637200000000E+000  0.1300754400000000E+000 -0.7916578147577774E-001  0.7819845552848477E-001  0.7820526051636692E-001 -0.9317394579269526E-002  0.5057186433357423E-005
 0.9292492700000000E+000  0.1300754400000000E+000 -0.7234629327350546E-001  0.7154164008865971E-001  0.7154464452808956E-001 -0.7940115802384311E-002  0.2182642111169531E-005
 0.9350724600000000E+000  0.1300754400000000E+000 -0.6599990160932521E-001  0.6533330822144877E-001  0.6533310192967091E-001 -0.6734103787155621E-002  0.8606614692551823E-006
 0.9405503300000000E+000  0.1300754400000000E+000 -0.6009483848797224E-001  0.5954518715299145E-001  0.5954228593566637E-001 -0.5682311013128871E-002  0.3058251507602113E-006
 0.9456996700000000E+000  0.1300754400000000E+000 -0.5460120638595262E-001  0.5415039606333852E-001  0.5414524990425163E-001 -0.4768742985583327E-002  0.9630692756027194E-007
 0.9505369100000000E+000  0.1300754400000000E+000 -0.4949095852200527E-001  0.4912348867903023E-001  0.4911648940576519E-001 -0.3978530522273997E-002  0.2633478019769038E-007
 0.9550781000000000E+000  0.1300754400000000E+000 -0.4473778533490819E-001  0.4444039584162397E-001  0.4443188418990070E-001 -0.3297950165932188E-002  0.6097627825999232E-008
 0.9593388200000000E+000  0.1300754400000000E+000 -0.4031708022766099E-001  0.4007843887890270E-001  0.4006871098184911E-001 -0.2714428604068631E-002  0.1158722636284778E-008
 0.9633341700000000E+000  0.1300754400000000E+000 -0.3620582734461029E-001  0.3601626000307130E-001  0.3600557329796406E-001 -0.2216512707304569E-002  0.1738769424168848E-009
 0.9670787100000000E+000  0.1300754400000000E+000 -0.3238254898569916E-001  0.3223380597505305E-001  0.3222238458587615E-001 -0.1793830999744958E-002  0.1970571274460731E-010
 0.9705864600000000E+000  0.1300754400000000E+000 -0.2882719890311748E-001  0.2871225350855288E-001  0.2870029314726897E-001 -0.1437035988563817E-002  0.1629064050439910E-011
 0.9738709000000000E+000  0.1300754400000000E+000 -0.2552106473655190E-001  0.2543393931507367E-001  0.2542161178262742E-001 -0.1137740630590802E-002  0.1034283289923105E-012
 0.9769449100000001E+000  0.1300754400000000E+000 -0.2244673890829833E-001  0.2238235431723470E-001  0.2236981170648448E-001 -0.8884560022388507E-003  0.6525481121229569E-014
 0.9798208200000000E+000  0.1300754400000000E+000 -0.1958798649793269E-001  0.1954203247131462E-001  0.1952941118408869E-001 -0.6825169102082739E-003  0.4350872021681322E-015
 0.9825103800000000E+000  0.1300754400000000E+000 -0.1692970152643040E-001  0.1689852431363829E-001  0.1688594907901424E-001 -0.5140154401810376E-003  0.1796247823635072E-016
 0.9850247900000000E+000  0.1300754400000000E+000 -0.1445781053464228E-001  0.1443831554899613E-001  0.1442590370883877E-001 -0.3777314821627478E-003  0.2182628878735087E-017
 0.9873746700000000E+000  0.1300754400000000E+000 -0.1215924222433510E-001  0.1214880883180079E-001  0.1213667534340808E-001 -0.2690697569945522E-003 -0.1457990395872880E-017
 0.9895701099999999E+000  0.1300754400000000E+000 -0.1002182456314340E-001  0.1001823076918933E-001  0.1000649476340795E-001 -0.1839957115056411E-003  0.1921534200312333E-018
 0.9916206800000000E+000  0.1300754400000000E+000 -0.8034227426878492E-002  0.8035580919761771E-002  0.8024375544351965E-002 -0.1189782118952258E-003  0.1384037368197611E-017
 0.9935354199999999E+000  0.1300754400000000E+000 -0.6185929647424272E-002  0.6190599733694603E-002  0.6180089387698922E-002 -0.7093661572206626E-004 -0.4569390422580071E-017
 0.9953228800000000E+000  0.1300754400000000E+000 -0.4467142295270775E-002  0.4473679654633416E-002  0.4464096675841559E-002 -0.3719034003076510E-004 -0.1647925321559886E-017
 0.9969911299999999E+000  0.1300754400000000E+000 -0.2868765537994493E-002  0.2875761998982275E-002  0.2867509501627561E-002 -0.1541385197601711E-004  0.7207704951151950E-017
 0.9985477800000000E+000  0.1300754400000000E+000 -0.1382339720169851E-002  0.1388005910544006E-002  0.1382048085243122E-002 -0.3595443681732192E-005 -0.4778141466136085E-016
 0.1000000000000000E+001  0.1300754400000000E+000 -0.5333408132846869E-019  0.1147347276616511E-019 -0.1508408178601176E-019 -0.3933970984866672E-026  0.1968169519240138E-021

 0.0000000000000000E+000  0.1945960500000000E+000 -0.1402836831979467E+001  0.1228823775408177E+001  0.1236799977069296E+001 -0.7384992612692676E-001  0.1149353257913512E-001
 0.5783680700000000E-002  0.1945960500000000E+000 -0.1402102462645756E+001  0.1228110285302571E+001  0.1236069212348202E+001 -0.7384126814444658E-001  0.1152649235686681E-001
 0.1192781000000000E-001  0.1945960500000000E+000 -0.1399698282042892E+001  0.1225774815511700E+001  0.1233677037923293E+001 -0.7381254361574481E-001  0.1163493734734297E-001
 0.1844960300000000E-001  0.1945960500000000E+000 -0.1395331677718034E+001  0.1221533897523989E+001  0.1229333057585920E+001 -0.7375891063183795E-001  0.1183402884122876E-001
 0.2536636600000000E-001  0.1945960500000000E+000 -0.1388746213868542E+001  0.1215139882761251E+001  0.1222783785595482E+001 -0.7367462548036670E-001  0.1213958296827333E-001
 0.3269537900000000E-001  0.1945960500000000E+000 -0.1379754605381355E+001  0.1206413327014535E+001  0.1213845852676741E+001 -0.7355346461123577E-001  0.1256738275782148E-001
 0.4045376700000000E-001  0.1945960500000000E+000 -0.1368270250184657E+001  0.1195273906038647E+001  0.1202437789968312E+001 -0.7338982302049206E-001  0.1313234609186084E-001
 0.4865834800000000E-001  0.1945960500000000E+000 -0.1354330026206900E+001  0.1181762769736789E+001  0.1188603072842622E+001 -0.7318066782571718E-001  0.1384763599267013E-001
 0.5732546900000000E-001  0.1945960500000000E+000 -0.1338101450824689E+001  0.1166049624724379E+001  0.1172517495164569E+001 -0.7292827333665518E-001  0.1472382883626003E-001
 0.6647082500000000E-001  0.1945960500000000E+000 -0.1319870508007999E+001  0.1148420973720750E+001  0.1154477156710935E+001 -0.7264328679428564E-001  0.1576825316758079E-001
 0.7610926000000000E-001  0.1945960500000000E+000 -0.1300011504691543E+001  0.1129250879514341E+001  0.1134868414541355E+001 -0.7234733140383595E-001  0.1698457555443097E-001
 0.8625455200000000E-001  0.1945960500000000E+000 -0.1278945202241908E+001  0.1108960366268869E+001  0.1114126047419648E+001 -0.7207425352732587E-001  0.1837265108530167E-001
 0.9691918300000001E-001  0.1945960500000000E+000 -0.1257094115547156E+001  0.1087974112125223E+001  0.1092688539159612E+001 -0.7186938312702934E-001  0.1992859583073562E-001
 0.1081141000000000E+000  0.1945960500000000E+000 -0.1234843388697284E+001  0.1066682575615269E+001  0.1070958905904580E+001 -0.7178672500997732E-001  0.2164499880203205E-001
 0.1198484800000000E+000  0.1945960500000000E+000 -0.1212512751689131E+001  0.1045414848661484E+001  0.1049276583318623E+001 -0.7188459261671136E-001  0.2351118112654000E-001
 0.1321294200000000E+000  0.1945960500000000E+000 -0.1190341515591625E+001  0.1024424077770878E+001  0.1027902327261885E+001 -0.7222057589493128E-001  0.2551340996274055E-001
 0.1449617600000000E+000  0.1945960500000000E+000 -0.1168484947005038E+001  0.1003883812826786E+001  0.1007014470386542E+001 -0.7284678251627000E-001  0.2763505020233022E-001
 0.1583477400000000E+000  0.1945960500000000E+000 -0.1147019600169416E+001  0.9838929091083098E+000  0.9867140760752044E+000 -0.7380604265127332E-001  0.2985658831177466E-001
 0.1722868300000000E+000  0.1945960500000000E+000 -0.1125953621277177E+001  0.9644851345077209E+000  0.9670350009479619E+000 -0.7512940857656819E-001  0.3215559310786795E-001
 0.1867754200000000E+000  0.1945960500000000E+000 -0.1105239668290722E+001  0.9456411891095426E+000  0.9479564573984928E+000 -0.7683490905188821E-001  0.3450659236653633E-001
 0.2018066600000000E+000  0.1945960500000000E+000 -0.1084787925621237E+001  0.9273007143294342E+000  0.9294155515205457E+000 -0.7892732415686075E-001  0.3688095645912282E-001
 0.2173702200000000E+000  0.1945960500000000E+000 -0.1064478378107095E+001  0.9093734623477615E+000  0.9113189135146669E+000 -0.8139861691921958E-001  0.3924680265656720E-001
 0.2334521800000000E+000  0.1945960500000000E+000 -0.1044171521072459E+001  0.8917488376881727E+000  0.8935526019511911E+000 -0.8422871839253171E-001  0.4156900954793618E-001
 0.2500348700000000E+000  0.1945960500000000E+000 -0.1023717683374590E+001  0.8743039590782574E+000  0.8759904279272869E+000 -0.8738639275540279E-001  0.4380936993294905E-001
 0.2670968500000000E+000  0.1945960500000000E+000 -0.1002964884617439E+001  0.8569101909775597E+000  0.8585006546604683E+000 -0.9083006192663828E-001  0.4592696484986238E-001
 0.2846128000000000E+000  0.1945960500000000E+000 -0.9817657770577468E+000  0.8394386673000218E+000  0.8409516109385753E+000 -0.9450849060355575E-001  0.4787877461440063E-001
 0.3025536600000000E+000  0.1945960500000000E+000 -0.9599835060606852E+000  0.8217647418099249E+000  0.8232161662956609E+000 -0.9836141676047218E-001  0.4962060443577666E-001
 0.3208866600000000E+000  0.1945960500000000E+000 -0.9374971098141774E+000  0.8037719800971069E+000  0.8051757000546345E+000 -0.1023201279737816E+000  0.5110829192221033E-001
 0.3395755000000000E+000  0.1945960500000000E+000 -0.9142062260653288E+000  0.7853556031169568E+000  0.7867234869668175E+000 -0.1063081407942408E+000  0.5229921345513140E-001
 0.3585805500000000E+000  0.1945960500000000E+000 -0.8900352481947339E+000  0.7664256112990242E+000  0.7677677428882601E+000 -0.1102420764727981E+000  0.5315402438275746E-001
 0.3778591900000000E+000  0.1945960500000000E+000 -0.8649366728529853E+000  0.7469094882060154E+000  0.7482342429796667E+000 -0.1140328750367790E+000  0.5363855143217807E-001
 0.3973661100000000E+000  0.1945960500000000E+000 -0.8388936949792123E+000  0.7267546125168096E+000  0.7280686552393874E+000 -0.1175874083233149E+000  0.5372570186984460E-001
 0.4170537000000000E+000  0.1945960500000000E+000 -0.8119216944984163E+000  0.7059301529015722E+000  0.7072383766763812E+000 -0.1208105868901371E+000  0.5339724658775032E-001
 0.4368725300000000E+000  0.1945960500000000E+000 -0.7840684238057291E+000  0.6844283128619693E+000  0.6857337502024861E+000 -0.1236079762871624E+000  0.5264530604624515E-001
 0.4567718400000000E+000  0.1945960500000000E+000 -0.7554128737367286E+000  0.6622648738867847E+000  0.6635686175743016E+000 -0.1258888653472210E+000  0.5147337990487838E-001
 0.4767000000000000E+000  0.1945960500000000E+000 -0.7260628464056934E+000  0.6394789770782066E+000  0.6407801498532998E+000 -0.1275696792180099E+000  0.4989680028193924E-001
 0.4966051100000000E+000  0.1945960500000000E+000 -0.6961510611625595E+000  0.6161318870260605E+000  0.6174276940162519E+000 -0.1285775813849665E+000  0.4794252083596188E-001
 0.5164355000000000E+000  0.1945960500000000E+000 -0.6658303228573075E+000  0.5923049987159913E+000  0.5935908851832266E+000 -0.1288540020750735E+000  0.4564824186591031E-001
 0.5361402700000000E+000  0.1945960500000000E+000 -0.6352678349078580E+000  0.5680969969111036E+000  0.5693669180657567E+000 -0.1283578369402700E+000  0.4306091920077536E-001
 0.5556698200000000E+000  0.1945960500000000E+000 -0.6046390731880544E+000  0.5436203496712881E+000  0.5448671417739035E+000 -0.1270680193749402E+000  0.4023477290335523E-001
 0.5749763200000000E+000  0.1945960500000000E+000 -0.5741216695582781E+000  0.5189973796504529E+000  0.5202132057412742E+000 -0.1249852013705567E+000  0.3722896119766202E-001
 0.5940141799999999E+000  0.1945960500000000E+000 -0.5438895636996243E+000  0.4943560535012140E+000  0.4955328856441938E+000 -0.1221323297394106E+000  0.3410509111346478E-001
 0.6127404500000000E+000  0.1945960500000000E+000 -0.5141078305136612E+000  0.4698258011701498E+000  0.4709558961932270E+000 -0.1185539991594517E+000  0.3092475349540635E-001
 0.6311151600000000E+000  0.1945960500000000E+000 -0.4849283881188108E+000  0.4455335679436599E+000  0.4466098956097158E+000 -0.1143145772234418E+000  0.2774723860849683E-001
 0.6491016200000000E+000  0.1945960500000000E+000 -0.4564866844504615E+000  0.4216002553595180E+000  0.4226168457023420E+000 -0.1094952100582978E+000  0.2462755035288049E-001
 0.6666666700000000E+000  0.1945960500000000E+000 -0.4288994213234104E+000  0.3981377025606655E+000  0.3990898909021338E+000 -0.1041899324199221E+000  0.2161480107913034E-001
 0.6837808000000000E+000  0.1945960500000000E+000 -0.4022634074804377E+000  0.3752464051813841E+000  0.3761309669438042E+000 -0.9850122099083709E-001  0.1875104042084727E-001
 0.7004183000000000E+000  0.1945960500000000E+000 -0.3766551943733805E+000  0.3530137974205079E+000  0.3538289767310946E+000 -0.9253530608559862E-001  0.1607049409882781E-001
 0.7165572700000000E+000  0.1945960500000000E+000 -0.3521316279325231E+000  0.3315133175012320E+000  0.3322587640527065E+000 -0.8639765592799269E-001  0.1359921801737253E-001
 0.7321796300000000E+000  0.1945960500000000E+000 -0.3287309424128062E+000  0.3108040256210099E+000  0.3114806600601959E+000 -0.8018891406702980E-001  0.1135510189031213E-001
 0.7472710500000000E+000  0.1945960500000000E+000 -0.3064743612948356E+000  0.2909308097080653E+000  0.2915406407931587E+000 -0.7400156533957582E-001  0.9348183713861756E-002
 0.7618208000000000E+000  0.1945960500000000E+000 -0.2853680488470284E+000  0.2719250884153125E+000  0.2724710046602222E+000 -0.6791748697045030E-001  0.7581217482622560E-002
 0.7758216500000000E+000  0.1945960500000000E+000 -0.2654050874769346E+000  0.2538057436065708E+000  0.2542912986726169E+000 -0.6200638153508761E-001  0.6050423107706563E-002
 0.7892696500000000E+000  0.1945960500000000E+000 -0.2465676200625670E+000  0.2365804100560667E+000  0.2370096176847406E+000 -0.5632512098346131E-001  0.4746390773849560E-002
 0.8021639100000000E+000  0.1945960500000000E+000 -0.2288288912616931E+000  0.2202468738873180E+000  0.2206240229630959E+000 -0.5091784073359497E-001  0.3655076771099852E-002
 0.8145064000000000E+000  0.1945960500000000E+000 -0.2121551031885580E+000  0.2047944789354229E+000  0.2051239747913527E+000 -0.4581661755921408E-001  0.2758849757426963E-002
 0.8263016600000000E+000  0.1945960500000000E+000 -0.1965071975487706E+000  0.1902056166701686E+000  0.1904918514814924E+000 -0.4104260269741449E-001  0.2037558137422429E-002
 0.8375565600000000E+000  0.1945960500000000E+000 -0.1818423512154986E+000  0.1764570732300852E+000  0.1767043249566510E+000 -0.3660738193516193E-001  0.1469569671522717E-002
 0.8482800500000000E+000  0.1945960500000000E+000 -0.1681152680461940E+000  0.1635212783069998E+000  0.1637336360201932E+000 -0.3251444263064535E-001  0.1032754870840292E-002
 0.8584829000000000E+000  0.1945960500000000E+000 -0.1552792748834925E+000  0.1513674357735947E+000  0.1515487481126356E+000 -0.2876063413143645E-001  0.7053797266428646E-003
 0.8681774200000000E+000  0.1945960500000000E+000 -0.1432872499507614E+000  0.1399625390593972E+000  0.1401163821254925E+000 -0.2533754590679824E-001  0.4668756886564534E-003
 0.8773772700000000E+000  0.1945960500000000E+000 -0.1320922703523568E+000  0.1292721438217250E+000  0.1294018045082806E+000 -0.2223271858046699E-001  0.2984567826181335E-003
 0.8860971700000000E+000  0.1945960500000000E+000 -0.1216482409092819E+000  0.1192611319390399E+000  0.1193696035401038E+000 -0.1943073679020298E-001  0.1835684353951419E-003
 0.8943527400000000E+000  0.1945960500000000E+000 -0.1119102455277720E+000  0.1098942102265896E+000  0.1099841969521517E+000 -0.1691412194173516E-001  0.1081510733042763E-003
 0.9021602500000000E+000  0.1945960500000000E+000 -0.1028349136571356E+000  0.1011364162163699E+000  0.1012103443166259E+000 -0.1466410947498563E-001  0.6072381913281554E-004
 0.9095365000000000E+000  0.1945960500000000E+000 -0.9438056006071673E-001  0.9295339531868546E-001  0.9301342846558182E-001 -0.1266125551883700E-001  0.3229982845697839E-004
 0.9164985600000000E+000  0.1945960500000000E+000 -0.8650743245836950E-001  0.8531176973588954E-001  0.8535982732337352E-001 -0.1088596889746356E-001  0.1616365126152660E-004
 0.9230637200000000E+000  0.1945960500000000E+000 -0.7917767759533120E-001  0.7817922234582837E-001  0.7821699904868445E-001 -0.9318885183040309E-002  0.7548019610412597E-005
 0.9292492700000000E+000  0.1945960500000000E+000 -0.7235547431994023E-001  0.7152472981791168E-001  0.7155371578725529E-001 -0.7941200238081602E-002  0.3257563977901085E-005
 0.9350724600000000E+000  0.1945960500000000E+000 -0.6600694638626783E-001  0.6531857001806342E-001  0.6534007073421919E-001 -0.6734885036974132E-002  0.1284488978978338E-005
 0.9405503300000000E+000  0.1945960500000000E+000 -0.6010020996247244E-001  0.5953244972217507E-001  0.5954760523233973E-001 -0.5682868043216090E-002  0.4564150228101261E-006
 0.9456996700000000E+000  0.1945960500000000E+000 -0.5460527355127151E-001  0.5413947848699652E-001  0.5414928153516439E-001 -0.4769135779901155E-002  0.1437255496120241E-006
 0.9505369100000000E+000  0.1945960500000000E+000 -0.4949401437805268E-001  0.4911420833209505E-001  0.4911952129071378E-001 -0.3978804220479300E-002  0.3930038292883914E-007
 0.9550781000000000E+000  0.1945960500000000E+000 -0.4474006161183179E-001  0.4443257404781686E-001  0.4443414446891521E-001 -0.3298138414990995E-002  0.9099540755670580E-008
 0.9593388200000000E+000  0.1945960500000000E+000 -0.4031875942134110E-001  0.4007190478629442E-001  0.4007037962839630E-001 -0.2714556240726443E-002  0.1729140713837694E-008
 0.9633341700000000E+000  0.1945960500000000E+000 -0.3620705251380175E-001  0.3601085311349624E-001  0.3600679161017499E-001 -0.2216597878882033E-002  0.2594692943829044E-009
 0.9670787100000000E+000  0.1945960500000000E+000 -0.3238343171098217E-001  0.3222937763763005E-001  0.3222326292455407E-001 -0.1793886823569020E-002  0.2940562711380616E-010
 0.9705864600000000E+000  0.1945960500000000E+000 -0.2882782572765047E-001  0.2870866765382032E-001  0.2870091721769413E-001 -0.1437071836561452E-002  0.2430926106145153E-011
 0.9738709000000000E+000  0.1945960500000000E+000 -0.2552150236446693E-001  0.2543107263097349E-001  0.2542204771904398E-001 -0.1137763114070669E-002  0.1543398403276618E-012
 0.9769449100000001E+000  0.1945960500000000E+000 -0.2244703839082444E-001  0.2238009601308558E-001  0.2237011017694000E-001 -0.8884697196934139E-003  0.9735166124489058E-014
 0.9798208200000000E+000  0.1945960500000000E+000 -0.1958818658835343E-001  0.1954028377785727E-001  0.1952961068770668E-001 -0.6825250092388528E-003  0.6529833995490508E-015
 0.9825103800000000E+000  0.1945960500000000E+000 -0.1692983136414647E-001  0.1689719779530319E-001  0.1688607858933138E-001 -0.5140200358122427E-003  0.2527690015263320E-016
 0.9850247900000000E+000  0.1945960500000000E+000 -0.1445789178325048E-001  0.1443733431126695E-001  0.1442598478332745E-001 -0.3777339648943807E-003  0.5914305139629312E-017
 0.9873746700000000E+000  0.1945960500000000E+000 -0.1215929077002690E-001  0.1214810566764818E-001  0.1213672380199766E-001 -0.2690710172234417E-003 -0.4181378925776303E-017
 0.9895701099999999E+000  0.1945960500000000E+000 -0.1002185185729518E-001  0.1001774729518568E-001  0.1000652201736549E-001 -0.1839963009985199E-003 -0.4906153597671371E-019
 0.9916206800000000E+000  0.1945960500000000E+000 -0.8034241543875017E-002  0.8035266722700845E-002  0.8024389644747590E-002 -0.1189784584591975E-003  0.5432488605769718E-017
 0.9935354199999999E+000  0.1945960500000000E+000 -0.6185936114312790E-002  0.6190411546445521E-002  0.6180095848753541E-002 -0.7093670339363346E-004 -0.1589438040720561E-016
 0.9953228800000000E+000  0.1945960500000000E+000 -0.4467144738908507E-002  0.4473580578625297E-002  0.4464099117892777E-002 -0.3719036413477594E-004 -0.5489270169581774E-017
 0.9969911299999999E+000  0.1945960500000000E+000 -0.2868766187230504E-002  0.2875720778066691E-002  0.2867510150593775E-002 -0.1541385611783970E-004  0.3849816678784563E-016
 0.9985477800000000E+000  0.1945960500000000E+000 -0.1382339793021739E-002  0.1387996261363758E-002  0.1382048158080457E-002 -0.3595443907205948E-005 -0.2556351506224937E-015
 0.1000000000000000E+001  0.1945960500000000E+000 -0.4219494213160414E-019  0.1245967348638078E-018 -0.3370730811398455E-019  0.9146269765528845E-027 -0.3201567879964203E-021

 0.0000000000000000E+000  0.2585034800000000E+000 -0.1405880306574283E+001  0.1225780308676243E+001  0.1239793551810996E+001 -0.7384992612692676E-001  0.1519444013782586E-001
 0.5783680700000000E-002  0.2585034800000000E+000 -0.1405138795749156E+001  0.1225072470209413E+001  0.1239055262082567E+001 -0.7384145573095835E-001  0.1523802232800716E-001
 0.1192781000000000E-001  0.2585034800000000E+000 -0.1402711280991304E+001  0.1222755510771544E+001  0.1236638483585643E+001 -0.7381333959097559E-001  0.1538141819341896E-001
 0.1844960300000000E-001  0.2585034800000000E+000 -0.1398302478511978E+001  0.1218548241342064E+001  0.1232249941615936E+001 -0.7376078824032734E-001  0.1564467788879604E-001
 0.2536636600000000E-001  0.2585034800000000E+000 -0.1391653843168979E+001  0.1212205039687451E+001  0.1225633789952514E+001 -0.7367807594690769E-001  0.1604872035475854E-001
 0.3269537900000000E-001  0.2585034800000000E+000 -0.1382576965689839E+001  0.1203547980028485E+001  0.1216605231449631E+001 -0.7355894524698245E-001  0.1661442524441460E-001
 0.4045376700000000E-001  0.2585034800000000E+000 -0.1370985524655896E+001  0.1192497492765489E+001  0.1205082713242726E+001 -0.7339769107119390E-001  0.1736153478821010E-001
 0.4865834800000000E-001  0.2585034800000000E+000 -0.1356918407608504E+001  0.1179094515614031E+001  0.1191111287864957E+001 -0.7319110903425839E-001  0.1830747987669915E-001
 0.5732546900000000E-001  0.2585034800000000E+000 -0.1340546999493639E+001  0.1163507483555403E+001  0.1174870112716051E+001 -0.7294123988352419E-001  0.1946628316762465E-001
 0.6647082500000000E-001  0.2585034800000000E+000 -0.1322162873034820E+001  0.1146020626331411E+001  0.1156660301489230E+001 -0.7265846201542273E-001  0.2084768811425071E-001
 0.7610926000000000E-001  0.2585034800000000E+000 -0.1302147234099963E+001  0.1127004946434795E+001  0.1136874471053124E+001 -0.7236413579916408E-001  0.2245661483429405E-001
 0.8625455200000000E-001  0.2585034800000000E+000 -0.1280928434763383E+001  0.1106877954396506E+001  0.1115954300401453E+001 -0.7209189746022707E-001  0.2429296588940012E-001
 0.9691918300000001E-001  0.2585034800000000E+000 -0.1258936570885619E+001  0.1086060748432986E+001  0.1094345132104365E+001 -0.7188695898046776E-001  0.2635172527305909E-001
 0.1081141000000000E+000  0.2585034800000000E+000 -0.1236563712441625E+001  0.1064940505335187E+001  0.1072456180586187E+001 -0.7180332055153342E-001  0.2862324123079234E-001
 0.1198484800000000E+000  0.2585034800000000E+000 -0.1214135379225363E+001  0.1043843614021165E+001  0.1050631971461305E+001 -0.7189940265200288E-001  0.3109357047460305E-001
 0.1321294200000000E+000  0.2585034800000000E+000 -0.1191895268663953E+001  0.1023021258982552E+001  0.1029137015395004E+001 -0.7223299248992332E-001  0.3374476095728577E-001
 0.1449617600000000E+000  0.2585034800000000E+000 -0.1170001562399975E+001  0.1002645812677316E+001  0.1008152044333007E+001 -0.7285645278376726E-001  0.3655505017653434E-001
 0.1583477400000000E+000  0.2585034800000000E+000 -0.1148532337686276E+001  0.9828156769266607E+000  0.9877793005916898E+000 -0.7381289316857351E-001  0.3949889134382418E-001
 0.1722868300000000E+000  0.2585034800000000E+000 -0.1127496026437347E+001  0.9635647593354668E+000  0.9680528165286708E+000 -0.7513364300903248E-001  0.4254689234427252E-001
 0.1867754200000000E+000  0.2585034800000000E+000 -0.1106844503574480E+001  0.9448743181338968E+000  0.9489512146104799E+000 -0.7683698906775217E-001  0.4566563864152060E-001
 0.2018066600000000E+000  0.2585034800000000E+000 -0.1086486240595508E+001  0.9266847815179768E+000  0.9304104554070208E+000 -0.7892794335310409E-001  0.4881752020384084E-001
 0.2173702200000000E+000  0.2585034800000000E+000 -0.1066298668265170E+001  0.9089067279524706E+000  0.9123356263486723E+000 -0.8139867489059768E-001  0.5196058013091923E-001
 0.2334521800000000E+000  0.2585034800000000E+000 -0.1046138925730112E+001  0.8914302537893356E+000  0.8946109447288548E+000 -0.8422929861557223E-001  0.5504850385330921E-001
 0.2500348700000000E+000  0.2585034800000000E+000 -0.1025853186484034E+001  0.8741328825920788E+000  0.8771081261488111E+000 -0.8738874480941977E-001  0.5803078769869766E-001
 0.2670968500000000E+000  0.2585034800000000E+000 -0.1005284507692858E+001  0.8568859734574703E+000  0.8596930868191698E+000 -0.9083558617618431E-001  0.6085319898969431E-001
 0.2846128000000000E+000  0.2585034800000000E+000 -0.9842797795991403E+000  0.8395601544283148E+000  0.8422315338130354E+000 -0.9451872193817670E-001  0.6345855244433354E-001
 0.3025536600000000E+000  0.2585034800000000E+000 -0.9626956409579784E+000  0.8220297243783767E+000  0.8245934101045448E+000 -0.9837800333645216E-001  0.6578791114430541E-001
 0.3208866600000000E+000  0.2585034800000000E+000 -0.9404040019784464E+000  0.8041766411191721E+000  0.8066568422062748E+000 -0.1023448008234511E+000  0.6778217438212861E-001
 0.3395755000000000E+000  0.2585034800000000E+000 -0.9172969618060386E+000  0.7858940128818355E+000  0.7883115297006563E+000 -0.1063426707901258E+000  0.6938408096025764E-001
 0.3585805500000000E+000  0.2585034800000000E+000 -0.8932912659022620E+000  0.7670893233050282E+000  0.7694618319244440E+000 -0.1102882162245900E+000  0.7054054602221189E-001
 0.3778591900000000E+000  0.2585034800000000E+000 -0.8683320358128273E+000  0.7476872873772009E+000  0.7500294728614683E+000 -0.1140922850024873E+000  0.7120522495762277E-001
 0.3973661100000000E+000  0.2585034800000000E+000 -0.8423957981409643E+000  0.7276324573867363E+000  0.7299560080046662E+000 -0.1176615684106010E+000  0.7134112203282272E-001
 0.4170537000000000E+000  0.2585034800000000E+000 -0.8154924164552062E+000  0.7068913393273134E+000  0.7092048362581009E+000 -0.1209006973112920E+000  0.7092304736487155E-001
 0.4368725300000000E+000  0.2585034800000000E+000 -0.7876656831939309E+000  0.6854538656445046E+000  0.6877626224835408E+000 -0.1237148539850246E+000  0.6993968402797264E-001
 0.4567718400000000E+000  0.2585034800000000E+000 -0.7589924955742272E+000  0.6633341476411333E+000  0.6656400666808229E+000 -0.1260128445674575E+000  0.6839504029761309E-001
 0.4767000000000000E+000  0.2585034800000000E+000 -0.7295805995565022E+000  0.6405704232943409E+000  0.6428719381502578E+000 -0.1277105264691129E+000  0.6630911422533865E-001
 0.4966051100000000E+000  0.2585034800000000E+000 -0.6995647003010058E+000  0.6172239242064825E+000  0.6195160893590588E+000 -0.1287344358590875E+000  0.6371764376288074E-001
 0.5164355000000000E+000  0.2585034800000000E+000 -0.6691014639861548E+000  0.5933769093190545E+000  0.5956516769911800E+000 -0.1290253516834638E+000  0.6067093780661767E-001
 0.5361402700000000E+000  0.2585034800000000E+000 -0.6383635133709831E+000  0.5691297727464438E+000  0.5713764692082953E+000 -0.1285415379161771E+000  0.5723185361517789E-001
 0.5556698200000000E+000  0.2585034800000000E+000 -0.6075328730962247E+000  0.5445974151228838E+000  0.5468033971224884E+000 -0.1272613634473759E+000  0.5347308267196029E-001
 0.5749763200000000E+000  0.2585034800000000E+000 -0.5767943664819721E+000  0.5199051388287921E+000  0.5220565824327361E+000 -0.1251850293458764E+000  0.4947397681891796E-001
 0.5940141799999999E+000  0.2585034800000000E+000 -0.5463292769840719E+000  0.4951842292919315E+000  0.4972669830246388E+000 -0.1223351846565621E+000  0.4531715583415542E-001
 0.6127404500000000E+000  0.2585034800000000E+000 -0.5163097310016594E+000  0.4705675578369823E+000  0.4725679834177660E+000 -0.1187563067763037E+000  0.4108515761833693E-001
 0.6311151600000000E+000  0.2585034800000000E+000 -0.4868940431616045E+000  0.4461854304230758E+000  0.4480911581225973E+000 -0.1145128375680245E+000  0.3685734691528215E-001
 0.6491016200000000E+000  0.2585034800000000E+000 -0.4582231423216810E+000  0.4221618549945880E+000  0.4239623947795387E+000 -0.1096861818829412E+000  0.3270724332092738E-001
 0.6666666700000000E+000  0.2585034800000000E+000 -0.4304181425667582E+000  0.3986113897210366E+000  0.4002985605158743E+000 -0.1043707930933381E+000  0.2870037733215448E-001
 0.6837808000000000E+000  0.2585034800000000E+000 -0.4035791444730958E+000  0.3756367741634888E+000  0.3772049378129947E+000 -0.9866968768174443E-001  0.2489274206943764E-001
 0.7004183000000000E+000  0.2585034800000000E+000 -0.3777849024454767E+000  0.3533271674380880E+000  0.3547732750348394E+000 -0.9268970923750265E-001  0.2132980350329378E-001
 0.7165572700000000E+000  0.2585034800000000E+000 -0.3530934729850842E+000  0.3317572097140470E+000  0.3330806863860991E+000 -0.8653696232588945E-001  0.1804607058849642E-001
 0.7321796300000000E+000  0.2585034800000000E+000 -0.3295434466914220E+000  0.3109866683247637E+000  0.3121891726892376E+000 -0.8031270278488775E-001  0.1506513267094127E-001
 0.7472710500000000E+000  0.2585034800000000E+000 -0.3071557098544248E+000  0.2910606959739283E+000  0.2921457955098881E+000 -0.7410996485182737E-001  0.1240010862901698E-001
 0.7618208000000000E+000  0.2585034800000000E+000 -0.2859355621236783E+000  0.2720106021190118E+000  0.2729834046030065E+000 -0.6801108485837767E-001  0.1005442835641164E-001
 0.7758216500000000E+000  0.2585034800000000E+000 -0.2658748512867473E+000  0.2538548617646434E+000  0.2547216366634513E+000 -0.6208611918798394E-001  0.8022850635595016E-002
 0.7892696500000000E+000  0.2585034800000000E+000 -0.2469542568548067E+000  0.2366004834845601E+000  0.2373683009791821E+000 -0.5639218513710855E-001  0.6292679972066186E-002
 0.8021639100000000E+000  0.2585034800000000E+000 -0.2291454500766361E+000  0.2202444825129345E+000  0.2209208886030916E+000 -0.5097356147710014E-001  0.4845098989110750E-002
 0.8145064000000000E+000  0.2585034800000000E+000 -0.2124130437056504E+000  0.2047753542321336E+000  0.2053680924723959E+000 -0.4586237960408190E-001  0.3656562604148104E-002
 0.8263016600000000E+000  0.2585034800000000E+000 -0.1967164445236948E+000  0.1901746212434907E+000  0.1906914059219598E+000 -0.4107977383027546E-001  0.2700216022819797E-002
 0.8375565600000000E+000  0.2585034800000000E+000 -0.1820113968737164E+000  0.1764182258512734E+000  0.1768665654993176E+000 -0.3663725979482734E-001  0.1947272716969644E-002
 0.8482800500000000E+000  0.2585034800000000E+000 -0.1682513035602787E+000  0.1634778124538749E+000  0.1638648797546085E+000 -0.3253821895565375E-001  0.1368315637459464E-002
 0.8584829000000000E+000  0.2585034800000000E+000 -0.1553883356874269E+000  0.1513218802185575E+000  0.1516544225019129E+000 -0.2877937426167409E-001  0.9344768367380058E-003
 0.8681774200000000E+000  0.2585034800000000E+000 -0.1433743633638577E+000  0.1399168102547094E+000  0.1402010940340909E+000 -0.2535218062177134E-001  0.6184536732379508E-003
 0.8773772700000000E+000  0.2585034800000000E+000 -0.1321615972133267E+000  0.1292276415721756E+000  0.1294694240602712E+000 -0.2224404514728600E-001  0.3953222418429794E-003
 0.8860971700000000E+000  0.2585034800000000E+000 -0.1217032063801220E+000  0.1192188318840073E+000  0.1194233539287273E+000 -0.1943942639380713E-001  0.2431279811508214E-003
 0.8943527400000000E+000  0.2585034800000000E+000 -0.1119536561090465E+000  0.1098547486958666E+000  0.1100267432164903E+000 -0.1692073100307520E-001  0.1432312884676745E-003
 0.9021602500000000E+000  0.2585034800000000E+000 -0.1028690596869116E+000  0.1011001648821969E+000  0.1012438767809797E+000 -0.1466909296285731E-001  0.8041535759222293E-004
 0.9095365000000000E+000  0.2585034800000000E+000 -0.9440730382015321E-001  0.9292052467123055E-001  0.9303973810490390E-001 -0.1266498080654210E-001  0.4277159761924137E-004
 0.9164985600000000E+000  0.2585034800000000E+000 -0.8652828309725365E-001  0.8528230146284393E-001  0.8538037214213359E-001 -0.1088872923016135E-001  0.2140288512602131E-004
 0.9230637200000000E+000  0.2585034800000000E+000 -0.7919385406612617E-001  0.7815307158683289E-001  0.7823296120318296E-001 -0.9320912119461242E-002  0.9994141753504057E-005
 0.9292492700000000E+000  0.2585034800000000E+000 -0.7236795801541994E-001  0.7150173848156186E-001  0.7156605018694455E-001 -0.7942674774615362E-002  0.4313074170619755E-005
 0.9350724600000000E+000  0.2585034800000000E+000 -0.6601652482076148E-001  0.6529853263388632E-001  0.6534954586432981E-001 -0.6735947267470476E-002  0.1700620920130584E-005
 0.9405503300000000E+000  0.2585034800000000E+000 -0.6010751294767370E-001  0.5951513309505607E-001  0.5955483727262142E-001 -0.5683625377380351E-002  0.6042570729662072E-006
 0.9456996700000000E+000  0.2585034800000000E+000 -0.5461080299240363E-001  0.5412463641030028E-001  0.5415476266362701E-001 -0.4769669799008708E-002  0.1902750473609255E-006
 0.9505369100000000E+000  0.2585034800000000E+000 -0.4949816876882084E-001  0.4910159234027305E-001  0.4912364309179173E-001 -0.3979176311003206E-002  0.5202737785298486E-007
 0.9550781000000000E+000  0.2585034800000000E+000 -0.4474315608549854E-001  0.4442194109474534E-001  0.4443721719359899E-001 -0.3298394330510885E-002  0.1204600604618917E-007
 0.9593388200000000E+000  0.2585034800000000E+000 -0.4032104213610449E-001  0.4006302250385378E-001  0.4007264800490617E-001 -0.2714729752214044E-002  0.2288987831982245E-008
 0.9633341700000000E+000  0.2585034800000000E+000 -0.3620871798739181E-001  0.3600350324116463E-001  0.3600844776232234E-001 -0.2216713660102457E-002  0.3434708527629855E-009
 0.9670787100000000E+000  0.2585034800000000E+000 -0.3238463165094934E-001  0.3222335804516286E-001  0.3222445690146270E-001 -0.1793962708417193E-002  0.3892480794235024E-010
 0.9705864600000000E+000  0.2585034800000000E+000 -0.2882867779408545E-001  0.2870379333296808E-001  0.2870176554032212E-001 -0.1437120566255405E-002  0.3217866407635938E-011
 0.9738709000000000E+000  0.2585034800000000E+000 -0.2552209724133967E-001  0.2542717592966560E-001  0.2542264029660694E-001 -0.1137793676417350E-002  0.2042972871406228E-012
 0.9769449100000001E+000  0.2585034800000000E+000 -0.2244744547955557E-001  0.2237702631063446E-001  0.2237051588994730E-001 -0.8884883659654103E-003  0.1290744129515077E-013
 0.9798208200000000E+000  0.2585034800000000E+000 -0.1958845857038389E-001  0.1953790680231820E-001  0.1952988187209486E-001 -0.6825360182341313E-003  0.8461279160543566E-015
 0.9825103800000000E+000  0.2585034800000000E+000 -0.1693000785076642E-001  0.1689539468627739E-001  0.1688625463092089E-001 -0.5140262825983948E-003  0.4543312556101486E-016
 0.9850247900000000E+000  0.2585034800000000E+000 -0.1445800222275140E-001  0.1443600054072900E-001  0.1442609498615084E-001 -0.3777373396222062E-003 -0.8593692211000150E-017
 0.9873746700000000E+000  0.2585034800000000E+000 -0.1215935675685956E-001  0.1214714987840112E-001  0.1213678967043440E-001 -0.2690727302194113E-003  0.8141260564291079E-017
 0.9895701099999999E+000  0.2585034800000000E+000 -0.1002188895736229E-001  0.1001709012567441E-001  0.1000655906279781E-001 -0.1839971022776369E-003 -0.3213093367404770E-018
 0.9916206800000000E+000  0.2585034800000000E+000 -0.8034260732606319E-002  0.8034839646344365E-002  0.8024408810913822E-002 -0.1189787936052123E-003 -0.9409788258098414E-017
 0.9935354199999999E+000  0.2585034800000000E+000 -0.6185944904507338E-002  0.6190155750909553E-002  0.6180104631018270E-002 -0.7093682256193338E-004  0.2861789656821726E-016
 0.9953228800000000E+000  0.2585034800000000E+000 -0.4467148060447419E-002  0.4473445908640822E-002  0.4464102437275188E-002 -0.3719039689885299E-004  0.9508112213875787E-017
 0.9969911299999999E+000  0.2585034800000000E+000 -0.2868767069710209E-002  0.2875664748197023E-002  0.2867511032706712E-002 -0.1541386174727158E-004 -0.6226517589839918E-016
 0.9985477800000000E+000  0.2585034800000000E+000 -0.1382339892046240E-002  0.1387983145644304E-002  0.1382048257085214E-002 -0.3595444213520081E-005 -0.4612050701562272E-015
 0.1000000000000000E+001  0.2585034800000000E+000 -0.2354175490313832E-019 -0.3377587125585313E-019 -0.2098055309470569E-019 -0.3997503997453180E-026  0.8842330738292850E-021

 0.0000000000000000E+000  0.3216053500000000E+000 -0.1409669178438634E+001  0.1221991445079335E+001  0.1243520734315549E+001 -0.7384992612692676E-001  0.1878785050767590E-001
 0.5783680700000000E-002  0.3216053500000000E+000 -0.1408918745527281E+001  0.1221290685643106E+001  0.1242773048165279E+001 -0.7384168776599634E-001  0.1884175423278484E-001
 0.1192781000000000E-001  0.3216053500000000E+000 -0.1406462079099768E+001  0.1218996910244809E+001  0.1240325547335998E+001 -0.7381432420699494E-001  0.1901911147304565E-001
 0.1844960300000000E-001  0.3216053500000000E+000 -0.1402000559508426E+001  0.1214831780145115E+001  0.1235881364972166E+001 -0.7376311097987165E-001  0.1934472466030296E-001
 0.2536636600000000E-001  0.3216053500000000E+000 -0.1395273009396559E+001  0.1208552201001730E+001  0.1229181711850874E+001 -0.7368234484115536E-001  0.1984447524735337E-001
 0.3269537900000000E-001  0.3216053500000000E+000 -0.1386089619715613E+001  0.1199982132021804E+001  0.1220040015075484E+001 -0.7356572673912133E-001  0.2054420299526429E-001
 0.4045376700000000E-001  0.3216053500000000E+000 -0.1374364425471808E+001  0.1189042924775234E+001  0.1208374626579143E+001 -0.7340742823746781E-001  0.2146835092010917E-001
 0.4865834800000000E-001  0.3216053500000000E+000 -0.1360138830528921E+001  0.1175775221177678E+001  0.1194232579302790E+001 -0.7320403313164922E-001  0.2263851723683825E-001
 0.5732546900000000E-001  0.3216053500000000E+000 -0.1343589055239911E+001  0.1160345830488789E+001  0.1177797240929879E+001 -0.7295729331883229E-001  0.2407210323343842E-001
 0.6647082500000000E-001  0.3216053500000000E+000 -0.1325013653721535E+001  0.1143036104136038E+001  0.1159375992842705E+001 -0.7267725428205442E-001  0.2578124109228969E-001
 0.7610926000000000E-001  0.3216053500000000E+000 -0.1304802444013558E+001  0.1124213186790650E+001  0.1139369269396933E+001 -0.7238495044394834E-001  0.2777212625127542E-001
 0.8625455200000000E-001  0.3216053500000000E+000 -0.1283393248109134E+001  0.1104290174071052E+001  0.1118227359239007E+001 -0.7211375692494336E-001  0.3004478252876677E-001
 0.9691918300000001E-001  0.3216053500000000E+000 -0.1261225614476202E+001  0.1083683679017758E+001  0.1096404155217124E+001 -0.7190873851309423E-001  0.3259318948652600E-001
 0.1081141000000000E+000  0.3216053500000000E+000 -0.1238700245307774E+001  0.1062776779075515E+001  0.1074316591295736E+001 -0.7182388866120885E-001  0.3540563625289381E-001
 0.1198484800000000E+000  0.3216053500000000E+000 -0.1216149875840619E+001  0.1041892498591522E+001  0.1052315525530814E+001 -0.7191775967929338E-001  0.3846514974054410E-001
 0.1321294200000000E+000  0.3216053500000000E+000 -0.1193823673304884E+001  0.1021279592017673E+001  0.1030670134222899E+001 -0.7224838274500095E-001  0.4174984448881251E-001
 0.1449617600000000E+000  0.3216053500000000E+000 -0.1171883463630816E+001  0.1001108987526098E+001  0.1009564126174636E+001 -0.7286843648557054E-001  0.4523316470457640E-001
 0.1583477400000000E+000  0.3216053500000000E+000 -0.1150409245891881E+001  0.9814785500411985E+000  0.9891012033937561E+000 -0.7382137694071433E-001  0.4888390874645768E-001
 0.1722868300000000E+000  0.3216053500000000E+000 -0.1129409847200673E+001  0.9624223926819824E+000  0.9693156138795957E+000 -0.7513887705795315E-001  0.5266613991433308E-001
 0.1867754200000000E+000  0.3216053500000000E+000 -0.1108836222265205E+001  0.9439225028206797E+000  0.9501852492547522E+000 -0.7683954357329349E-001  0.5653894636702925E-001
 0.2018066600000000E+000  0.3216053500000000E+000 -0.1088594778956137E+001  0.9259203245607256E+000  0.9316446551129532E+000 -0.7892867617442631E-001  0.6045619781914153E-001
 0.2173702200000000E+000  0.3216053500000000E+000 -0.1068559847811087E+001  0.9083275032520507E+000  0.9135970167334335E+000 -0.8139869948347513E-001  0.6436632021898026E-001
 0.2334521800000000E+000  0.3216053500000000E+000 -0.1048584473164578E+001  0.8910350359403079E+000  0.8959242838560794E+000 -0.8422995675323726E-001  0.6821223620756203E-001
 0.2500348700000000E+000  0.3216053500000000E+000 -0.1028509733099437E+001  0.8739209894768287E+000  0.8784955921627795E+000 -0.8739158477478491E-001  0.7193152117939267E-001
 0.2670968500000000E+000  0.3216053500000000E+000 -0.1008172566611610E+001  0.8568567531122706E+000  0.8611739659263092E+000 -0.9084234410008640E-001  0.7545691795705482E-001
 0.2846128000000000E+000  0.3216053500000000E+000 -0.9874127182177723E+000  0.8397123560416544E+000  0.8438218755002014E+000 -0.9453130204269802E-001  0.7871724649623589E-001
 0.3025536600000000E+000  0.3216053500000000E+000 -0.9660787076285127E+000  0.8223608045925899E+000  0.8263056402910011E+000 -0.9839845201333193E-001  0.8163885141870283E-001
 0.3208866600000000E+000  0.3216053500000000E+000 -0.9440334941964184E+000  0.8046820609201050E+000  0.8084993449195145E+000 -0.1023752693580691E+000  0.8414754959137728E-001
 0.3395755000000000E+000  0.3216053500000000E+000 -0.9211596501453968E+000  0.7865665901556564E+000  0.7902882291190503E+000 -0.1063853622927520E+000  0.8617112304727161E-001
 0.3585805500000000E+000  0.3216053500000000E+000 -0.8973641946122883E+000  0.7679187085982508E+000  0.7715718221704352E+000 -0.1103453136712332E+000  0.8764226290568050E-001
 0.3778591900000000E+000  0.3216053500000000E+000 -0.8725828109673489E+000  0.7486596294993673E+000  0.7522667545174487E+000 -0.1141658594023890E+000  0.8850183551605201E-001
 0.3973661100000000E+000  0.3216053500000000E+000 -0.8467834384208650E+000  0.7287303140569618E+000  0.7323093922845954E+000 -0.1177534686138944E+000  0.8870224078003680E-001
 0.4170537000000000E+000  0.3216053500000000E+000 -0.8199687891471370E+000  0.7080938705375723E+000  0.7116580729041031E+000 -0.1210124261014724E+000  0.8821060817046041E-001
 0.4368725300000000E+000  0.3216053500000000E+000 -0.7921774787270178E+000  0.6867373202922452E+000  0.6902947917134910E+000 -0.1238474383349414E+000  0.8701151675162756E-001
 0.4567718400000000E+000  0.3216053500000000E+000 -0.7634836208612115E+000  0.6646726213213707E+000  0.6682262504899308E+000 -0.1261667108145353E+000  0.8510893743929863E-001
 0.4767000000000000E+000  0.3216053500000000E+000 -0.7339948087295415E+000  0.6419368328129366E+000  0.6454841559170559E+000 -0.1278853933009924E+000  0.8252716074593035E-001
 0.4966051100000000E+000  0.3216053500000000E+000 -0.7038482417565216E+000  0.6185911174883202E+000  0.6221244510561086E+000 -0.1289292390766899E+000  0.7931053551378843E-001
 0.5164355000000000E+000  0.3216053500000000E+000 -0.6732055150924752E+000  0.5947188116134021E+000  0.5982256781488441E+000 -0.1292382135689575E+000  0.7552200465076243E-001
 0.5361402700000000E+000  0.3216053500000000E+000 -0.6422462003142029E+000  0.5704224669774293E+000  0.5738863324602834E+000 -0.1287697912567105E+000  0.7124052237599855E-001
 0.5556698200000000E+000  0.3216053500000000E+000 -0.6111607275211514E+000  0.5458200644038455E+000  0.5492213572219999E+000 -0.1275016352759817E+000  0.6655756751689820E-001
 0.5749763200000000E+000  0.3216053500000000E+000 -0.5801431426497451E+000  0.5210406813504999E+000  0.5243580174969987E+000 -0.1254333829358044E+000  0.6157306099429227E-001
 0.5940141799999999E+000  0.3216053500000000E+000 -0.5493841271979434E+000  0.4962198047820960E+000  0.4994313122328449E+000 -0.1225873111532141E+000  0.5639100926010737E-001
 0.6127404500000000E+000  0.3216053500000000E+000 -0.5190648033546934E+000  0.4714946559812599E+000  0.4745792780219855E+000 -0.1190077510485098E+000  0.5111521778373908E-001
 0.6311151600000000E+000  0.3216053500000000E+000 -0.4893516130918029E+000  0.4469997796332028E+000  0.4499384432227523E+000 -0.1147592378201647E+000  0.4584535653640814E-001
 0.6491016200000000E+000  0.3216053500000000E+000 -0.4603924148268030E+000  0.4228630912138786E+000  0.4256396491231022E+000 -0.1099235002216198E+000  0.4067358353860562E-001
 0.6666666700000000E+000  0.3216053500000000E+000 -0.4323138670738457E+000  0.3992025582902755E+000  0.4018044472215808E+000 -0.1045955151609736E+000  0.3568186111026123E-001
 0.6837808000000000E+000  0.3216053500000000E+000 -0.4052201740146215E+000  0.3761237234822444E+000  0.3785423184053148E+000 -0.9887897367663448E-001  0.3094004329514731E-001
 0.7004183000000000E+000  0.3216053500000000E+000 -0.3791928036778968E+000  0.3537178904799341E+000  0.3559485682443809E+000 -0.9288148512872531E-001  0.2650467964545499E-001
 0.7165572700000000E+000  0.3216053500000000E+000 -0.3542912683461021E+000  0.3320611839076607E+000  0.3341031376212542E+000 -0.8670994798711452E-001  0.2241852799429464E-001
 0.7321796300000000E+000  0.3216053500000000E+000 -0.3305545393153408E+000  0.3112142339219200E+000  0.3130700949498300E+000 -0.8046638127209804E-001  0.1871065262663498E-001
 0.7472710500000000E+000  0.3216053500000000E+000 -0.3080030171392344E+000  0.2912225028056264E+000  0.2928978346792586E+000 -0.7424450328259916E-001  0.1539703229231957E-001
 0.7618208000000000E+000  0.3216053500000000E+000 -0.2866408622253152E+000  0.2721171439718572E+000  0.2736198704121390E+000 -0.6812722125426410E-001  0.1248157491115949E-001
 0.7758216500000000E+000  0.3216053500000000E+000 -0.2664583294066249E+000  0.2539161075175213E+000  0.2552559268288807E+000 -0.6218503081185420E-001  0.9957417275792647E-002
 0.7892696500000000E+000  0.3216053500000000E+000 -0.2474342292600070E+000  0.2366256068205215E+000  0.2378134350889530E+000 -0.5647535311700334E-001  0.7808462460677814E-002
 0.8021639100000000E+000  0.3216053500000000E+000 -0.2295382363406595E+000  0.2202416850436761E+000  0.2212891562264954E+000 -0.5104264371012482E-001  0.6011051671743356E-002
 0.8145064000000000E+000  0.3216053500000000E+000 -0.2127329555703448E+000  0.2047517722101275E+000  0.2056708109895725E+000 -0.4591910036682309E-001  0.4535704868637872E-002
 0.8263016600000000E+000  0.3216053500000000E+000 -0.1969758613275459E+000  0.1901363031301499E+000  0.1909387775711631E+000 -0.4112583492485405E-001  0.3348884498850483E-002
 0.8375565600000000E+000  0.3216053500000000E+000 -0.1822208993835300E+000  0.1763701659996788E+000  0.1770676179883449E+000 -0.3667427459150110E-001  0.2414704675501214E-002
 0.8482800500000000E+000  0.3216053500000000E+000 -0.1684198426895398E+000  0.1634240259648602E+000  0.1640274731287748E+000 -0.3256766821426978E-001  0.1696541697631944E-002
 0.8584829000000000E+000  0.3216053500000000E+000 -0.1555234172291056E+000  0.1512655047089503E+000  0.1517853046986598E+000 -0.2880258092962458E-001  0.1158491602816037E-002
 0.8681774200000000E+000  0.3216053500000000E+000 -0.1434822345620698E+000  0.1398602218327601E+000  0.1403059887798949E+000 -0.2537029994783038E-001  0.7666239397669938E-003
 0.8773772700000000E+000  0.3216053500000000E+000 -0.1322474250391104E+000  0.1291725745084145E+000  0.1295531367353419E+000 -0.2225806620402377E-001  0.4899837845016673E-003
 0.8860971700000000E+000  0.3216053500000000E+000 -0.1217712416732335E+000  0.1191664940040677E+000  0.1194898844081655E+000 -0.1945018148486001E-001  0.3013177434315329E-003
 0.8943527400000000E+000  0.3216053500000000E+000 -0.1120073800702343E+000  0.1098059270606312E+000  0.1100793970733378E+000 -0.1692890985468747E-001  0.1774968603094255E-003
 0.9021602500000000E+000  0.3216053500000000E+000 -0.1029113119505888E+000  0.1010553186222916E+000  0.1012853695714629E+000 -0.1467525935003739E-001  0.9964561090393589E-004
 0.9095365000000000E+000  0.3216053500000000E+000 -0.9444039236914488E-001  0.9287986382534442E-001  0.9307228940248209E-001 -0.1266958982091343E-001  0.5299612669362201E-004
 0.9164985600000000E+000  0.3216053500000000E+000 -0.8655407760982561E-001  0.8524585196583030E-001  0.8540578824375565E-001 -0.1089214403680106E-001  0.2651754138087891E-004
 0.9230637200000000E+000  0.3216053500000000E+000 -0.7921386423526715E-001  0.7812072764641620E-001  0.7825270622090510E-001 -0.9323419419973862E-002  0.1238172779134148E-004
 0.9292492700000000E+000  0.3216053500000000E+000 -0.7238339899077875E-001  0.7147330384229274E-001  0.7158130647519045E-001 -0.7944498620149785E-002  0.5343179695497464E-005
 0.9350724600000000E+000  0.3216053500000000E+000 -0.6602837147067518E-001  0.6527375257145079E-001  0.6536126473341571E-001 -0.6737261044822146E-002  0.2106684754254300E-005
 0.9405503300000000E+000  0.3216053500000000E+000 -0.6011654476548633E-001  0.5949371872381810E-001  0.5956378134335970E-001 -0.5684562000453800E-002  0.7485052244972850E-006
 0.9456996700000000E+000  0.3216053500000000E+000 -0.5461764106090175E-001  0.5410628286806015E-001  0.5416154098152154E-001 -0.4770330206223122E-002  0.2356881183784463E-006
 0.9505369100000000E+000  0.3216053500000000E+000 -0.4950330613204116E-001  0.4908599206980876E-001  0.4912874015212784E-001 -0.3979636445050200E-002  0.6444245701653491E-007
 0.9550781000000000E+000  0.3216053500000000E+000 -0.4474698259925972E-001  0.4440879332207139E-001  0.4444101681223864E-001 -0.3298710788326837E-002  0.1492000442399490E-007
 0.9593388200000000E+000  0.3216053500000000E+000 -0.4032386476750274E-001  0.4005203972475107E-001  0.4007545290613386E-001 -0.2714944304555788E-002  0.2835022108318851E-008
 0.9633341700000000E+000  0.3216053500000000E+000 -0.3621077732926364E-001  0.3599441544772052E-001  0.3601049557802940E-001 -0.2216856823194324E-002  0.4253939907812679E-009
 0.9670787100000000E+000  0.3216053500000000E+000 -0.3238611533100270E-001  0.3221591521470941E-001  0.3222593320827737E-001 -0.1794056537564916E-002  0.4820796676599611E-010
 0.9705864600000000E+000  0.3216053500000000E+000 -0.2882973132151078E-001  0.2869776664434194E-001  0.2870281443869270E-001 -0.1437180817740095E-002  0.3985200480087796E-011
 0.9738709000000000E+000  0.3216053500000000E+000 -0.2552283275799325E-001  0.2542235804475294E-001  0.2542337297031971E-001 -0.1137831464384372E-002  0.2530332466944404E-012
 0.9769449100000001E+000  0.3216053500000000E+000 -0.2244794880483024E-001  0.2237323096647715E-001  0.2237101751426015E-001 -0.8885114203126365E-003  0.1595654413777352E-013
 0.9798208200000000E+000  0.3216053500000000E+000 -0.1958879484580909E-001  0.1953496796220091E-001  0.1953021716131828E-001 -0.6825496296568465E-003  0.1074290316448641E-014
 0.9825103800000000E+000  0.3216053500000000E+000 -0.1693022605483502E-001  0.1689316537725100E-001  0.1688647228476151E-001 -0.5140340059965753E-003  0.3711833210380250E-016
 0.9850247900000000E+000  0.3216053500000000E+000 -0.1445813876667715E-001  0.1443435151654951E-001  0.1442623123745500E-001 -0.3777415120346812E-003  0.1414430538701268E-016
 0.9873746700000000E+000  0.3216053500000000E+000 -0.1215943834044035E-001  0.1214596818134195E-001  0.1213687110763476E-001 -0.2690748481038891E-003 -0.1114334883470631E-016
 0.9895701099999999E+000  0.3216053500000000E+000 -0.1002193482625424E-001  0.1001627763207111E-001  0.1000660486414157E-001 -0.1839980929445837E-003  0.1127191775612887E-017
 0.9916206800000000E+000  0.3216053500000000E+000 -0.8034284456629941E-002  0.8034311630500498E-002  0.8024432507039046E-002 -0.1189792079636681E-003  0.1135233089931489E-016
 0.9935354199999999E+000  0.3216053500000000E+000 -0.6185955772253626E-002  0.6189839498709545E-002  0.6180115488960521E-002 -0.7093696989586954E-004 -0.3621604199342030E-016
 0.9953228800000000E+000  0.3216053500000000E+000 -0.4467152167020837E-002  0.4473279409947280E-002  0.4464106541182413E-002 -0.3719043740623114E-004 -0.1381250158177780E-016
 0.9969911299999999E+000  0.3216053500000000E+000 -0.2868768160759750E-002  0.2875595475959126E-002  0.2867512123302812E-002 -0.1541386870754684E-004  0.8511193738715775E-016
 0.9985477800000000E+000  0.3216053500000000E+000 -0.1382340014474664E-002  0.1387966930102558E-002  0.1382048379489168E-002 -0.3595444592381460E-005  0.5244569317231069E-015
 0.1000000000000000E+001  0.3216053500000000E+000 -0.7415352597026857E-020  0.1653749494955726E-019  0.6186667360600436E-019 -0.3221224677965535E-026 -0.3409101291990260E-021

 0.0000000000000000E+000  0.3837191700000000E+000 -0.1414117271986598E+001  0.1217543360025390E+001  0.1247897011968380E+001 -0.7384992612692676E-001  0.2225196792602949E-001
 0.5783680700000000E-002  0.3837191700000000E+000 -0.1413356319407896E+001  0.1216850972965069E+001  0.1247138253659052E+001 -0.7384195807120604E-001  0.2231583065951351E-001
 0.1192781000000000E-001  0.3837191700000000E+000 -0.1410865282061817E+001  0.1214584615437959E+001  0.1244654552424594E+001 -0.7381547126704771E-001  0.2252595699429479E-001
 0.1844960300000000E-001  0.3837191700000000E+000 -0.1406341609429914E+001  0.1210469312674681E+001  0.1240144811912448E+001 -0.7376581713974699E-001  0.2291173690236143E-001
 0.2536636600000000E-001  0.3837191700000000E+000 -0.1399521025230219E+001  0.1204264945408524E+001  0.1233346781735722E+001 -0.7368731898964631E-001  0.2350384492929775E-001
 0.3269537900000000E-001  0.3837191700000000E+000 -0.1390212077066734E+001  0.1195797677966725E+001  0.1224071807249362E+001 -0.7357362982265463E-001  0.2433291577234523E-001
 0.4045376700000000E-001  0.3837191700000000E+000 -0.1378329228985572E+001  0.1184989916975150E+001  0.1212238142524508E+001 -0.7341877806014661E-001  0.2542794322349039E-001
 0.4865834800000000E-001  0.3837191700000000E+000 -0.1363916860363811E+001  0.1171881911674777E+001  0.1197895170328288E+001 -0.7321910119285893E-001  0.2681456993525639E-001
 0.5732546900000000E-001  0.3837191700000000E+000 -0.1347156898287467E+001  0.1156638501750148E+001  0.1181231234540342E+001 -0.7297601470648316E-001  0.2851349176558031E-001
 0.6647082500000000E-001  0.3837191700000000E+000 -0.1328356127415965E+001  0.1139537590151026E+001  0.1162561111958917E+001 -0.7269917575426166E-001  0.3053919452319932E-001
 0.7610926000000000E-001  0.3837191700000000E+000 -0.1307914510108696E+001  0.1120941724289738E+001  0.1142294449753144E+001 -0.7240923789363683E-001  0.3289917042005392E-001
 0.8625455200000000E-001  0.3837191700000000E+000 -0.1286281014343745E+001  0.1101258759104456E+001  0.1120891671766644E+001 -0.7213927043130709E-001  0.3559364725597546E-001
 0.9691918300000001E-001  0.3837191700000000E+000 -0.1263906306477725E+001  0.1080900002091727E+001  0.1098816725013111E+001 -0.7193416492413121E-001  0.3861574625083104E-001
 0.1081141000000000E+000  0.3837191700000000E+000 -0.1241201236254984E+001  0.1060243698963090E+001  0.1076495610048802E+001 -0.7184790553106993E-001  0.4195190698986118E-001
 0.1198484800000000E+000  0.3837191700000000E+000 -0.1218507019540340E+001  0.1039608925217441E+001  0.1054286612598754E+001 -0.7193919733674291E-001  0.4558239846469524E-001
 0.1321294200000000E+000  0.3837191700000000E+000 -0.1196079256943047E+001  0.1019241600572088E+001  0.1032464373225273E+001 -0.7226635567966358E-001  0.4948173405751991E-001
 0.1449617600000000E+000  0.3837191700000000E+000 -0.1174084073427478E+001  0.9993109883097474E+000  0.1011216080665870E+001 -0.7288242779730898E-001  0.5361895430523557E-001
 0.1583477400000000E+000  0.3837191700000000E+000 -0.1152603760001117E+001  0.9799143621882036E+000  0.9906471388064201E+000 -0.7383127427561184E-001  0.5795764555823854E-001
 0.1722868300000000E+000  0.3837191700000000E+000 -0.1131647663200491E+001  0.9610861211826882E+000  0.9707920440288855E+000 -0.7514496948594747E-001  0.6245581591310628E-001
 0.1867754200000000E+000  0.3837191700000000E+000 -0.1111165734763356E+001  0.9428091569849202E+000  0.9516278348093147E+000 -0.7684249408129239E-001  0.6706558221346030E-001
 0.2018066600000000E+000  0.3837191700000000E+000 -0.1091062058032870E+001  0.9250261576706909E+000  0.9330874112569847E+000 -0.7892948398632915E-001  0.7173284171688639E-001
 0.2173702200000000E+000  0.3837191700000000E+000 -0.1071207437950765E+001  0.9076500750292197E+000  0.9150717518282682E+000 -0.8139866267449600E-001  0.7639695243065960E-001
 0.2334521800000000E+000  0.3837191700000000E+000 -0.1051450232348456E+001  0.8905730193111575E+000  0.8974601794696367E+000 -0.8423064057931502E-001  0.8099059805414979E-001
 0.2500348700000000E+000  0.3837191700000000E+000 -0.1031625651253145E+001  0.8736737510840639E+000  0.8801188424310856E+000 -0.8739479652683382E-001  0.8543989884307737E-001
 0.2670968500000000E+000  0.3837191700000000E+000 -0.1011563540411702E+001  0.8568237477438939E+000  0.8629074130605310E+000 -0.9085011176763401E-001  0.8966494356220728E-001
 0.2846128000000000E+000  0.3837191700000000E+000 -0.9910952997764366E+000  0.8398923801615105E+000  0.8456846013038284E+000 -0.9454585180507409E-001  0.9358079362002834E-001
 0.3025536600000000E+000  0.3837191700000000E+000 -0.9700598958689061E+000  0.8227511677292688E+000  0.8283125017569120E+000 -0.9842217857737770E-001  0.9709914110336920E-001
 0.3208866600000000E+000  0.3837191700000000E+000 -0.9483096742994800E+000  0.8052777392978830E+000  0.8106604658573239E+000 -0.1024106929908799E+000  0.1001305887467571E+000
 0.3395755000000000E+000  0.3837191700000000E+000 -0.9257158225163894E+000  0.7873594396974187E+000  0.7926084856134120E+000 -0.1064350672467096E+000  0.1025876202477003E+000
 0.3585805500000000E+000  0.3837191700000000E+000 -0.9021736470759013E+000  0.7688968188601425E+000  0.7740503791242592E+000 -0.1104118642466990E+000  0.1043881600355739E+000
 0.3778591900000000E+000  0.3837191700000000E+000 -0.8776073795135347E+000  0.7498069005674908E+000  0.7548967255142875E+000 -0.1142516923661718E+000  0.1054595751591757E+000
 0.3973661100000000E+000  0.3837191700000000E+000 -0.8519744605812125E+000  0.7300263260508125E+000  0.7350776984973346E+000 -0.1178607636401784E+000  0.1057428412993137E+000
 0.4170537000000000E+000  0.3837191700000000E+000 -0.8252687897918888E+000  0.7095140949417519E+000  0.7145455717324798E+000 -0.1211429596266511E+000  0.1051965553575236E+000
 0.4368725300000000E+000  0.3837191700000000E+000 -0.7975225402542635E+000  0.6882536894655926E+000  0.6932767270911717E+000 -0.1240024300939024E+000  0.1038003954793670E+000
 0.4567718400000000E+000  0.3837191700000000E+000 -0.7688062946369102E+000  0.6662544319983283E+000  0.6712730460562071E+000 -0.1263466757999970E+000  0.1015576363994776E+000
 0.4767000000000000E+000  0.3837191700000000E+000 -0.7392273422665261E+000  0.6435519185537623E+000  0.6485625342813091E+000 -0.1280900144854120E+000  0.9849640513743012E-001
 0.4966051100000000E+000  0.3837191700000000E+000 -0.7089258416542414E+000  0.6202071905728880E+000  0.6251988223945528E+000 -0.1291572775589050E+000  0.9466944344923578E-001
 0.5164355000000000E+000  0.3837191700000000E+000 -0.6780693533694013E+000  0.5963048518964952E+000  0.6012597044661593E+000 -0.1294874714769465E+000  0.9015234764603904E-001
 0.5361402700000000E+000  0.3837191700000000E+000 -0.6468459044248378E+000  0.5719500309305088E+000  0.5768445494005066E+000 -0.1290371394230620E+000  0.8504039088691984E-001
 0.5556698200000000E+000  0.3837191700000000E+000 -0.6154561647096269E+000  0.5472644003376480E+000  0.5520707255645264E+000 -0.1277831117368922E+000  0.7944420307892396E-001
 0.5749763200000000E+000  0.3837191700000000E+000 -0.5841054033611797E+000  0.5223815649349995E+000  0.5270692843759129E+000 -0.1257243605065171E+000  0.7348470541829541E-001
 0.5940141799999999E+000  0.3837191700000000E+000 -0.5529957086217022E+000  0.4974420456683139E+000  0.5019800847292741E+000 -0.1228827238028900E+000  0.6728771573154960E-001
 0.6127404500000000E+000  0.3837191700000000E+000 -0.5223190791907647E+000  0.4725882654817370E+000  0.4769467456515464E+000 -0.1193023607134221E+000  0.6097866336427355E-001
 0.6311151600000000E+000  0.3837191700000000E+000 -0.4922517349430485E+000  0.4479598241221284E+000  0.4521117241983380E+000 -0.1150479173359978E+000  0.5467776921954387E-001
 0.6491016200000000E+000  0.3837191700000000E+000 -0.4629498204608586E+000  0.4236892817985057E+000  0.4276117720510189E+000 -0.1102015053217454E+000  0.4849594509672796E-001
 0.6666666700000000E+000  0.3837191700000000E+000 -0.4345465742372983E+000  0.3998986429211555E+000  0.4035740108759605E+000 -0.1048587196427794E+000  0.4253157131896342E-001
 0.6837808000000000E+000  0.3837191700000000E+000 -0.4071510223677847E+000  0.3766967536697714E+000  0.3801128951247289E+000 -0.9912404688760466E-001  0.3686823740502177E-001
 0.7004183000000000E+000  0.3837191700000000E+000 -0.3808477737401155E+000  0.3541774305795332E+000  0.3573279264828652E+000 -0.9310599865924053E-001  0.3157336755582945E-001
 0.7165572700000000E+000  0.3837191700000000E+000 -0.3556979732683938E+000  0.3324185233351022E+000  0.3353023634142414E+000 -0.8691240784959200E-001  0.2669770879956201E-001
 0.7321796300000000E+000  0.3837191700000000E+000 -0.3317409468623086E+000  0.3114816495224554E+000  0.3141026849229916E+000 -0.8064619071511990E-001  0.2227552237677881E-001
 0.7472710500000000E+000  0.3837191700000000E+000 -0.3089964289721340E+000  0.2914126059436716E+000  0.2937788230660007E+000 -0.7440186872438752E-001  0.1832537913193346E-001
 0.7618208000000000E+000  0.3837191700000000E+000 -0.2874671518379533E+000  0.2722423340044850E+000  0.2743650381454465E+000 -0.6826301837990133E-001  0.1485142984609149E-001
 0.7758216500000000E+000  0.3837191700000000E+000 -0.2671414198989535E+000  0.2539881413356506E+000  0.2558811241279710E+000 -0.6230064920027060E-001  0.1184500228356237E-001
 0.7892696500000000E+000  0.3837191700000000E+000 -0.2479957822823855E+000  0.2366552855906880E+000  0.2383340359367798E+000 -0.5657253682838127E-001  0.9286467730164692E-002
 0.8021639100000000E+000  0.3837191700000000E+000 -0.2299975155239808E+000  0.2202386512460502E+000  0.2217196489252328E+000 -0.5112334191629887E-001  0.7147254705397931E-002
 0.8145064000000000E+000  0.3837191700000000E+000 -0.2131068260128884E+000  0.2047244047998262E+000  0.2060245185687870E+000 -0.4598533787075727E-001  0.5391933377396562E-002
 0.8263016600000000E+000  0.3837191700000000E+000 -0.1972788891084409E+000  0.1900916954447648E+000  0.1912276949760580E+000 -0.4117960816270707E-001  0.3980318491316107E-002
 0.8375565600000000E+000  0.3837191700000000E+000 -0.1824655177351238E+000  0.1763141688633094E+000  0.1773023471440825E+000 -0.3671747463089588E-001  0.2869500646076746E-002
 0.8482800500000000E+000  0.3837191700000000E+000 -0.1686165572146771E+000  0.1633613383533747E+000  0.1642172352348698E+000 -0.3260202935941894E-001  0.2015755585124237E-002
 0.8584829000000000E+000  0.3837191700000000E+000 -0.1556810281805077E+000  0.1511997952475494E+000  0.1519380089653280E+000 -0.2882965158302350E-001  0.1376268742641957E-002
 0.8681774200000000E+000  0.3837191700000000E+000 -0.1436080598025551E+000  0.1397942662933336E+000  0.1404283383812636E+000 -0.2539143139119248E-001  0.9106161258215375E-003
 0.8773772700000000E+000  0.3837191700000000E+000 -0.1323475120721619E+000  0.1291083970854592E+000  0.1296507551519636E+000 -0.2227441469150765E-001  0.5819456576342160E-003
 0.8860971700000000E+000  0.3837191700000000E+000 -0.1218505621603124E+000  0.1191055031387003E+000  0.1195674493474644E+000 -0.1946271950705244E-001  0.3578309822412952E-003
 0.8943527400000000E+000  0.3837191700000000E+000 -0.1120700029467516E+000  0.1097490395564069E+000  0.1101407719702569E+000 -0.1693844294023034E-001  0.2107661019200284E-003
 0.9021602500000000E+000  0.3837191700000000E+000 -0.1029605544294590E+000  0.1010030684818753E+000  0.1013337265837774E+000 -0.1468244565881090E-001  0.1183120766937016E-003
 0.9095365000000000E+000  0.3837191700000000E+000 -0.9447894929254660E-001  0.9283249454229847E-001  0.9311022009171280E-001 -0.1267496043926028E-001  0.6291865797473959E-004
 0.9164985600000000E+000  0.3837191700000000E+000 -0.8658413112836356E-001  0.8520339250655251E-001  0.8543540076184611E-001 -0.1089612263597953E-001  0.3148011156460015E-004
 0.9230637200000000E+000  0.3837191700000000E+000 -0.7923717570706855E-001  0.7808305361895961E-001  0.7827570873516980E-001 -0.9326340372206926E-002  0.1469788709558912E-004
 0.9292492700000000E+000  0.3837191700000000E+000 -0.7240138568126028E-001  0.7144018563913158E-001  0.7159907799558547E-001 -0.7946623164095439E-002  0.6342299718535496E-005
 0.9350724600000000E+000  0.3837191700000000E+000 -0.6604217008649618E-001  0.6524489266375963E-001  0.6537491449519706E-001 -0.6738791300879573E-002  0.2500473652332389E-005
 0.9405503300000000E+000  0.3837191700000000E+000 -0.6012706398911992E-001  0.5946877997237994E-001  0.5957419835897733E-001 -0.5685652879059840E-002  0.8883733157691796E-006
 0.9456996700000000E+000  0.3837191700000000E+000 -0.5462560476267445E-001  0.5408490968679803E-001  0.5416943509140863E-001 -0.4771099330821176E-002  0.2797166246744148E-006
 0.9505369100000000E+000  0.3837191700000000E+000 -0.4950928885286755E-001  0.4906782587144655E-001  0.4913467593522514E-001 -0.3980172298732577E-002  0.7647762669372235E-007
 0.9550781000000000E+000  0.3837191700000000E+000 -0.4475143856733404E-001  0.4439348353245818E-001  0.4444544145943570E-001 -0.3299079305610095E-002  0.1770576294700526E-007
 0.9593388200000000E+000  0.3837191700000000E+000 -0.4032715158994653E-001  0.4003925131402575E-001  0.4007871908181820E-001 -0.2715194142460161E-002  0.3364241058264938E-008
 0.9633341700000000E+000  0.3837191700000000E+000 -0.3621317525859295E-001  0.3598383383205760E-001  0.3601288008570902E-001 -0.2217023525528794E-002  0.5047876471156838E-009
 0.9670787100000000E+000  0.3837191700000000E+000 -0.3238784290344870E-001  0.3220724913761691E-001  0.3222765219524606E-001 -0.1794165791258685E-002  0.5720379368226323E-010
 0.9705864600000000E+000  0.3837191700000000E+000 -0.2883095800314481E-001  0.2869074957896097E-001  0.2870403573035984E-001 -0.1437250972279127E-002  0.4728830163509230E-011
 0.9738709000000000E+000  0.3837191700000000E+000 -0.2552368914525078E-001  0.2541674851049514E-001  0.2542422604739903E-001 -0.1137875462380163E-002  0.3002197552995350E-012
 0.9769449100000001E+000  0.3837191700000000E+000 -0.2244853483439327E-001  0.2236881204529756E-001  0.2237160156334640E-001 -0.8885382629380003E-003  0.1896735455945657E-013
 0.9798208200000000E+000  0.3837191700000000E+000 -0.1958918637148219E-001  0.1953154630338866E-001  0.1953060753874756E-001 -0.6825654774848226E-003  0.1243499246552497E-014
 0.9825103800000000E+000  0.3837191700000000E+000 -0.1693048010725710E-001  0.1689056983875035E-001  0.1688672569655611E-001 -0.5140429982757349E-003  0.6905484083909530E-016
 0.9850247900000000E+000  0.3837191700000000E+000 -0.1445829774179680E-001  0.1443243160432462E-001  0.1442638987188044E-001 -0.3777463698910115E-003 -0.1377198308875555E-016
 0.9873746700000000E+000  0.3837191700000000E+000 -0.1215953332578093E-001  0.1214459237203776E-001  0.1213696592254845E-001 -0.2690773138965622E-003  0.1382592335511261E-016
 0.9895701099999999E+000  0.3837191700000000E+000 -0.1002198822975964E-001  0.1001533167750899E-001  0.1000665818900293E-001 -0.1839992463434010E-003 -0.2399000347051843E-017
 0.9916206800000000E+000  0.3837191700000000E+000 -0.8034312077547899E-002  0.8033696884176369E-002  0.8024460095475978E-002 -0.1189796903848519E-003 -0.1149048151086390E-016
 0.9935354199999999E+000  0.3837191700000000E+000 -0.6185968425091919E-002  0.6189471300605092E-002  0.6180128130384386E-002 -0.7093714143010133E-004  0.3946495001399198E-016
 0.9953228800000000E+000  0.3837191700000000E+000 -0.4467156948113380E-002  0.4473085563372737E-002  0.4464111319170829E-002 -0.3719048456749195E-004  0.1881349048418879E-016
 0.9969911299999999E+000  0.3837191700000000E+000 -0.2868769431016314E-002  0.2875514825645961E-002  0.2867513393031426E-002 -0.1541387681077163E-004 -0.1132929406577453E-015
 0.9985477800000000E+000  0.3837191700000000E+000 -0.1382340157012050E-002  0.1387948051144869E-002  0.1382048521998130E-002 -0.3595445033340320E-005  0.9877797351977585E-016
 0.1000000000000000E+001  0.3837191700000000E+000 -0.4657180389398204E-019 -0.1816270078441016E-020  0.3198472964321817E-019 -0.1569016733979847E-026  0.1744124942286969E-021

 0.0000000000000000E+000  0.4446743100000000E+000 -0.1419126524179157E+001  0.1212534116381673E+001  0.1252826165755202E+001 -0.7384992612692676E-001  0.2556803392149542E-001
 0.5783680700000000E-002  0.4446743100000000E+000 -0.1418353665367575E+001  0.1211851238460542E+001  0.1252054884631039E+001 -0.7384225978118976E-001  0.2564143967169057E-001
 0.1192781000000000E-001  0.4446743100000000E+000 -0.1415823727644953E+001  0.1209616018966245E+001  0.1249530241275238E+001 -0.7381675165736665E-001  0.2588296693290573E-001
 0.1844960300000000E-001  0.4446743100000000E+000 -0.1411229714710976E+001  0.1205557294575168E+001  0.1244946360153161E+001 -0.7376883812097833E-001  0.2632640396949495E-001
 0.2536636600000000E-001  0.4446743100000000E+000 -0.1404303849313411E+001  0.1199438305801970E+001  0.1238037085340164E+001 -0.7369287254027702E-001  0.2700702352588652E-001
 0.3269537900000000E-001  0.4446743100000000E+000 -0.1394852828949704E+001  0.1191087689713625E+001  0.1228611422222609E+001 -0.7358245505139986E-001  0.2796006480095163E-001
 0.4045376700000000E-001  0.4446743100000000E+000 -0.1382791615526327E+001  0.1180429006228932E+001  0.1216587533615479E+001 -0.7343145503181053E-001  0.2921889872903927E-001
 0.4865834800000000E-001  0.4446743100000000E+000 -0.1368167968219612E+001  0.1167502002706408E+001  0.1202017481948834E+001 -0.7323593562741218E-001  0.3081306906854924E-001
 0.5732546900000000E-001  0.4446743100000000E+000 -0.1351170280910462E+001  0.1152469220930812E+001  0.1185095259549351E+001 -0.7299693693285483E-001  0.3276646638947356E-001
 0.6647082500000000E-001  0.4446743100000000E+000 -0.1332114652755623E+001  0.1135604589845498E+001  0.1166144020841941E+001 -0.7272368201217634E-001  0.3509588509002936E-001
 0.7610926000000000E-001  0.4446743100000000E+000 -0.1311412514356314E+001  0.1117265391015337E+001  0.1145583834185909E+001 -0.7243639783435150E-001  0.3781013238228872E-001
 0.8625455200000000E-001  0.4446743100000000E+000 -0.1289525422428995E+001  0.1097853503099938E+001  0.1123886572936099E+001 -0.7216781026776306E-001  0.4090972669486462E-001
 0.9691918300000001E-001  0.4446743100000000E+000 -0.1266916589733720E+001  0.1077774207465783E+001  0.1101527527161409E+001 -0.7196261526451178E-001  0.4438708818689632E-001
 0.1081141000000000E+000  0.4446743100000000E+000 -0.1244008309846019E+001  0.1057400284486997E+001  0.1078942912012730E+001 -0.7187478476319509E-001  0.4822703486400471E-001
 0.1198484800000000E+000  0.4446743100000000E+000 -0.1221151360247219E+001  0.1037046364841482E+001  0.1056499368384712E+001 -0.7196319334524488E-001  0.5240737515208616E-001
 0.1321294200000000E+000  0.4446743100000000E+000 -0.1198608600305797E+001  0.1016955199917251E+001  0.1034477672387277E+001 -0.7228647345801024E-001  0.5689938608839508E-001
 0.1449617600000000E+000  0.4446743100000000E+000 -0.1176551021631551E+001  0.9972942181120557E+000  0.1013068911560482E+001 -0.7289808453346150E-001  0.6166813389674518E-001
 0.1583477400000000E+000  0.4446743100000000E+000 -0.1155063541342213E+001  0.9781600781254578E+000  0.9923803904081068E+000 -0.7384233998807330E-001  0.6667248295319439E-001
 0.1722868300000000E+000  0.4446743100000000E+000 -0.1134156161968210E+001  0.9595875583172260E+000  0.9724468783449280E+000 -0.7515176374927691E-001  0.7186493044806597E-001
 0.1867754200000000E+000  0.4446743100000000E+000 -0.1113777805828851E+001  0.9415606309033608E+000  0.9532444590644030E+000 -0.7684575531791442E-001  0.7719121073236707E-001
 0.2018066600000000E+000  0.4446743100000000E+000 -0.1093830066516268E+001  0.9240234508146256E+000  0.9347041998271026E+000 -0.7893032733103590E-001  0.8258986697003996E-001
 0.2173702200000000E+000  0.4446743100000000E+000 -0.1074179928576936E+001  0.9068905105410821E+000  0.9167246280588792E+000 -0.8139853822897924E-001  0.8799181595576459E-001
 0.2334521800000000E+000  0.4446743100000000E+000 -0.1054670632486328E+001  0.8900552461185952E+000  0.8991821546948253E+000 -0.8423129819936750E-001  0.9332010902911698E-001
 0.2500348700000000E+000  0.4446743100000000E+000 -0.1035130933270742E+001  0.8733972720467398E+000  0.8819396180788402E+000 -0.8739825808795698E-001  0.9848996211200430E-001
 0.2670968500000000E+000  0.4446743100000000E+000 -0.1015382811884375E+001  0.8567882341281956E+000  0.8648529729384828E+000 -0.9085864787119018E-001  0.1034092632670956E+000
 0.2846128000000000E+000  0.4446743100000000E+000 -0.9952483370626805E+000  0.8400968211454573E+000  0.8477767471636803E+000 -0.9456195731281618E-001  0.1079796266220981E+000
 0.3025536600000000E+000  0.4446743100000000E+000 -0.9745556973005490E+000  0.8231929192603256E+000  0.8305683172889298E+000 -0.9844854020366200E-001  0.1120982179719957E+000
 0.3208866600000000E+000  0.4446743100000000E+000 -0.9531451548891343E+000  0.8059515439688828E+000  0.8130917218143907E+000 -0.1024501419503920E+000  0.1156603326177857E+000
 0.3395755000000000E+000  0.4446743100000000E+000 -0.9308748186740482E+000  0.7882565052924134E+000  0.7952210290466899E+000 -0.1064905108670374E+000  0.1185628245162077E+000
 0.3585805500000000E+000  0.4446743100000000E+000 -0.9076264198748037E+000  0.7700040502896459E+000  0.7768435732401042E+000 -0.1104861921628732E+000  0.1207082866760323E+000
 0.3778591900000000E+000  0.4446743100000000E+000 -0.8833108006538801E+000  0.7511063825530886E+000  0.7578630254226402E+000 -0.1143476556835912E+000  0.1220098221486856E+000
 0.3973661100000000E+000  0.4446743100000000E+000 -0.8578730204167669E+000  0.7314951414881491E+000  0.7382024537425079E+000 -0.1179808287939339E+000  0.1223960804209811E+000
 0.4170537000000000E+000  0.4446743100000000E+000 -0.8312964912563644E+000  0.7111245412090502E+000  0.7178071418171920E+000 -0.1212891429231256E+000  0.1218161736590170E+000
 0.4368725300000000E+000  0.4446743100000000E+000 -0.8036056349579307E+000  0.6899739166276141E+000  0.6966469748363395E+000 -0.1241761233909957E+000  0.1202439770145909E+000
 0.4567718400000000E+000  0.4446743100000000E+000 -0.7748666973317496E+000  0.6680494782738650E+000  0.6747182371988453E+000 -0.1265484778247458E+000  0.1176813144872294E+000
 0.4767000000000000E+000  0.4446743100000000E+000 -0.7451864529594332E+000  0.6453850684135591E+000  0.6520446257611675E+000 -0.1283195853370845E+000  0.1141596197756845E+000
 0.4966051100000000E+000  0.4446743100000000E+000 -0.7147084318787391E+000  0.6220415379946033E+000  0.6286770728171467E+000 -0.1294132355166429E+000  0.1097397652162987E+000
 0.5164355000000000E+000  0.4446743100000000E+000 -0.6836071539155575E+000  0.5981049224614025E+000  0.6046924949286299E+000 -0.1297673497415018E+000  0.1045100062591381E+000
 0.5361402700000000E+000  0.4446743100000000E+000 -0.6520805712760140E+000  0.5736833106097728E+000  0.5801912728800476E+000 -0.1293374166130755E+000  0.9858216879439033E-001
 0.5556698200000000E+000  0.4446743100000000E+000 -0.6203413887374974E+000  0.5489026343543062E+000  0.5552935915324657E+000 -0.1280993230934356E+000  0.9208642487978361E-001
 0.5749763200000000E+000  0.4446743100000000E+000 -0.5886080487320892E+000  0.5239017246506730E+000  0.5301348956642702E+000 -0.1260512877917561E+000  0.8516515813069010E-001
 0.5940141799999999E+000  0.4446743100000000E+000 -0.5570959867261205E+000  0.4988269064507678E+000  0.5048606721139818E+000 -0.1232146520949928E+000  0.7796644601745718E-001
 0.6127404500000000E+000  0.4446743100000000E+000 -0.5260098706294634E+000  0.4738265860771275E+000  0.4796209873822327E+000 -0.1196333810692664E+000  0.7063770637452722E-001
 0.6311151600000000E+000  0.4446743100000000E+000 -0.4955372437164869E+000  0.4490461596082475E+000  0.4545651242373925E+000 -0.1153722475356213E+000  0.6331994606417080E-001
 0.6491016200000000E+000  0.4446743100000000E+000 -0.4658437778622148E+000  0.4246234924723722E+000  0.4298366145661530E+000 -0.1105137978662933E+000  0.5614291672334246E-001
 0.6666666700000000E+000  0.4446743100000000E+000 -0.4370702099047194E+000  0.4006851789208888E+000  0.4055689445295007E+000 -0.1051543275850647E+000  0.4922135847523794E-001
 0.6837808000000000E+000  0.4446743100000000E+000 -0.4093309961139593E+000  0.3773438008564992E+000  0.3818822264088892E+000 -0.9939922390840632E-001  0.4265241677752047E-001
 0.7004183000000000E+000  0.4446743100000000E+000 -0.3827142180242048E+000  0.3546959969910133E+000  0.3588807116223052E+000 -0.9335801866650333E-001  0.3651412373559636E-001
 0.7165572700000000E+000  0.4446743100000000E+000 -0.3572827542736095E+000  0.3328215354872342E+000  0.3366513917263039E+000 -0.8713960008213922E-001  0.3086489989103152E-001
 0.7321796300000000E+000  0.4446743100000000E+000 -0.3330762056933430E+000  0.3117831117977618E+000  0.3152634369995638E+000 -0.8084789639808945E-001  0.2574387575078972E-001
 0.7472710500000000E+000  0.4446743100000000E+000 -0.3101134288169684E+000  0.2916268612032704E+000  0.2947684744235761E+000 -0.7457833360466189E-001  0.2117190618825952E-001
 0.7618208000000000E+000  0.4446743100000000E+000 -0.2883954276038008E+000  0.2723834485612777E+000  0.2752015618327499E+000 -0.6841524057193787E-001  0.1715312056569374E-001
 0.7758216500000000E+000  0.4446743100000000E+000 -0.2679082045912352E+000  0.2540694237933501E+000  0.2565825264718899E+000 -0.6243020319139444E-001  0.1367683320752098E-001
 0.7892696500000000E+000  0.4446743100000000E+000 -0.2486256742065608E+000  0.2366889395115857E+000  0.2389177447158863E+000 -0.5668139335298647E-001  0.1071974721118545E-001
 0.8021639100000000E+000  0.4446743100000000E+000 -0.2305123423666041E+000  0.2202355527778469E+000  0.2222020572789018E+000 -0.5121369955673996E-001  0.8248311317299981E-002
 0.8145064000000000E+000  0.4446743100000000E+000 -0.2135256608394957E+000  0.2046939907352796E+000  0.2064206764121962E+000 -0.4605947740990071E-001  0.6221143889105582E-002
 0.8263016600000000E+000  0.4446743100000000E+000 -0.1976181767862667E+000  0.1900419438544318E+000  0.1915511322451539E+000 -0.4123977588755674E-001  0.4591466641585104E-002
 0.8375565600000000E+000  0.4446743100000000E+000 -0.1827392738561850E+000  0.1762516522376612E+000  0.1775650069139495E+000 -0.3676579618277285E-001  0.3309446978541983E-002
 0.8482800500000000E+000  0.4446743100000000E+000 -0.1688366084530312E+000  0.1632913292851486E+000  0.1644294930535725E+000 -0.3264045246679867E-001  0.2324393610556493E-002
 0.8584829000000000E+000  0.4446743100000000E+000 -0.1558572695801833E+000  0.1511264058427291E+000  0.1521087547985384E+000 -0.2885991382711893E-001  0.1586735386802082E-002
 0.8681774200000000E+000  0.4446743100000000E+000 -0.1437487109051195E+000  0.1397206047213191E+000  0.1405650994811339E+000 -0.2541504806954649E-001  0.1049717271423511E-002
 0.8773772700000000E+000  0.4446743100000000E+000 -0.1324593591927523E+000  0.1290367276640333E+000  0.1297598409704306E+000 -0.2229268156696624E-001  0.6707504742180602E-003
 0.8860971700000000E+000  0.4446743100000000E+000 -0.1219391797541741E+000  0.1190373997293558E+000  0.1196541041914631E+000 -0.1947672577290249E-001  0.4123854937668433E-003
 0.8943527400000000E+000  0.4446743100000000E+000 -0.1121399499999733E+000  0.1096855253851629E+000  0.1102093242926819E+000 -0.1694909031961582E-001  0.2428722868839935E-003
 0.9021602500000000E+000  0.4446743100000000E+000 -0.1030155453235176E+000  0.1009447385021089E+000  0.1013877282042627E+000 -0.1469047056229679E-001  0.1363209108776244E-003
 0.9095365000000000E+000  0.4446743100000000E+000 -0.9452199985940328E-001  0.9277961902310006E-001  0.9315257119279784E-001 -0.1268095684739261E-001  0.7248916444948790E-004
 0.9164985600000000E+000  0.4446743100000000E+000 -0.8661768226928022E-001  0.8515600219250358E-001  0.8546845944022123E-001 -0.1090056421784282E-001  0.3626551165474393E-004
 0.9230637200000000E+000  0.4446743100000000E+000 -0.7926319681474735E-001  0.7804100820060927E-001  0.7830138489561056E-001 -0.9329600837194064E-002  0.1693088546611626E-004
 0.9292492700000000E+000  0.4446743100000000E+000 -0.7242146084322590E-001  0.7140322758163906E-001  0.7161891296033368E-001 -0.7948994400194630E-002  0.7305362038432365E-005
 0.9350724600000000E+000  0.4446743100000000E+000 -0.6605756941155781E-001  0.6521268886312497E-001  0.6539014767446734E-001 -0.6740499084958653E-002  0.2879984772019188E-005
 0.9405503300000000E+000  0.4446743100000000E+000 -0.6013880252804420E-001  0.5944095334801445E-001  0.5958582282955233E-001 -0.5686870214459613E-002  0.1023148777559210E-005
 0.9456996700000000E+000  0.4446743100000000E+000 -0.5463449093293592E-001  0.5406106277767970E-001  0.5417824360159389E-001 -0.4771957553830350E-002  0.3221359210167553E-006
 0.9505369100000000E+000  0.4446743100000000E+000 -0.4951596417319109E-001  0.4904755804256931E-001  0.4914129888022491E-001 -0.3980770191695210E-002  0.8807139665409246E-007
 0.9550781000000000E+000  0.4446743100000000E+000 -0.4475641013148520E-001  0.4437640323414205E-001  0.4445037807661944E-001 -0.3299490467190812E-002  0.2038903089564689E-007
 0.9593388200000000E+000  0.4446743100000000E+000 -0.4033081856701824E-001  0.4002498445601688E-001  0.4008236302310091E-001 -0.2715472878858609E-002  0.3873934589741553E-008
 0.9633341700000000E+000  0.4446743100000000E+000 -0.3621585043378956E-001  0.3597202922695620E-001  0.3601554028694438E-001 -0.2217209503105204E-002  0.5812446679425903E-009
 0.9670787100000000E+000  0.4446743100000000E+000 -0.3238977015565807E-001  0.3219758169384457E-001  0.3222956986937957E-001 -0.1794287673682176E-002  0.6586628376782047E-010
 0.9705864600000000E+000  0.4446743100000000E+000 -0.2883232643373215E-001  0.2868292184747861E-001  0.2870539814802151E-001 -0.1437329233923451E-002  0.5444789828138520E-011
 0.9738709000000000E+000  0.4446743100000000E+000 -0.2552464447131084E-001  0.2541049102382868E-001  0.2542517768079758E-001 -0.1137924543699880E-002  0.3457165177364295E-012
 0.9769449100000001E+000  0.4446743100000000E+000 -0.2244918855639246E-001  0.2236388276674005E-001  0.2237225307607798E-001 -0.8885682062705314E-003  0.2180451890800592E-013
 0.9798208200000000E+000  0.4446743100000000E+000 -0.1958962311590275E-001  0.1952772950818371E-001  0.1953104300229842E-001 -0.6825831556879127E-003  0.1465618941995169E-014
 0.9825103800000000E+000  0.4446743100000000E+000 -0.1693076349770247E-001  0.1688767459188113E-001  0.1688700837238992E-001 -0.5140530290078068E-003  0.4969732110422668E-016
 0.9850247900000000E+000  0.4446743100000000E+000 -0.1445847507366579E-001  0.1443029001469358E-001  0.1442656682371379E-001 -0.3777517886900428E-003  0.1868925518952191E-016
 0.9873746700000000E+000  0.4446743100000000E+000 -0.1215963927819410E-001  0.1214305771777887E-001  0.1213707168485660E-001 -0.2690800643949323E-003 -0.1582218832964139E-016
 0.9895701099999999E+000  0.4446743100000000E+000 -0.1002204779891064E-001  0.1001427651202505E-001  0.1000671767042993E-001 -0.1840005329079166E-003  0.4105046683549164E-017
 0.9916206800000000E+000  0.4446743100000000E+000 -0.8034342887268153E-002  0.8033011167500409E-002  0.8024490868965277E-002 -0.1189802285011932E-003  0.1010265782131944E-016
 0.9935354199999999E+000  0.4446743100000000E+000 -0.6185982538637561E-002  0.6189060596355359E-002  0.6180142231197854E-002 -0.7093733276744869E-004 -0.3925626747897454E-016
 0.9953228800000000E+000  0.4446743100000000E+000 -0.4467162281146661E-002  0.4472869338830763E-002  0.4464116648741629E-002 -0.3719053717290098E-004 -0.2293475736725137E-016
 0.9969911299999999E+000  0.4446743100000000E+000 -0.2868770847912125E-002  0.2875424865033608E-002  0.2867514809338361E-002 -0.1541388584973685E-004  0.1423819830160971E-015
 0.9985477800000000E+000  0.4446743100000000E+000 -0.1382340316003966E-002  0.1387926992809185E-002  0.1382048680958269E-002 -0.3595445525317739E-005 -0.8119569853364070E-017
 0.1000000000000000E+001  0.4446743100000000E+000 -0.3152214007648397E-019 -0.5562696029888921E-019 -0.2554545786144439E-019  0.1227710750543008E-026 -0.1194911301166682E-021

 0.0000000000000000E+000  0.5043137200000000E+000 -0.1424590729649226E+001  0.1207069919353458E+001  0.1258203927902563E+001 -0.7384992612692676E-001  0.2872060839459718E-001
 0.5783680700000000E-002  0.5043137200000000E+000 -0.1423804810160949E+001  0.1206397512574917E+001  0.1257418920237599E+001 -0.7384258566448058E-001  0.2880309671466615E-001
 0.1192781000000000E-001  0.5043137200000000E+000 -0.1421232201364636E+001  0.1204196578140843E+001  0.1254849400831334E+001 -0.7381813470706022E-001  0.2907451045783672E-001
 0.1844960300000000E-001  0.5043137200000000E+000 -0.1416561034290992E+001  0.1200200138374435E+001  0.1250184261274851E+001 -0.7377210163516533E-001  0.2957282644296730E-001
 0.2536636600000000E-001  0.5043137200000000E+000 -0.1409519699628506E+001  0.1194175109851147E+001  0.1243153076315792E+001 -0.7369887281604418E-001  0.3033769929309510E-001
 0.3269537900000000E-001  0.5043137200000000E+000 -0.1399912878234451E+001  0.1185952813568425E+001  0.1233562304967782E+001 -0.7359199204296107E-001  0.3140876081450196E-001
 0.4045376700000000E-001  0.5043137200000000E+000 -0.1387656094200619E+001  0.1175458024329168E+001  0.1221330034733591E+001 -0.7344515777355583E-001  0.3282356504909330E-001
 0.4865834800000000E-001  0.5043137200000000E+000 -0.1372800830110336E+001  0.1162729868628826E+001  0.1206511293140169E+001 -0.7325413751570230E-001  0.3461539535220890E-001
 0.5732546900000000E-001  0.5043137200000000E+000 -0.1355542584211991E+001  0.1147928283847548E+001  0.1189306289489052E+001 -0.7301956602723471E-001  0.3681122228283284E-001
 0.6647082500000000E-001  0.5043137200000000E+000 -0.1336207672655964E+001  0.1131322753626263E+001  0.1170047377671811E+001 -0.7275019674672309E-001  0.3943009310503651E-001
 0.7610926000000000E-001  0.5043137200000000E+000 -0.1315220089908396E+001  0.1113264707844080E+001  0.1149166050280326E+001 -0.7246579412991321E-001  0.4248214230119484E-001
 0.8625455200000000E-001  0.5043137200000000E+000 -0.1293055168811547E+001  0.1094149416263620E+001  0.1127146713214714E+001 -0.7219871060141431E-001  0.4596826458045528E-001
 0.9691918300000001E-001  0.5043137200000000E+000 -0.1270189838277921E+001  0.1074375525550816E+001  0.1104477053843754E+001 -0.7199342816014255E-001  0.4988034026960512E-001
 0.1081141000000000E+000  0.5043137200000000E+000 -0.1247058892790316E+001  0.1054309826303558E+001  0.1081604433444997E+001 -0.7190390334022377E-001  0.5420180251633804E-001
 0.1198484800000000E+000  0.5043137200000000E+000 -0.1224023551159218E+001  0.1034262104388072E+001  0.1058904593896528E+001 -0.7198919256766052E-001  0.5890831000746254E-001
 0.1321294200000000E+000  0.5043137200000000E+000 -0.1201354605211178E+001  0.1014471684977310E+001  0.1036664980812507E+001 -0.7230827071746804E-001  0.6396828651554218E-001
 0.1449617600000000E+000  0.5043137200000000E+000 -0.1179228383701311E+001  0.9951040438012763E+000  0.1015080909031051E+001 -0.7291504333698257E-001  0.6934327667659244E-001
 0.1583477400000000E+000  0.5043137200000000E+000 -0.1157732721162329E+001  0.9762552299676637E+000  0.9942617360285133E+000 -0.7385431447647559E-001  0.7498794200957773E-001
 0.1722868300000000E+000  0.5043137200000000E+000 -0.1136878420576423E+001  0.9579605048385160E+000  0.9742425202954629E+000 -0.7515909541131691E-001  0.8084984870486353E-001
 0.1867754200000000E+000  0.5043137200000000E+000 -0.1116613402310639E+001  0.9402050938381139E+000  0.9549983108876096E+000 -0.7684923981375835E-001  0.8686898054648272E-001
 0.2018066600000000E+000  0.5043137200000000E+000 -0.1096836700228691E+001  0.9229348310871750E+000  0.9364582001167793E+000 -0.7893116888584135E-001  0.9297719643734097E-001
 0.2173702200000000E+000  0.5043137200000000E+000 -0.1077411316079643E+001  0.9060659731924319E+000  0.9185180833746398E+000 -0.8139830452129314E-001  0.9909765908283974E-001
 0.2334521800000000E+000  0.5043137200000000E+000 -0.1058175107716636E+001  0.8894934895024716E+000  0.9010512516181642E+000 -0.8423188249029856E-001  0.1051444632196281E+000
 0.2500348700000000E+000  0.5043137200000000E+000 -0.1038949982503029E+001  0.8730980143778716E+000  0.8839169996664609E+000 -0.8740184966436614E-001  0.1110225479905966E+000
 0.2670968500000000E+000  0.5043137200000000E+000 -0.1019549501969632E+001  0.8567514621269120E+000  0.8669672978984998E+000 -0.9086770751542057E-001  0.1166281357589700E+000
 0.2846128000000000E+000  0.5043137200000000E+000 -0.9997856480730111E+000  0.8403218511383862E+000  0.8500521784426951E+000 -0.9457919167772397E-001  0.1218497868269758E+000
 0.3025536600000000E+000  0.5043137200000000E+000 -0.9794748403735895E+000  0.8236773384734917E+000  0.8330239220133745E+000 -0.9847686766807737E-001  0.1265703436186354E+000
 0.3208866600000000E+000  0.5043137200000000E+000 -0.9584440113157051E+000  0.8066901089332501E+000  0.8157407953306965E+000 -0.1024926422292509E+000  0.1306697646394485E+000
 0.3395755000000000E+000  0.5043137200000000E+000 -0.9365366946683352E+000  0.7892400937119990E+000  0.7980703902579801E+000 -0.1065503515892276E+000  0.1340289864542698E+000
 0.3585805500000000E+000  0.5043137200000000E+000 -0.9136193415998912E+000  0.7712187730514803E+000  0.7798929061353116E+000 -0.1105665274465021E+000  0.1365347233161822E+000
 0.3778591900000000E+000  0.5043137200000000E+000 -0.8895875763774084E+000  0.7525329681856741E+000  0.7611043645988897E+000 -0.1144514947368383E+000  0.1380850374052595E+000
 0.3973661100000000E+000  0.5043137200000000E+000 -0.8643722507851551E+000  0.7331086938923874E+000  0.7416199201045015E+000 -0.1181108762373079E+000  0.1385953094633010E+000
 0.4170537000000000E+000  0.5043137200000000E+000 -0.8379446230268830E+000  0.7128947473803555E+000  0.7213770309504539E+000 -0.1214476172496424E+000  0.1380041518953340E+000
 0.4368725300000000E+000  0.5043137200000000E+000 -0.8103200254132251E+000  0.6918657377901380E+000  0.7003382770410657E+000 -0.1243645649883637E+000  0.1362786599562960E+000
 0.4567718400000000E+000  0.5043137200000000E+000 -0.7815595087206224E+000  0.6700243011690001E+000  0.6784936261695678E+000 -0.1267675625578804E+000  0.1334183779425189E+000
 0.4767000000000000E+000  0.5043137200000000E+000 -0.7517690606918817E+000  0.6474022337898224E+000  0.6558618986565271E+000 -0.1285689631738913E+000  0.1294574538187687E+000
 0.4966051100000000E+000  0.5043137200000000E+000 -0.7210959351542832E+000  0.6240601113247962E+000  0.6324909659136838E+000 -0.1296914154986086E+000  0.1244645849221831E+000
 0.5164355000000000E+000  0.5043137200000000E+000 -0.6897225490571129E+000  0.6000855365222117E+000  0.6084567447228627E+000 -0.1300716509873016E+000  0.1185406693995113E+000
 0.5361402700000000E+000  0.5043137200000000E+000 -0.6578581944155570E+000  0.5755899018500520E+000  0.5838607565789906E+000 -0.1296640007893705E+000  0.1118143144311067E+000
 0.5556698200000000E+000  0.5043137200000000E+000 -0.6257293441776940E+000  0.5507039134548471E+000  0.5588263676088103E+000 -0.1284433161054107E+000  0.1044356286925788E+000
 0.5749763200000000E+000  0.5043137200000000E+000 -0.5935694876593495E+000  0.5255722631958786E+000  0.5334939784610685E+000 -0.1264069884263663E+000  0.9656892258656405E-001
 0.5940141799999999E+000  0.5043137200000000E+000 -0.5616092517006414E+000  0.5003477755601584E+000  0.5080154094684938E+000 -0.1235758144556267E+000  0.8838497405371998E-001
 0.6127404500000000E+000  0.5043137200000000E+000 -0.5300676496666757E+000  0.4751855392222735E+000  0.4825479605401811E+000 -0.1199935474191050E+000  0.8005353168874438E-001
 0.6311151600000000E+000  0.5043137200000000E+000 -0.4991449618625982E+000  0.4502374002797997E+000  0.4572485443652738E+000 -0.1157251007453131E+000  0.7173658487308381E-001
 0.6491016200000000E+000  0.5043137200000000E+000 -0.4690174897197871E+000  0.4256471017085583E+000  0.4322682408591355E+000 -0.1108534993982359E+000  0.6358275891207971E-001
 0.6666666700000000E+000  0.5043137200000000E+000 -0.4398342509422545E+000  0.4015462964322309E+000  0.4077475894382200E+000 -0.1054758086204846E+000  0.5572303433923307E-001
 0.6837808000000000E+000  0.5043137200000000E+000 -0.4117156169051948E+000  0.3780516583092711E+000  0.3838129412867179E+000 -0.9969840377145608E-001  0.4826786869940592E-001
 0.7004183000000000E+000  0.5043137200000000E+000 -0.3847533702247393E+000  0.3552628933002718E+000  0.3605737559387033E+000 -0.9363193455451317E-001  0.4130557348065785E-001
 0.7165572700000000E+000  0.5043137200000000E+000 -0.3590121455356074E+000  0.3332618311483697E+000  0.3381210908379835E+000 -0.8738644393794960E-001  0.3490187245134060E-001
 0.7321796300000000E+000  0.5043137200000000E+000 -0.3345316861973387E+000  0.3121123002567548E+000  0.3165270211857948E+000 -0.8106696582852191E-001  0.2910039348593978E-001
 0.7472710500000000E+000  0.5043137200000000E+000 -0.3113297314282968E+000  0.2918607577744577E+000  0.2958449764506463E+000 -0.7476991280066544E-001  0.2392393534573954E-001
 0.7618208000000000E+000  0.5043137200000000E+000 -0.2894052514198873E+000  0.2725375205079104E+000  0.2761108304723819E+000 -0.6858043270675823E-001  0.1937632218552368E-001
 0.7758216500000000E+000  0.5043137200000000E+000 -0.2687416081234233E+000  0.2541582701822365E+000  0.2573443916904050E+000 -0.6257073723384073E-001  0.1544464297051387E-001
 0.7892696500000000E+000  0.5043137200000000E+000 -0.2493097345504990E+000  0.2367259191861585E+000  0.2395513537780520E+000 -0.5679942688485992E-001  0.1210179941633439E-001
 0.8021639100000000E+000  0.5043137200000000E+000 -0.2310710292616582E+000  0.2202325494491497E+000  0.2227253836397218E+000 -0.5131163488484113E-001  0.9309205603287058E-002
 0.8145064000000000E+000  0.5043137200000000E+000 -0.2139798745913613E+000  0.2046612983700752E+000  0.2068501909399805E+000 -0.4613980291827585E-001  0.7019545380922700E-002
 0.8263016600000000E+000  0.5043137200000000E+000 -0.1979859037545927E+000  0.1899882522424444E+000  0.1919016185344885E+000 -0.4130493926978657E-001  0.5179526542927364E-002
 0.8375565600000000E+000  0.5043137200000000E+000 -0.1830358177845135E+000  0.1761841105100953E+000  0.1778494959508967E+000 -0.3681811116248189E-001  0.3732521306924038E-002
 0.8482800500000000E+000  0.5043137200000000E+000 -0.1690748638449578E+000  0.1632156654878782E+000  0.1646592909562291E+000 -0.3268203707230721E-001  0.2621034090233139E-002
 0.8584829000000000E+000  0.5043137200000000E+000 -0.1560480107373974E+000  0.1510470820913402E+000  0.1522935376699545E+000 -0.2889265592921603E-001  0.1788920401484042E-002
 0.8681774200000000E+000  0.5043137200000000E+000 -0.1439008773508937E+000  0.1396409899893923E+000  0.1407130516908754E+000 -0.2544059274051888E-001  0.1183284624622194E-002
 0.8773772700000000E+000  0.5043137200000000E+000 -0.1325803241173777E+000  0.1289592735618937E+000  0.1298778163672579E+000 -0.2231243454681706E-001  0.7559874039329674E-003
 0.8860971700000000E+000  0.5043137200000000E+000 -0.1220349942226004E+000  0.1189638083287762E+000  0.1197477948043189E+000 -0.1949186794440903E-001  0.4647286483312085E-003
 0.8943527400000000E+000  0.5043137200000000E+000 -0.1122155588672802E+000  0.1096169017745178E+000  0.1102834245941121E+000 -0.1696059875201093E-001  0.2736666163548785E-003
 0.9021602500000000E+000  0.5043137200000000E+000 -0.1030749745613600E+000  0.1008817240017705E+000  0.1014460878012232E+000 -0.1469914278830744E-001  0.1535885925070250E-003
 0.9095365000000000E+000  0.5043137200000000E+000 -0.9456851631385074E-001  0.9272250375523795E-001  0.9319833157676027E-001 -0.1268743585289944E-001  0.8166323459671168E-004
 0.9164985600000000E+000  0.5043137200000000E+000 -0.8665392861175393E-001  0.8510481747922063E-001  0.8550417359582989E-001 -0.1090536254249972E-001  0.4085152440766792E-004
 0.9230637200000000E+000  0.5043137200000000E+000 -0.7929130425836198E-001  0.7799560075111492E-001  0.7832911964256449E-001 -0.9333122712702351E-002  0.1907035147292253E-004
 0.9292492700000000E+000  0.5043137200000000E+000 -0.7244314295800920E-001  0.7136331774290271E-001  0.7164033559958752E-001 -0.7951555454441650E-002  0.8227892040184337E-005
 0.9350724600000000E+000  0.5043137200000000E+000 -0.6607419965437129E-001  0.6517791564761215E-001  0.6540659846257552E-001 -0.6742343390233504E-002  0.3243454293946690E-005
 0.9405503300000000E+000  0.5043137200000000E+000 -0.6015147821972819E-001  0.5941090854819939E-001  0.5959837533067430E-001 -0.5688184748012660E-002  0.1152205068262147E-005
 0.9456996700000000E+000  0.5043137200000000E+000 -0.5464408579116210E-001  0.5403531642140550E-001  0.5418775459783665E-001 -0.4772884230568687E-002  0.3627487670877542E-006
 0.9505369100000000E+000  0.5043137200000000E+000 -0.4952317138407430E-001  0.4902567693794338E-001  0.4914844953804513E-001 -0.3981415731132695E-002  0.9916984836300739E-007
 0.9550781000000000E+000  0.5043137200000000E+000 -0.4476177752706278E-001  0.4435796416989916E-001  0.4445570774044043E-001 -0.3299934369216201E-002  0.2295732756459086E-007
 0.9593388200000000E+000  0.5043137200000000E+000 -0.4033477731526906E-001  0.4000958320853027E-001  0.4008629690146075E-001 -0.2715773796123991E-002  0.4361731462947001E-008
 0.9633341700000000E+000  0.5043137200000000E+000 -0.3621873834782911E-001  0.3595928640680675E-001  0.3601841203563292E-001 -0.2217410271784325E-002  0.6544095198944434E-009
 0.9670787100000000E+000  0.5043137200000000E+000 -0.3239185059811829E-001  0.3218714616723873E-001  0.3223163997213637E-001 -0.1794419244981431E-002  0.7415496500788948E-010
 0.9705864600000000E+000  0.5043137200000000E+000 -0.2883380359345680E-001  0.2867447238497036E-001  0.2870686881691660E-001 -0.1437413714360996E-002  0.6129906304536742E-011
 0.9738709000000000E+000  0.5043137200000000E+000 -0.2552567567845410E-001  0.2540373664947555E-001  0.2542620490190581E-001 -0.1137977523780547E-002  0.3891753129968233E-012
 0.9769449100000001E+000  0.5043137200000000E+000 -0.2244989418922047E-001  0.2235856215030011E-001  0.2237295632417444E-001 -0.8886005274741382E-003  0.2458544684340456E-013
 0.9798208200000000E+000  0.5043137200000000E+000 -0.1959009453369027E-001  0.1952360974718851E-001  0.1953151303751455E-001 -0.6826022374332986E-003  0.1615120878467507E-014
 0.9825103800000000E+000  0.5043137200000000E+000 -0.1693106938260355E-001  0.1688454956077256E-001  0.1688731348595101E-001 -0.5140638559679751E-003  0.8939307910645242E-016
 0.9850247900000000E+000  0.5043137200000000E+000 -0.1445866647941827E-001  0.1442797847454192E-001  0.1442675781926733E-001 -0.3777576375612989E-003 -0.1613822701181917E-016
 0.9873746700000000E+000  0.5043137200000000E+000 -0.1215975363851384E-001  0.1214140128844719E-001  0.1213718583998473E-001 -0.2690830331645908E-003  0.1769239867449759E-016
 0.9895701099999999E+000  0.5043137200000000E+000 -0.1002211209477550E-001  0.1001313762475309E-001  0.1000678187160986E-001 -0.1840019215605745E-003 -0.6112795797872758E-017
 0.9916206800000000E+000  0.5043137200000000E+000 -0.8034376141521133E-002  0.8032271045696399E-002  0.8024524084112567E-002 -0.1189808093138229E-003 -0.7517598622249903E-017
 0.9935354199999999E+000  0.5043137200000000E+000 -0.6185997771936324E-002  0.6188617307866202E-002  0.6180157450754260E-002 -0.7093753928524549E-004  0.3626396453197632E-016
 0.9953228800000000E+000  0.5043137200000000E+000 -0.4467168037281904E-002  0.4472635960044784E-002  0.4464122401139688E-002 -0.3719059395215728E-004  0.2638799432336362E-016
 0.9969911299999999E+000  0.5043137200000000E+000 -0.2868772377216351E-002  0.2875327767493534E-002  0.2867516338006967E-002 -0.1541389560558861E-004 -0.1736417803153608E-015
 0.9985477800000000E+000  0.5043137200000000E+000 -0.1382340487609180E-002  0.1387904263850464E-002  0.1382048852529258E-002 -0.3595446056225091E-005 -0.3015029471266516E-015
 0.1000000000000000E+001  0.5043137200000000E+000 -0.5868434580879428E-019 -0.3025147611966034E-020 -0.7562249621218836E-020  0.1005196831383723E-026  0.2329211542799672E-021

 0.0000000000000000E+000  0.5624952500000000E+000 -0.1430399443862360E+001  0.1201261213329854E+001  0.1263921800766544E+001 -0.7384992612692676E-001  0.3169771051786441E-001
 0.5783680700000000E-002  0.5624952500000000E+000 -0.1429599554994455E+001  0.1200600051781682E+001  0.1263122123487468E+001 -0.7384292843477969E-001  0.3178878597639485E-001
 0.1192781000000000E-001  0.5624952500000000E+000 -0.1426981307667770E+001  0.1198435933358660E+001  0.1260504646714051E+001 -0.7381958950729560E-001  0.3208845661159858E-001
 0.1844960300000000E-001  0.5624952500000000E+000 -0.1422227626400635E+001  0.1194506362185160E+001  0.1255752676551026E+001 -0.7377553480989732E-001  0.3263866181435213E-001
 0.2536636600000000E-001  0.5624952500000000E+000 -0.1415062813562175E+001  0.1188582175152822E+001  0.1248591239179261E+001 -0.7370518600425047E-001  0.3348320463764159E-001
 0.3269537900000000E-001  0.5624952500000000E+000 -0.1405289408978315E+001  0.1180497530293242E+001  0.1238824094702378E+001 -0.7360202847752835E-001  0.3466588021885035E-001
 0.4045376700000000E-001  0.5624952500000000E+000 -0.1392823557949046E+001  0.1170178443195397E+001  0.1226369279978389E+001 -0.7345958188544484E-001  0.3622821479297381E-001
 0.4865834800000000E-001  0.5624952500000000E+000 -0.1377720745326117E+001  0.1157663294697555E+001  0.1211285024870523E+001 -0.7327330355432211E-001  0.3820705421749392E-001
 0.5732546900000000E-001  0.5624952500000000E+000 -0.1360184081361136E+001  0.1143109139973860E+001  0.1193778213409684E+001 -0.7304340205461120E-001  0.4063232073551110E-001
 0.6647082500000000E-001  0.5624952500000000E+000 -0.1340550809822475E+001  0.1126780609485772E+001  0.1174191050577932E+001 -0.7277813602126644E-001  0.4352524769662782E-001
 0.7610926000000000E-001  0.5624952500000000E+000 -0.1319258343896914E+001  0.1109022788747186E+001  0.1152967239244443E+001 -0.7249678147285744E-001  0.4689730086041142E-001
 0.8625455200000000E-001  0.5624952500000000E+000 -0.1296796711267008E+001  0.1090223819309185E+001  0.1130604557426609E+001 -0.7223129524101189E-001  0.5074983141862997E-001
 0.9691918300000001E-001  0.5624952500000000E+000 -0.1273657455058821E+001  0.1070775225587744E+001  0.1107603898016228E+001 -0.7202593126877345E-001  0.5507433830531688E-001
 0.1081141000000000E+000  0.5624952500000000E+000 -0.1250288676933087E+001  0.1051037399911237E+001  0.1084424473957609E+001 -0.7193462739612320E-001  0.5985310620256466E-001
 0.1198484800000000E+000  0.5624952500000000E+000 -0.1227062705644048E+001  0.1031314983425575E+001  0.1061451685151992E+001 -0.7201662991708414E-001  0.6505995690571469E-001
 0.1321294200000000E+000  0.5624952500000000E+000 -0.1204258779403759E+001  0.1011843694310558E+001  0.1038980038752378E+001 -0.7233127376789820E-001  0.7066084850594036E-001
 0.1449617600000000E+000  0.5624952500000000E+000 -0.1182058930712226E+001  0.9927869890435574E+000  0.1017209312562521E+001 -0.7293293472785040E-001  0.7661426419965250E-001
 0.1583477400000000E+000  0.5624952500000000E+000 -0.1160554153853039E+001  0.9742403389871706E+000  0.9962510220754427E+000 -0.7386693461211247E-001  0.8287119296975674E-001
 0.1722868300000000E+000  0.5624952500000000E+000 -0.1139756198644996E+001  0.9562395977559959E+000  0.9761405222327588E+000 -0.7516679928767571E-001  0.8937486612853228E-001
 0.1867754200000000E+000  0.5624952500000000E+000 -0.1119612058754070E+001  0.9387714076605210E+000  0.9568517696027159E+000 -0.7685286211189024E-001  0.9606017165550208E-001
 0.2018066600000000E+000  0.5624952500000000E+000 -0.1100018227374083E+001  0.9217834776869813E+000  0.9383117848231919E+000 -0.7893197589217511E-001  0.1028529852795854E+000
 0.2173702200000000E+000  0.5624952500000000E+000 -0.1080833687715811E+001  0.9051940347732662E+000  0.9204137132705783E+000 -0.8139794665149140E-001  0.1096694442071926E+000
 0.2334521800000000E+000  0.5624952500000000E+000 -0.1061890811092949E+001  0.8888997778616901E+000  0.9030275947833590E+000 -0.8423235463935437E-001  0.1164154154077715E+000
 0.2500348700000000E+000  0.5624952500000000E+000 -0.1043004457506029E+001  0.8727825272538258E+000  0.8860090354806459E+000 -0.8740546057235100E-001  0.1229862540719152E+000
 0.2670968500000000E+000  0.5624952500000000E+000 -0.1023979434571152E+001  0.8567145813159959E+000  0.8692058536594646E+000 -0.9087705468661907E-001  0.1292671285334674E+000
 0.2846128000000000E+000  0.5624952500000000E+000 -0.1004617122342403E+001  0.8405633325924643E+000  0.8524633809344447E+000 -0.9459713535030162E-001  0.1351340241718946E+000
 0.3025536600000000E+000  0.5624952500000000E+000 -0.9847214310802409E+000  0.8241951633570317E+000  0.8356285425075234E+000 -0.9850649590049501E-001  0.1404557524131763E+000
 0.3208866600000000E+000  0.5624952500000000E+000 -0.9641049641167935E+000  0.8074792756661300E+000  0.8185535000492677E+000 -0.1025372187936674E+000  0.1450969923154496E+000
 0.3395755000000000E+000  0.5624952500000000E+000 -0.9425954120477414E+000  0.7902914539728978E+000  0.8010989465758781E+000 -0.1066132392942655E+000  0.1489225513076693E+000
 0.3585805500000000E+000  0.5624952500000000E+000 -0.9200424351401824E+000  0.7725180288255128E+000  0.7831374266648553E+000 -0.1106510813859831E+000  0.1518027746354123E+000
 0.3778591900000000E+000  0.5624952500000000E+000 -0.8963247578307323E+000  0.7540599563193666E+000  0.7645566986425398E+000 -0.1145609231180919E+000  0.1536199387883972E+000
 0.3973661100000000E+000  0.5624952500000000E+000 -0.8713572903630070E+000  0.7348370751153138E+000  0.7452633137347313E+000 -0.1182480703633658E+000  0.1542752176448532E+000
 0.4170537000000000E+000  0.5624952500000000E+000 -0.8450975093444747E+000  0.7147921921181600E+000  0.7251861749671540E+000 -0.1216149573344373E+000  0.1536956877533485E+000
 0.4368725300000000E+000  0.5624952500000000E+000 -0.8175503126876891E+000  0.6938946534563344E+000  0.7042798370028034E+000 -0.1245637139619366E+000  0.1518406476890059E+000
 0.4567718400000000E+000  0.5624952500000000E+000 -0.7887706586419160E+000  0.6721430809809612E+000  0.6825273014030407E+000 -0.1269992650795111E+000  0.1487064840001377E+000
 0.4767000000000000E+000  0.5624952500000000E+000 -0.7588634179158767E+000  0.6495669373557098E+000  0.6599419944384678E+000 -0.1288328709686151E+000  0.1443294179878082E+000
 0.4966051100000000E+000  0.5624952500000000E+000 -0.7279798537887925E+000  0.6262264253232994E+000  0.6365683943612721E+000 -0.1299859621949281E+000  0.1387856254366283E+000
 0.5164355000000000E+000  0.5624952500000000E+000 -0.6963111472165423E+000  0.6022108212044289E+000  0.6124813060057475E+000 -0.1303939979328219E+000  0.1321885995475479E+000
 0.5361402700000000E+000  0.5624952500000000E+000 -0.6640792671791594E+000  0.5776351191820130E+000  0.5877835098594985E+000 -0.1300100706764808E+000  0.1246839331903512E+000
 0.5556698200000000E+000  0.5624952500000000E+000 -0.6315260982783772E+000  0.5526352542848658E+000  0.5626018862378827E+000 -0.1288079228381971E+000  0.1164420428412284E+000
 0.5749763200000000E+000  0.5624952500000000E+000 -0.5989019422116114E+000  0.5273623397720985E+000  0.5370823007259710E+000 -0.1267840607208504E+000  0.1076496006089079E+000
 0.5940141799999999E+000  0.5624952500000000E+000 -0.5664543322623445E+000  0.5019763090889716E+000  0.5113835384275975E+000 -0.1239586988207045E+000  0.9850048474348223E-001
 0.6127404500000000E+000  0.5624952500000000E+000 -0.5344181557120486E+000  0.4766395376140289E+000  0.4856708258771858E+000 -0.1203753651260500E+000  0.8918706224634305E-001
 0.6311151600000000E+000  0.5624952500000000E+000 -0.5030076841096910E+000  0.4515108764439928E+000  0.4601094029182699E+000 -0.1160991254566121E+000  0.7989243482810196E-001
 0.6491016200000000E+000  0.5624952500000000E+000 -0.4724107898250879E+000  0.4267404207251949E+000  0.4348585498061301E+000 -0.1112135187350727E+000  0.7078406078708961E-001
 0.6666666700000000E+000  0.5624952500000000E+000 -0.4427854025487486E+000  0.4024652592825990E+000  0.4100664305242058E+000 -0.1058164348994346E+000  0.6200896528438797E-001
 0.6837808000000000E+000  0.5624952500000000E+000 -0.4142581613280007E+000  0.3788064331269869E+000  0.3858661034799811E+000 -0.1000153063202370E+000  0.5369060176837678E-001
 0.7004183000000000E+000  0.5624952500000000E+000 -0.3869246717770771E+000  0.3558668934387091E+000  0.3623725925696885E+000 -0.9392197670654655E-001  0.4592716930469639E-001
 0.7165572700000000E+000  0.5624952500000000E+000 -0.3608512695543690E+000  0.3337306234698701E+000  0.3396812669552727E+000 -0.8764772054536300E-001  0.3879127377241480E-001
 0.7321796300000000E+000  0.5624952500000000E+000 -0.3360776604491414E+000  0.3124626050246687E+000  0.3178672515279875E+000 -0.8129874899315340E-001  0.3233063185912097E-001
 0.7472710500000000E+000  0.5624952500000000E+000 -0.3126202065046210E+000  0.2921095817870112E+000  0.2969858361897882E+000 -0.7497252315834692E-001  0.2656962379923804E-001
 0.7618208000000000E+000  0.5624952500000000E+000 -0.2904755414213409E+000  0.2727014465896789E+000  0.2770736985269129E+000 -0.6875505941224680E-001  0.2151147591395359E-001
 0.7758216500000000E+000  0.5624952500000000E+000 -0.2696240689967543E+000  0.2542529100989365E+000  0.2581505626384062E+000 -0.6271923124413344E-001  0.1714084280643818E-001
 0.7892696500000000E+000  0.5624952500000000E+000 -0.2500334284971545E+000  0.2367655263408145E+000  0.2402213366828230E+000 -0.5692409058498633E-001  0.1342670419120173E-001
 0.8021639100000000E+000  0.5624952500000000E+000 -0.2316616173026755E+000  0.2202297781476600E+000  0.2232783877529012E+000 -0.5141502642058490E-001  0.1032540462250740E-001
 0.8145064000000000E+000  0.5624952500000000E+000 -0.2144596808580255E+000  0.2046270906763142E+000  0.2073037854677482E+000 -0.4622456783733538E-001  0.7783736033912170E-002
 0.8263016600000000E+000  0.5624952500000000E+000 -0.1983741011917488E+000  0.1899318303340247E+000  0.1922715457847306E+000 -0.4137367638687785E-001  0.5742000019879677E-002
 0.8375565600000000E+000  0.5624952500000000E+000 -0.1833486905928961E+000  0.1761130505403753E+000  0.1781496106894662E+000 -0.3687327420633676E-001  0.4136931798536032E-002
 0.8482800500000000E+000  0.5624952500000000E+000 -0.1693261109083626E+000  0.1631360295692756E+000  0.1649015975285129E+000 -0.3272586992346688E-001  0.2904424492361524E-002
 0.8584829000000000E+000  0.5624952500000000E+000 -0.1562490624305952E+000  0.1509635867075688E+000  0.1524882970674548E+000 -0.2892715678440188E-001  0.1981972636488810E-002
 0.8681774200000000E+000  0.5624952500000000E+000 -0.1440612057931266E+000  0.1395571919366684E+000  0.1408689333742987E+000 -0.2546750135333768E-001  0.1310757531412033E-002
 0.8773772700000000E+000  0.5624952500000000E+000 -0.1327077332349478E+000  0.1288777580855034E+000  0.1300020731815537E+000 -0.2233323644036718E-001  0.8372996586915245E-003
 0.8860971700000000E+000  0.5624952500000000E+000 -0.1221358824164260E+000  0.1188863680621337E+000  0.1198464447600589E+000 -0.1950781017170975E-001  0.5146419270534450E-003
 0.8943527400000000E+000  0.5624952500000000E+000 -0.1122951504163435E+000  0.1095446989272006E+000  0.1103614270588423E+000 -0.1697271249925989E-001  0.3030208544034957E-003
 0.9021602500000000E+000  0.5624952500000000E+000 -0.1031375197948232E+000  0.1008154316586300E+000  0.1015075067240319E+000 -0.1470826929914980E-001  0.1700433837017316E-003
 0.9095365000000000E+000  0.5624952500000000E+000 -0.9461746190870200E-001  0.9266242504573600E-001  0.9324648129017919E-001 -0.1269425302204715E-001  0.9040283913523835E-004
 0.9164985600000000E+000  0.5624952500000000E+000 -0.8669206114803585E-001  0.8505098322942596E-001  0.8554174606709111E-001 -0.1091041050187611E-001  0.4521917848923391E-004
 0.9230637200000000E+000  0.5624952500000000E+000 -0.7932086991246580E-001  0.7794784777356270E-001  0.7835829316141561E-001 -0.9336827292459026E-002  0.2110745151921175E-004
 0.9292492700000000E+000  0.5624952500000000E+000 -0.7246594697324285E-001  0.7132135022764874E-001  0.7166286665575640E-001 -0.7954249034825283E-002  0.9106087457200848E-005
 0.9350724600000000E+000  0.5624952500000000E+000 -0.6609168843814701E-001  0.6514135256081544E-001  0.6542389849549836E-001 -0.6744282922260219E-002  0.3589386611965449E-005
 0.9405503300000000E+000  0.5624952500000000E+000 -0.6016480701323890E-001  0.5937931950357584E-001  0.5961157456899651E-001 -0.5689567024410771E-002  0.1275011951654192E-005
 0.9456996700000000E+000  0.5624952500000000E+000 -0.5465417418081847E-001  0.5400824841925683E-001  0.5419775480251438E-001 -0.4773858582816005E-002  0.4013885356990451E-006
 0.9505369100000000E+000  0.5624952500000000E+000 -0.4953074877734687E-001  0.4900267382586144E-001  0.4915596746853305E-001 -0.3982094434287305E-002  0.1097275057935293E-006
 0.9550781000000000E+000  0.5624952500000000E+000 -0.4476742026710482E-001  0.4433858048089963E-001  0.4446131081048410E-001 -0.3300401047798009E-002  0.2540014160612935E-007
 0.9593388200000000E+000  0.5624952500000000E+000 -0.4033893893220586E-001  0.3999339359209392E-001  0.4009043237268010E-001 -0.2716090136988490E-002  0.4825637615018891E-008
 0.9633341700000000E+000  0.5624952500000000E+000 -0.3622177412350795E-001  0.3594589174141898E-001  0.3602143081760912E-001 -0.2217621321581111E-002  0.7239831932642061E-009
 0.9670787100000000E+000  0.5624952500000000E+000 -0.3239403747978267E-001  0.3217617712845389E-001  0.3223381598476217E-001 -0.1794557548698160E-002  0.8203619388467026E-010
 0.9705864600000000E+000  0.5624952500000000E+000 -0.2883535627986974E-001  0.2866559115500429E-001  0.2870841468046418E-001 -0.1437502514799912E-002  0.6781218892786484E-011
 0.9738709000000000E+000  0.5624952500000000E+000 -0.2552675958324845E-001  0.2539663726536815E-001  0.2542728461689191E-001 -0.1138033211581391E-002  0.4305764898801612E-012
 0.9769449100000001E+000  0.5624952500000000E+000 -0.2245063586625796E-001  0.2235296985021359E-001  0.2237369549463303E-001 -0.8886344998099698E-003  0.2716045350131177E-013
 0.9798208200000000E+000  0.5624952500000000E+000 -0.1959059002322538E-001  0.1951927967877054E-001  0.1953200707386631E-001 -0.6826222936068575E-003  0.1821717709077989E-014
 0.9825103800000000E+000  0.5624952500000000E+000 -0.1693139088219459E-001  0.1688126503724571E-001  0.1688763417482126E-001 -0.5140752356485934E-003  0.6312230317831872E-016
 0.9850247900000000E+000  0.5624952500000000E+000 -0.1445886765368590E-001  0.1442554898135074E-001  0.1442695856239902E-001 -0.3777637849457453E-003  0.2082496925021700E-016
 0.9873746700000000E+000  0.5624952500000000E+000 -0.1215987383419942E-001  0.1213966034705692E-001  0.1213730582000786E-001 -0.2690861534238058E-003 -0.1879231087323829E-016
 0.9895701099999999E+000  0.5624952500000000E+000 -0.1002217967093386E-001  0.1001194063720068E-001  0.1000684934825232E-001 -0.1840033810621498E-003  0.8291090244526157E-017
 0.9916206800000000E+000  0.5624952500000000E+000 -0.8034411092176213E-002  0.8031493169804721E-002  0.8024558993666997E-002 -0.1189814197558770E-003  0.4106616947164108E-017
 0.9935354199999999E+000  0.5624952500000000E+000 -0.6186013782269310E-002  0.6188151408358095E-002  0.6180173446643908E-002 -0.7093775633764676E-004 -0.3117177013803069E-016
 0.9953228800000000E+000  0.5624952500000000E+000 -0.4467174087014675E-002  0.4472390677718954E-002  0.4464128446944649E-002 -0.3719065362733950E-004 -0.2956075256793029E-016
 0.9969911299999999E+000  0.5624952500000000E+000 -0.2868773984521388E-002  0.2875225717610939E-002  0.2867517944643982E-002 -0.1541390585929918E-004  0.2061803461109422E-015
 0.9985477800000000E+000  0.5624952500000000E+000 -0.1382340667966855E-002  0.1387880375648039E-002  0.1382049032850890E-002 -0.3595446614308556E-005 -0.4084228620970368E-016
 0.1000000000000000E+001  0.5624952500000000E+000  0.2999273668021526E-019 -0.4253961233732423E-019  0.5834352914611224E-020  0.7443338361495032E-027 -0.1108307597185295E-021

 0.0000000000000000E+000  0.6190927000000001E+000 -0.1436441850137075E+001  0.1195218814868956E+001  0.1269870847914720E+001 -0.7384992612692676E-001  0.3449083238776640E-001
 0.5783680700000000E-002  0.6190927000000001E+000 -0.1435627334755305E+001  0.1194569477117416E+001  0.1269055823953082E+001 -0.7384328103366730E-001  0.3458997416301108E-001
 0.1192781000000000E-001  0.6190927000000001E+000 -0.1432961303675304E+001  0.1192444064870831E+001  0.1266388178529418E+001 -0.7382108611016736E-001  0.3491618849826970E-001
 0.1844960300000000E-001  0.6190927000000001E+000 -0.1428121236100750E+001  0.1188584779841592E+001  0.1261545382483646E+001 -0.7377906701351289E-001  0.3551513945197275E-001
 0.2536636600000000E-001  0.6190927000000001E+000 -0.1420827166005550E+001  0.1182766550299715E+001  0.1254247719815546E+001 -0.7371168233860566E-001  0.3643453233215108E-001
 0.3269537900000000E-001  0.6190927000000001E+000 -0.1410879410291516E+001  0.1174826466878687E+001  0.1244296153086646E+001 -0.7361235830966145E-001  0.3772208316918522E-001
 0.4045376700000000E-001  0.6190927000000001E+000 -0.1398194788263829E+001  0.1164691778867767E+001  0.1231608700631407E+001 -0.7347443170016213E-001  0.3942306631380276E-001
 0.4865834800000000E-001  0.6190927000000001E+000 -0.1382832998849313E+001  0.1152399995814507E+001  0.1216246981031181E+001 -0.7329304159745578E-001  0.4157770030121608E-001
 0.5732546900000000E-001  0.6190927000000001E+000 -0.1365005138457194E+001  0.1138105048518871E+001  0.1198424896156006E+001 -0.7306795833628217E-001  0.4421871880958968E-001
 0.6647082500000000E-001  0.6190927000000001E+000 -0.1345059892851694E+001  0.1122066377923243E+001  0.1178494978871167E+001 -0.7280693066465709E-001  0.4736946353240920E-001
 0.7610926000000000E-001  0.6190927000000001E+000 -0.1323448703397724E+001  0.1104622333886708E+001  0.1156913706672169E+001 -0.7252873006485200E-001  0.5104272554011039E-001
 0.8625455200000000E-001  0.6190927000000001E+000 -0.1300676938347520E+001  0.1086153530955201E+001  0.1134192821715982E+001 -0.7226490342964835E-001  0.5524038355283096E-001
 0.9691918300000001E-001  0.6190927000000001E+000 -0.1277251377811210E+001  0.1067044010070564E+001  0.1110846981683282E+001 -0.7205946686182621E-001  0.5995370493452266E-001
 0.1081141000000000E+000  0.6190927000000001E+000 -0.1253633983270381E+001  0.1047647475649529E+001  0.1087347729201718E+001 -0.7196633628257791E-001  0.6516405394311756E-001
 0.1198484800000000E+000  0.6190927000000001E+000 -0.1230208648611812E+001  0.1028263224759592E+001  0.1064090490251252E+001 -0.7204495177982630E-001  0.7084372010452938E-001
 0.1321294200000000E+000  0.6190927000000001E+000 -0.1207263410179460E+001  0.1009123263253231E+001  0.1041377084382199E+001 -0.7235501854314054E-001  0.7695657544569838E-001
 0.1449617600000000E+000  0.6190927000000001E+000 -0.1184986263702128E+001  0.9903890096477547E+000  0.1019411896374193E+001 -0.7295139713098919E-001  0.8345849466018218E-001
 0.1583477400000000E+000  0.6190927000000001E+000 -0.1163471551857076E+001  0.9721554112919570E+000  0.9983086585003050E+000 -0.7387994379675630E-001  0.9029731905324415E-001
 0.1722868300000000E+000  0.6190927000000001E+000 -0.1142732112859431E+001  0.9544590236456062E+000  0.9781030212619882E+000 -0.7517471588569931E-001  0.9741253896740251E-001
 0.1867754200000000E+000  0.6190927000000001E+000 -0.1122714127728435E+001  0.9372880547412467E+000  0.9587678123268984E+000 -0.7685654231218539E-001  0.1047346044418314E+000
 0.2018066600000000E+000  0.6190927000000001E+000 -0.1103311646089072E+001  0.9205922612122553E+000  0.9402279276062745E+000 -0.7893272186037115E-001  0.1121841200508871E+000
 0.2173702200000000E+000  0.6190927000000001E+000 -0.1084379711239881E+001  0.9042920228220720E+000  0.9223737046876769E+000 -0.8139745766022725E-001  0.1196709476841710E+000
 0.2334521800000000E+000  0.6190927000000001E+000 -0.1065745253028832E+001  0.8882859465024724E+000  0.9050718742496230E+000 -0.8423268647779045E-001  0.1270934904153108E+000
 0.2500348700000000E+000  0.6190927000000001E+000 -0.1047216066673230E+001  0.8724571982534345E+000  0.8881742927110081E+000 -0.8740899452620692E-001  0.1343382630844868E+000
 0.2670968500000000E+000  0.6190927000000001E+000 -0.1028588084639786E+001  0.8566785856457915E+000  0.8715245532676951E+000 -0.9088647252545391E-001  0.1412800593311090E+000
 0.2846128000000000E+000  0.6190927000000001E+000 -0.1009651809582766E+001  0.8408169481460173E+000  0.8549631875880513E+000 -0.9461539356651433E-001  0.1477828524390647E+000
 0.3025536600000000E+000  0.6190927000000001E+000 -0.9901981599309719E+000  0.8247368950304637E+000  0.8383316214855852E+000 -0.9853679090739360E-001  0.1537018123324726E+000
 0.3208866600000000E+000  0.6190927000000001E+000 -0.9700246746240417E+000  0.8083045587658473E+000  0.8214757037453519E+000 -0.1025829343367909E+000  0.1588865006164105E+000
 0.3395755000000000E+000  0.6190927000000001E+000 -0.9489421876600251E+000  0.7913913883010922E+000  0.8042489390432540E+000 -0.1066778682250631E+000  0.1631854879851718E+000
 0.3585805500000000E+000  0.6190927000000001E+000 -0.9267822859171775E+000  0.7738782690373843E+000  0.7865158341961946E+000 -0.1107381158294760E+000  0.1664523547752772E+000
 0.3778591900000000E+000  0.6190927000000001E+000 -0.9034052984561103E+000  0.7556598979221025E+000  0.7681554063378823E+000 -0.1146737103107048E+000  0.1685529226712281E+000
 0.3973661100000000E+000  0.6190927000000001E+000 -0.8787085934673211E+000  0.7366494689551313E+000  0.7490650437427143E+000 -0.1183896355342368E+000  0.1693732712614678E+000
 0.4170537000000000E+000  0.6190927000000001E+000 -0.8526343148088321E+000  0.7167832960319159E+000  0.7291644824560612E+000 -0.1217878004069839E+000  0.1688279285626682E+000
 0.4368725300000000E+000  0.6190927000000001E+000 -0.8251756046958353E+000  0.6960249786073102E+000  0.7083996340185723E+000 -0.1247695927250579E+000  0.1668673782162624E+000
 0.4567718400000000E+000  0.6190927000000001E+000 -0.7963804119643472E+000  0.6743687181573288E+000  0.6867459666211932E+000 -0.1272389829711199E+000  0.1634839506457215E+000
 0.4767000000000000E+000  0.6190927000000001E+000 -0.7663521097771347E+000  0.6518413684183560E+000  0.6642110556399330E+000 -0.1291060918950275E+000  0.1587152677296941E+000
 0.4966051100000000E+000  0.6190927000000001E+000 -0.7352461853119125E+000  0.6285026526028715E+000  0.6408356913432943E+000 -0.1302910771077525E+000  0.1526445998064098E+000
 0.5164355000000000E+000  0.6190927000000001E+000 -0.7032633633682799E+000  0.6044435972947640E+000  0.6166934676983726E+000 -0.1307280661323015E+000  0.1453979472698041E+000
 0.5361402700000000E+000  0.6190927000000001E+000 -0.6706395240153776E+000  0.5797830471577938E+000  0.5918885306846411E+000 -0.1303688538337088E+000  0.1371380489086614E+000
 0.5556698200000000E+000  0.6190927000000001E+000 -0.6376334848408548E+000  0.5546625531381675E+000  0.5665515704246784E+000 -0.1291860207125639E+000  0.1280559485921614E+000
 0.5749763200000000E+000  0.6190927000000001E+000 -0.6045139814964853E+000  0.5292401265954434E+000  0.5408343640368661E+000 -0.1271751458346456E+000  0.1183610524157803E+000
 0.5940141799999999E+000  0.6190927000000001E+000 -0.5715470039098463E+000  0.5036833226966468E+000  0.5149032068700259E+000 -0.1243558347314747E+000  0.1082706634257391E+000
 0.6127404500000000E+000  0.6190927000000001E+000 -0.5389846615082002E+000  0.4781623029034182E+000  0.4889318398683958E+000 -0.1207713812650880E+000  0.9799996801695771E-001
 0.6311151600000000E+000  0.6190927000000001E+000 -0.5070562853597775E+000  0.4528433704935770E+000  0.4630944077533851E+000 -0.1164870132064294E+000  0.8775321642207837E-001
 0.6491016200000000E+000  0.6190927000000001E+000 -0.4759620802204596E+000  0.4278833426157895E+000  0.4375589167589197E+000 -0.1115868099935766E+000  0.7771656488797320E-001
 0.6666666700000000E+000  0.6190927000000001E+000 -0.4458693562866887E+000  0.4034250249090228E+000  0.4124816003805141E+000 -0.1061695266120462E+000  0.6805279888586953E-001
 0.6837808000000000E+000  0.6190927000000001E+000 -0.4169112365052240E+000  0.3795940173571336E+000  0.3880025736027458E+000 -0.1003437021770388E+000  0.5889797452304490E-001
 0.7004183000000000E+000  0.6190927000000001E+000 -0.3891871668081064E+000  0.3564966269815432E+000  0.3642426753406190E+000 -0.9422242855590479E-001  0.5035972495704169E-001
 0.7165572700000000E+000  0.6190927000000001E+000 -0.3627650578154184E+000  0.3342190326785194E+000  0.3413017443861405E+000 -0.8791826550538734E-001  0.4251707262981708E-001
 0.7321796300000000E+000  0.6190927000000001E+000 -0.3376843586568362E+000  0.3128273579469625E+000  0.3192580322695107E+000 -0.8153865067341522E-001  0.3542138734048831E-001
 0.7472710500000000E+000  0.6190927000000001E+000 -0.3139597836935162E+000  0.2923685820101005E+000  0.2981687001588968E+000 -0.7518213543378985E-001  0.2909825713656868E-001
 0.7618208000000000E+000  0.6190927000000001E+000 -0.2915853399678757E+000  0.2728720965972918E+000  0.2780711897626060E+000 -0.6893563716843434E-001  0.2355002025107668E-001
 0.7758216500000000E+000  0.6190927000000001E+000 -0.2705381856825351E+000  0.2543515491180731E+000  0.2589850655800574E+000 -0.6287271390622103E-001  0.1875870121467574E-001
 0.7892696500000000E+000  0.6190927000000001E+000 -0.2507823962133993E+000  0.2368070367955312E+000  0.2409143524733197E+000 -0.5705288249411673E-001  0.1468925856381019E-001
 0.8021639100000000E+000  0.6190927000000001E+000 -0.2322723232658887E+000  0.2202273453178531E+000  0.2238500082712152E+000 -0.5152179313489338E-001  0.1129295947094559E-001
 0.8145064000000000E+000  0.6190927000000001E+000 -0.2149554603441894E+000  0.2045920946392839E+000  0.2077723499005085E+000 -0.4631206135385434E-001  0.8510776867251085E-002
 0.8263016600000000E+000  0.6190927000000001E+000 -0.1987749533659230E+000  0.1898738464740082E+000  0.1926534568322100E+000 -0.4144459631897915E-001  0.6276745592393294E-002
 0.8375565600000000E+000  0.6190927000000001E+000 -0.1836715697143595E+000  0.1760399332979271E+000  0.1784592812164120E+000 -0.3693016637124993E-001  0.4521153657137541E-002
 0.8482800500000000E+000  0.6190927000000001E+000 -0.1695852559876711E+000  0.1630540550130745E+000  0.1651514975469913E+000 -0.3277105991436973E-001  0.3173506192920558E-002
 0.8584829000000000E+000  0.6190927000000001E+000 -0.1564563371667209E+000  0.1508776314611276E+000  0.1526890719005468E+000 -0.2896271356530048E-001  0.2165177253308706E-002
 0.8681774200000000E+000  0.6190927000000001E+000 -0.1442264287000935E+000  0.1394709290098786E+000  0.1410295668091909E+000 -0.2549522472228824E-001  0.1431667881632893E-002
 0.8773772700000000E+000  0.6190927000000001E+000 -0.1328389844184363E+000  0.1287938539221011E+000  0.1301300732293038E+000 -0.2235466198034573E-001  0.9143909543328603E-003
 0.8860971700000000E+000  0.6190927000000001E+000 -0.1222397800797760E+000  0.1188066692194647E+000  0.1199480353628115E+000 -0.1952422604386123E-001  0.5619447725113513E-003
 0.8943527400000000E+000  0.6190927000000001E+000 -0.1123770935584843E+000  0.1094704007755087E+000  0.1104417330348962E+000 -0.1698518320196900E-001  0.3308295291141445E-003
 0.9021602500000000E+000  0.6190927000000001E+000 -0.1032018975161721E+000  0.1007472250008399E+000  0.1015707245072911E+000 -0.1471766275597779E-001  0.1856265304335904E-003
 0.9095365000000000E+000  0.6190927000000001E+000 -0.9466783103285822E-001  0.9260061952599812E-001  0.9329603103426704E-001 -0.1270126827104197E-001  0.9867695253145762E-004
 0.9164985600000000E+000  0.6190927000000001E+000 -0.8673129562985953E-001  0.8499560828410395E-001  0.8558040410222623E-001 -0.1091560427013149E-001  0.4935305156533912E-004
 0.9230637200000000E+000  0.6190927000000001E+000 -0.7935128518624787E-001  0.7789873344209831E-001  0.7838830492093449E-001 -0.9340638318623803E-002  0.2303502797447646E-004
 0.9292492700000000E+000  0.6190927000000001E+000 -0.7248940312902240E-001  0.7127819043378029E-001  0.7168604198504153E-001 -0.7957019654943380E-002  0.9936876637443297E-005
 0.9350724600000000E+000  0.6190927000000001E+000 -0.6610967526336337E-001  0.6510375390985489E-001  0.6544169116071546E-001 -0.6746277702727756E-002  0.3916576820629194E-005
 0.9405503300000000E+000  0.6190927000000001E+000 -0.6017851400763383E-001  0.5934683817038027E-001  0.5962514831355128E-001 -0.5690988536268549E-002  0.1391143327839373E-005
 0.9456996700000000E+000  0.6190927000000001E+000 -0.5466454793451451E-001  0.5398041761575594E-001  0.5420803786677249E-001 -0.4774860506610420E-002  0.4379216337033685E-006
 0.9505369100000000E+000  0.6190927000000001E+000 -0.4953853993530116E-001  0.4897902377122186E-001  0.4916369748086483E-001 -0.3982792291727879E-002  0.1197079852913818E-006
 0.9550781000000000E+000  0.6190927000000001E+000 -0.4477322183034929E-001  0.4431865258682446E-001  0.4446707158435684E-001 -0.3300880866673586E-002  0.2770907992910916E-007
 0.9593388200000000E+000  0.6190927000000001E+000 -0.4034321745640318E-001  0.3997675011855732E-001  0.4009468401523505E-001 -0.2716415367524695E-002  0.5264063272997722E-008
 0.9633341700000000E+000  0.6190927000000001E+000 -0.3622489503910888E-001  0.3593212204487332E-001  0.3602453426218014E-001 -0.2217838292228515E-002  0.7897280528076859E-009
 0.9670787100000000E+000  0.6190927000000001E+000 -0.3239628560846354E-001  0.3216490129940382E-001  0.3223605293964003E-001 -0.1794699726884304E-002  0.8948289604224372E-010
 0.9705864600000000E+000  0.6190927000000001E+000 -0.2883695240095179E-001  0.2865646175036696E-001  0.2871000378764581E-001 -0.1437593799913203E-002  0.7396679750106449E-011
 0.9738709000000000E+000  0.6190927000000001E+000 -0.2552787377955256E-001  0.2538933964619914E-001  0.2542839450621634E-001 -0.1138090455975053E-002  0.4696125610775684E-012
 0.9769449100000001E+000  0.6190927000000001E+000 -0.2245139825395914E-001  0.2234722149386477E-001  0.2237445530572531E-001 -0.8886694209451492E-003  0.2966526954722671E-013
 0.9798208200000000E+000  0.6190927000000001E+000 -0.1959109933967631E-001  0.1951482883891739E-001  0.1953251489656669E-001 -0.6826429095315514E-003  0.1952671964256117E-014
 0.9825103800000000E+000  0.6190927000000001E+000 -0.1693172134856139E-001  0.1687788894194703E-001  0.1688796380784963E-001 -0.5140869327458831E-003  0.1055581385368891E-015
 0.9850247900000000E+000  0.6190927000000001E+000 -0.1445907443635381E-001  0.1442305177707143E-001  0.1442716490190937E-001 -0.3777701037222037E-003 -0.1644136674995428E-016
 0.9873746700000000E+000  0.6190927000000001E+000 -0.1215999737957841E-001  0.1213787089770464E-001  0.1213742914371334E-001 -0.2690893606454263E-003  0.1977369129601095E-016
 0.9895701099999999E+000  0.6190927000000001E+000 -0.1002224912984068E-001  0.1001071030480331E-001  0.1000691870487040E-001 -0.1840048812287584E-003 -0.1044331024597356E-016
 0.9916206800000000E+000  0.6190927000000001E+000 -0.8034447016395718E-002  0.8030693627802461E-002  0.8024594875640919E-002 -0.1189820472026811E-003 -0.2620755660843663E-018
 0.9935354199999999E+000  0.6190927000000001E+000 -0.6186030238508858E-002  0.6187672533697225E-002  0.6180189888037819E-002 -0.7093797943523215E-004  0.2485129320806633E-016
 0.9953228800000000E+000  0.6190927000000001E+000 -0.4467180305221665E-002  0.4472138564912018E-002  0.4464134661114453E-002 -0.3719071496468896E-004  0.3117496135323484E-016
 0.9969911299999999E+000  0.6190927000000001E+000 -0.2868775636583947E-002  0.2875120826051719E-002  0.2867519596019897E-002 -0.1541391639838318E-004 -0.2295815226817376E-015
 0.9985477800000000E+000  0.6190927000000001E+000 -0.1382340853346580E-002  0.1387855822276075E-002  0.1382049218193635E-002 -0.3595447187840668E-005  0.4516919903206093E-015
 0.1000000000000000E+001  0.6190927000000001E+000 -0.2217067167057477E-019 -0.8235194153497722E-019  0.6558609327352345E-019  0.9709712710758054E-027  0.8717881643571347E-022

 0.0000000000000000E+000  0.6739964500000000E+000 -0.1442610379531197E+001  0.1189050292814728E+001  0.1275945250564118E+001 -0.7384992612692676E-001  0.3709483012316264E-001
 0.5783680700000000E-002  0.6739964500000000E+000 -0.1441780830178682E+001  0.1188413160123749E+001  0.1275114466001126E+001 -0.7384363686914577E-001  0.3720150138599218E-001
 0.1192781000000000E-001  0.6739964500000000E+000 -0.1439065686098921E+001  0.1186327697840431E+001  0.1272395301233200E+001 -0.7382259654088573E-001  0.3755249348200299E-001
 0.1844960300000000E-001  0.6739964500000000E+000 -0.1434136836430665E+001  0.1182540940853247E+001  0.1267459243393521E+001 -0.7378263224266504E-001  0.3819694956086092E-001
 0.2536636600000000E-001  0.6739964500000000E+000 -0.1426709941736783E+001  0.1176832007885273E+001  0.1260021724586080E+001 -0.7371824048658857E-001  0.3918622263997690E-001
 0.3269537900000000E-001  0.6739964500000000E+000 -0.1416583055432762E+001  0.1169040962782002E+001  0.1249880863231359E+001 -0.7362278873631915E-001  0.4057169826309897E-001
 0.4045376700000000E-001  0.6739964500000000E+000 -0.1403673716386580E+001  0.1159096252571508E+001  0.1236954696892179E+001 -0.7348943028452334E-001  0.4240216544626851E-001
 0.4865834800000000E-001  0.6739964500000000E+000 -0.1388045981809369E+001  0.1147034394538766E+001  0.1221308366945217E+001 -0.7331298392536993E-001  0.4472101588163557E-001
 0.5732546900000000E-001  0.6739964500000000E+000 -0.1369919175266760E+001  0.1133005994944758E+001  0.1203163020923171E+001 -0.7309277792046867E-001  0.4756364444198777E-001
 0.6647082500000000E-001  0.6739964500000000E+000 -0.1349653744224810E+001  0.1117265046806009E+001  0.1182881822141452E+001 -0.7283604553634973E-001  0.5095541304538602E-001
 0.7610926000000000E-001  0.6739964500000000E+000 -0.1327715525332378E+001  0.1100142879866630E+001  0.1160934367547122E+001 -0.7256104693485177E-001  0.5491042111836179E-001
 0.8625455200000000E-001  0.6739964500000000E+000 -0.1304625604608561E+001  0.1082012307023936E+001  0.1137846711720046E+001 -0.7229891220942296E-001  0.5943113402130697E-001
 0.9691918300000001E-001  0.6739964500000000E+000 -0.1280906352065560E+001  0.1063249652169077E+001  0.1114147592648635E+001 -0.7209341408277234E-001  0.6450872410836211E-001
 0.1081141000000000E+000  0.6739964500000000E+000 -0.1257033893696297E+001  0.1044201759995762E+001  0.1090321139222872E+001 -0.7199844356683308E-001  0.7012384832422194E-001
 0.1198484800000000E+000  0.6739964500000000E+000 -0.1233403935231902E+001  0.1025162481687980E+001  0.1066772988832185E+001 -0.7207363473844505E-001  0.7624755176288911E-001
 0.1321294200000000E+000  0.6739964500000000E+000 -0.1210313503911113E+001  0.1006360076496241E+001  0.1043812388800636E+001 -0.7237906628817416E-001  0.8284198146291405E-001
 0.1449617600000000E+000  0.6739964500000000E+000 -0.1187956711568539E+001  0.9879539489876545E+000  0.1021648387716115E+001 -0.7297008909154250E-001  0.8986083673363683E-001
 0.1583477400000000E+000  0.6739964500000000E+000 -0.1166431381312866E+001  0.9700385926420090E+000  0.1000396949903589E+001 -0.7389310062494552E-001  0.9724931597937099E-001
 0.1722868300000000E+000  0.6739964500000000E+000 -0.1145751569710804E+001  0.9526513691643451E+000  0.9800940130893288E+000 -0.7518269678420830E-001  0.1049437437449436E+000
 0.1867754200000000E+000  0.6739964500000000E+000 -0.1125862787242097E+001  0.9357821807349490E+000  0.9607112598329307E+000 -0.7686020876655227E-001  0.1128707749165447E+000
 0.2018066600000000E+000  0.6739964500000000E+000 -0.1106656800680645E+001  0.9193829758091613E+000  0.9421714487247033E+000 -0.7893338747352648E-001  0.1209464465011742E+000
 0.2173702200000000E+000  0.6739964500000000E+000 -0.1087984889061824E+001  0.9033764397365532E+000  0.9243621070003993E+000 -0.8139683879700566E-001  0.1290750970571969E+000
 0.2334521800000000E+000  0.6739964500000000E+000 -0.1069668715855950E+001  0.8876632415468764E+000  0.9071466647728733E+000 -0.8423286150354288E-001  0.1371484455831896E+000
 0.2500348700000000E+000  0.6739964500000000E+000 -0.1051509157598612E+001  0.8721280396578127E+000  0.8903732444427462E+000 -0.8741237301557360E-001  0.1450449440797836E+000
 0.2670968500000000E+000  0.6739964500000000E+000 -0.1033293347470452E+001  0.8566442788622163E+000  0.8738812278452595E+000 -0.9089577084686840E-001  0.1526297457216780E+000
 0.2846128000000000E+000  0.6739964500000000E+000 -0.1014800864037042E+001  0.8410783403565053E+000  0.8575063448778509E+000 -0.9463360995997090E-001  0.1597554518725289E+000
 0.3025536600000000E+000  0.6739964500000000E+000 -0.9958094064796187E+000  0.8252931048195641E+000  0.8410844872542147E+000 -0.9856717155358560E-001  0.1662640792469228E+000
 0.3208866600000000E+000  0.6739964500000000E+000 -0.9761009857008612E+000  0.8091516107878287E+000  0.8244551037478067E+000 -0.1026289213872057E+000  0.1719903501933915E+000
 0.3395755000000000E+000  0.6739964500000000E+000 -0.9554688395389288E+000  0.7925208623413715E+000  0.8074643521194789E+000 -0.1067430215948165E+000  0.1767666174161842E+000
 0.3585805500000000E+000  0.6739964500000000E+000 -0.9337254576186964E+000  0.7752760953954114E+000  0.7899684566083476E+000 -0.1108260024005344E+000  0.1804294271039163E+000
 0.3778591900000000E+000  0.6739964500000000E+000 -0.9107115034126748E+000  0.7573054496759981E+000  0.7718373561834330E+000 -0.1147877574569049E+000  0.1828275930988038E+000
 0.3973661100000000E+000  0.6739964500000000E+000 -0.8863053794430815E+000  0.7385150990226816E+000  0.7529588544217212E+000 -0.1185329500754588E+000  0.1838313089028442E+000
 0.4170537000000000E+000  0.6739964500000000E+000 -0.8604324649991058E+000  0.7188344442567798E+000  0.7332430375912641E+000 -0.1219629597121735E+000  0.1833416097274799E+000
 0.4368725300000000E+000  0.6739964500000000E+000 -0.8330728855784966E+000  0.6982209204032219E+000  0.7126266702540245E+000 -0.1249784208678655E+000  0.1812991847518701E+000
 0.4567718400000000E+000  0.6739964500000000E+000 -0.8042666702853146E+000  0.6766639470273811E+000  0.6910772143214352E+000 -0.1274823307043035E+000  0.1776914206439009E+000
 0.4767000000000000E+000  0.6739964500000000E+000 -0.7741152761939142E+000  0.6541875143824688E+000  0.6685960081020479E+000 -0.1293836438361227E+000  0.1725566540929248E+000
 0.4966051100000000E+000  0.6739964500000000E+000 -0.7427785551833018E+000  0.6308507554097947E+000  0.6452199034445203E+000 -0.1306012120495932E+000  0.1659848338047425E+000
 0.5164355000000000E+000  0.6739964500000000E+000 -0.7104674524334009E+000  0.6067464947862231E+000  0.6210212007323272E+000 -0.1310677946227119E+000  0.1581143308159775E+000
 0.5361402700000000E+000  0.6739964500000000E+000 -0.6774328626631764E+000  0.5819976239688507E+000  0.5961055047811660E+000 -0.1307338519227096E+000  0.1491251257989327E+000
 0.5556698200000000E+000  0.6739964500000000E+000 -0.6439519006072475E+000  0.5567516229378475E+000  0.5706075684120961E+000 -0.1295707692457651E+000  0.1392291294962816E+000
 0.5749763200000000E+000  0.6739964500000000E+000 -0.6103131754802102E+000  0.5311737858050244E+000  0.5446854557852512E+000 -0.1275731723357134E+000  0.1286587586808497E+000
 0.5940141799999999E+000  0.6739964500000000E+000 -0.5768024826094682E+000  0.5054396967184901E+000  0.5185134216291530E+000 -0.1247600417023357E+000  0.1176549571190600E+000
 0.6127404500000000E+000  0.6739964500000000E+000 -0.5436902902597908E+000  0.4797276894836680E+000  0.4922741926670313E+000 -0.1211744326203593E+000  0.1064558151731685E+000
 0.6311151600000000E+000  0.6739964500000000E+000 -0.5112218479104685E+000  0.4542118525043882E+000  0.4661512666772422E+000 -0.1168817420640638E+000  0.9528665062374278E-001
 0.6491016200000000E+000  0.6739964500000000E+000 -0.4796102597463259E+000  0.4290559858346391E+000  0.4403217668464464E+000 -0.1119666076761873E+000  0.8435207240701076E-001
 0.6666666700000000E+000  0.6739964500000000E+000 -0.4490325166087593E+000  0.4044087948401854E+000  0.4149503094624843E+000 -0.1065286752258631E+000  0.7383024555842917E-001
 0.6837808000000000E+000  0.6739964500000000E+000 -0.4196283067953633E+000  0.3804005474672612E+000  0.3901842940471154E+000 -0.1006776212826119E+000  0.6386935781289702E-001
 0.7004183000000000E+000  0.6739964500000000E+000 -0.3915008362422581E+000  0.3571409521372943E+000  0.3661505198132465E+000 -0.9452781828278339E-001  0.5458596623102206E-001
 0.7165572700000000E+000  0.6739964500000000E+000 -0.3647194036541890E+000  0.3347183791549049E+000  0.3429533675069421E+000 -0.8819314235309607E-001  0.4606500874511051E-001
 0.7321796300000000E+000  0.6739964500000000E+000 -0.3393229551193955E+000  0.3132000537988059E+000  0.3206742282133228E+000 -0.8178228502039185E-001  0.3836105648596268E-001
 0.7472710500000000E+000  0.6739964500000000E+000 -0.3153242878003799E+000  0.2926331281231785E+000  0.2993721026455537E+000 -0.7539491001149574E-001  0.3150053209508990E-001
 0.7618208000000000E+000  0.6739964500000000E+000 -0.2927145150319130E+000  0.2730464179751853E+000  0.2790851343773154E+000 -0.6911885178046576E-001  0.2548460893312769E-001
 0.7758216500000000E+000  0.6739964500000000E+000 -0.2714673010207541E+000  0.2544524288944958E+000  0.2598326477644032E+000 -0.6302836296948447E-001  0.2029250871738964E-001
 0.7892696500000000E+000  0.6739964500000000E+000 -0.2515429363409233E+000  0.2368497247293991E+000  0.2416176954563795E+000 -0.5718343005417550E-001  0.1588509884223165E-001
 0.8021639100000000E+000  0.6739964500000000E+000 -0.2328919370841035E+000  0.2202253233083043E+000  0.2244297361783456E+000 -0.5162996479415503E-001  0.1220859392396989E-001
 0.8145064000000000E+000  0.6739964500000000E+000 -0.2154580857683732E+000  0.2045569766891665E+000  0.2082472485764877E+000 -0.4640066625602777E-001  0.9198254726040791E-002
 0.8263016600000000E+000  0.6739964500000000E+000 -0.1991810618424872E+000  0.1898153881519589E+000  0.1930402975597296E+000 -0.4151638620104801E-001  0.6782022232286814E-002
 0.8375565600000000E+000  0.6739964500000000E+000 -0.1839984827853597E+000  0.1759661244893972E+000  0.1787727765953558E+000 -0.3698773299303854E-001  0.4883958796017092E-002
 0.8482800500000000E+000  0.6739964500000000E+000 -0.1698474965801901E+000  0.1629712709655310E+000  0.1654043582785238E+000 -0.3281676823743167E-001  0.3427434083881483E-002
 0.8584829000000000E+000  0.6739964500000000E+000 -0.1566659874812372E+000  0.1507908193107689E+000  0.1528921345261544E+000 -0.2899866550280009E-001  0.2337968323886244E-002
 0.8681774200000000E+000  0.6739964500000000E+000 -0.1443934749090034E+000  0.1393838101690208E+000  0.1411919657026090E+000 -0.2552324710734419E-001  0.1545647959694151E-002
 0.8773772700000000E+000  0.6739964500000000E+000 -0.1329716350558683E+000  0.1287091265939338E+000  0.1302594341704343E+000 -0.2237631220913291E-001  0.9870302405660227E-003
 0.8860971700000000E+000  0.6739964500000000E+000 -0.1223447516733822E+000  0.1187261994995492E+000  0.1200506739283199E+000 -0.1954080962909851E-001  0.6064973341297391E-003
 0.8943527400000000E+000  0.6739964500000000E+000 -0.1124598604095712E+000  0.1093953948259490E+000  0.1105228450973866E+000 -0.1699777827827701E-001  0.3570114612658849E-003
 0.9021602500000000E+000  0.6739964500000000E+000 -0.1032669064554374E+000  0.1006783783271314E+000  0.1016345614886738E+000 -0.1472714785281223E-001  0.2002930750642879E-003
 0.9095365000000000E+000  0.6739964500000000E+000 -0.9471868320549014E-001  0.9253824236625541E-001  0.9334605560736003E-001 -0.1270835060140887E-001  0.1064619628754265E-003
 0.9164985600000000E+000  0.6739964500000000E+000 -0.8677089907421204E-001  0.8493972800026424E-001  0.8561942547631361E-001 -0.1092084681271073E-001  0.5324146518397013E-004
 0.9230637200000000E+000  0.6739964500000000E+000 -0.7938198158856252E-001  0.7784917635614017E-001  0.7841859396586530E-001 -0.9344484558641359E-002  0.2484768580672414E-004
 0.9292492700000000E+000  0.6739964500000000E+000 -0.7251307282885479E-001  0.7123464582270449E-001  0.7170942823858495E-001 -0.7959815508642261E-002  0.1071795420623459E-004
 0.9350724600000000E+000  0.6739964500000000E+000 -0.6612782368535818E-001  0.6506582329099583E-001  0.6545964364346324E-001 -0.6748290419934574E-002  0.4224124154234272E-005
 0.9405503300000000E+000  0.6739964500000000E+000 -0.6019234273669604E-001  0.5931407251508003E-001  0.5963884259028755E-001 -0.5692422686971382E-002  0.1500281806787423E-005
 0.9456996700000000E+000  0.6739964500000000E+000 -0.5467501290391043E-001  0.5395234502936686E-001  0.5421841133900641E-001 -0.4775871251181030E-002  0.4722488830967133E-006
 0.9505369100000000E+000  0.6739964500000000E+000 -0.4954639901238166E-001  0.4895516959642363E-001  0.4917149487380132E-001 -0.3983496240408889E-002  0.1290843594160619E-006
 0.9550781000000000E+000  0.6739964500000000E+000 -0.4477907359536238E-001  0.4429855366797669E-001  0.4447288220416328E-001 -0.3301364842563195E-002  0.2987794797075564E-007
 0.9593388200000000E+000  0.6739964500000000E+000 -0.4034753276958093E-001  0.3995996449897955E-001  0.4009897221414434E-001 -0.2716743397735805E-002  0.5675838465073232E-008
 0.9633341700000000E+000  0.6739964500000000E+000 -0.3622804264574134E-001  0.3591823523165932E-001  0.3602766424761565E-001 -0.2218057120373291E-002  0.8514692500065779E-009
 0.9670787100000000E+000  0.6739964500000000E+000 -0.3239855287631838E-001  0.3215352990065091E-001  0.3223830893819519E-001 -0.1794843116574402E-002  0.9647554689683806E-010
 0.9705864600000000E+000  0.6739964500000000E+000 -0.2883856205833669E-001  0.2864725519645328E-001  0.2871160637146970E-001 -0.1437685859789549E-002  0.7974492208670718E-011
 0.9738709000000000E+000  0.6739964500000000E+000 -0.2552899739477146E-001  0.2538198050965114E-001  0.2542951377796368E-001 -0.1138148184600230E-002  0.5063471773694781E-012
 0.9769449100000001E+000  0.6739964500000000E+000 -0.2245216706937109E-001  0.2234142477938404E-001  0.2237522152276807E-001 -0.8887046366579897E-003  0.3194474056489348E-013
 0.9798208200000000E+000  0.6739964500000000E+000 -0.1959161294076010E-001  0.1951034061949218E-001  0.1953302699131788E-001 -0.6826636989620591E-003  0.2138641946823187E-014
 0.9825103800000000E+000  0.6739964500000000E+000 -0.1693205459000042E-001  0.1687448453214257E-001  0.1688829620894600E-001 -0.5140987281018265E-003  0.7749697096314467E-016
 0.9850247900000000E+000  0.6739964500000000E+000 -0.1445928295295724E-001  0.1442053365256911E-001  0.1442737297163679E-001 -0.3777764754970566E-003  0.2093766150710252E-016
 0.9873746700000000E+000  0.6739964500000000E+000 -0.1216012195973188E-001  0.1213606647052853E-001  0.1213755350033586E-001 -0.2690925947347711E-003 -0.1984273053670412E-016
 0.9895701099999999E+000  0.6739964500000000E+000 -0.1002231916998957E-001  0.1000946968151320E-001  0.1000698864187431E-001 -0.1840063939507501E-003  0.1243013857371036E-016
 0.9916206800000000E+000  0.6739964500000000E+000 -0.8034483241028418E-002  0.8029887401679262E-002  0.8024631057674680E-002 -0.1189826798969040E-003 -0.3649047954576900E-017
 0.9935354199999999E+000  0.6739964500000000E+000 -0.6186046832292812E-002  0.6187189657216436E-002  0.6180206466852065E-002 -0.7093820439787211E-004 -0.1809953438462838E-016
 0.9953228800000000E+000  0.6739964500000000E+000 -0.4467186575383261E-002  0.4471884345839690E-002  0.4464140927205110E-002 -0.3719077681445171E-004 -0.3021961911270582E-016
 0.9969911299999999E+000  0.6739964500000000E+000 -0.2868777302446696E-002  0.2875015058334712E-002  0.2867521261190279E-002 -0.1541392702574866E-004  0.2342732231309692E-015
 0.9985477800000000E+000  0.6739964500000000E+000 -0.1382341040274711E-002  0.1387831063830747E-002  0.1382049405084420E-002 -0.3595447766252120E-005 -0.2815338438698883E-015
 0.1000000000000000E+001  0.6739964500000000E+000 -0.6049802724794592E-019  0.5462644982259357E-019  0.7508952136793833E-019 -0.5569952345464762E-027  0.1731541963048345E-021

 0.0000000000000000E+000  0.7271138700000001E+000 -0.1448803928555766E+001  0.1182856750585378E+001  0.1282045476421790E+001 -0.7384992612692676E-001  0.3950771981889940E-001
 0.5783680700000000E-002  0.7271138700000001E+000 -0.1447959178219851E+001  0.1182232010994782E+001  0.1281198769912261E+001 -0.7384399000177076E-001  0.3962137663682980E-001
 0.1192781000000000E-001  0.7271138700000001E+000 -0.1445194377605100E+001  0.1180187109696109E+001  0.1278427560985240E+001 -0.7382409558820024E-001  0.3999535709280459E-001
 0.1844960300000000E-001  0.7271138700000001E+000 -0.1440175771274104E+001  0.1176473972730318E+001  0.1273397301435181E+001 -0.7378617098950213E-001  0.4068203423546713E-001
 0.2536636600000000E-001  0.7271138700000001E+000 -0.1432614612975934E+001  0.1170875939777429E+001  0.1265818541355424E+001 -0.7372475098802542E-001  0.4173615005887513E-001
 0.3269537900000000E-001  0.7271138700000001E+000 -0.1422306690845169E+001  0.1163236037869141E+001  0.1255486556885854E+001 -0.7363314567399190E-001  0.4321250339732538E-001
 0.4045376700000000E-001  0.7271138700000001E+000 -0.1409170300600189E+001  0.1153483852040898E+001  0.1242319445987746E+001 -0.7350432732971215E-001  0.4516315886078513E-001
 0.4865834800000000E-001  0.7271138700000001E+000 -0.1393273935550835E+001  0.1141654796499822E+001  0.1226385954456970E+001 -0.7333279775686338E-001  0.4763447520111579E-001
 0.5732546900000000E-001  0.7271138700000001E+000 -0.1374845258307922E+001  0.1127896000016690E+001  0.1207914590575044E+001 -0.7311744669410812E-001  0.5066435046123250E-001
 0.6647082500000000E-001  0.7271138700000001E+000 -0.1354256610288116E+001  0.1112455831291785E+001  0.1187279282077326E+001 -0.7286499494049432E-001  0.5428006933677703E-001
 0.7610926000000000E-001  0.7271138700000001E+000 -0.1331988358426151E+001  0.1095658424486438E+001  0.1164962879332854E+001 -0.7259319308293867E-001  0.5849701137100199E-001
 0.8625455200000000E-001  0.7271138700000001E+000 -0.1308577427769571E+001  0.1077868640095285E+001  0.1141505865056630E+001 -0.7233275449464249E-001  0.6331827397201345E-001
 0.9691918300000001E-001  0.7271138700000001E+000 -0.1284561875067564E+001  0.1059454976297227E+001  0.1117451142000111E+001 -0.7212720701289951E-001  0.6873505445752774E-001
 0.1081141000000000E+000  0.7271138700000001E+000 -0.1260432061023732E+001  0.1040757359292525E+001  0.1093295473418716E+001 -0.7203041413408014E-001  0.7472749570831143E-001
 0.1198484800000000E+000  0.7271138700000001E+000 -0.1236595553065430E+001  0.1022064184014257E+001  0.1069454722711926E+001 -0.7210220085428862E-001  0.8126566285298720E-001
 0.1321294200000000E+000  0.7271138700000001E+000 -0.1213358411512300E+001  0.1003599993270249E+001  0.1046245554864942E+001 -0.7240301636277942E-001  0.8831031217027487E-001
 0.1449617600000000E+000  0.7271138700000001E+000 -0.1190920914716952E+001  0.9855222379534837E+000  0.1023881659217833E+001 -0.7298869920220880E-001  0.9581337078640299E-001
 0.1583477400000000E+000  0.7271138700000001E+000 -0.1169384440841364E+001  0.9679250383587108E+000  0.1002481208173639E+001 -0.7390618582761334E-001  0.1037178669261233E+000
 0.1722868300000000E+000  0.7271138700000001E+000 -0.1148764377057275E+001  0.9508466564356626E+000  0.9820804120665919E+000 -0.7519060877556626E-001  0.1119575018838555E+000
 0.1867754200000000E+000  0.7271138700000001E+000 -0.1129005722079042E+001  0.9342787917975862E+000  0.9626498105966568E+000 -0.7686379987249309E-001  0.1204557473411170E+000
 0.2018066600000000E+000  0.7271138700000001E+000 -0.1109998167820024E+001  0.9181756956803317E+000  0.9441100485280378E+000 -0.7893396073054972E-001  0.1291247504630474E+000
 0.2173702200000000E+000  0.7271138700000001E+000 -0.1091589481133820E+001  0.9024624771486135E+000  0.9263458887581141E+000 -0.8139609893032214E-001  0.1378640616211483E+000
 0.2334521800000000E+000  0.7271138700000001E+000 -0.1073596340560653E+001  0.8870419916351964E+000  0.9092175275608405E+000 -0.8423287467501574E-001  0.1465594924457717E+000
 0.2500348700000000E+000  0.7271138700000001E+000 -0.1055812988611607E+001  0.8718005173767823E+000  0.8925694357622663E+000 -0.8741553678287321E-001  0.1550822252485033E+000
 0.2670968500000000E+000  0.7271138700000001E+000 -0.1038018008241626E+001  0.8566122603623276E+000  0.8762368735449088E+000 -0.9090479077179021E-001  0.1632885460494017E+000
 0.2846128000000000E+000  0.7271138700000001E+000 -0.1019980216143964E+001  0.8413432532580573E+000  0.8600508538281547E+000 -0.9465147597469024E-001  0.1710203905017473E+000
 0.3025536600000000E+000  0.7271138700000001E+000 -0.1001464107276854E+001  0.8258547285932692E+000  0.8438417983087915E+000 -0.9859712551770683E-001  0.1781072046246691E+000
 0.3208866600000000E+000  0.7271138700000001E+000 -0.9822359700931119E+000  0.8100066640657421E+000  0.8274427805073310E+000 -0.1026744066703988E+000  0.1843692701581856E+000
 0.3395755000000000E+000  0.7271138700000001E+000 -0.9620709906196924E+000  0.7936615863182191E+000  0.8106925772721115E+000 -0.1068076062698733E+000  0.1896228814310302E+000
 0.3585805500000000E+000  0.7271138700000001E+000 -0.9407618190858491E+000  0.7766889692118834E+000  0.7934390205686442E+000 -0.1109132694022233E+000  0.1936874330163108E+000
 0.3778591900000000E+000  0.7271138700000001E+000 -0.9181284431132198E+000  0.7589701973918205E+000  0.7755427758339888E+000 -0.1149011582819646E+000  0.1963943283889131E+000
 0.3973661100000000E+000  0.7271138700000001E+000 -0.8940290951951466E+000  0.7404041497429089E+000  0.7568817826041445E+000 -0.1186756228182465E+000  0.1975972196192365E+000
 0.4170537000000000E+000  0.7271138700000001E+000 -0.8683711221122482E+000  0.7209129867497369E+000  0.7373561310415699E+000 -0.1221375179603175E+000  0.1971828161053321E+000
 0.4368725300000000E+000  0.7271138700000001E+000 -0.8411204723020889E+000  0.7004476384143077E+000  0.7168930584355516E+000 -0.1251867263888634E+000  0.1950811115828260E+000
 0.4567718400000000E+000  0.7271138700000001E+000 -0.8123083817753558E+000  0.6789924361941477E+000  0.6954516517216203E+000 -0.1277252690136464E+000  0.1912737039633502E+000
 0.4767000000000000E+000  0.7271138700000001E+000 -0.7820339510922055E+000  0.6565682816251905E+000  0.6730267054194496E+000 -0.1296609266632706E+000  0.1857989661212721E+000
 0.4966051100000000E+000  0.7271138700000001E+000 -0.7504614640319122E+000  0.6332336077633810E+000  0.6496509330291950E+000 -0.1309112334438631E+000  0.1787530830450103E+000
 0.5164355000000000E+000  0.7271138700000001E+000 -0.7178126440509099E+000  0.6090830578068226E+000  0.6253952773136948E+000 -0.1314075656882889E+000  0.1702866038775646E+000
 0.5361402700000000E+000  0.7271138700000001E+000 -0.6843543458378815E+000  0.5842437117238162E+000  0.6003668806254688E+000 -0.1310990337221085E+000  0.1605967639382951E+000
 0.5556698200000000E+000  0.7271138700000001E+000 -0.6503831529470845E+000  0.5588692128319341E+000  0.5747047635897252E+000 -0.1299558135053493E+000  0.1499164732238378E+000
 0.5749763200000000E+000  0.7271138700000001E+000 -0.6162087682785401E+000  0.5331324242231580E+000  0.5485735742196455E+000 -0.1279715667907150E+000  0.1385013096608952E+000
 0.5940141799999999E+000  0.7271138700000001E+000 -0.5821379053146812E+000  0.5072172543327229E+000  0.5221558706762655E+000 -0.1251646433009331E+000  0.1266159352674018E+000
 0.6127404500000000E+000  0.7271138700000001E+000 -0.5484602887467048E+000  0.4813104771753381E+000  0.4956437120502376E+000 -0.1215778594481896E+000  0.1145212871929488E+000
 0.6311151600000000E+000  0.7271138700000001E+000 -0.5154377177242090E+000  0.4555941817487001E+000  0.4692302611307222E+000 -0.1172767863129199E+000  0.1024635342205123E+000
 0.6491016200000000E+000  0.7271138700000001E+000 -0.4832965600765001E+000  0.4302393021608715E+000  0.4431020102522634E+000 -0.1123466287539525E+000  0.9066537204589004E-001
 0.6666666700000000E+000  0.7271138700000001E+000 -0.4522236194300593E+000  0.4054005299161106E+000  0.4174321389204398E+000 -0.1068879348831084E+000  0.7931986529484727E-001
 0.6837808000000000E+000  0.7271138700000001E+000 -0.4223651032731262E+000  0.3812128304564719E+000  0.3923754393556165E+000 -0.1010115310960982E+000  0.6858678812137983E-001
 0.7004183000000000E+000  0.7271138700000001E+000 -0.3938278111182196E+000  0.3577892987022658E+000  0.3680647148320813E+000 -0.9483308197260171E-001  0.5859106284410006E-001
 0.7165572700000000E+000  0.7271138700000001E+000 -0.3666821956015610E+000  0.3352204508898398E+000  0.3446088801809892E+000 -0.8846778953156140E-001  0.4942301727717059E-001
 0.7321796300000000E+000  0.7271138700000001E+000 -0.3409664397349936E+000  0.3135745509840003E+000  0.3220924210639967E+000 -0.8202560588125761E-001  0.4113996802918416E-001
 0.7472710500000000E+000  0.7271138700000001E+000 -0.3166911673386313E+000  0.2928988538941908E+000  0.3005761096288375E+000 -0.7560731073145831E-001  0.3376881119218607E-001
 0.7618208000000000E+000  0.7271138700000001E+000 -0.2938443644392263E+000  0.2732215307084759E+000  0.2800987120516086E+000 -0.6930165636398855E-001  0.2730930222498806E-001
 0.7758216500000000E+000  0.7271138700000001E+000 -0.2723959998470647E+000  0.2545538825811982E+000  0.2606792314235701E+000 -0.6318358843985285E-001  0.2173771860148388E-001
 0.7892696500000000E+000  0.7271138700000001E+000 -0.2523024132769069E+000  0.2368928867549036E+000  0.2423196717259906E+000 -0.5731355981866459E-001  0.1701080196054879E-001
 0.8021639100000000E+000  0.7271138700000001E+000 -0.2335101533563297E+000  0.2202237503457706E+000  0.2250079247953939E+000 -0.5173773965400435E-001  0.1306977579888738E-001
 0.8145064000000000E+000  0.7271138700000001E+000 -0.2159591903888128E+000  0.2045223248428068E+000  0.2087205738362805E+000 -0.4648890612557701E-001  0.9844331364395147E-002
 0.8263016600000000E+000  0.7271138700000001E+000 -0.1995856620519293E+000  0.1897574315852958E+000  0.1934256230808521E+000 -0.4158784939992371E-001  0.7256522292984963E-002
 0.8375565600000000E+000  0.7271138700000001E+000 -0.1843239816273100E+000  0.1758928559003552E+000  0.1790848716325460E+000 -0.3704501424910405E-001  0.5224437351153560E-002
 0.8482800500000000E+000  0.7271138700000001E+000 -0.1701084606031586E+000  0.1628890587733313E+000  0.1656559637173055E+000 -0.3286223260882194E-001  0.3665590231491548E-002
 0.8584829000000000E+000  0.7271138700000001E+000 -0.1568745170392650E+000  0.1507045987971620E+000  0.1530940983283763E+000 -0.2903441290764637E-001  0.2499937237087571E-002
 0.8681774200000000E+000  0.7271138700000001E+000 -0.1445595579662602E+000  0.1392972891265891E+000  0.1413534210550974E+000 -0.2555110101502773E-001  0.1652435446296879E-002
 0.8773772700000000E+000  0.7271138700000001E+000 -0.1331034720625551E+000  0.1286249899799637E+000  0.1303879977738349E+000 -0.2239782589502088E-001  0.1055054568185343E-002
 0.8860971700000000E+000  0.7271138700000001E+000 -0.1224490456757814E+000  0.1186463018007556E+000  0.1201526478496139E+000 -0.1955728420558904E-001  0.6482020455595587E-003
 0.8943527400000000E+000  0.7271138700000001E+000 -0.1125420698191227E+000  0.1093209328514602E+000  0.1106034097035506E+000 -0.1701028754489867E-001  0.3815105933419756E-003
 0.9021602500000000E+000  0.7271138700000001E+000 -0.1033314617171650E+000  0.1006100406601684E+000  0.1016979523280608E+000 -0.1473656629579766E-001  0.2140122703473981E-003
 0.9095365000000000E+000  0.7271138700000001E+000 -0.9476916974153245E-001  0.9247633464559875E-001  0.9339572013515794E-001 -0.1271538181315818E-001  0.1137418671073028E-003
 0.9164985600000000E+000  0.7271138700000001E+000 -0.8681021050423264E-001  0.8488427504434554E-001  0.8565815892660394E-001 -0.1092605063173565E-001  0.5687657106327777E-004
 0.9230637200000000E+000  0.7271138700000001E+000 -0.7941244678612343E-001  0.7780000365897319E-001  0.7844865476159295E-001 -0.9348301817305386E-002  0.2654182801924677E-004
 0.9292492700000000E+000  0.7271138700000001E+000 -0.7253656100975142E-001  0.7119144319414918E-001  0.7173263508418649E-001 -0.7962589931216514E-002  0.1144779444778856E-004
 0.9350724600000000E+000  0.7271138700000001E+000 -0.6614583079069568E-001  0.6502819380692663E-001  0.6547745630065528E-001 -0.6750287479813379E-002  0.4511436576526476E-005
 0.9405503300000000E+000  0.7271138700000001E+000 -0.6020606238425508E-001  0.5928156943508540E-001  0.5965242882716373E-001 -0.5693845539021264E-002  0.1602220115807375E-005
 0.9456996700000000E+000  0.7271138700000001E+000 -0.5468539441634749E-001  0.5392449922675520E-001  0.5422870207374297E-001 -0.4776873946013334E-002  0.5043059011087530E-006
 0.9505369100000000E+000  0.7271138700000001E+000 -0.4955419483071451E-001  0.4893150945879149E-001  0.4917922949905039E-001 -0.3984194530544109E-002  0.1378392440580109E-006
 0.9550781000000000E+000  0.7271138700000001E+000 -0.4478487788851541E-001  0.4427861920226548E-001  0.4447864568304061E-001 -0.3301844897275746E-002  0.3190276740998413E-007
 0.9593388200000000E+000  0.7271138700000001E+000 -0.4035181284335095E-001  0.3994331690825206E-001  0.4010322539359285E-001 -0.2717068752356488E-002  0.6060215007811099E-008
 0.9633341700000000E+000  0.7271138700000001E+000 -0.3623116440553921E-001  0.3590446309183712E-001  0.3603076853017115E-001 -0.2218274153474043E-002  0.9090957835192167E-009
 0.9670787100000000E+000  0.7271138700000001E+000 -0.3240080143950839E-001  0.3214225273662073E-001  0.3224054632468908E-001 -0.1794985324396307E-002  0.1030014680387922E-009
 0.9705864600000000E+000  0.7271138700000001E+000 -0.2884015838460122E-001  0.2863812516347468E-001  0.2871319568258002E-001 -0.1437777157821194E-002  0.8513789136758105E-011
 0.9738709000000000E+000  0.7271138700000001E+000 -0.2553011167419715E-001  0.2537468268998237E-001  0.2543062374992467E-001 -0.1138205433885667E-002  0.5405514637108655E-012
 0.9769449100000001E+000  0.7271138700000001E+000 -0.2245292947988909E-001  0.2233567646202652E-001  0.2237598135652680E-001 -0.8887395591488474E-003  0.3414362782307777E-013
 0.9798208200000000E+000  0.7271138700000001E+000 -0.1959212225375563E-001  0.1950588993514295E-001  0.1953353481054173E-001 -0.6826843148937800E-003  0.2251064513108772E-014
 0.9825103800000000E+000  0.7271138700000001E+000 -0.1693238504424591E-001  0.1687110863218496E-001  0.1688862582987100E-001 -0.5141104248353685E-003  0.1174078575296758E-015
 0.9850247900000000E+000  0.7271138700000001E+000 -0.1445948972306241E-001  0.1441803663885214E-001  0.1442757929860656E-001 -0.3777827939165687E-003 -0.1486943883973893E-016
 0.9873746700000000E+000  0.7271138700000001E+000 -0.1216024549524306E-001  0.1213427718393364E-001  0.1213767681418960E-001 -0.2690958017104217E-003  0.1980252973808909E-016
 0.9895701099999999E+000  0.7271138700000001E+000 -0.1002238862231261E-001  0.1000823947506582E-001  0.1000705799191779E-001 -0.1840078939786517E-003 -0.1407731260431474E-016
 0.9916206800000000E+000  0.7271138700000001E+000 -0.8034519161434630E-002  0.8029087948469772E-002  0.8024666935839668E-002 -0.1189833072782350E-003  0.7320478685473151E-017
 0.9935354199999999E+000  0.7271138700000001E+000 -0.6186063286647813E-002  0.6186710838797046E-002  0.6180222906363092E-002 -0.7093842747037418E-004  0.1142970946421625E-016
 0.9953228800000000E+000  0.7271138700000001E+000 -0.4467192792841677E-002  0.4471632263773187E-002  0.4464147140626820E-002 -0.3719083814463930E-004  0.2708869490280765E-016
 0.9969911299999999E+000  0.7271138700000001E+000 -0.2868778954304116E-002  0.2874910179869066E-002  0.2867522912361141E-002 -0.1541393756367681E-004 -0.2195607596514266E-015
 0.9985477800000000E+000  0.7271138700000001E+000 -0.1382341225631044E-002  0.1387806513565001E-002  0.1382049590403766E-002 -0.3595448339723339E-005 -0.7236476415136808E-016
 0.1000000000000000E+001  0.7271138700000001E+000 -0.2781374328807626E-019  0.4145671959254295E-019  0.3858689319341603E-019  0.3815631448201394E-027 -0.1975910538623223E-021

 0.0000000000000000E+000  0.7783692500000000E+000 -0.1454930504962611E+001  0.1176730180385351E+001  0.1288080892503382E+001 -0.7384992612692676E-001  0.4173038626539964E-001
 0.5783680700000000E-002  0.7783692500000000E+000 -0.1454070611294277E+001  0.1176117838313645E+001  0.1287218337891854E+001 -0.7384433527270516E-001  0.4185048577240574E-001
 0.1192781000000000E-001  0.7783692500000000E+000 -0.1451256344649549E+001  0.1174113507955001E+001  0.1284395328892854E+001 -0.7382556134884868E-001  0.4224566860268411E-001
 0.1844960300000000E-001  0.7783692500000000E+000 -0.1446148334436952E+001  0.1170473991652654E+001  0.1279271319977401E+001 -0.7378963153061087E-001  0.4297128863880585E-001
 0.2536636600000000E-001  0.7783692500000000E+000 -0.1438453460333771E+001  0.1164986817306981E+001  0.1271552022216409E+001 -0.7373111863652136E-001  0.4408521781866277E-001
 0.3269537900000000E-001  0.7783692500000000E+000 -0.1427965278437801E+001  0.1157497920154861E+001  0.1261029914832489E+001 -0.7364327756847618E-001  0.4564541105072408E-001
 0.4045376700000000E-001  0.7783692500000000E+000 -0.1414602869387946E+001  0.1147937945375451E+001  0.1247623198377927E+001 -0.7351890466919254E-001  0.4770696743813321E-001
 0.4865834800000000E-001  0.7783692500000000E+000 -0.1398439176870670E+001  0.1136341108422753E+001  0.1231404253419320E+001 -0.7335219264728735E-001  0.5031900321263230E-001
 0.5732546900000000E-001  0.7783692500000000E+000 -0.1379710192751269E+001  0.1122850958400892E+001  0.1212608956874394E+001 -0.7314160267436640E-001  0.5352175614377217E-001
 0.6647082500000000E-001  0.7783692500000000E+000 -0.1358800109430317E+001  0.1107710146696989E+001  0.1191621976453078E+001 -0.7289335362882339E-001  0.5734432837052969E-001
 0.7610926000000000E-001  0.7783692500000000E+000 -0.1336203743591297E+001  0.1091235544075298E+001  0.1168939353486776E+001 -0.7262469580737022E-001  0.6180334040115017E-001
 0.8625455200000000E-001  0.7783692500000000E+000 -0.1312473744276756E+001  0.1073784027607434E+001  0.1145115899521983E+001 -0.7236593215708856E-001  0.6690255260901112E-001
 0.9691918300000001E-001  0.7783692500000000E+000 -0.1288163716610397E+001  0.1055716279449486E+001  0.1120708554506809E+001 -0.7216034783157925E-001  0.7263328866942036E-001
 0.1081141000000000E+000  0.7783692500000000E+000 -0.1263778111763119E+001  0.1037365353436930E+001  0.1096226574375763E+001 -0.7206177670721117E-001  0.7897534755444414E-001
 0.1198484800000000E+000  0.7783692500000000E+000 -0.1239736229091513E+001  0.1019014260634167E+001  0.1072095909063801E+001 -0.7213022888919493E-001  0.8589805100768035E-001
 0.1321294200000000E+000  0.7783692500000000E+000 -0.1216353066459174E+001  0.1000883913730382E+001  0.1048640519004032E+001 -0.7242651564303927E-001  0.9336106605474893E-001
 0.1449617600000000E+000  0.7783692500000000E+000 -0.1193835024078909E+001  0.9831298993305918E+000  0.1026078640778120E+001 -0.7300695335053431E-001  0.1013149135755988E+000
 0.1583477400000000E+000  0.7783692500000000E+000 -0.1172287053731975E+001  0.9658460500258581E+000  0.1004530596956813E+001 -0.7391900724433904E-001  0.1097008833071124E+000
 0.1722868300000000E+000  0.7783692500000000E+000 -0.1151725962887755E+001  0.9490716072045869E+000  0.9840328509703334E+000 -0.7519833665708484E-001  0.1184505524507203E+000
 0.1867754200000000E+000  0.7783692500000000E+000 -0.1132096402962640E+001  0.9328001425999873E+000  0.9645548182454825E+000 -0.7686726498009046E-001  0.1274847778971493E+000
 0.2018066600000000E+000  0.7783692500000000E+000 -0.1113286229523185E+001  0.9169882848906893E+000  0.9460150841710968E+000 -0.7893443644884132E-001  0.1367124541676082E+000
 0.2173702200000000E+000  0.7783692500000000E+000 -0.1095140003827016E+001  0.9015636470275032E+000  0.9282957342248499E+000 -0.8139525329237150E-001  0.1460290452532728E+000
 0.2334521800000000E+000  0.7783692500000000E+000 -0.1077469781147924E+001  0.8864313612321842E+000  0.9112538459303822E+000 -0.8423273119774034E-001  0.1553152111151090E+000
 0.2500348700000000E+000  0.7783692500000000E+000 -0.1060063564302451E+001  0.8714794283861083E+000  0.8947303762991081E+000 -0.8741844559827393E-001  0.1644356547068360E+000
 0.2670968500000000E+000  0.7783692500000000E+000 -0.1042691778785520E+001  0.8565829291419333E+000  0.8785566168846575E+000 -0.9091340657968924E-001  0.1732385895826666E+000
 0.2846128000000000E+000  0.7783692500000000E+000 -0.1025112823267027E+001  0.8416076649199813E+000  0.8625590217595817E+000 -0.9466873602397698E-001  0.1815560428110594E+000
 0.3025536600000000E+000  0.7783692500000000E+000 -0.1007078224283048E+001  0.8264133289287087E+000  0.8465626923122380E+000 -0.9862621911736319E-001  0.1892055561426417E+000
 0.3208866600000000E+000  0.7783692500000000E+000 -0.9883386101475518E+000  0.8108569215430232E+000  0.8303944512917523E+000 -0.1027187270733257E+000  0.1959934866599080E+000
 0.3395755000000000E+000  0.7783692500000000E+000 -0.9686509430258587E+000  0.7947965309389110E+000  0.8138857750489430E+000 -0.1068706764275777E+000  0.2017203768342405E+000
 0.3585805500000000E+000  0.7783692500000000E+000 -0.9477875869133909E+000  0.7780958456363706E+000  0.7968761214737849E+000 -0.1109986347525979E+000  0.2061885202602765E+000
 0.3778591900000000E+000  0.7783692500000000E+000 -0.9255471303031788E+000  0.7606293985077395E+000  0.7792168251117135E+000 -0.1150122428532841E+000  0.2092116843210116E+000
 0.3973661100000000E+000  0.7783692500000000E+000 -0.9017666880560290E+000  0.7422886038945212E+000  0.7607758247878894E+000 -0.1188155491041336E+000  0.2106264948699381E+000
 0.4170537000000000E+000  0.7783692500000000E+000 -0.8763345130228811E+000  0.7229881549454000E+000  0.7414430084790601E+000 -0.1223088967779161E+000  0.2103046518283558E+000
 0.4368725300000000E+000  0.7783692500000000E+000 -0.8492013579292605E+000  0.7026722224200568E+000  0.7211358357805558E+000 -0.1253914294693673E+000  0.2081646681115963E+000
 0.4567718400000000E+000  0.7783692500000000E+000 -0.8203888619004019E+000  0.6813198081786171E+000  0.6998047615574826E+000 -0.1279642034523643E+000  0.2041815813627647E+000
 0.4767000000000000E+000  0.7783692500000000E+000 -0.7899933256003716E+000  0.6589485370587067E+000  0.6774378160953173E+000 -0.1299338355272529E+000  0.1983931495508598E+000
 0.4966051100000000E+000  0.7783692500000000E+000 -0.7581834609009985E+000  0.6356160390170666E+000  0.6540634299057850E+000 -0.1312165497414166E+000  0.1909013334457598E+000
 0.5164355000000000E+000  0.7783692500000000E+000 -0.7251921955406211E+000  0.6114187708564807E+000  0.6297511445308531E+000 -0.1317423451982061E+000  0.1818686062041903E+000
 0.5361402700000000E+000  0.7783692500000000E+000 -0.6913031055092966E+000  0.5864880872243194E+000  0.6046097023877878E+000 -0.1314589865944293E+000  0.1715093708342944E+000
 0.5556698200000000E+000  0.7783692500000000E+000 -0.6568331894560128E+000  0.5609839471692002E+000  0.5787825449108409E+000 -0.1303354443754496E+000  0.1600775381889228E+000
 0.5749763200000000E+000  0.7783692500000000E+000 -0.6221142105934254E+000  0.5350869666054140E+000  0.5524411160980144E+000 -0.1283644200569197E+000  0.1478518453712129E+000
 0.5940141799999999E+000  0.7783692500000000E+000 -0.5874746476890215E+000  0.5089895581231511E+000  0.5257765103122173E+000 -0.1255636363840374E+000  0.1351205874043675E+000
 0.6127404500000000E+000  0.7783692500000000E+000 -0.5532241190002685E+000  0.4828870835016446E+000  0.4989903358259571E+000 -0.1219756744360869E+000  0.1221673301811287E+000
 0.6311151600000000E+000  0.7783692500000000E+000 -0.5196413657094975E+000  0.4569697306133027E+000  0.4722855934804230E+000 -0.1176662819587614E+000  0.1092587294849264E+000
 0.6491016200000000E+000  0.7783692500000000E+000 -0.4869661792782697E+000  0.4314156116241691E+000  0.4458582583694632E+000 -0.1127212317814812E+000  0.9663507693133569E-001
 0.6666666700000000E+000  0.7783692500000000E+000 -0.4553951469834990E+000  0.4063853986782530E+000  0.4198901238792195E+000 -0.1072419725732680E+000  0.8450376010476551E-001
 0.6837808000000000E+000  0.7783692500000000E+000 -0.4250808340215979E+000  0.3820187107260723E+000  0.3945433688224941E+000 -0.1013404757924986E+000  0.7303552794042538E-001
 0.7004183000000000E+000  0.7783692500000000E+000 -0.3961333960832864E+000  0.3584319603457928E+000  0.3699567499868985E+000 -0.9513369039429423E-001  0.6236307189042411E-001
 0.7165572700000000E+000  0.7783692500000000E+000 -0.3686241739358809E+000  0.3357177293678753E+000  0.3462436362205347E+000 -0.8873813391411647E-001  0.5258157183868711E-001
 0.7321796300000000E+000  0.7783692500000000E+000 -0.3425903281787730E+000  0.3139452398233417E+000  0.3234915128315697E+000 -0.8226500680473185E-001  0.4375064207847276E-001
 0.7472710500000000E+000  0.7783692500000000E+000 -0.3180400785045893E+000  0.2931617767642968E+000  0.3017628261094458E+000 -0.7581619162239452E-001  0.3589731389877695E-001
 0.7618208000000000E+000  0.7783692500000000E+000 -0.2949580926136604E+000  0.2733948067560494E+000  0.2810968745617505E+000 -0.6948134545937495E-001  0.2901970438662550E-001
 0.7758216500000000E+000  0.7783692500000000E+000 -0.2733104957725599E+000  0.2546543820178662E+000  0.2615122628531074E+000 -0.6333609502817206E-001  0.2309104313158833E-001
 0.7892696500000000E+000  0.7783692500000000E+000 -0.2530495692867362E+000  0.2369358639302392E+000  0.2430098853167374E+000 -0.5744134938045577E-001  0.1806395088024353E-001
 0.8021639100000000E+000  0.7783692500000000E+000 -0.2341178220559007E+000  0.2202226335029688E+000  0.2255760227600415E+000 -0.5184352710658195E-001  0.1387476000488664E-001
 0.8145064000000000E+000  0.7783692500000000E+000 -0.2164513686004177E+000  0.2044886378008124E+000  0.2091853345690026E+000 -0.4657547995855894E-001  0.1044777077562834E-001
 0.8263016600000000E+000  0.7783692500000000E+000 -0.1999827832516618E+000  0.1897008211972935E+000  0.1938037495199237E+000 -0.4165793331537709E-001  0.7699388149908197E-002
 0.8375565600000000E+000  0.7783692500000000E+000 -0.1846432694288506E+000  0.1758211986577365E+000  0.1793909684921116E+000 -0.3710116725677367E-001  0.5542007319686139E-002
 0.8482800500000000E+000  0.7783692500000000E+000 -0.1703643072453296E+000  0.1628086216831793E+000  0.1659026116303634E+000 -0.3290678466633722E-001  0.3887589121066389E-002
 0.8584829000000000E+000  0.7783692500000000E+000 -0.1570788604092573E+000  0.1506202321888180E+000  0.1532919948734452E+000 -0.2906943074408167E-001  0.2650835323138263E-002
 0.8681774200000000E+000  0.7783692500000000E+000 -0.1447222390756835E+000  0.1392126324135398E+000  0.1415115622951361E+000 -0.2557837769733538E-001  0.1751874575551992E-002
 0.8773772700000000E+000  0.7783692500000000E+000 -0.1332325614302982E+000  0.1285426753419438E+000  0.1305138782029836E+000 -0.2241888758568256E-001  0.1118369490334045E-002
 0.8860971700000000E+000  0.7783692500000000E+000 -0.1225511334846204E+000  0.1185681449049683E+000  0.1202524626143310E+000 -0.1957340838929665E-001  0.6870036817501320E-003
 0.8943527400000000E+000  0.7783692500000000E+000 -0.1126225178267113E+000  0.1092481036673407E+000  0.1106822470293505E+000 -0.1702252784282242E-001  0.4042959213845036E-003
 0.9021602500000000E+000  0.7783692500000000E+000 -0.1033946185524202E+000  0.1005432108506053E+000  0.1017599693448552E+000 -0.1474578026738392E-001  0.2267674891833266E-003
 0.9095365000000000E+000  0.7783692500000000E+000 -0.9481855224383286E-001  0.9241580087530600E-001  0.9344429825844192E-001 -0.1272225907842879E-001  0.1205081978689071E-003
 0.9164985600000000E+000  0.7783692500000000E+000 -0.8684865528044473E-001  0.8483005932277242E-001  0.8569603827114919E-001 -0.1093113966249509E-001  0.6025430304585177E-004
 0.9230637200000000E+000  0.7783692500000000E+000 -0.7944223566392997E-001  0.7775193329259165E-001  0.7847804810667786E-001 -0.9352034322531675E-002  0.2811562835585530E-004
 0.9292492700000000E+000  0.7783692500000000E+000 -0.7255952463884803E-001  0.7114921313585636E-001  0.7175532360055288E-001 -0.7965302403135545E-002  0.1212563761884195E-004
 0.9350724600000000E+000  0.7783692500000000E+000 -0.6616343369057465E-001  0.6499141455362893E-001  0.6549486908383691E-001 -0.6752239726228456E-002  0.4778224699130890E-005
 0.9405503300000000E+000  0.7783692500000000E+000 -0.6021947271802346E-001  0.5924980311021994E-001  0.5966570873982441E-001 -0.5695236325859313E-002  0.1696858717857255E-005
 0.9456996700000000E+000  0.7783692500000000E+000 -0.5469554099942454E-001  0.5389728636101330E-001  0.5423875992354875E-001 -0.4777853960694049E-002  0.5340622857973397E-006
 0.9505369100000000E+000  0.7783692500000000E+000 -0.4956181367133403E-001  0.4890838839920738E-001  0.4918678853053089E-001 -0.3984876975698990E-002  0.1459645608183968E-006
 0.9550781000000000E+000  0.7783692500000000E+000 -0.4479055005854543E-001  0.4425913985405193E-001  0.4448427796510318E-001 -0.3302314029339895E-002  0.3378171690116403E-007
 0.9593388200000000E+000  0.7783692500000000E+000 -0.4035599526672057E-001  0.3992705005318782E-001  0.4010738153482241E-001 -0.2717386686998551E-002  0.6416855471314057E-008
 0.9633341700000000E+000  0.7783692500000000E+000 -0.3623421480436995E-001  0.3589100638846360E-001  0.3603380185056054E-001 -0.2218486227178897E-002  0.9625579549435080E-009
 0.9670787100000000E+000  0.7783692500000000E+000 -0.3240299851881360E-001  0.3213123418447265E-001  0.3224273248285085E-001 -0.1795124277215072E-002  0.1090553219741342E-009
 0.9705864600000000E+000  0.7783692500000000E+000 -0.2884171811113640E-001  0.2862920472125636E-001  0.2871474855463147E-001 -0.1437866363188704E-002  0.9013975205486426E-011
 0.9738709000000000E+000  0.7783692500000000E+000 -0.2553120037710203E-001  0.2536755254556704E-001  0.2543170824415706E-001 -0.1138261369402949E-002  0.5723529471083264E-012
 0.9769449100000001E+000  0.7783692500000000E+000 -0.2245367437410118E-001  0.2233006031314243E-001  0.2237672373314528E-001 -0.8887736794482619E-003  0.3611531056335322E-013
 0.9798208200000000E+000  0.7783692500000000E+000 -0.1959261985634437E-001  0.1950154164363632E-001  0.1953403095368927E-001 -0.6827044568832153E-003  0.2414033063873748E-014
 0.9825103800000000E+000  0.7783692500000000E+000 -0.1693270789575356E-001  0.1686781043569610E-001  0.1688894786722429E-001 -0.5141218524943907E-003  0.9229493937198593E-016
 0.9850247900000000E+000  0.7783692500000000E+000 -0.1445969173362862E-001  0.1441559712133316E-001  0.1442778087623538E-001 -0.3777889669084632E-003  0.1911905946009766E-016
 0.9873746700000000E+000  0.7783692500000000E+000 -0.1216036618601552E-001  0.1213252911002220E-001  0.1213779728840813E-001 -0.2690989348417314E-003 -0.1877245162134233E-016
 0.9895701099999999E+000  0.7783692500000000E+000 -0.1002245647481029E-001  0.1000703761074850E-001  0.1000712574449169E-001 -0.1840093594553385E-003  0.1530332674830378E-016
 0.9916206800000000E+000  0.7783692500000000E+000 -0.8034554254222651E-002  0.8028306916814686E-002  0.8024701987359627E-002 -0.1189839202049845E-003 -0.1051605863179170E-016
 0.9935354199999999E+000  0.7783692500000000E+000 -0.6186079361822703E-002  0.6186243055116542E-002  0.6180238967036108E-002 -0.7093864540264909E-004 -0.5176232970619531E-017
 0.9953228800000000E+000  0.7783692500000000E+000 -0.4467198867005232E-002  0.4471385991674775E-002  0.4464153210846676E-002 -0.3719089806136901E-004 -0.2272139074411104E-016
 0.9969911299999999E+000  0.7783692500000000E+000 -0.2868780568087847E-002  0.2874807718780379E-002  0.2867524525474135E-002 -0.1541394785892870E-004  0.1893120770806147E-015
 0.9985477800000000E+000  0.7783692500000000E+000 -0.1382341406714973E-002  0.1387782529186128E-002  0.1382049771451530E-002 -0.3595448900046120E-005  0.4993718587544775E-016
 0.1000000000000000E+001  0.7783692500000000E+000  0.3466482402561603E-020  0.1482120742449674E-019 -0.5202122160750961E-020  0.4873356466320926E-027  0.3757028717003352E-021

 0.0000000000000000E+000  0.8277035900000000E+000 -0.1460909242749459E+001  0.1170751448197636E+001  0.1293971762052687E+001 -0.7384992612692676E-001  0.4376624214744140E-001
 0.5783680700000000E-002  0.8277035900000000E+000 -0.1460034466742843E+001  0.1170151338997937E+001  0.1293093645302527E+001 -0.7384466837677832E-001  0.4389224982507062E-001
 0.1192781000000000E-001  0.8277035900000000E+000 -0.1457171588839915E+001  0.1168187036359394E+001  0.1290219773652798E+001 -0.7382697553890606E-001  0.4430687641743437E-001
 0.1844960300000000E-001  0.8277035900000000E+000 -0.1451975728268623E+001  0.1164620137926483E+001  0.1285003722592494E+001 -0.7379297066723442E-001  0.4506821105953665E-001
 0.2536636600000000E-001  0.8277035900000000E+000 -0.1444149482408949E+001  0.1159242270720700E+001  0.1277146472017530E+001 -0.7373726385565051E-001  0.4623699980975913E-001
 0.3269537900000000E-001  0.8277035900000000E+000 -0.1433484238991975E+001  0.1151902184870732E+001  0.1266437787129378E+001 -0.7365305761475963E-001  0.4787409895577092E-001
 0.4045376700000000E-001  0.8277035900000000E+000 -0.1419899881682995E+001  0.1142531495428846E+001  0.1252796011927522E+001 -0.7353297952659292E-001  0.5003740230497272E-001
 0.4865834800000000E-001  0.8277035900000000E+000 -0.1403473759678495E+001  0.1131163142604369E+001  0.1236297143336590E+001 -0.7337092489399746E-001  0.5277857348199793E-001
 0.5732546900000000E-001  0.8277035900000000E+000 -0.1384450073017104E+001  0.1117937045997222E+001  0.1217184335836348E+001 -0.7316494161199924E-001  0.5614002354954706E-001
 0.6647082500000000E-001  0.8277035900000000E+000 -0.1363224663406065E+001  0.1103090128548864E+001  0.1195852828370148E+001 -0.7292076352319199E-001  0.6015256060452651E-001
 0.7610926000000000E-001  0.8277035900000000E+000 -0.1340306522998029E+001  0.1086932032628949E+001  0.1172811613592382E+001 -0.7265515633324447E-001  0.6483399700076575E-001
 0.8625455200000000E-001  0.8277035900000000E+000 -0.1316263698853330E+001  0.1069811732776914E+001  0.1148629540323633E+001 -0.7239802422119489E-001  0.7018877260712519E-001
 0.9691918300000001E-001  0.8277035900000000E+000 -0.1291664997454452E+001  0.1052082213201647E+001  0.1123877270199968E+001 -0.7219241514505013E-001  0.7620841951393656E-001
 0.1081141000000000E+000  0.8277035900000000E+000 -0.1267028626956099E+001  0.1034069795480624E+001  0.1099076243441426E+001 -0.7209213183622265E-001  0.8287253821954339E-001
 0.1198484800000000E+000  0.8277035900000000E+000 -0.1242785330865337E+001  0.1016052251315343E+001  0.1074662223074210E+001 -0.7215736150358625E-001  0.9014991325342521E-001
 0.1321294200000000E+000  0.8277035900000000E+000 -0.1219258827672796E+001  0.9982469964701338E+000  0.1050966246457303E+001 -0.7244926455272828E-001  0.9799938767802774E-001
 0.1449617600000000E+000  0.8277035900000000E+000 -0.1196661509806289E+001  0.9808078644397740E+000  0.1028210944312578E+001 -0.7302461932450753E-001  0.1063704002031065E+000
 0.1583477400000000E+000  0.8277035900000000E+000 -0.1175101868591108E+001  0.9638284852211912E+000  0.1006518703487220E+001 -0.7393140288082981E-001  0.1152028868413704E+000
 0.1722868300000000E+000  0.8277035900000000E+000 -0.1154598195666629E+001  0.9473491407697309E+000  0.9859262175843276E+000 -0.7520578475839428E-001  0.1244267490202477E+000
 0.1867754200000000E+000  0.8277035900000000E+000 -0.1135094955597131E+001  0.9313653191138261E+000  0.9664018103324334E+000 -0.7687056454027180E-001  0.1339607444410958E+000
 0.2018066600000000E+000  0.8277035900000000E+000 -0.1116478420804816E+001  0.9158360634376398E+000  0.9478620876225842E+000 -0.7893481530603835E-001  0.1437111002966838E+000
 0.2173702200000000E+000  0.8277035900000000E+000 -0.1098590286537943E+001  0.9006915313091943E+000  0.9301865771965162E+000 -0.8139432179840428E-001  0.1535698490908237E+000
 0.2334521800000000E+000  0.8277035900000000E+000 -0.1081238400183343E+001  0.8858391858349722E+000  0.9132293909776348E+000 -0.8423244461155360E-001  0.1634132180843441E+000
 0.2500348700000000E+000  0.8277035900000000E+000 -0.1064204998443768E+001  0.8711688249979989E+000  0.8968281531442308E+000 -0.8742107671095835E-001  0.1731002009355065E+000
 0.2670968500000000E+000  0.8277035900000000E+000 -0.1047252853171714E+001  0.8565565016084580E+000  0.8808103894265487E+000 -0.9092152523048730E-001  0.1824717365192026E+000
 0.2846128000000000E+000  0.8277035900000000E+000 -0.1030130438064689E+001  0.8418679036212737E+000  0.8649982119774792E+000 -0.9468518890551182E-001  0.1913507337058973E+000
 0.3025536600000000E+000  0.8277035900000000E+000 -0.1012576738827949E+001  0.8269613139922213E+000  0.8492116222519105E+000 -0.9865410155916225E-001  0.1995435653056086E+000
 0.3208866600000000E+000  0.8277035900000000E+000 -0.9943270208472929E+000  0.8116908813247068E+000  0.8332714018414191E+000 -0.1027613377864651E+000  0.2068432870188749E+000
 0.3395755000000000E+000  0.8277035900000000E+000 -0.9751201229449729E+000  0.7959103583055962E+000  0.8170019081565977E+000 -0.1069314467469260E+000  0.2130351403241908E+000
 0.3585805500000000E+000  0.8277035900000000E+000 -0.9547079737849634E+000  0.7794777085877534E+000  0.8002343601562307E+000 -0.1110810254482248E+000  0.2179045432521374E+000
 0.3778591900000000E+000  0.8277035900000000E+000 -0.9328673431115145E+000  0.7622606151794721E+000  0.7828108343777646E+000 -0.1151196045585684E+000  0.2212475946537955E+000
 0.3973661100000000E+000  0.8277035900000000E+000 -0.9094135663631585E+000  0.7441429643294213E+000  0.7645892708474532E+000 -0.1189509464688354E+000  0.2228836050755635E+000
 0.4170537000000000E+000  0.8277035900000000E+000 -0.8842149844241112E+000  0.7250318591268543E+000  0.7454492890325202E+000 -0.1224749021544160E+000  0.2226687613887555E+000
 0.4368725300000000E+000  0.8277035900000000E+000 -0.8572063154321277E+000  0.7048645495337486E+000  0.7252984526873261E+000 -0.1255898985150684E+000  0.2205094577488523E+000
 0.4567718400000000E+000  0.8277035900000000E+000 -0.8283988995519703E+000  0.6836145382228975E+000  0.7040784431690628E+000 -0.1281960515438136E+000  0.2163735013427735E+000
 0.4767000000000000E+000  0.8277035900000000E+000 -0.7978858114577069E+000  0.6612960292129766E+000  0.6817703965705412E+000 -0.1301988392360556E+000  0.2102974310698082E+000
 0.4966051100000000E+000  0.8277035900000000E+000 -0.7658401213635355E+000  0.6379657573883128E+000  0.6583983740510311E+000 -0.1315132006790381E+000  0.2023885127875528E+000
 0.5164355000000000E+000  0.8277035900000000E+000 -0.7325062454596547E+000  0.6137219654095708E+000  0.6340304936366318E+000 -0.1320677819026958E+000  0.1928208247267958E+000
 0.5361402700000000E+000  0.8277035900000000E+000 -0.6981850368331932E+000  0.5887003135971766E+000  0.6087771427382903E+000 -0.1318090244787085E+000  0.1818257381155487E+000
 0.5556698200000000E+000  0.8277035900000000E+000 -0.6632146025353607E+000  0.5630671462758198E+000  0.5827862813526653E+000 -0.1307047134463114E+000  0.1696780169505500E+000
 0.5749763200000000E+000  0.8277035900000000E+000 -0.6279494518497477E+000  0.5370109125550265E+000  0.5562362731696487E+000 -0.1287466068920145E+000  0.1566793832559915E+000
 0.5940141799999999E+000  0.8277035900000000E+000 -0.5927403884930936E+000  0.5107325935379997E+000  0.5293268672547021E+000 -0.1259518129935774E+000  0.1431415000067811E+000
 0.6127404500000000E+000  0.8277035900000000E+000 -0.5579172880611108E+000  0.4844361677867542E+000  0.5022693070867489E+000 -0.1223626843416266E+000  0.1293701715707675E+000
 0.6311151600000000E+000  0.8277035900000000E+000 -0.5237759843009361E+000  0.4583199070962661E+000  0.4752764674157543E+000 -0.1180451456202510E+000  0.1156520248738401E+000
 0.6491016200000000E+000  0.8277035900000000E+000 -0.4905696541316329E+000  0.4325690445109993E+000  0.4485537857964799E+000 -0.1130855307565698E+000  0.1022443340463892E+000
 0.6666666700000000E+000  0.8277035900000000E+000 -0.4585044907935246E+000  0.4073501428089588E+000  0.4222915976691634E+000 -0.1075861750211262E+000  0.8936814411553397E-001
 0.6837808000000000E+000  0.8277035900000000E+000 -0.4277391568821846E+000  0.3828073650126359E+000  0.3966593571911055E+000 -0.1016601746759937E+000  0.7720451205159271E-001
 0.7004183000000000E+000  0.8277035900000000E+000 -0.3983868734199930E+000  0.3590603265157641E+000  0.3718016398325777E+000 -0.9542573792319141E-001  0.6589327774295255E-001
 0.7165572700000000E+000  0.8277035900000000E+000 -0.3705195882325678E+000  0.3362035666645981E+000  0.3478361261692057E+000 -0.8900066971165280E-001  0.5553393592399884E-001
 0.7321796300000000E+000  0.8277035900000000E+000 -0.3441731946663526E+000  0.3143071732223663E+000  0.3248531653864606E+000 -0.8249738986036596E-001  0.4618797026869886E-001
 0.7472710500000000E+000  0.8277035900000000E+000 -0.3193533133690106E+000  0.2934183901696727E+000  0.3029167590992410E+000 -0.7601885594481687E-001  0.3788224117894378E-001
 0.7618208000000000E+000  0.8277035900000000E+000 -0.2960411523729582E+000  0.2735639314936197E+000  0.2820666427380659E+000 -0.6965560490803673E-001  0.3061304623318892E-001
 0.7758216500000000E+000  0.8277035900000000E+000 -0.2741989024616474E+000  0.2547525749475191E+000  0.2623209533155856E+000 -0.6348392367464756E-001  0.2435050552046199E-001
 0.7892696500000000E+000  0.8277035900000000E+000 -0.2537747388091776E+000  0.2369780604922302E+000  0.2436794321860592E+000 -0.5756516147711692E-001  0.1904316512668327E-001
 0.8021639100000000E+000  0.8277035900000000E+000 -0.2347071171949401E+000  0.2202219537662865E+000  0.2261267292182790E+000 -0.5194597534183782E-001  0.1462260472979288E-001
 0.8145064000000000E+000  0.8277035900000000E+000 -0.2169283082874474E+000  0.2044563202870047E+000  0.2096355796828131E+000 -0.4665928434047942E-001  0.1100794629753589E-001
 0.8263016600000000E+000  0.8277035900000000E+000 -0.2003673521461651E+000  0.1896462583633042E+000  0.1941698517853254E+000 -0.4172574696707788E-001  0.8110213976102416E-002
 0.8375565600000000E+000  0.8277035900000000E+000 -0.1849522817257448E+000  0.1757520478157776E+000  0.1796871738174679E+000 -0.3715547988368586E-001  0.5836413547329299E-002
 0.8482800500000000E+000  0.8277035900000000E+000 -0.1706117901622717E+000  0.1627309671055743E+000  0.1661411741913207E+000 -0.3294986071496054E-001  0.4093275474296497E-002
 0.8584829000000000E+000  0.8277035900000000E+000 -0.1572764323185497E+000  0.1505387767725351E+000  0.1534833214504814E+000 -0.2910327691944504E-001  0.2790571447963938E-002
 0.8681774200000000E+000  0.8277035900000000E+000 -0.1448794654441796E+000  0.1391309006534633E+000  0.1416643944661119E+000 -0.2560473349543418E-001  0.1843913992421805E-002
 0.8773772700000000E+000  0.8277035900000000E+000 -0.1333572780428511E+000  0.1284632132337780E+000  0.1306354910415294E+000 -0.2243923242572066E-001  0.1176947373573776E-002
 0.8860971700000000E+000  0.8277035900000000E+000 -0.1226497325670143E+000  0.1184927064411977E+000  0.1203488644127262E+000 -0.1958897976561421E-001  0.7228881421032748E-003
 0.8943527400000000E+000  0.8277035900000000E+000 -0.1127001956073360E+000  0.1091778173957141E+000  0.1107583685406013E+000 -0.1703434575522571E-001  0.4253606830130476E-003
 0.9021602500000000E+000  0.8277035900000000E+000 -0.1034555862417469E+000  0.1004787232642805E+000  0.1018198361420069E+000 -0.1475467444581865E-001  0.2385557203530579E-003
 0.9095365000000000E+000  0.8277035900000000E+000 -0.9486621331773180E-001  0.9235739614297583E-001  0.9349118266840475E-001 -0.1272889643115268E-001  0.1267597319714934E-003
 0.9164985600000000E+000  0.8277035900000000E+000 -0.8688575334666349E-001  0.8477775655753252E-001  0.8573259053076634E-001 -0.1093605036411304E-001  0.6337422063797667E-004
 0.9230637200000000E+000  0.8277035900000000E+000 -0.7947097665018851E-001  0.7770556394017029E-001  0.7850640737229696E-001 -0.9355635517727914E-002  0.2956895376317041E-004
 0.9292492700000000E+000  0.8277035900000000E+000 -0.7258167754606761E-001  0.7110848124440906E-001  0.7177721105122384E-001 -0.7967919121020461E-002  0.1275145473262122E-004
 0.9350724600000000E+000  0.8277035900000000E+000 -0.6618041319674774E-001  0.6495594301779424E-001  0.6551166517493946E-001 -0.6754122848860664E-002  0.5024487269229383E-005
 0.9405503300000000E+000  0.8277035900000000E+000 -0.6023240687121806E-001  0.5921916846923234E-001  0.5967851708591344E-001 -0.5696577740538296E-002  0.1784200451958286E-005
 0.9456996700000000E+000  0.8277035900000000E+000 -0.5470532647341205E-001  0.5387104459919413E-001  0.5424845981300781E-001 -0.4778799107154947E-002  0.5615198713882275E-006
 0.9505369100000000E+000  0.8277035900000000E+000 -0.4956916083745962E-001  0.4888609362552929E-001  0.4919407801530334E-001 -0.3985535092922568E-002  0.1534610447074159E-006
 0.9550781000000000E+000  0.8277035900000000E+000 -0.4479601963539738E-001  0.4424035751349574E-001  0.4448970907609685E-001 -0.3302766409916777E-002  0.3551501599733745E-007
 0.9593388200000000E+000  0.8277035900000000E+000 -0.4036002809743411E-001  0.3991136587435264E-001  0.4011138902210371E-001 -0.2717693252910454E-002  0.6745809827273557E-008
 0.9633341700000000E+000  0.8277035900000000E+000 -0.3623715597080919E-001  0.3587803213573565E-001  0.3603672654945484E-001 -0.2218690708383771E-002  0.1011864563701506E-008
 0.9670787100000000E+000  0.8277035900000000E+000 -0.3240511684427528E-001  0.3212061096993361E-001  0.3224484027830512E-001 -0.1795258250269457E-002  0.1146380388666212E-009
 0.9705864600000000E+000  0.8277035900000000E+000 -0.2884322188310131E-001  0.2862060454167536E-001  0.2871624571785598E-001 -0.1437952368881434E-002  0.9475276442959227E-011
 0.9738709000000000E+000  0.8277035900000000E+000 -0.2553224999616921E-001  0.2536067852414459E-001  0.2543275380556721E-001 -0.1138315297145283E-002  0.6016144344348897E-012
 0.9769449100000001E+000  0.8277035900000000E+000 -0.2245439251169229E-001  0.2232464599140907E-001  0.2237743944354176E-001 -0.8888065742852692E-003  0.3799700608732240E-013
 0.9798208200000000E+000  0.8277035900000000E+000 -0.1959309957662030E-001  0.1949734967276212E-001  0.1953450926695786E-001 -0.6827238750973464E-003  0.2508927673964552E-014
 0.9825103800000000E+000  0.8277035900000000E+000 -0.1693301914052203E-001  0.1686463084384823E-001  0.1688925832710208E-001 -0.5141328693504283E-003  0.1255513644610853E-015
 0.9850247900000000E+000  0.8277035900000000E+000 -0.1445988647953283E-001  0.1441324535070299E-001  0.1442797520476930E-001 -0.3777949179207025E-003 -0.1153461810419958E-016
 0.9873746700000000E+000  0.8277035900000000E+000 -0.1216048253546892E-001  0.1213084392428377E-001  0.1213791342909644E-001 -0.2691019552770674E-003  0.1771607872317551E-016
 0.9895701099999999E+000  0.8277035900000000E+000 -0.1002252188614708E-001  0.1000587899065083E-001  0.1000719105949945E-001 -0.1840107722094755E-003 -0.1599799773573080E-016
 0.9916206800000000E+000  0.8277035900000000E+000 -0.8034588084277480E-002  0.8027553990547087E-002  0.8024735777631308E-002 -0.1189845110776052E-003  0.1307082622706592E-016
 0.9935354199999999E+000  0.8277035900000000E+000 -0.6186094858507498E-002  0.6185792105986835E-002  0.6180254449740833E-002 -0.7093885549247865E-004 -0.3807696302175830E-018
 0.9953228800000000E+000  0.8277035900000000E+000 -0.4467204722564145E-002  0.4471148582897095E-002  0.4464159062603842E-002 -0.3719095582199572E-004  0.1749348244839349E-016
 0.9969911299999999E+000  0.8277035900000000E+000 -0.2868782123789909E-002  0.2874708945400215E-002  0.2867526080529611E-002 -0.1541395778362067E-004 -0.1468224289780112E-015
 0.9985477800000000E+000  0.8277035900000000E+000 -0.1382341581281291E-002  0.1387759408054945E-002  0.1382049945983001E-002 -0.3595449440143508E-005  0.2447811622153658E-015
 0.1000000000000000E+001  0.8277035900000000E+000 -0.8972520798430714E-019  0.5536943182855319E-019 -0.5013417493753375E-019  0.1586694856478949E-027  0.5446771907687772E-021

 0.0000000000000000E+000  0.8750740200000000E+000 -0.1466671713310783E+001  0.1164988982630308E+001  0.1299650551409427E+001 -0.7384992612692676E-001  0.4562084796659406E-001
 0.5783680700000000E-002  0.8750740200000000E+000 -0.1465782493752265E+001  0.1164400791198418E+001  0.1298757343260299E+001 -0.7384498588387158E-001  0.4575224390608437E-001
 0.1192781000000000E-001  0.8750740200000000E+000 -0.1462872440044198E+001  0.1162475481003968E+001  0.1295834150197559E+001 -0.7382832358593633E-001  0.4618460363192529E-001
 0.1844960300000000E-001  0.8750740200000000E+000 -0.1457591331829513E+001  0.1158979305982317E+001  0.1290528856501964E+001 -0.7379615394872055E-001  0.4697851233893028E-001
 0.2536636600000000E-001  0.8750740200000000E+000 -0.1449637626707772E+001  0.1153707854793334E+001  0.1282537874145245E+001 -0.7374312312629462E-001  0.4819734065220535E-001
 0.3269537900000000E-001  0.8750740200000000E+000 -0.1438800632971447E+001  0.1146512567934612E+001  0.1271648368164926E+001 -0.7366238447159561E-001  0.4990459716532911E-001
 0.4045376700000000E-001  0.8750740200000000E+000 -0.1425001045012152E+001  0.1137325933069963E+001  0.1257778863409535E+001 -0.7354640560601840E-001  0.5216073491554170E-001
 0.4865834800000000E-001  0.8750740200000000E+000 -0.1408320519243251E+001  0.1126179560665226E+001  0.1241008909729720E+001 -0.7338879908440775E-001  0.5501975708616792E-001
 0.5732546900000000E-001  0.8750740200000000E+000 -0.1389011244265431E+001  0.1113209742750988E+001  0.1221588759615807E+001 -0.7318721905484950E-001  0.5852608099506843E-001
 0.6647082500000000E-001  0.8750740200000000E+000 -0.1367480370481476E+001  0.1098647740197443E+001  0.1199923927426023E+001 -0.7294693630687772E-001  0.6271210497203857E-001
 0.7610926000000000E-001  0.8750740200000000E+000 -0.1344250623161377E+001  0.1082796096773981E+001  0.1176535963203298E+001 -0.7268425288045417E-001  0.6759677551069634E-001
 0.8625455200000000E-001  0.8750740200000000E+000 -0.1319904939901625E+001  0.1065996066323619E+001  0.1152007295752741E+001 -0.7242869028598189E-001  0.7318521495453655E-001
 0.9691918300000001E-001  0.8750740200000000E+000 -0.1295026803340321E+001  0.1048593148881167E+001  0.1126921832502425E+001 -0.7222306757531019E-001  0.7946922683327476E-001
 0.1081141000000000E+000  0.8750740200000000E+000 -0.1270147684567780E+001  0.1030907154895399E+001  0.1101812748815605E+001 -0.7212115542482604E-001  0.8642833367251762E-001
 0.1198484800000000E+000  0.8750740200000000E+000 -0.1245709349952305E+001  0.1013210821490149E+001  0.1077125235612659E+001 -0.7218330848073591E-001  0.9403095780972787E-001
 0.1321294200000000E+000  0.8750740200000000E+000 -0.1222043919002687E+001  0.9957182378673862E+000  0.1053197109479675E+001 -0.7247101976644292E-001  0.1022353460915540E+000
 0.1449617600000000E+000  0.8750740200000000E+000 -0.1199369573754888E+001  0.9785816103727086E+000  0.1030255194138404E+001 -0.7304150882229785E-001  0.1109901352336964E+000
 0.1583477400000000E+000  0.8750740200000000E+000 -0.1177798263521405E+001  0.9618944468641684E+000  0.1008423833023087E+001 -0.7394324211421859E-001  0.1202342423922665E+000
 0.1722868300000000E+000  0.8750740200000000E+000 -0.1157349800640275E+001  0.9456981109849198E+000  0.9877399250316825E+000 -0.7521287729700124E-001  0.1298962865103089E+000
 0.1867754200000000E+000  0.8750740200000000E+000 -0.1137968611376223E+001  0.9299900204289467E+000  0.9681707463041047E+000 -0.7687366962888086E-001  0.1398933831058108E+000
 0.2018066600000000E+000  0.8750740200000000E+000 -0.1119539639010972E+001  0.9147316328561428E+000  0.9496310229525546E+000 -0.7893510260985274E-001  0.1501296177019329E+000
 0.2173702200000000E+000  0.8750740200000000E+000 -0.1101902065767121E+001  0.8998556521569704E+000  0.9319978693400053E+000 -0.8139332719548607E-001  0.1604941891552320E+000
 0.2334521800000000E+000  0.8750740200000000E+000 -0.1084859975281483E+001  0.8852718896262153E+000  0.9151226128423826E+000 -0.8423203450817650E-001  0.1708595615188671E+000
 0.2500348700000000E+000  0.8750740200000000E+000 -0.1068190361277462E+001  0.8708719843510965E+000  0.8988397570705675E+000 -0.8742342238786883E-001  0.1810797536086339E+000
 0.2670968500000000E+000  0.8750740200000000E+000 -0.1051648923527592E+001  0.8565330387314355E+000  0.8829733010238294E+000 -0.9092908404935682E-001  0.1909892130031238E+000
 0.2846128000000000E+000  0.8750740200000000E+000 -0.1034974817969258E+001  0.8421207393441417E+000  0.8673412758624304E+000 -0.9470068604233312E-001  0.2004025353501119E+000
 0.3025536600000000E+000  0.8750740200000000E+000 -0.1017895074847473E+001  0.8274921002001712E+000  0.8517588584507511E+000 -0.9868050424370305E-001  0.2091157105358136E+000
 0.3208866600000000E+000  0.8750740200000000E+000 -0.1000130099282345E+001  0.8124985765894523E+000  0.8360410679760135E+000 -0.1028018132867003E+000  0.2169092079299078E+000
 0.3395755000000000E+000  0.8750740200000000E+000 -0.9814009588278579E+000  0.7969897434551920E+000  0.8200054101521387E+000 -0.1069892957891335E+000  0.2235535528464495E+000
 0.3585805500000000E+000  0.8750740200000000E+000 -0.9614392862882872E+000  0.7808179756618406E+000  0.8034751031543518E+000 -0.1111595841550383E+000  0.2288176850205996E+000
 0.3778591900000000E+000  0.8750740200000000E+000 -0.9399999212830017E+000  0.7638442009112332E+000  0.7862831571645992E+000 -0.1152221107829209E+000  0.2324802015603462E+000
 0.3973661100000000E+000  0.8750740200000000E+000 -0.9168760616824260E+000  0.7459448168625217E+000  0.7682776456007180E+000 -0.1190803702975891E+000  0.2343430189991147E+000
 0.4170537000000000E+000  0.8750740200000000E+000 -0.8919155894524390E+000  0.7270193182453850E+000  0.7493279879515766E+000 -0.1226337459202697E+000  0.2342465091082409E+000
 0.4368725300000000E+000  0.8750740200000000E+000 -0.8650365608087619E+000  0.7069979681129250E+000  0.7293318643926759E+000 -0.1257799781784894E+000  0.2320844812660060E+000
 0.4567718400000000E+000  0.8750740200000000E+000 -0.8362394455087183E+000  0.6858486766357407E+000  0.7082221572504980E+000 -0.1284182778677316E+000  0.2278169662856566E+000
 0.4767000000000000E+000  0.8750740200000000E+000 -0.8056137033228270E+000  0.6635821314795737E+000  0.6859730701134525E+000 -0.1304530226472612E+000  0.2214787438740120E+000
 0.4966051100000000E+000  0.8750740200000000E+000 -0.7733366343268648E+000  0.6402540957575735E+000  0.6626042676021408E+000 -0.1317979068829696E+000  0.2131819125843907E+000
 0.5164355000000000E+000  0.8750740200000000E+000 -0.7396642798562003E+000  0.6159645502415625E+000  0.6381824431483489E+000 -0.1323802637781654E+000  0.2031117712827445E+000
 0.5361402700000000E+000  0.8750740200000000E+000 -0.7049151050378369E+000  0.5908534385246347E+000  0.6128196553342483E+000 -0.1321452501266077E+000  0.1915163394222711E+000
 0.5556698200000000E+000  0.8750740200000000E+000 -0.6694487460378403E+000  0.5650934783358298E+000  0.5866684235970803E+000 -0.1310594999385397E+000  0.1786909251695513E+000
 0.5749763200000000E+000  0.8750740200000000E+000 -0.6336428450087027E+000  0.5388809309266087E+000  0.5599140655470947E+000 -0.1291138560762587E+000  0.1649598770438161E+000
 0.5940141799999999E+000  0.8750740200000000E+000 -0.5978707909659063E+000  0.5124252982780414E+000  0.5327649898356028E+000 -0.1263248319957597E+000  0.1506577727022184E+000
 0.6127404500000000E+000  0.8750740200000000E+000 -0.5624828041936305E+000  0.4859390916962636E+000  0.5054420336128806E+000 -0.1227345613956029E+000  0.1361120896775752E+000
 0.6311151600000000E+000  0.8750740200000000E+000 -0.5277917256382052E+000  0.4596285461545116E+000  0.4781678503895256E+000 -0.1184091439979234E+000  0.1216287616289945E+000
 0.6491016200000000E+000  0.8750740200000000E+000 -0.4940638945652272E+000  0.4336858661619060E+000  0.4511571948996186E+000 -0.1134354611303499E+000  0.1074813178408040E+000
 0.6666666700000000E+000  0.8750740200000000E+000 -0.4615148017154955E+000  0.4082833403290609E+000  0.4246087613115413E+000 -0.1079167099833181E+000  0.9390371862926523E-001
 0.6837808000000000E+000  0.8750740200000000E+000 -0.4303088673296480E+000  0.3835695104943257E+000  0.3986990748177737E+000 -0.1019670778412944E+000  0.8108662107404145E-001
 0.7004183000000000E+000  0.8750740200000000E+000 -0.4005620519270307E+000  0.3596670427983046E+000  0.3735783225789323E+000 -0.9570599200431082E-001  0.6917638203842322E-001
 0.7165572700000000E+000  0.8750740200000000E+000 -0.3723466298098873E+000  0.3366723056187721E+000  0.3493683036079261E+000 -0.8925250152306485E-001  0.5827628679026475E-001
 0.7321796300000000E+000  0.8750740200000000E+000 -0.3456970088263684E+000  0.3146561539460619E+000  0.3261620639615509E+000 -0.8272020236900625E-001  0.4844928950900021E-001
 0.7472710500000000E+000  0.8750740200000000E+000 -0.3206160596976186E+000  0.2936657246045674E+000  0.3040250277831433E+000 -0.7621308694150031E-001  0.3972181296892616E-001
 0.7618208000000000E+000  0.8750740200000000E+000 -0.2970814436020501E+000  0.2737269444481358E+000  0.2829972721912897E+000 -0.6982253714002595E-001  0.3208819782363161E-001
 0.7758216500000000E+000  0.8750740200000000E+000 -0.2750513844430313E+000  0.2548473104175240E+000  0.2630964083912844E+000 -0.6362547199799078E-001  0.2551543690113637E-001
 0.7892696500000000E+000  0.8750740200000000E+000 -0.2544699622462382E+000  0.2370189580319911E+000  0.2443210002540478E+000 -0.5768366027103192E-001  0.1994808888095318E-001
 0.8021639100000000E+000  0.8750740200000000E+000 -0.2352716222672580E+000  0.2202216722655172E+000  0.2266540705791823E+000 -0.5204398412288301E-001  0.1531315553005131E-001
 0.8145064000000000E+000  0.8750740200000000E+000 -0.2173848547444006E+000  0.2044256838762752E+000  0.2100664565944592E+000 -0.4673942333969282E-001  0.1152482395596103E-001
 0.8263016600000000E+000  0.8750740200000000E+000 -0.2007352405802571E+000  0.1895942987547024E+000  0.1945200078900801E+000 -0.4179056856460751E-001  0.8489030316953429E-002
 0.8375565600000000E+000  0.8750740200000000E+000 -0.1852477219249584E+000  0.1756861176196708E+000  0.1799703321656357E+000 -0.3720737647750346E-001  0.6107714559044641E-002
 0.8482800500000000E+000  0.8750740200000000E+000 -0.1708482839117805E+000  0.1626569007927285E+000  0.1663691231176257E+000 -0.3299100602158520E-001  0.4282713694083186E-002
 0.8584829000000000E+000  0.8750740200000000E+000 -0.1574651473198580E+000  0.1504610786247200E+000  0.1536660599259776E+000 -0.2913559547532159E-001  0.2919204001314935E-002
 0.8681774200000000E+000  0.8750740200000000E+000 -0.1450295849154787E+000  0.1390529423705282E+000  0.1418103123470055E+000 -0.2562989219235654E-001  0.1928600970267185E-002
 0.8773772700000000E+000  0.8750740200000000E+000 -0.1334763165704212E+000  0.1283874276181450E+000  0.1307515638598502E+000 -0.2245864787904817E-001  0.1230823424801220E-002
 0.8860971700000000E+000  0.8750740200000000E+000 -0.1227438145756795E+000  0.1184207674627718E+000  0.1204408480417697E+000 -0.1960383614226330E-001  0.7558798533777173E-003
 0.8943527400000000E+000  0.8750740200000000E+000 -0.1127742955217564E+000  0.1091108005738320E+000  0.1108309829048458E+000 -0.1704561851348481E-001  0.4447207458002210E-003
 0.9021602500000000E+000  0.8750740200000000E+000 -0.1035137326078581E+000  0.1004172434393244E+000  0.1018769320275992E+000 -0.1476315665665587E-001  0.2493866223438639E-003
 0.9095365000000000E+000  0.8750740200000000E+000 -0.9491165993773565E-001  0.9230172230350160E-001  0.9353588841306093E-001 -0.1273522523300463E-001  0.1325019672877011E-003
 0.9164985600000000E+000  0.8750740200000000E+000 -0.8692112174135559E-001  0.8472790497740819E-001  0.8576743840041115E-001 -0.1094073205097666E-001  0.6623923827403417E-004
 0.9230637200000000E+000  0.8750740200000000E+000 -0.7949837358849560E-001  0.7766137217459838E-001  0.7853344034785495E-001 -0.9359068296211344E-002  0.3090323418172147E-004
 0.9292492700000000E+000  0.8750740200000000E+000 -0.7260279181811909E-001  0.7106966568462314E-001  0.7179807226091567E-001 -0.7970413162458480E-002  0.1332588988771100E-004
 0.9350724600000000E+000  0.8750740200000000E+000 -0.6619659485750747E-001  0.6492214300070932E-001  0.6552767201054771E-001 -0.6755917498337329E-002  0.5250487901530386E-005
 0.9405503300000000E+000  0.8750740200000000E+000 -0.6024473211040985E-001  0.5918997943401617E-001  0.5969072242516761E-001 -0.5697856015571514E-002  0.1864342096351607E-005
 0.9456996700000000E+000  0.8750740200000000E+000 -0.5471465051832683E-001  0.5384604264603665E-001  0.5425770230068045E-001 -0.4779699694611710E-002  0.5867100220403120E-006
 0.9505369100000000E+000  0.8750740200000000E+000 -0.4957616107136179E-001  0.4886485327871036E-001  0.4920102328708061E-001 -0.3986162140204578E-002  0.1603374929086938E-006
 0.9550781000000000E+000  0.8750740200000000E+000 -0.4480123063490032E-001  0.4422246427178615E-001  0.4449488342588871E-001 -0.3303197408076951E-002  0.3710474774001062E-007
 0.9593388200000000E+000  0.8750740200000000E+000 -0.4036387008306882E-001  0.3989642470084069E-001  0.4011520686241995E-001 -0.2717985313832046E-002  0.7047482043350909E-008
 0.9633341700000000E+000  0.8750740200000000E+000 -0.3623995783519537E-001  0.3586567290717425E-001  0.3603951272563524E-001 -0.2218885506319758E-002  0.1057077123169247E-008
 0.9670787100000000E+000  0.8750740200000000E+000 -0.3240713476842225E-001  0.3211049160594230E-001  0.3224684817122928E-001 -0.1795385874348863E-002  0.1197568350912216E-009
 0.9705864600000000E+000  0.8750740200000000E+000 -0.2884465433900769E-001  0.2861241244768487E-001  0.2871767187829547E-001 -0.1438034296258809E-002  0.9898162827974252E-011
 0.9738709000000000E+000  0.8750740200000000E+000 -0.2553324981258148E-001  0.2535413080468525E-001  0.2543374975678411E-001 -0.1138366666362190E-002  0.6284973861676008E-012
 0.9769449100000001E+000  0.8750740200000000E+000 -0.2245507656087279E-001  0.2231948876226148E-001  0.2237812118071123E-001 -0.8888379078042479E-003  0.3966473853259706E-013
 0.9798208200000000E+000  0.8750740200000000E+000 -0.1959355651794999E-001  0.1949335680407994E-001  0.1953496486807737E-001 -0.6827423713211329E-003  0.2646790219491460E-014
 0.9825103800000000E+000  0.8750740200000000E+000 -0.1693331560214524E-001  0.1686160230193994E-001  0.1688955404110935E-001 -0.5141433629674235E-003  0.1066777242449008E-015
 0.9850247900000000E+000  0.8750740200000000E+000 -0.1446007197357617E-001  0.1441100532239517E-001  0.1442816030126854E-001 -0.3778005862273130E-003  0.1556952771510271E-016
 0.9873746700000000E+000  0.8750740200000000E+000 -0.1216059335649860E-001  0.1212923881943316E-001  0.1213802405127996E-001 -0.2691048321986185E-003 -0.1569113682036345E-016
 0.9895701099999999E+000  0.8750740200000000E+000 -0.1002258418899412E-001  0.1000477543453829E-001  0.1000725327059507E-001 -0.1840121178279607E-003  0.1615714370121741E-016
 0.9916206800000000E+000  0.8750740200000000E+000 -0.8034620306486533E-002  0.8026836850318426E-002  0.8024767961947898E-002 -0.1189850738682193E-003 -0.1488914726658226E-016
 0.9935354199999999E+000  0.8750740200000000E+000 -0.6186109618622578E-002  0.6185362591400216E-002  0.6180269196540371E-002 -0.7093905559689309E-004  0.5041262884085280E-017
 0.9953228800000000E+000  0.8750740200000000E+000 -0.4467210299788757E-002  0.4470922459111473E-002  0.4464164636207389E-002 -0.3719101083718409E-004 -0.1149409397468294E-016
 0.9969911299999999E+000  0.8750740200000000E+000 -0.2868783605541650E-002  0.2874614867240543E-002  0.2867527561665475E-002 -0.1541396723672057E-004  0.9537600960138751E-016
 0.9985477800000000E+000  0.8750740200000000E+000 -0.1382341747549498E-002  0.1387737386010573E-002  0.1382050112218014E-002 -0.3595449954621333E-005 -0.3871935996968305E-015
 0.1000000000000000E+001  0.8750740200000000E+000 -0.8684488580593189E-019  0.1725034739593630E-019  0.1939766962920326E-019 -0.3664214354687123E-027 -0.4064216697480384E-021

 0.0000000000000000E+000  0.9204530700000000E+000 -0.1472162561261768E+001  0.1159498139088107E+001  0.1305062572799917E+001 -0.7384992612692676E-001  0.4730152159013887E-001
 0.5783680700000000E-002  0.9204530700000000E+000 -0.1471259486344097E+001  0.1158921421468194E+001  0.1304154898635686E+001 -0.7384528521764003E-001  0.4743780568619839E-001
 0.1192781000000000E-001  0.9204530700000000E+000 -0.1468304180133834E+001  0.1157033647266827E+001  0.1301184430601133E+001 -0.7382959454001535E-001  0.4788625299896552E-001
 0.1844960300000000E-001  0.9204530700000000E+000 -0.1462941307986152E+001  0.1153605538834764E+001  0.1295793607111659E+001 -0.7379915546831081E-001  0.4870971440610893E-001
 0.2536636600000000E-001  0.9204530700000000E+000 -0.1454865371990576E+001  0.1148436469228502E+001  0.1287674480737873E+001 -0.7374864862701082E-001  0.4997394439156053E-001
 0.3269537900000000E-001  0.9204530700000000E+000 -0.1443863709787805E+001  0.1141380420797442E+001  0.1276611754391715E+001 -0.7367118172385090E-001  0.5174486304547474E-001
 0.4045376700000000E-001  0.9204530700000000E+000 -0.1429857823730543E+001  0.1132370654365531E+001  0.1262524166003082E+001 -0.7355907238080588E-001  0.5408525408395145E-001
 0.4865834800000000E-001  0.9204530700000000E+000 -0.1412933532517715E+001  0.1121437419575968E+001  0.1245494714724407E+001 -0.7340566724757243E-001  0.5705125714146835E-001
 0.5732546900000000E-001  0.9204530700000000E+000 -0.1393350709652202E+001  0.1108713431960598E+001  0.1225780495228132E+001 -0.7320824942774698E-001  0.6068913040005197E-001
 0.6647082500000000E-001  0.9204530700000000E+000 -0.1371527356678865E+001  0.1094424427308847E+001  0.1203796893789302E+001 -0.7297165251537401E-001  0.6503274442935521E-001
 0.7610926000000000E-001  0.9204530700000000E+000 -0.1347999349692071E+001  0.1078866064684185E+001  0.1180077494871398E+001 -0.7271173984639641E-001  0.7010211524283612E-001
 0.8625455200000000E-001  0.9204530700000000E+000 -0.1323363859710538E+001  0.1062372146601292E+001  0.1155217713038764E+001 -0.7245766985957801E-001  0.7590303847560308E-001
 0.9691918300000001E-001  0.9204530700000000E+000 -0.1298218374781944E+001  0.1045280983770173E+001  0.1129814094697871E+001 -0.7225204327114844E-001  0.8242763423168442E-001
 0.1081141000000000E+000  0.9204530700000000E+000 -0.1273107004799497E+001  0.1027906163460703E+001  0.1104410987817588E+001 -0.7214859840300358E-001  0.8965544356783796E-001
 0.1198484800000000E+000  0.9204530700000000E+000 -0.1248482010134583E+001  0.1010515640918304E+001  0.1079462537318392E+001 -0.7220784651106001E-001  0.9755467124659868E-001
 0.1321294200000000E+000  0.9204530700000000E+000 -0.1224683508900511E+001  0.9933203767481840E+000  0.1055312979627063E+001 -0.7249159403157297E-001  0.1060831586150793E+000
 0.1449617600000000E+000  0.9204530700000000E+000 -0.1201935210352002E+001  0.9764710845490480E+000  0.1032193093859588E+001 -0.7305747722493461E-001  0.1151889768412614E+000
 0.1583477400000000E+000  0.9204530700000000E+000 -0.1180352399232832E+001  0.9600612226179212E+000  0.1010229056594687E+001 -0.7395442532522792E-001  0.1248103088195732E+000
 0.1722868300000000E+000  0.9204530700000000E+000 -0.1159956417917855E+001  0.9441332567940297E+000  0.9894579465159984E+000 -0.7521955777931541E-001  0.1348748280429398E+000
 0.1867754200000000E+000  0.9204530700000000E+000 -0.1140691785301112E+001  0.9286865182391174E+000  0.9698460453680793E+000 -0.7687656102857734E-001  0.1452984037710963E+000
 0.2018066600000000E+000  0.9204530700000000E+000 -0.1122442359051818E+001  0.9136848441413343E+000  0.9513063136768415E+000 -0.7893530697673014E-001  0.1559834416240160E+000
 0.2173702200000000E+000  0.9204530700000000E+000 -0.1105045158090929E+001  0.8990634495682620E+000  0.9337136138247820E+000 -0.8139229326030849E-001  0.1668168410760377E+000
 0.2334521800000000E+000  0.9204530700000000E+000 -0.1088300953237021E+001  0.8847344758130193E+000  0.9169166881095534E+000 -0.8423152418273595E-001  0.1776679136840580E+000
 0.2500348700000000E+000  0.9204530700000000E+000 -0.1071982040815710E+001  0.8705914162847133E+000  0.9007471519902577E+000 -0.8742548697529608E-001  0.1883863898382090E+000
 0.2670968500000000E+000  0.9204530700000000E+000 -0.1055837676102233E+001  0.8565124778358537E+000  0.8850257404180647E+000 -0.9093604719023356E-001  0.1988009792326365E+000
 0.2846128000000000E+000  0.9204530700000000E+000 -0.1039598383484345E+001  0.8423634470985417E+000  0.8695666943031628E+000 -0.9471512739268455E-001  0.2087187656221967E+000
 0.3025536600000000E+000  0.9204530700000000E+000 -0.1022979944381449E+001  0.8280002153509426E+000  0.8541806807432445E+000 -0.9870523623739420E-001  0.2179261729028543E+000
 0.3208866600000000E+000  0.9204530700000000E+000 -0.1005688576931667E+001  0.8132717266917192E+000  0.8386772880118644E+000 -0.1028398425755152E+000  0.2261918714457573E+000
 0.3395755000000000E+000  0.9204530700000000E+000 -0.9874281516483829E+000  0.7980235805370234E+000  0.8228675063839428E+000 -0.1070437613080613E+000  0.2332723723440996E+000
 0.3585805500000000E+000  0.9204530700000000E+000 -0.9679104133359190E+000  0.7821027644258906E+000  0.8065668783279898E+000 -0.1112336650018015E+000  0.2389206944767192E+000
 0.3778591900000000E+000  0.9204530700000000E+000 -0.9468684602593058E+000  0.7653636290234767E+000  0.7895996435840489E+000 -0.1153188996913024E+000  0.2428982947552940E+000
 0.3973661100000000E+000  0.9204530700000000E+000 -0.9240733030639400E+000  0.7476752193095412E+000  0.7718042593465102E+000 -0.1192027121718637E+000  0.2449898309880792E+000
 0.4170537000000000E+000  0.9204530700000000E+000 -0.8993521048654360E+000  0.7289295039713163E+000  0.7530401393698736E+000 -0.1227840462601025E+000  0.2450197701805157E+000
 0.4368725300000000E+000  0.9204530700000000E+000 -0.8726058667055503E+000  0.7090497874669457E+000  0.7331952167364438E+000 -0.1259599926117698E+000  0.2428690583840045E+000
 0.4567718400000000E+000  0.9204530700000000E+000 -0.8438237702189152E+000  0.6879983715925714E+000  0.7121936614058563E+000 -0.1286289005329357E+000  0.2384895449043017E+000
 0.4767000000000000E+000  0.9204530700000000E+000 -0.8130913263949764E+000  0.6657823831794709E+000  0.6900027956970984E+000 -0.1306940966846558E+000  0.2319137878845798E+000
 0.4966051100000000E+000  0.9204530700000000E+000 -0.7805898868366162E+000  0.6424565550988688E+000  0.6666379183761413E+000 -0.1320680835431950E+000  0.2232582527648347E+000
 0.5164355000000000E+000  0.9204530700000000E+000 -0.7465871066284220E+000  0.6181225415091169E+000  0.6421643173988693E+000 -0.1326769352270239E+000  0.2127190113047308E+000
 0.5361402700000000E+000  0.9204530700000000E+000 -0.7114191695846033E+000  0.5929244966723693E+000  0.6166957292475579E+000 -0.1324645754392031E+000  0.2005602881824876E+000
 0.5556698200000000E+000  0.9204530700000000E+000 -0.6754673794951750E+000  0.5670414223085343E+000  0.5903892169855386E+000 -0.1313965335503752E+000  0.1870974611734712E+000
 0.5749763200000000E+000  0.9204530700000000E+000 -0.6391325923791503E+000  0.5406772745442717E+000  0.5634369988068099E+000 -0.1294627749532107E+000  0.1726769597094279E+000
 0.5940141799999999E+000  0.9204530700000000E+000 -0.6028107431450180E+000  0.5140499236427152E+000  0.5360560386633098E+000 -0.1266792443788796E+000  0.1576556354952359E+000
 0.6127404500000000E+000  0.9204530700000000E+000 -0.5668722151152756E+000  0.4873802255052495E+000  0.5084766057144556E+000 -0.1230878683869597E+000  0.1423819047374926E+000
 0.6311151600000000E+000  0.9204530700000000E+000 -0.5316465497439028E+000  0.4608821622600791E+000  0.4809309164175174E+000 -0.1187549178308177E+000  0.1271802054932501E+000
 0.6491016200000000E+000  0.9204530700000000E+000 -0.4974128600707390E+000  0.4347546796169092E+000  0.4536427850714346E+000 -0.1137678018527396E+000  0.1123394949510088E+000
 0.6666666700000000E+000  0.9204530700000000E+000 -0.4643955165869325E+000  0.4091755638121800E+000  0.4268189837442345E+000 -0.1082305457897873E+000  0.9810584558540777E-001
 0.6837808000000000E+000  0.9204530700000000E+000 -0.4327642987498117E+000  0.3842975249781969E+000  0.4006428255210028E+000 -0.1022583828392655E+000  0.8467878088877885E-001
 0.7004183000000000E+000  0.9204530700000000E+000 -0.4026375637306299E+000  0.3602460997436854E+000  0.3752698434957928E+000 -0.9597190679432289E-001  0.7221054614556385E-001
 0.7165572700000000E+000  0.9204530700000000E+000 -0.3740876461797512E+000  0.3371193437062200E+000  0.3508257225421435E+000 -0.8949135500834769E-001  0.6080771672022544E-001
 0.7321796300000000E+000  0.9204530700000000E+000 -0.3471472863146809E+000  0.3149887793384233E+000  0.3274060168110240E+000 -0.8293144482521264E-001  0.5053435570084271E-001
 0.7472710500000000E+000  0.9204530700000000E+000 -0.3218165033434781E+000  0.2939013781700093E+000  0.3050774331474462E+000 -0.7639715334202586E-001  0.4141622555257039E-001
 0.7618208000000000E+000  0.9204530700000000E+000 -0.2980693801372635E+000  0.2738822597692361E+000  0.2838802997328000E+000 -0.6998066465774280E-001  0.3344561817676982E-001
 0.7758216500000000E+000  0.9204530700000000E+000 -0.2758601985242733E+000  0.2549376523957927E+000  0.2638316570004578E+000 -0.6375949617413110E-001  0.2658642470655379E-001
 0.7892696500000000E+000  0.9204530700000000E+000 -0.2551290096158576E+000  0.2370581246862851E+000  0.2449288858028802E+000 -0.5779581202149900E-001  0.2077934228023040E-001
 0.8021639100000000E+000  0.9204530700000000E+000 -0.2358063419040889E+000  0.2202217367932576E+000  0.2271534080888253E+000 -0.5213670460723232E-001  0.1594700210491024E-001
 0.8145064000000000E+000  0.9204530700000000E+000 -0.2178170145379903E+000  0.2043969520435743E+000  0.2104742129031965E+000 -0.4681520777666462E-001  0.1199892593932393E-001
 0.8263016600000000E+000  0.9204530700000000E+000 -0.2010832645937322E+000  0.1895453566909509E+000  0.1948511969093142E+000 -0.4185184446185423E-001  0.8836274522925855E-002
 0.8375565600000000E+000  0.9204530700000000E+000 -0.1855270576163955E+000  0.1756239456172175E+000  0.1802380218247629E+000 -0.3725641668293131E-001  0.6356259555364539E-002
 0.8482800500000000E+000  0.9204530700000000E+000 -0.1710717789062339E+000  0.1625870309433194E+000  0.1665845244453733E+000 -0.3302987361922192E-001  0.4456170640383568E-002
 0.8584829000000000E+000  0.9204530700000000E+000 -0.1576434142772084E+000  0.1503877767950328E+000  0.1538386712071357E+000 -0.2916611545962737E-001  0.3036928484801733E-002
 0.8681774200000000E+000  0.9204530700000000E+000 -0.1451713405378229E+000  0.1389793982476053E+000  0.1419480950648868E+000 -0.2565364399941049E-001  0.2006072811496835E-002
 0.8773772700000000E+000  0.9204530700000000E+000 -0.1335886864312634E+000  0.1283159401462108E+000  0.1308611312439175E+000 -0.2247697285092026E-001  0.1280089973947294E-002
 0.8860971700000000E+000  0.9204530700000000E+000 -0.1228326008596975E+000  0.1183529166757432E+000  0.1205276524842264E+000 -0.1961785481090649E-001  0.7860381318901268E-003
 0.8943527400000000E+000  0.9204530700000000E+000 -0.1128442072310884E+000  0.1090476002565078E+000  0.1108994921663201E+000 -0.1705625339131020E-001  0.4624123999136707E-003
 0.9021602500000000E+000  0.9204530700000000E+000 -0.1035685807272307E+000  0.1003592719967777E+000  0.1019307887761053E+000 -0.1477115738610339E-001  0.2592812516619770E-003
 0.9095365000000000E+000  0.9204530700000000E+000 -0.9495452071428699E-001  0.9224923164596201E-001  0.9357805020311753E-001 -0.1274119378982671E-001  0.1377464308780100E-003
 0.9164985600000000E+000  0.9204530700000000E+000 -0.8695447236027344E-001  0.8468090870465370E-001  0.8580029804167473E-001 -0.1094514659555251E-001  0.6885527213168411E-004
 0.9230637200000000E+000  0.9204530700000000E+000 -0.7952420393068721E-001  0.7761971554320424E-001  0.7855892745612462E-001 -0.9362304774604587E-002  0.3212129469392618E-004
 0.9292492700000000E+000  0.9204530700000000E+000 -0.7262269635639990E-001  0.7103307996352934E-001  0.7181773818974957E-001 -0.7972764315812716E-002  0.1385018668807680E-004
 0.9350724600000000E+000  0.9204530700000000E+000 -0.6621184781983627E-001  0.6489028708333511E-001  0.6554276015581516E-001 -0.6757609160269224E-002  0.5456725660448957E-005
 0.9405503300000000E+000  0.9204530700000000E+000 -0.6025634894744632E-001  0.5916247108580799E-001  0.5970222623968802E-001 -0.5699060831043081E-002  0.1937463784606327E-005
 0.9456996700000000E+000  0.9204530700000000E+000 -0.5472343798820326E-001  0.5382248162723188E-001  0.5426641289921653E-001 -0.4780548463496043E-002  0.6096902628105081E-006
 0.9505369100000000E+000  0.9204530700000000E+000 -0.4958275803060844E-001  0.4884483805312066E-001  0.4920756844650245E-001 -0.3986753069677291E-002  0.1666098336243561E-006
 0.9550781000000000E+000  0.9204530700000000E+000 -0.4480614116321391E-001  0.4420560380087540E-001  0.4449975941565180E-001 -0.3303603558161036E-002  0.3855464204627440E-007
 0.9593388200000000E+000  0.9204530700000000E+000 -0.4036749036584741E-001  0.3988234641287201E-001  0.4011880439211229E-001 -0.2718260523603983E-002  0.7322587878443737E-008
 0.9633341700000000E+000  0.9204530700000000E+000 -0.3624259791216437E-001  0.3585402780471243E-001  0.3604213801973349E-001 -0.2219069057462351E-002  0.1098304133162572E-008
 0.9670787100000000E+000  0.9204530700000000E+000 -0.3240903610831899E-001  0.3210095719122621E-001  0.3224874005918160E-001 -0.1795506125820579E-002  0.1244239733196656E-009
 0.9705864600000000E+000  0.9204530700000000E+000 -0.2884600399780372E-001  0.2860469406325644E-001  0.2871901560537850E-001 -0.1438111488601128E-002  0.1028376608623027E-010
 0.9738709000000000E+000  0.9204530700000000E+000 -0.2553419181674666E-001  0.2534796181917367E-001  0.2543468811919067E-001 -0.1138415065491460E-002  0.6529635187937384E-012
 0.9769449100000001E+000  0.9204530700000000E+000 -0.2245572104388052E-001  0.2231462991037928E-001  0.2237876348541034E-001 -0.8888674290711021E-003  0.4123619236089890E-013
 0.9798208200000000E+000  0.9204530700000000E+000 -0.1959398702242354E-001  0.1948959499323507E-001  0.1953539410986872E-001 -0.6827597974788608E-003  0.2727615468271198E-014
 0.9825103800000000E+000  0.9204530700000000E+000 -0.1693359490802482E-001  0.1685874904293744E-001  0.1688983264263161E-001 -0.5141532493602271E-003  0.1308341979763965E-015
 0.9850247900000000E+000  0.9204530700000000E+000 -0.1446024673156112E-001  0.1440889495708236E-001  0.1442833468471680E-001 -0.3778059264726092E-003 -0.6767227064802020E-017
 0.9873746700000000E+000  0.9204530700000000E+000 -0.1216069776254253E-001  0.1212772663493744E-001  0.1213812826998758E-001 -0.2691075425905705E-003  0.1380116402971621E-016
 0.9895701099999999E+000  0.9204530700000000E+000 -0.1002264288499902E-001  0.1000373576900977E-001  0.1000731188016000E-001 -0.1840133855471210E-003 -0.1573873997925411E-016
 0.9916206800000000E+000  0.9204530700000000E+000 -0.8034650663134892E-002  0.8026161231602083E-002  0.8024798282897642E-002 -0.1189856040756622E-003  0.1594076098092298E-016
 0.9935354199999999E+000  0.9204530700000000E+000 -0.6186123524124732E-002  0.6184957946287011E-002  0.6180283089497884E-002 -0.7093924411546700E-004 -0.8745897332416305E-017
 0.9953228800000000E+000  0.9204530700000000E+000 -0.4467215554077796E-002  0.4470709428611884E-002  0.4464169887085050E-002 -0.3719106266707684E-004  0.5147140529647737E-017
 0.9969911299999999E+000  0.9204530700000000E+000 -0.2868785001493897E-002  0.2874526236617403E-002  0.2867528957037544E-002 -0.1541397614248633E-004 -0.4010852328513615E-016
 0.9985477800000000E+000  0.9204530700000000E+000 -0.1382341904189909E-002  0.1387716639154252E-002  0.1382050268827144E-002 -0.3595450439263719E-005  0.2362967595007916E-015
 0.1000000000000000E+001  0.9204530700000000E+000 -0.6000853313104749E-019  0.5853991665191656E-019 -0.4716232654870603E-019 -0.5369453982467097E-027  0.2059732078403317E-021

 0.0000000000000000E+000  0.9638277100000000E+000 -0.1477339503080679E+001  0.1154321201125694E+001  0.1310165998816658E+001 -0.7384992612692676E-001  0.4881695023084015E-001
 0.5783680700000000E-002  0.9638277100000000E+000 -0.1476423280644831E+001  0.1153755407922845E+001  0.1309244607276432E+001 -0.7384556460008909E-001  0.4895764629449243E-001
 0.1192781000000000E-001  0.9638277100000000E+000 -0.1473425035795889E+001  0.1151903368826672E+001  0.1306229313224528E+001 -0.7383078083966167E-001  0.4942061427372223E-001
 0.1844960300000000E-001  0.9638277100000000E+000 -0.1467984588258246E+001  0.1148540047516175E+001  0.1300757399898304E+001 -0.7380195731578672E-001  0.5027075110541514E-001
 0.2536636600000000E-001  0.9638277100000000E+000 -0.1459792701426225E+001  0.1143468393259973E+001  0.1292516803981064E+001 -0.7375380724136915E-001  0.5157596534597347E-001
 0.3269537900000000E-001  0.9638277100000000E+000 -0.1448634865604660E+001  0.1136544764697484E+001  0.1281289921849039E+001 -0.7367939633419021E-001  0.5340435819506377E-001
 0.4045376700000000E-001  0.9638277100000000E+000 -0.1434433378232741E+001  0.1127703098154148E+001  0.1266995730366040E+001 -0.7357090292215661E-001  0.5582082459641113E-001
 0.4865834800000000E-001  0.9638277100000000E+000 -0.1417278036265694E+001  0.1116972274842434E+001  0.1249720539845351E+001 -0.7342142605388104E-001  0.5888344438587775E-001
 0.5732546900000000E-001  0.9638277100000000E+000 -0.1397436025883816E+001  0.1104481529547671E+001  0.1229727968334819E+001 -0.7322790266891185E-001  0.6264015490322199E-001
 0.6647082500000000E-001  0.9638277100000000E+000 -0.1375335648368386E+001  0.1090451271662145E+001  0.1207442783430120E+001 -0.7299475774354283E-001  0.6712618061905648E-001
 0.7610926000000000E-001  0.9638277100000000E+000 -0.1351525237550338E+001  0.1075170560888112E+001  0.1183409978346409E+001 -0.7273744376913188E-001  0.7236253734989005E-001
 0.8625455200000000E-001  0.9638277100000000E+000 -0.1326615423778127E+001  0.1058966090292546E+001  0.1158237251826803E+001 -0.7248477828738420E-001  0.7835567443005205E-001
 0.9691918300000001E-001  0.9638277100000000E+000 -0.1301216917341474E+001  0.1042169341501030E+001  0.1132533081387918E+001 -0.7227915600337829E-001  0.8509805752987969E-001
 0.1081141000000000E+000  0.9638277100000000E+000 -0.1275885743403372E+001  0.1025088018724937E+001  0.1106852339018173E+001 -0.7217428315778146E-001  0.9256932054171539E-001
 0.1198484800000000E+000  0.9638277100000000E+000 -0.1251084045910840E+001  0.1007985583705316E+001  0.1081657583774074E+001 -0.7223081607520285E-001  0.1007375667483498E+000
 0.1321294200000000E+000  0.9638277100000000E+000 -0.1227159476354268E+001  0.9910700850381234E+000  0.1057299067822287E+001 -0.7251085355994262E-001  0.1095603876366249E+000
 0.1449617600000000E+000  0.9638277100000000E+000 -0.1204340962579738E+001  0.9744908809796585E+000  0.1034011262628331E+001 -0.7307242149062924E-001  0.1189854834871569E+000
 0.1583477400000000E+000  0.9638277100000000E+000 -0.1182746968519959E+001  0.9583414428436383E+000  0.1011922044330080E+001 -0.7396488222987120E-001  0.1289505390114574E+000
 0.1722868300000000E+000  0.9638277100000000E+000 -0.1162400350343179E+001  0.9426653391732516E+000  0.9910686463722430E+000 -0.7522578764964513E-001  0.1393825643183030E+000
 0.1867754200000000E+000  0.9638277100000000E+000 -0.1143245829325120E+001  0.9274637713680569E+000  0.9714164160227030E+000 -0.7687922802566326E-001  0.1501965176631938E+000
 0.2018066600000000E+000  0.9638277100000000E+000 -0.1125166402206907E+001  0.9127028898326713E+000  0.9528766719486031E+000 -0.7893543906372377E-001  0.1612935216445573E+000
 0.2173702200000000E+000  0.9638277100000000E+000 -0.1107997257958534E+001  0.8983203524602436E+000  0.9353221961219995E+000 -0.8139124321721972E-001  0.1725586440224937E+000
 0.2334521800000000E+000  0.9638277100000000E+000 -0.1091536294285959E+001  0.8842305797180192E+000  0.9185993552195096E+000 -0.8423093846213492E-001  0.1838585900671998E+000
 0.2500348700000000E+000  0.9638277100000000E+000 -0.1075551654982559E+001  0.8703289030596741E+000  0.9025371192542085E+000 -0.8742728384680128E-001  0.1950394310855101E+000
 0.2670968500000000E+000  0.9638277100000000E+000 -0.1059786796079969E+001  0.8564946651731358E+000  0.8869532340758303E+000 -0.9094240141290563E-001  0.2059248495587850E+000
 0.2846128000000000E+000  0.9638277100000000E+000 -0.1043964342547937E+001  0.8425938399903664E+000  0.8716584580153286E+000 -0.9472845578526623E-001  0.2163151985068229E+000
 0.3025536600000000E+000  0.9638277100000000E+000 -0.1027789618364074E+001  0.8284813408927592E+000  0.8564592882360407E+000 -0.9872817693629442E-001  0.2259881639716005E+000
 0.3208866600000000E+000  0.9638277100000000E+000 -0.1010955460943999E+001  0.8140037977811468E+000  0.8411602504212817E+000 -0.1028752200068636E+000  0.2347014553298636E+000
 0.3395755000000000E+000  0.9638277100000000E+000 -0.9931493046448783E+000  0.7990030705579962E+000  0.8255662077582842E+000 -0.1070945291649566E+000  0.2421983670214107E+000
 0.3585805500000000E+000  0.9638277100000000E+000 -0.9740636529794671E+000  0.7833210147106637E+000  0.8094854217735095E+000 -0.1113028206093788E+000  0.2482166957875431E+000
 0.3778591900000000E+000  0.9638277100000000E+000 -0.9534103316860613E+000  0.7668056545706575E+000  0.7927337452792566E+000 -0.1154093655129899E+000  0.2525013007974469E+000
 0.3973661100000000E+000  0.9638277100000000E+000 -0.9309384144735768E+000  0.7493189049367669E+000  0.7751403726845939E+000 -0.1193171836578285E+000  0.2548199233096650E+000
 0.4170537000000000E+000  0.9638277100000000E+000 -0.9064543754919355E+000  0.7307453839091370E+000  0.7565550191052277E+000 -0.1229248103423420E+000  0.2549812482700120E+000
 0.4368725300000000E+000  0.9638277100000000E+000 -0.8798420128096157E+000  0.7110015553489910E+000  0.7368561210532469E+000 -0.1261287273288187E+000  0.2528532731401143E+000
 0.4567718400000000E+000  0.9638277100000000E+000 -0.8510789712795120E+000  0.6900441721345878E+000  0.7159593274223723E+000 -0.1288264726731740E+000  0.2483794104770169E+000
 0.4767000000000000E+000  0.9638277100000000E+000 -0.8202465486239159E+000  0.6678768068932814E+000  0.6938252147680496E+000 -0.1309203798306892E+000  0.2415896217081359E+000
 0.4966051100000000E+000  0.9638277100000000E+000 -0.7875299297135036E+000  0.6445531237377834E+000  0.6704648011179628E+000 -0.1323218221835603E+000  0.2326042875306650E+000
 0.5164355000000000E+000  0.9638277100000000E+000 -0.7532082285945323E+000  0.6201763716096376E+000  0.6459420064338708E+000 -0.1329556792933725E+000  0.2216297465562381E+000
 0.5361402700000000E+000  0.9638277100000000E+000 -0.7176352274802994E+000  0.5948947971409305E+000  0.6203722322839533E+000 -0.1327647041701408E+000  0.2089458660082298E+000
 0.5556698200000000E+000  0.9638277100000000E+000 -0.6812137556405159E+000  0.5688935252776710E+000  0.5939170149606291E+000 -0.1317133775724835E+000  0.1948874567669225E+000
 0.5749763200000000E+000  0.9638277100000000E+000 -0.6443676634615214E+000  0.5423840016992619E+000  0.5667753372318770E+000 -0.1297908327908875E+000  0.1798223025223094E+000
 0.5940141799999999E+000  0.9638277100000000E+000 -0.6075151038584889E+000  0.5155922175731130E+000  0.5391725129639794E+000 -0.1270124766491632E+000  0.1641287109246361E+000
 0.6127404500000000E+000  0.9638277100000000E+000 -0.5710461900299491E+000  0.4887470930239674E+000  0.5113479727567981E+000 -0.1234200418847252E+000  0.1481751470646034E+000
 0.6311151600000000E+000  0.9638277100000000E+000 -0.5353066580850002E+000  0.4620700589647105E+000  0.4835431733885032E+000 -0.1190799647856056E+000  0.1323036300407036E+000
 0.6491016200000000E+000  0.9638277100000000E+000 -0.5005878650646232E+000  0.4357665042884829E+000  0.4559906343265672E+000 -0.1140801578549010E+000  0.1168176360606183E+000
 0.6666666700000000E+000  0.9638277100000000E+000 -0.4671225577655673E+000  0.4100194335973733E+000  0.4289048432933332E+000 -0.1085254334492710E+000  0.1019745034081651E+000
 0.6837808000000000E+000  0.9638277100000000E+000 -0.4350854384090536E+000  0.3849854803612047E+000  0.4024755547452896E+000 -0.1025320165386936E+000  0.8798187821669234E-001
 0.7004183000000000E+000  0.9638277100000000E+000 -0.4045969172151938E+000  0.3607928520173549E+000  0.3768633370198375E+000 -0.9622160499980925E-001  0.7499728112600847E-001
 0.7165572700000000E+000  0.9638277100000000E+000 -0.3757291487747810E+000  0.3375411426816590E+000  0.3521975004936680E+000 -0.8971555898202550E-001  0.6313011002533189E-001
 0.7321796300000000E+000  0.9638277100000000E+000 -0.3485130660577181E+000  0.3153024454079100E+000  0.3285759056611838E+000 -0.8312965354877801E-001  0.5244521798724758E-001
 0.7472710500000000E+000  0.9638277100000000E+000 -0.3229457866020874E+000  0.2941235181413203E+000  0.3060664012197536E+000 -0.7656979286565709E-001  0.4296753069703781E-001
 0.7618208000000000E+000  0.9638277100000000E+000 -0.2989978379644050E+000  0.2740286674409382E+000  0.2847094837731386E+000 -0.7012891464522951E-001  0.3468724451629440E-001
 0.7758216500000000E+000  0.9638277100000000E+000 -0.2766196381051578E+000  0.2550228820179498E+000  0.2645215922750073E+000 -0.6388509684868625E-001  0.2756521513391928E-001
 0.7892696500000000E+000  0.9638277100000000E+000 -0.2557473252505293E+000  0.2370952191809465E+000  0.2454989371708358E+000 -0.5790087242839033E-001  0.2153843848333753E-001
 0.8021639100000000E+000  0.9638277100000000E+000 -0.2363076496707313E+000  0.2202220879244174E+000  0.2276213858683736E+000 -0.5222352817953246E-001  0.1652541002209783E-001
 0.8145064000000000E+000  0.9638277100000000E+000 -0.2182219079545359E+000  0.2043702682998769E+000  0.2108561496249830E+000 -0.4688614553942980E-001  0.1243127610590337E-001
 0.8263016600000000E+000  0.9638277100000000E+000 -0.2014091422449448E+000  0.1894997150157763E+000  0.1951612577497457E+000 -0.4190918089544558E-001  0.9152748563389353E-002
 0.8375565600000000E+000  0.9638277100000000E+000 -0.1857884839358910E+000  0.1755659038815325E+000  0.1804885190878818E+000 -0.3730228850322639E-001  0.6582656744716186E-002
 0.8482800500000000E+000  0.9638277100000000E+000 -0.1712808501182660E+000  0.1625217803353728E+000  0.1667860080272717E+000 -0.3306621856520737E-001  0.4614092601951523E-002
 0.8584829000000000E+000  0.9638277100000000E+000 -0.1578101100058808E+000  0.1503193159226902E+000  0.1540000695321594E+000 -0.2919464624114861E-001  0.3144061314896739E-002
 0.8681774200000000E+000  0.9638277100000000E+000 -0.1453038486224779E+000  0.1389107138418298E+000  0.1420768846677351E+000 -0.2567584178312017E-001  0.2076545851948651E-002
 0.8773772700000000E+000  0.9638277100000000E+000 -0.1336936937161688E+000  0.1282491826487127E+000  0.1309635171161532E+000 -0.2249409468771964E-001  0.1324889288635805E-002
 0.8860971700000000E+000  0.9638277100000000E+000 -0.1229155477104890E+000  0.1182895624488920E+000  0.1206087464543545E+000 -0.1963095019009820E-001  0.8134526786592249E-003
 0.8943527400000000E+000  0.9638277100000000E+000 -0.1129095057546563E+000  0.1089885953544966E+000  0.1109634800271105E+000 -0.1706618587436071E-001  0.4784896592107855E-003
 0.9021602500000000E+000  0.9638277100000000E+000 -0.1036197993392378E+000  0.1003051551770517E+000  0.1019810812018594E+000 -0.1477862837553559E-001  0.2682705250288934E-003
 0.9095365000000000E+000  0.9638277100000000E+000 -0.9499453824833178E-001  0.9220023654989261E-001  0.9361741488618802E-001 -0.1274676628422094E-001  0.1425098503487282E-003
 0.9164985600000000E+000  0.9638277100000000E+000 -0.8698560590569489E-001  0.8463704649568568E-001  0.8583097311827978E-001 -0.1094926762650545E-001  0.7123082068531586E-004
 0.9230637200000000E+000  0.9638277100000000E+000 -0.7954831398225684E-001  0.7758084039133029E-001  0.7858271706026357E-001 -0.9365325696934424E-002  0.3322715765479803E-004
 0.9292492700000000E+000  0.9638277100000000E+000 -0.7264127316775558E-001  0.7099893986091890E-001  0.7183609226759810E-001 -0.7974958642217381E-002  0.1432610207376784E-004
 0.9350724600000000E+000  0.9638277100000000E+000 -0.6622608195699388E-001  0.6486056270636437E-001  0.6555684046260249E-001 -0.6759187836892056E-002  0.5643900807864152E-005
 0.9405503300000000E+000  0.9638277100000000E+000 -0.6026718893213657E-001  0.5913680494977835E-001  0.5971296074783567E-001 -0.5700185085876143E-002  0.2003816747975057E-005
 0.9456996700000000E+000  0.9638277100000000E+000 -0.5473163722863882E-001  0.5380049964120372E-001  0.5427454040747492E-001 -0.4781340423102682E-002  0.6305403939652821E-006
 0.9505369100000000E+000  0.9638277100000000E+000 -0.4958891301682156E-001  0.4882616508198544E-001  0.4921367509979818E-001 -0.3987304413849151E-002  0.1723000581631370E-006
 0.9550781000000000E+000  0.9638277100000000E+000 -0.4481072246536943E-001  0.4418987464000632E-001  0.4450430849305832E-001 -0.3303982481155696E-002  0.3986982634712357E-007
 0.9593388200000000E+000  0.9638277100000000E+000 -0.4037086777792322E-001  0.3986921319564268E-001  0.4012216057657308E-001 -0.2718517272639679E-002  0.7572107965418137E-008
 0.9633341700000000E+000  0.9638277100000000E+000 -0.3624506078473138E-001  0.3584316474333740E-001  0.3604458710119269E-001 -0.2219240289689223E-002  0.1135693430221115E-008
 0.9670787100000000E+000  0.9638277100000000E+000 -0.3241080977279263E-001  0.3209206328551305E-001  0.3225050490617577E-001 -0.1795618303068434E-002  0.1286563845519422E-009
 0.9705864600000000E+000  0.9638277100000000E+000 -0.2884726299353702E-001  0.2859749433460512E-001  0.2872026906774760E-001 -0.1438183495942224E-002  0.1063339894668872E-010
 0.9738709000000000E+000  0.9638277100000000E+000 -0.2553507052268295E-001  0.2534220747059061E-001  0.2543556342802477E-001 -0.1138460212626920E-002  0.6751839860846632E-012
 0.9769449100000001E+000  0.9638277100000000E+000 -0.2245632220975040E-001  0.2231009770038332E-001  0.2237936261935718E-001 -0.8888949662473205E-003  0.4261780929985813E-013
 0.9798208200000000E+000  0.9638277100000000E+000 -0.1959438858573664E-001  0.1948608611461976E-001  0.1953579449537481E-001 -0.6827760521902460E-003  0.2838183845495754E-014
 0.9825103800000000E+000  0.9638277100000000E+000 -0.1693385543407625E-001  0.1685608765283244E-001  0.1689009251168095E-001 -0.5141624710377250E-003  0.1200003885287242E-015
 0.9850247900000000E+000  0.9638277100000000E+000 -0.1446040973766075E-001  0.1440692651916232E-001  0.1442849734146457E-001 -0.3778109076132400E-003  0.1075745287668134E-016
 0.9873746700000000E+000  0.9638277100000000E+000 -0.1216079514687477E-001  0.1212631615706281E-001  0.1213822547958205E-001 -0.2691100707015284E-003 -0.1104518605499431E-016
 0.9895701099999999E+000  0.9638277100000000E+000 -0.1002269763313770E-001  0.1000276603388756E-001  0.1000736654767251E-001 -0.1840145680013369E-003  0.1480639186241086E-016
 0.9916206800000000E+000  0.9638277100000000E+000 -0.8034678977878252E-002  0.8025531058855794E-002  0.8024826564343520E-002 -0.1189860986197522E-003 -0.1624760589706211E-016
 0.9935354199999999E+000  0.9638277100000000E+000 -0.6186136494245116E-002  0.6184580520890982E-002  0.6180296047917516E-002 -0.7093941995326179E-004  0.1155051526043677E-016
 0.9953228800000000E+000  0.9638277100000000E+000 -0.4467220454914774E-002  0.4470510728636541E-002  0.4464174784740114E-002 -0.3719111101060833E-004  0.8292309415226444E-018
 0.9969911299999999E+000  0.9638277100000000E+000 -0.2868786303539460E-002  0.2874443568259615E-002  0.2867530258541900E-002 -0.1541398444929897E-004 -0.1278260744089904E-016
 0.9985477800000000E+000  0.9638277100000000E+000 -0.1382342050292942E-002  0.1387697287972205E-002  0.1382050414901021E-002 -0.3595450891344569E-005  0.1096903069004882E-016
 0.1000000000000000E+001  0.9638277100000000E+000  0.2559212109375394E-019  0.4902384231540806E-019 -0.3210219490346046E-019  0.4984822974590798E-027 -0.3138319997313935E-022

 0.0000000000000000E+000  0.1005198300000000E+001 -0.1482172788565942E+001  0.1149487918986571E+001  0.1314931345764656E+001 -0.7384992612692676E-001  0.5017682325081390E-001
 0.5783680700000000E-002  0.1005198300000000E+001 -0.1481244216334927E+001  0.1148932419411917E+001  0.1313997077508860E+001 -0.7384582297238840E-001  0.5032148208352490E-001
 0.1192781000000000E-001  0.1005198300000000E+001 -0.1478205639983100E+001  0.1147114048849952E+001  0.1310939706758477E+001 -0.7383187797666772E-001  0.5079749256218983E-001
 0.1844960300000000E-001  0.1005198300000000E+001 -0.1472692334378778E+001  0.1143811755706457E+001  0.1305391685565980E+001 -0.7380454879047919E-001  0.5167159027617409E-001
 0.2536636600000000E-001  0.1005198300000000E+001 -0.1464391564574568E+001  0.1138831834942437E+001  0.1297037103256681E+001 -0.7375857912175042E-001  0.5301362057515546E-001
 0.3269537900000000E-001  0.1005198300000000E+001 -0.1453087106371518E+001  0.1132032845286757E+001  0.1285656216620609E+001 -0.7368699638349546E-001  0.5489364748011115E-001
 0.4045376700000000E-001  0.1005198300000000E+001 -0.1438702030068767E+001  0.1123349305769355E+001  0.1271168260260349E+001 -0.7358185069454901E-001  0.5737846854363325E-001
 0.4865834800000000E-001  0.1005198300000000E+001 -0.1421329895701155E+001  0.1112808743845713E+001  0.1253662689236983E+001 -0.7343601262471516E-001  0.6052791616944632E-001
 0.5732546900000000E-001  0.1005198300000000E+001 -0.1401244777118667E+001  0.1100537048101679E+001  0.1233409276958704E+001 -0.7324609911391596E-001  0.6439145060126891E-001
 0.6647082500000000E-001  0.1005198300000000E+001 -0.1378884653222303E+001  0.1086749551568134E+001  0.1210841615457730E+001 -0.7301615676929457E-001  0.6900553331040413E-001
 0.7610926000000000E-001  0.1005198300000000E+001 -0.1354809540541716E+001  0.1071729057556290E+001  0.1186515404530432E+001 -0.7276125694707446E-001  0.7439210693714589E-001
 0.8625455200000000E-001  0.1005198300000000E+001 -0.1329642669653018E+001  0.1055795548310615E+001  0.1161049847195435E+001 -0.7250990018329867E-001  0.8055824645506016E-001
 0.9691918300000001E-001  0.1005198300000000E+001 -0.1304007109619392E+001  0.1039274086087389E+001  0.1135064572093629E+001 -0.7230428874045557E-001  0.8749677807091043E-001
 0.1081141000000000E+000  0.1005198300000000E+001 -0.1278470007463571E+001  0.1022466869946775E+001  0.1109124266759699E+001 -0.7219809756058450E-001  0.9518748298885381E-001
 0.1198484800000000E+000  0.1005198300000000E+001 -0.1253502723604619E+001  0.1005633180593815E+001  0.1083699319999925E+001 -0.7225211616919128E-001  0.1035984532581315E+000
 0.1321294200000000E+000  0.1005198300000000E+001 -0.1229459934037625E+001  0.9889783817502622E+000  0.1059145566679605E+001 -0.7252871361127622E-001  0.1126871540517916E+000
 0.1449617600000000E+000  0.1005198300000000E+001 -0.1206575443553069E+001  0.9726506123151089E+000  0.1035700892184518E+001 -0.7308627665920399E-001  0.1224010708831004E+000
 0.1583477400000000E+000  0.1005198300000000E+001 -0.1184970712999146E+001  0.9567434081057579E+000  0.1013494733454024E+001 -0.7397456926708995E-001  0.1326775812123789E+000
 0.1722868300000000E+000  0.1005198300000000E+001 -0.1164670073257622E+001  0.9413014224934602E+000  0.9925644550202075E+000 -0.7523154442693063E-001  0.1434432621129449E+000
 0.1867754200000000E+000  0.1005198300000000E+001 -0.1145618535011626E+001  0.9263276603738861E+000  0.9728745341225504E+000 -0.7688166707322203E-001  0.1546124381789067E+000
 0.2018066600000000E+000  0.1005198300000000E+001 -0.1127698434430764E+001  0.9117904922522372E+000  0.9543347764609582E+000 -0.7893551045632659E-001  0.1660852827417650E+000
 0.2173702200000000E+000  0.1005198300000000E+001 -0.1110743438099880E+001  0.8976299220196285E+000  0.9368160594163142E+000 -0.8139019848045084E-001  0.1777454330198611E+000
 0.2334521800000000E+000  0.1005198300000000E+001 -0.1094548985425718E+001  0.8837625699298844E+000  0.9201625863428186E+000 -0.8423030187408681E-001  0.1894574673872149E+000
 0.2500348700000000E+000  0.1005198300000000E+001 -0.1078879593356799E+001  0.8700855623514392E+000  0.9042009264939053E+000 -0.8742883252701442E-001  0.2010643647921516E+000
 0.2670968500000000E+000  0.1005198300000000E+001 -0.1063473557823503E+001  0.8564793862556016E+000  0.8887461142226247E+000 -0.9094815166040267E-001  0.2123854389433648E+000
 0.2846128000000000E+000  0.1005198300000000E+001 -0.1048046353120391E+001  0.8428102738540716E+000  0.8736057387454911E+000 -0.9474065043872798E-001  0.2232150592064494E+000
 0.3025536600000000E+000  0.1005198300000000E+001 -0.1032293687555763E+001  0.8289322990975564E+000  0.8585824792595729E+000 -0.9874926702869415E-001  0.2333229948119254E+000
 0.3208866600000000E+000  0.1005198300000000E+001 -0.1015895919098426E+001  0.8146899816472729E+000  0.8434761893306688E+000 -0.1029078332327083E+000  0.2424568608344632E+000
 0.3395755000000000E+000  0.1005198300000000E+001 -0.9985249544992519E+000  0.7999217012673753E+000  0.8280860291843080E+000 -0.1071414178641340E+000  0.2503476040868080E+000
 0.3585805500000000E+000  0.1005198300000000E+001 -0.9798549049880844E+000  0.7844644782892253E+000  0.8122134263827206E+000 -0.1113667829185948E+000  0.2567186150386536E+000
 0.3778591900000000E+000  0.1005198300000000E+001 -0.9595770423157781E+000  0.7681603209967134E+000  0.7956663000641707E+000 -0.1154931354811365E+000  0.2612988569450454E+000
 0.3973661100000000E+000  0.1005198300000000E+001 -0.9374190324152305E+000  0.7508643108126311E+000  0.7782650210402468E+000 -0.1194232893081568E+000  0.2638396869649696E+000
 0.4170537000000000E+000  0.1005198300000000E+001 -0.9131669697537104E+000  0.7324539732614705E+000  0.7598500099274090E+000 -0.1230554034659537E+000  0.2641343327880009E+000
 0.4368725300000000E+000  0.1005198300000000E+001 -0.8866875464624506E+000  0.7128391312178771E+000  0.7402905576558357E+000 -0.1262853946994521E+000  0.2620379474598072E+000
 0.4567718400000000E+000  0.1005198300000000E+001 -0.8579467973921840E+000  0.6919711182491717E+000  0.7194940770796738E+000 -0.1290100445869186E+000  0.2574854028316598E+000
 0.4767000000000000E+000  0.1005198300000000E+001 -0.8270216216932281E+000  0.6698500082526700E+000  0.6974146106515045E+000 -0.1311307572751438E+000  0.2505037804638073E+000
 0.4966051100000000E+000  0.1005198300000000E+001 -0.7941007896510309E+000  0.6465283784986439E+000  0.6740590298897495E+000 -0.1325578472163281E+000  0.2412169453912562E+000
 0.5164355000000000E+000  0.1005198300000000E+001 -0.7594745859424187E+000  0.6221109833095059E+000  0.6494899401392504E+000 -0.1332150720293930E+000  0.2298409462909266E+000
 0.5361402700000000E+000  0.1005198300000000E+001 -0.7235140542708798E+000  0.5967500033348766E+000  0.6238243762977723E+000 -0.1330440845049666E+000  0.2166706195060381E+000
 0.5556698200000000E+000  0.1005198300000000E+001 -0.6866431394330450E+000  0.5706364628396962E+000  0.5972282269026694E+000 -0.1320083800755018E+000  0.2020594218845614E+000
 0.5749763200000000E+000  0.1005198300000000E+001 -0.6493081834280809E+000  0.5439890143393106E+000  0.5699070282486374E+000 -0.1300963109767046E+000  0.1863955982286664E+000
 0.5940141799999999E+000  0.1005198300000000E+001 -0.6119489630639005E+000  0.5170414404782123E+000  0.5420941488498729E+000 -0.1273227804515908E+000  0.1700779345748975E+000
 0.6127404500000000E+000  0.1005198300000000E+001 -0.5749746630288265E+000  0.4900303671209431E+000  0.5140378155863665E+000 -0.1237293417369271E+000  0.1534939204528547E+000
 0.6311151600000000E+000  0.1005198300000000E+001 -0.5387465371996789E+000  0.4631843078153386E+000  0.4859883126124460E+000 -0.1193825893267582E+000  0.1370021333469600E+000
 0.6491016200000000E+000  0.1005198300000000E+001 -0.5035675429421147E+000  0.4367147429001420E+000  0.4581864308602542E+000 -0.1143709108207489E+000  0.1209195989184041E+000
 0.6666666700000000E+000  0.1005198300000000E+001 -0.4696782382946050E+000  0.4108095776390942E+000  0.4308539472347429E+000 -0.1087998588730647E+000  0.1055140502118546E+000
 0.6837808000000000E+000  0.1005198300000000E+001 -0.4372577929792528E+000  0.3856290999790318E+000  0.4041866634415509E+000 -0.1027865893480072E+000  0.9100051707303972E-001
 0.7004183000000000E+000  0.1005198300000000E+001 -0.4064283395121077E+000  0.3613039771442894E+000  0.3783498409459566E+000 -0.9645383460590212E-001  0.7754120867723560E-001
 0.7165572700000000E+000  0.1005198300000000E+001 -0.3772616457955466E+000  0.3379351917098626E+000  0.3534761382103690E+000 -0.8992400508928056E-001  0.6524791732891028E-001
 0.7321796300000000E+000  0.1005198300000000E+001 -0.3497867435766035E+000  0.3155953163702717E+000  0.3296655150931614E+000 -0.8331386365378367E-001  0.5418601267383626E-001
 0.7472710500000000E+000  0.1005198300000000E+001 -0.3239978491215568E+000  0.2943308580362377E+000  0.3069868251296096E+000 -0.7673017871556501E-001  0.4437945307931120E-001
 0.7618208000000000E+000  0.1005198300000000E+001 -0.2998620082652630E+000  0.2741653182078534E+000  0.2854806609512553E+000 -0.7026658909910809E-001  0.3581633494795888E-001
 0.7758216500000000E+000  0.1005198300000000E+001 -0.2773259008698897E+000  0.2551024900920663E+000  0.2651628436580062E+000 -0.6400169289859597E-001  0.2845458109681403E-001
 0.7892696500000000E+000  0.1005198300000000E+001 -0.2563219111105481E+000  0.2371299901992602E+000  0.2460284424096348E+000 -0.5799836391310203E-001  0.2222767562834041E-001
 0.8021639100000000E+000  0.1005198300000000E+001 -0.2367731868920489E+000  0.2202226642631368E+000  0.2280558335947215E+000 -0.5230406705379921E-001  0.1705023452527187E-001
 0.8145064000000000E+000  0.1005198300000000E+001 -0.2185976825168396E+000  0.2043457062030468E+000  0.2112105379256215E+000 -0.4695192524469200E-001  0.1282333295957202E-001
 0.8263016600000000E+000  0.1005198300000000E+001 -0.2017114205763192E+000  0.1894575387385969E+000  0.1954488186926051E+000 -0.4196233040084662E-001  0.9439568262203098E-002
 0.8375565600000000E+000  0.1005198300000000E+001 -0.1860308625294390E+000  0.1755122152107180E+000  0.1807207392262798E+000 -0.3734479714736817E-001  0.6787735937207720E-002
 0.8482800500000000E+000  0.1005198300000000E+001 -0.1714746065370047E+000  0.1624614041246086E+000  0.1669727185246551E+000 -0.3309988889367142E-001  0.4757078523586028E-002
 0.8584829000000000E+000  0.1005198300000000E+001 -0.1579645377560892E+000  0.1502559648146537E+000  0.1541495821111992E+000 -0.2922107025393642E-001  0.3241021248042982E-002
 0.8681774200000000E+000  0.1005198300000000E+001 -0.1454265648922920E+000  0.1388471582740305E+000  0.1421961531356034E+000 -0.2569639531067519E-001  0.2140302999591559E-002
 0.8773772700000000E+000  0.1005198300000000E+001 -0.1337909137729990E+000  0.1281874154144860E+000  0.1310583079573100E+000 -0.2250994466137824E-001  0.1365405514728233E-002
 0.8860971700000000E+000  0.1005198300000000E+001 -0.1229923242992667E+000  0.1182309502933116E+000  0.1206838068026927E+000 -0.1964307031839664E-001  0.8382385719940458E-003
 0.8943527400000000E+000  0.1005198300000000E+001 -0.1129699338227336E+000  0.1089340130441601E+000  0.1110226945401506E+000 -0.1707537696408921E-001  0.4930212849889968E-003
 0.9021602500000000E+000  0.1005198300000000E+001 -0.1036671888138791E+000  0.1002551000068109E+000  0.1020276133728128E+000 -0.1478554056911920E-001  0.2763935353938818E-003
 0.9095365000000000E+000  0.1005198300000000E+001 -0.9503155803884322E-001  0.9215492331587466E-001  0.9365383053097802E-001 -0.1275192122854588E-001  0.1468132520528706E-003
 0.9164985600000000E+000  0.1005198300000000E+001 -0.8701440316960651E-001  0.8459648420397151E-001  0.8585934620521758E-001 -0.1095307937406156E-001  0.7337651073554850E-004
 0.9230637200000000E+000  0.1005198300000000E+001 -0.7957061209379668E-001  0.7754489297298994E-001  0.7860471874440375E-001 -0.9368119581392718E-002  0.3422582958595026E-004
 0.9292492700000000E+000  0.1005198300000000E+001 -0.7265845207979008E-001  0.7096737323723007E-001  0.7185306517200937E-001 -0.7976987851453995E-002  0.1475581392050776E-004
 0.9350724600000000E+000  0.1005198300000000E+001 -0.6623924379368797E-001  0.6483308074823307E-001  0.6556986003827431E-001 -0.6760647595313474E-002  0.5812878218800446E-005
 0.9405503300000000E+000  0.1005198300000000E+001 -0.6027721153236598E-001  0.5911307643106158E-001  0.5972288581447790E-001 -0.5701224574424429E-002  0.2063710267168043E-005
 0.9456996700000000E+000  0.1005198300000000E+001 -0.5473921770611719E-001  0.5378017814942305E-001  0.5428205456046571E-001 -0.4782072622734920E-002  0.6493583693287232E-006
 0.9505369100000000E+000  0.1005198300000000E+001 -0.4959460318911500E-001  0.4880890338161117E-001  0.4921932058618872E-001 -0.3987814125661556E-002  0.1774350898588148E-006
 0.9550781000000000E+000  0.1005198300000000E+001 -0.4481495759108221E-001  0.4417533479310114E-001  0.4450851382744259E-001 -0.3304332774400996E-002  0.4105656371037665E-007
 0.9593388200000000E+000  0.1005198300000000E+001 -0.4037398985503617E-001  0.3985707338610671E-001  0.4012526303008394E-001 -0.2718754612981861E-002  0.7797237285865660E-008
 0.9633341700000000E+000  0.1005198300000000E+001 -0.3624733738332912E-001  0.3583312363866737E-001  0.3604685095133325E-001 -0.2219398572177154E-002  0.1169425099994817E-008
 0.9670787100000000E+000  0.1005198300000000E+001 -0.3241244924219183E-001  0.3208384252325297E-001  0.3225213622502220E-001 -0.1795721993602583E-002  0.1324744606753698E-009
 0.9705864600000000E+000  0.1005198300000000E+001 -0.2884842670545994E-001  0.2859083964871663E-001  0.2872142766498757E-001 -0.1438250053920687E-002  0.1094881728454093E-010
 0.9738709000000000E+000  0.1005198300000000E+001 -0.2553588270949584E-001  0.2533688882792791E-001  0.2543637247485531E-001 -0.1138501942239179E-002  0.6952050472225436E-012
 0.9769449100000001E+000  0.1005198300000000E+001 -0.2245687785724477E-001  0.2230590871302762E-001  0.2237991638875907E-001 -0.8889204184812116E-003  0.4390002600234953E-013
 0.9798208200000000E+000  0.1005198300000000E+001 -0.1959475973880042E-001  0.1948284299661783E-001  0.1953616455981798E-001 -0.6827910759784396E-003  0.2909877010301087E-014
 0.9825103800000000E+000  0.1005198300000000E+001 -0.1693409622786208E-001  0.1685362785630553E-001  0.1689033269822259E-001 -0.5141709942827820E-003  0.1339666690863491E-015
 0.9850247900000000E+000  0.1005198300000000E+001 -0.1446056039629444E-001  0.1440510719812170E-001  0.1442864767720797E-001 -0.3778155114475517E-003 -0.1146862540611153E-017
 0.9873746700000000E+000  0.1005198300000000E+001 -0.1216088515384102E-001  0.1212501253561679E-001  0.1213831532504741E-001 -0.2691124072980079E-003  0.8630943708575269E-017
 0.9895701099999999E+000  0.1005198300000000E+001 -0.1002274823353713E-001  0.1000186976881675E-001  0.1000741707355386E-001 -0.1840156608734394E-003 -0.1336874256671248E-016
 0.9916206800000000E+000  0.1005198300000000E+001 -0.8034705147373889E-002  0.8024948631801771E-002  0.8024852703064451E-002 -0.1189865556955203E-003  0.1586960614327251E-016
 0.9935354199999999E+000  0.1005198300000000E+001 -0.6186148481655080E-002  0.6184231692364351E-002  0.6180308024513193E-002 -0.7093958246859288E-004 -0.1355657383070855E-016
 0.9953228800000000E+000  0.1005198300000000E+001 -0.4467224984418707E-002  0.4470327084123568E-002  0.4464179311303225E-002 -0.3719115569137162E-004 -0.5834108106662423E-017
 0.9969911299999999E+000  0.1005198300000000E+001 -0.2868787506928212E-002  0.2874367163754429E-002  0.2867531461430521E-002 -0.1541399212679156E-004  0.5836045339676045E-016
 0.9985477800000000E+000  0.1005198300000000E+001 -0.1382342185325511E-002  0.1387679403057917E-002  0.1382050549906615E-002 -0.3595451309137448E-005 -0.1310440836062949E-015
 0.1000000000000000E+001  0.1005198300000000E+001  0.1009906797275223E-020  0.4804430047032585E-020 -0.6919929257036199E-019 -0.1785182083268826E-027  0.7235324114315715E-022

 0.0000000000000000E+000  0.1044577300000000E+001 -0.1486644214672651E+001  0.1145016495763085E+001  0.1319340513279629E+001 -0.7384992612692676E-001  0.5139149029390429E-001
 0.5783680700000000E-002  0.1044577300000000E+001 -0.1485704151737319E+001  0.1144470601177620E+001  0.1318394271203248E+001 -0.7384605989997042E-001  0.5153969178081047E-001
 0.1192781000000000E-001  0.1044577300000000E+001 -0.1482628051121517E+001  0.1142683643958219E+001  0.1315297776053195E+001 -0.7383288409396230E-001  0.5202736224532583E-001
 0.1844960300000000E-001  0.1044577300000000E+001 -0.1477046965056670E+001  0.1139438280433846E+001  0.1309678994630671E+001 -0.7380692545506828E-001  0.5292288175185909E-001
 0.2536636600000000E-001  0.1044577300000000E+001 -0.1468644915711370E+001  0.1134543906454691E+001  0.1301218453168747E+001 -0.7376295595714338E-001  0.5429782878638328E-001
 0.3269537900000000E-001  0.1044577300000000E+001 -0.1457204102225717E+001  0.1127861099658350E+001  0.1289694441645243E+001 -0.7369396833380268E-001  0.5622402520910632E-001
 0.4045376700000000E-001  0.1044577300000000E+001 -0.1442648337280436E+001  0.1119324875996579E+001  0.1275026464009088E+001 -0.7359189565249612E-001  0.5876997468492748E-001
 0.4865834800000000E-001  0.1044577300000000E+001 -0.1425074705662414E+001  0.1108961443930519E+001  0.1257306931877905E+001 -0.7344939939427379E-001  0.6199708453705317E-001
 0.5732546900000000E-001  0.1044577300000000E+001 -0.1404763706494304E+001  0.1096893512349214E+001  0.1236811370407091E+001 -0.7326280317373236E-001  0.6595618857005217E-001
 0.6647082500000000E-001  0.1044577300000000E+001 -0.1382162325683974E+001  0.1083331628237027E+001  0.1213981593025402E+001 -0.7303580622990095E-001  0.7068487136994761E-001
 0.7610926000000000E-001  0.1044577300000000E+001 -0.1357841432828146E+001  0.1068552724924356E+001  0.1189383252404854E+001 -0.7278312941537426E-001  0.7620592790193646E-001
 0.8625455200000000E-001  0.1044577300000000E+001 -0.1332435944620539E+001  0.1052870513529861E+001  0.1163646224923902E+001 -0.7253298109453273E-001  0.8252702422920404E-001
 0.9691918300000001E-001  0.1044577300000000E+001 -0.1306580374989598E+001  0.1036604080753661E+001  0.1137400465132279E+001 -0.7232738542771808E-001  0.8964135033509567E-001
 0.1081141000000000E+000  0.1044577300000000E+001 -0.1280852156759661E+001  0.1020050522701009E+001  0.1111219731757885E+001 -0.7221998727027537E-001  0.9752887206772885E-001
 0.1198484800000000E+000  0.1044577300000000E+001 -0.1255731165877821E+001  0.1003465265103810E+001  0.1085581633868210E+001 -0.7227169747509836E-001  0.1061577377794771E+000
 0.1321294200000000E+000  0.1044577300000000E+001 -0.1231578567918476E+001  0.9870512175368545E+000  0.1060847141108448E+001 -0.7254513277346616E-001  0.1154853814080026E+000
 0.1449617600000000E+000  0.1044577300000000E+001 -0.1208632682260357E+001  0.9709554307210873E+000  0.1037257267758028E+001 -0.7309901136113640E-001  0.1254591953693614E+000
 0.1583477400000000E+000  0.1044577300000000E+001 -0.1187017765906954E+001  0.9552715451697483E+000  0.1014942871832660E+001 -0.7398346632591371E-001  0.1360164001181609E+000
 0.1722868300000000E+000  0.1044577300000000E+001 -0.1166759566047280E+001  0.9400452651716474E+000  0.9939414272359385E+000 -0.7523681951278986E-001  0.1470833229645848E+000
 0.1867754200000000E+000  0.1044577300000000E+001 -0.1147803447204024E+001  0.9252813130099979E+000  0.9742166081781126E+000 -0.7688388042561380E-001  0.1585738787771983E+000
 0.2018066600000000E+000  0.1044577300000000E+001 -0.1130031258132108E+001  0.9109501645248801E+000  0.9556768377262987E+000 -0.7893553276982443E-001  0.1703875661538032E+000
 0.2173702200000000E+000  0.1044577300000000E+001 -0.1113275418913497E+001  0.8969940496860556E+000  0.9381912638520797E+000 -0.8138917777017710E-001  0.1824069291278035E+000
 0.2334521800000000E+000  0.1044577300000000E+001 -0.1097329291228990E+001  0.8833316854506507E+000  0.9216021359562890E+000 -0.8422963724561275E-001  0.1944948324195559E+000
 0.2500348700000000E+000  0.1044577300000000E+001 -0.1081954258151157E+001  0.8698619267561822E+000  0.9057338625542098E+000 -0.8743015617285783E-001  0.2064916644838773E+000
 0.2670968500000000E+000  0.1044577300000000E+001 -0.1066884069927555E+001  0.8564663921149025E+000  0.8903990390430242E+000 -0.9095331676996460E-001  0.2182129703806613E+000
 0.2846128000000000E+000  0.1044577300000000E+001 -0.1051827791093202E+001  0.8430116260043715E+000  0.8754023956520107E+000 -0.9475172021332158E-001  0.2294478380908236E+000
 0.3025536600000000E+000  0.1044577300000000E+001 -0.1036472375921849E+001  0.8293509914128809E+000  0.8605431468199758E+000 -0.9876849858390462E-001  0.2399589181412974E+000
 0.3208866600000000E+000  0.1044577300000000E+001 -0.1020486663195455E+001  0.8153271019647960E+000  0.8456168736919157E+000 -0.1029376494376362E+000  0.2494846058632561E+000
 0.3395755000000000E+000  0.1044577300000000E+001 -0.1003528048453406E+001  0.8007751303521017E+000  0.8304174784248178E+000 -0.1071843602857603E+000  0.2577444160468980E+000
 0.3585805500000000E+000  0.1044577300000000E+001 -0.9852532612152274E+000  0.7855275881811211E+000  0.8147400369684878E+000 -0.1114254398514148E+000  0.2644482387395707E+000
 0.3778591900000000E+000  0.1044577300000000E+001 -0.9653339495146503E+000  0.7694208239805870E+000  0.7983850397019721E+000 -0.1155700409641838E+000  0.2693099754905650E+000
 0.3973661100000000E+000  0.1044577300000000E+001 -0.9434771480065870E+000  0.7523034430449975E+000  0.7811645403397229E+000 -0.1195207919461393E+000  0.2720652979305575E+000
 0.4170537000000000E+000  0.1044577300000000E+001 -0.9194491378116803E+000  0.7340462060267301E+000  0.7629101484244626E+000 -0.1231755083405970E+000  0.2724924843590827E+000
 0.4368725300000000E+000  0.1044577300000000E+001 -0.8930998348674526E+000  0.7145525653164169E+000  0.7434824446958519E+000 -0.1264295872385365E+000  0.2704341244428198E+000
 0.4567718400000000E+000  0.1044577300000000E+001 -0.8643837635207293E+000  0.6937686271822678E+000  0.7227809711967250E+000 -0.1291791112150909E+000  0.2658165907476688E+000
 0.4767000000000000E+000  0.1044577300000000E+001 -0.8333733229320989E+000  0.6716910668095791E+000  0.7007535137198575E+000 -0.1313246229155131E+000  0.2586638939203451E+000
 0.4966051100000000E+000  0.1044577300000000E+001 -0.8002606014541280E+000  0.6483713763070662E+000  0.6774029738237396E+000 -0.1327754529368301E+000  0.2491029783097954E+000
 0.5164355000000000E+000  0.1044577300000000E+001 -0.7653466468613178E+000  0.6239157181463789E+000  0.6527907086279721E+000 -0.1334543150765083E+000  0.2373590047311983E+000
 0.5361402700000000E+000  0.1044577300000000E+001 -0.7290192293347536E+000  0.5984800150825826E+000  0.6270353369670796E+000 -0.1333018379280098E+000  0.2237410082755245E+000
 0.5556698200000000E+000  0.1044577300000000E+001 -0.6917227545662366E+000  0.5722609134006627E+000  0.6003069336990438E+000 -0.1322805998589335E+000  0.2086201719220094E+000
 0.5749763200000000E+000  0.1044577300000000E+001 -0.6539252979394465E+000  0.5454839248492495E+000  0.5728173124443925E+000 -0.1303782269331595E+000  0.1924041636529074E+000
 0.5940141799999999E+000  0.1044577300000000E+001 -0.6160874312515709E+000  0.5183902265618899E+000  0.5448075248470400E+000 -0.1276091554139143E+000  0.1755111353443040E+000
 0.6127404500000000E+000  0.1044577300000000E+001 -0.5786365601051409E+000  0.4912237290082428E+000  0.5165341507788336E+000 -0.1240147738620015E+000  0.1583464674504033E+000
 0.6311151600000000E+000  0.1044577300000000E+001 -0.5419486402227965E+000  0.4642196097716810E+000  0.4882558165779871E+000 -0.1196618265024060E+000  0.1412841986262745E+000
 0.6491016200000000E+000  0.1044577300000000E+001 -0.5063375001678098E+000  0.4375950493503202E+000  0.4602210899529710E+000 -0.1146391450029422E+000  0.1246538957899995E+000
 0.6666666700000000E+000  0.1044577300000000E+001 -0.4720509056009530E+000  0.4115425097306539E+000  0.4326585635947436E+000 -0.1090529716994898E+000  0.1087328090027595E+000
 0.6837808000000000E+000  0.1044577300000000E+001 -0.4392720364327878E+000  0.3862256503134235E+000  0.4057696599953957E+000 -0.1030213279222092E+000  0.9374263099678760E-001
 0.7004183000000000E+000  0.1044577300000000E+001 -0.4081244399969023E+000  0.3617773828223725E+000  0.3797239727478056E+000 -0.9666790619336968E-001  0.7984970736217901E-001
 0.7165572700000000E+000  0.1044577300000000E+001 -0.3786793293807650E+000  0.3382999313533600E+000  0.3546572234234680E+000 -0.9011609028310154E-001  0.6716784024926428E-001
 0.7321796300000000E+000  0.1044577300000000E+001 -0.3509637868173996E+000  0.3158662653991868E+000  0.3306712654890309E+000 -0.8348355704051556E-001  0.5576268840693960E-001
 0.7472710500000000E+000  0.1044577300000000E+001 -0.3249691747757941E+000  0.2945226143946920E+000  0.3078358277731865E+000 -0.7687787324287622E-001  0.4565715590395761E-001
 0.7618208000000000E+000  0.1044577300000000E+001 -0.3006591756823661E+000  0.2742916950273543E+000  0.2861915379913528E+000 -0.7039332413697245E-001  0.3683727278566855E-001
 0.7758216500000000E+000  0.1044577300000000E+001 -0.2779768973215258E+000  0.2551761614518213E+000  0.2657535965884066E+000 -0.6410898619569960E-001  0.2925816230310105E-001
 0.7892696500000000E+000  0.1044577300000000E+001 -0.2568511634957826E+000  0.2371622716434126E+000  0.2465159748284090E+000 -0.5808804551834462E-001  0.2285000890967287E-001
 0.8021639100000000E+000  0.1044577300000000E+001 -0.2372017248887402E+000  0.2202234065625668E+000  0.2284556355529279E+000 -0.5237812889585293E-001  0.1752382043896309E-001
 0.8145064000000000E+000  0.1044577300000000E+001 -0.2189433978457965E+000  0.2043232803564553E+000  0.2115365091422594E+000 -0.4701239510986877E-001  0.1317691310347184E-001
 0.8263016600000000E+000  0.1044577300000000E+001 -0.2019893801813216E+000  0.1894188910932392E+000  0.1957132058125305E+000 -0.4201117443353049E-001  0.9698106154358045E-002
 0.8375565600000000E+000  0.1044577300000000E+001 -0.1862536430351129E+000  0.1754629726447368E+000  0.1809341608188538E+000 -0.3738385089936079E-001  0.6972506965644006E-002
 0.8482800500000000E+000  0.1044577300000000E+001 -0.1716526269949721E+000  0.1624060114612262E+000  0.1671442533251486E+000 -0.3313081425236591E-001  0.4885850573299890E-002
 0.8584829000000000E+000  0.1044577300000000E+001 -0.1581063750817516E+000  0.1501978390517648E+000  0.1542868985231073E+000 -0.2924533395615994E-001  0.3328309157078747E-002
 0.8681774200000000E+000  0.1044577300000000E+001 -0.1455392423711417E+000  0.1387888469491037E+000  0.1423056613827510E+000 -0.2571526412948498E-001  0.2197680282497044E-002
 0.8773772700000000E+000  0.1044577300000000E+001 -0.1338801573719911E+000  0.1281307493626762E+000  0.1311453197793980E+000 -0.2252449241679029E-001  0.1401856041491465E-002
 0.8860971700000000E+000  0.1044577300000000E+001 -0.1230627856316420E+000  0.1181771840083803E+000  0.1207526920548207E+000 -0.1965419256590178E-001  0.8605309383442125E-003
 0.8943527400000000E+000  0.1044577300000000E+001 -0.1130253803674635E+000  0.1088839485632776E+000  0.1110770270209632E+000 -0.1708380989673355E-001  0.5060876372647822E-003
 0.9021602500000000E+000  0.1044577300000000E+001 -0.1037106641322453E+000  0.1002091925456695E+000  0.1020703018927488E+000 -0.1479188162691212E-001  0.2836957797628840E-003
 0.9095365000000000E+000  0.1044577300000000E+001 -0.9506551508496980E-001  0.9211336876239637E-001  0.9368723324466217E-001 -0.1275664959739895E-001  0.1506810165379669E-003
 0.9164985600000000E+000  0.1044577300000000E+001 -0.8704081454270540E-001  0.8455928970119579E-001  0.8588536845037381E-001 -0.1095657528070710E-001  0.7530462392190497E-004
 0.9230637200000000E+000  0.1044577300000000E+001 -0.7959106049156760E-001  0.7751193272570599E-001  0.7862489525175909E-001 -0.9370681696614709E-002  0.3512307974657209E-004
 0.9292492700000000E+000  0.1044577300000000E+001 -0.7267420441634953E-001  0.7093843173059240E-001  0.7186862857894361E-001 -0.7978848554973834E-002  0.1514182535764854E-004
 0.9350724600000000E+000  0.1044577300000000E+001 -0.6625131164028429E-001  0.6480788573917161E-001  0.6558179743217486E-001 -0.6761986027997446E-002  0.5964649612446385E-005
 0.9405503300000000E+000  0.1044577300000000E+001 -0.6028640041565182E-001  0.5909132365680507E-001  0.5973198526855242E-001 -0.5702177600944941E-002  0.2117498240678853E-005
 0.9456996700000000E+000  0.1044577300000000E+001 -0.5474616718705935E-001  0.5376154956596312E-001  0.5428894323298666E-001 -0.4782743879330531E-002  0.6662560625830884E-006
 0.9505369100000000E+000  0.1044577300000000E+001 -0.4959981944111103E-001  0.4879308031069557E-001  0.4922449587152437E-001 -0.3988281388387374E-002  0.1820456263156579E-006
 0.9550781000000000E+000  0.1044577300000000E+001 -0.4481883981116769E-001  0.4416200717858739E-001  0.4451236873733002E-001 -0.3304653880657594E-002  0.4212198399247405E-007
 0.9593388200000000E+000  0.1044577300000000E+001 -0.4037685166694331E-001  0.3984594602964488E-001  0.4012810685358355E-001 -0.2718972169420800E-002  0.7999334626090378E-008
 0.9633341700000000E+000  0.1044577300000000E+001 -0.3624942413162493E-001  0.3582392018037660E-001  0.3604892601394677E-001 -0.2219543656031843E-002  0.1199703455760496E-008
 0.9670787100000000E+000  0.1044577300000000E+001 -0.3241395195244376E-001  0.3207630770608313E-001  0.3225363146444319E-001 -0.1795817035113324E-002  0.1359014627148016E-009
 0.9705864600000000E+000  0.1044577300000000E+001 -0.2884949332034306E-001  0.2858474033879944E-001  0.2872248959186161E-001 -0.1438311058752073E-002  0.1123190331904638E-010
 0.9738709000000000E+000  0.1044577300000000E+001 -0.2553662711562442E-001  0.2533201413002955E-001  0.2543711400300929E-001 -0.1138540189469469E-002  0.7131889808206913E-012
 0.9769449100000001E+000  0.1044577300000000E+001 -0.2245738712551565E-001  0.2230206942435123E-001  0.2238042393568266E-001 -0.8889437463198762E-003  0.4502295801349059E-013
 0.9798208200000000E+000  0.1044577300000000E+001 -0.1959509990782495E-001  0.1947987064476839E-001  0.1953650373109318E-001 -0.6828048456077293E-003  0.2991649765779561E-014
 0.9825103800000000E+000  0.1044577300000000E+001 -0.1693431691777092E-001  0.1685137344481534E-001  0.1689055283158318E-001 -0.5141788059372313E-003  0.1319882000555172E-015
 0.9850247900000000E+000  0.1044577300000000E+001 -0.1446069847528083E-001  0.1440343979518481E-001  0.1442878546026357E-001 -0.3778197308788625E-003  0.5354312490535238E-017
 0.9873746700000000E+000  0.1044577300000000E+001 -0.1216096764488550E-001  0.1212381777608181E-001  0.1213839766807653E-001 -0.2691145487823711E-003 -0.5492075005841552E-017
 0.9895701099999999E+000  0.1044577300000000E+001 -0.1002279460837156E-001  0.1000104835168382E-001  0.1000746338009304E-001 -0.1840166624823748E-003  0.1153335004501423E-016
 0.9916206800000000E+000  0.1044577300000000E+001 -0.8034729131398662E-002  0.8024414845388954E-002  0.8024876658884496E-002 -0.1189869746002989E-003 -0.1489149998533139E-016
 0.9935354199999999E+000  0.1044577300000000E+001 -0.6186159467938658E-002  0.6183911996513817E-002  0.6180319000885685E-002 -0.7093973141175602E-004  0.1486227551205513E-016
 0.9953228800000000E+000  0.1044577300000000E+001 -0.4467229135633486E-002  0.4470158777079582E-002  0.4464183459822792E-002 -0.3719119664080657E-004  0.9617645190095339E-017
 0.9969911299999999E+000  0.1044577300000000E+001 -0.2868788609812451E-002  0.2874297140409315E-002  0.2867532563856310E-002 -0.1541399916319262E-004 -0.9426743564863646E-016
 0.9985477800000000E+000  0.1044577300000000E+001 -0.1382342309080402E-002  0.1387663011868252E-002  0.1382050673636820E-002 -0.3595451692069091E-005  0.8178122785692770E-016
 0.1000000000000000E+001  0.1044577300000000E+001 -0.2224466247790217E-019 -0.7955589011875890E-020 -0.7495516201933382E-019 -0.2380019928458543E-027  0.2448349378458254E-021

 0.0000000000000000E+000  0.1081988300000000E+001 -0.1490745873999056E+001  0.1140914838906202E+001  0.1323385559512041E+001 -0.7384992612692676E-001  0.5247166860117684E-001
 0.5783680700000000E-002  0.1081988300000000E+001 -0.1489795214436826E+001  0.1140377825019830E+001  0.1322428281294268E+001 -0.7384627547322023E-001  0.5262302295393322E-001
 0.1192781000000000E-001  0.1081988300000000E+001 -0.1486684510723061E+001  0.1138619909947142E+001  0.1319295727305816E+001 -0.7383379956450149E-001  0.5312107064553198E-001
 0.1844960300000000E-001  0.1081988300000000E+001 -0.1481040926329851E+001  0.1135427169560379E+001  0.1313611736601668E+001 -0.7380908814350565E-001  0.5403565588591918E-001
 0.2536636600000000E-001  0.1081988300000000E+001 -0.1472545503477495E+001  0.1130611848785513E+001  0.1305053563985987E+001 -0.7376693915354862E-001  0.5543990096378865E-001
 0.3269537900000000E-001  0.1081988300000000E+001 -0.1460979003603680E+001  0.1124036362826031E+001  0.1293397706456411E+001 -0.7370031414579116E-001  0.5740719469203868E-001
 0.4045376700000000E-001  0.1081988300000000E+001 -0.1446265944402700E+001  0.1115636147102430E+001  0.1278563942019480E+001 -0.7360104011650642E-001  0.6000756336084298E-001
 0.4865834800000000E-001  0.1081988300000000E+001 -0.1428506681683081E+001  0.1105436143010067E+001  0.1260647435346036E+001 -0.7346158865951490E-001  0.6330382255225614E-001
 0.5732546900000000E-001  0.1081988300000000E+001 -0.1407987654549730E+001  0.1093556070867308E+001  0.1239929037092871E+001 -0.7327801659903954E-001  0.6734803834610931E-001
 0.6647082500000000E-001  0.1081988300000000E+001 -0.1385164157408042E+001  0.1080202011000813E+001  0.1216858151687501E+001 -0.7305370678088798E-001  0.7217880890621825E-001
 0.7610926000000000E-001  0.1081988300000000E+001 -0.1360617053762268E+001  0.1065645442730912E+001  0.1192009602414687E+001 -0.7280306031176309E-001  0.7781970708585743E-001
 0.8625455200000000E-001  0.1081988300000000E+001 -0.1334992004507783E+001  0.1050194271887953E+001  0.1166023081904031E+001 -0.7255401848718192E-001  0.8427895089953200E-001
 0.9691918300000001E-001  0.1081988300000000E+001 -0.1308934030908866E+001  0.1034162073241653E+001  0.1139538024309479E+001 -0.7234844205548081E-001  0.9155008791791333E-001
 0.1081141000000000E+000  0.1081988300000000E+001 -0.1283029997138169E+001  0.1017841254218704E+001  0.1113136500606627E+001 -0.7223994733804837E-001  0.9961329160147320E-001
 0.1198484800000000E+000  0.1081988300000000E+001 -0.1257767580107731E+001  0.1001483716048611E+001  0.1087302722519914E+001 -0.7228955489344889E-001  0.1084368147626093E+000
 0.1321294200000000E+000  0.1081988300000000E+001 -0.1233513889564042E+001  0.9852901427096357E+000  0.1062402343782869E+001 -0.7256010670711695E-001  0.1179781306380982E+000
 0.1449617600000000E+000  0.1081988300000000E+001 -0.1210511387444708E+001  0.9694066206913831E+000  0.1038679223347241E+001 -0.7311062292690439E-001  0.1281846302923517E+000
 0.1583477400000000E+000  0.1081988300000000E+001 -0.1188886914759610E+001  0.9539269245946234E+000  0.1016265503023371E+001 -0.7399157323043713E-001  0.1389934918050143E+000
 0.1722868300000000E+000  0.1081988300000000E+001 -0.1168667561199393E+001  0.9388977624911429E+000  0.9951987466931513E+000 -0.7524161592353144E-001  0.1503309344001569E+000
 0.1867754200000000E+000  0.1081988300000000E+001 -0.1149799088391165E+001  0.9243254730159236E+000  0.9754418933524592E+000 -0.7688587485934377E-001  0.1621106393889655E+000
 0.2018066600000000E+000  0.1081988300000000E+001 -0.1132163002935664E+001  0.9101825063085528E+000  0.9569021121514932E+000 -0.7893551698424316E-001  0.1742316513528957E+000
 0.2173702200000000E+000  0.1081988300000000E+001 -0.1115590719766185E+001  0.8964131810564154E+000  0.9394469923273333E+000 -0.8138819658343610E-001  0.1865756992888894E+000
 0.2334521800000000E+000  0.1081988300000000E+001 -0.1099873863722553E+001  0.8829381894159904E+000  0.9229170313258316E+000 -0.8422896474078735E-001  0.1990042844195044E+000
 0.2500348700000000E+000  0.1081988300000000E+001 -0.1084771135354119E+001  0.8696580295981927E+000  0.9071347072422812E+000 -0.8743127952950565E-001  0.2113556423027696E+000
 0.2670968500000000E+000  0.1081988300000000E+001 -0.1070012315468228E+001  0.8564554203591526E+000  0.8919104381169061E+000 -0.9095792563122111E-001  0.2234420882405405E+000
 0.2846128000000000E+000  0.1081988300000000E+001 -0.1055300772769455E+001  0.8431972558450659E+000  0.8770463948694732E+000 -0.9476169720243208E-001  0.2350480788222828E+000
 0.3025536600000000E+000  0.1081988300000000E+001 -0.1040315563258479E+001  0.8297363042276551E+000  0.8623386728275185E+000 -0.9878590527421903E-001  0.2459299081962313E+000
 0.3208866600000000E+000  0.1081988300000000E+001 -0.1024714993252266E+001  0.8159134721326665E+000  0.8475789787315970E+000 -0.1029647013789216E+000  0.2558176157564097E+000
 0.3395755000000000E+000  0.1081988300000000E+001 -0.1008143032849266E+001  0.8015610033679550E+000  0.8325564090739601E+000 -0.1072233847532627E+000  0.2644202224026714E+000
 0.3585805500000000E+000  0.1081988300000000E+001 -0.9902401596914295E+000  0.7865072453482220E+000  0.8170601903403611E+000 -0.1114788106729636E+000  0.2714350853564653E+000
 0.3778591900000000E+000  0.1081988300000000E+001 -0.9706594972548889E+000  0.7705832755705075E+000  0.8008839232234497E+000 -0.1156400864871992E+000  0.2765619807813262E+000
 0.3973661100000000E+000  0.1081988300000000E+001 -0.9490884333317836E+000  0.7536316262780188E+000  0.7838318994913253E+000 -0.1196096748471292E+000  0.2795217299494485E+000
 0.4170537000000000E+000  0.1081988300000000E+001 -0.9252742268658326E+000  0.7355166763460835E+000  0.7657274615684337E+000 -0.1232850800985076E+000  0.2800783268127312E+000
 0.4368725300000000E+000  0.1081988300000000E+001 -0.8990505577533096E+000  0.7161358364731644E+000  0.7464229821624236E+000 -0.1265612253127562E+000  0.2780622357172529E+000
 0.4567718400000000E+000  0.1081988300000000E+001 -0.8703607008370414E+000  0.6954302303427008E+000  0.7258105626091440E+000 -0.1293335526150349E+000  0.2733915044532384E+000
 0.4767000000000000E+000  0.1081988300000000E+001 -0.8392725373613759E+000  0.6733932730667040E+000  0.7038320632859052E+000 -0.1315018128818586E+000  0.2660869696226102E+000
 0.4966051100000000E+000  0.1081988300000000E+001 -0.8059811962768464E+000  0.6500753914013143E+000  0.6804866268412803E+000 -0.1329744305897768E+000  0.2562782794999108E+000
 0.5164355000000000E+000  0.1081988300000000E+001 -0.7707979796782903E+000  0.6255840537066800E+000  0.6558344384933537E+000 -0.1336731569612414E+000  0.2441990790894385E+000
 0.5361402700000000E+000  0.1081988300000000E+001 -0.7341266765784582E+000  0.6000787064244890E+000  0.6299956359462403E+000 -0.1335376756208898E+000  0.2301717526308852E+000
 0.5556698200000000E+000  0.1081988300000000E+001 -0.6964312860317627E+000  0.5737612979573190E+000  0.6031442764917343E+000 -0.1325297189943316E+000  0.2145841799363561E+000
 0.5749763200000000E+000  0.1081988300000000E+001 -0.6582006394354074E+000  0.5468638004787937E+000  0.5754981212715619E+000 -0.1306362439943338E+000  0.1978622966497292E+000
 0.5940141799999999E+000  0.1081988300000000E+001 -0.6199150782901437E+000  0.5196343365254359E+000  0.5473054725273224E+000 -0.1278712576597848E+000  0.1804424020652041E+000
 0.6127404500000000E+000  0.1081988300000000E+001 -0.5820192238982911E+000  0.4923236333873491E+000  0.5188307593832018E+000 -0.1242759987725051E+000  0.1627465536875858E+000
 0.6311151600000000E+000  0.1081988300000000E+001 -0.5449028127351370E+000  0.4651730769708327E+000  0.4903404115947208E+000 -0.1199173518676342E+000  0.1451631056791011E+000
 0.6491016200000000E+000  0.1081988300000000E+001 -0.5088897579885168E+000  0.4384051307734600E+000  0.4620902362238136E+000 -0.1148845598862162E+000  0.1280331412087338E+000
 0.6666666700000000E+000  0.1081988300000000E+001 -0.4742344117235363E+000  0.4122164546592028E+000  0.4343151380487751E+000 -0.1092845019240648E+000  0.1116425594789379E+000
 0.6837808000000000E+000  0.1081988300000000E+001 -0.4411235184051062E+000  0.3867737909394338E+000  0.4072217156787601E+000 -0.1032359968138824E+000  0.9621902447652955E-001
 0.7004183000000000E+000  0.1081988300000000E+001 -0.4096817630898770E+000  0.3622120822065500E+000  0.3809835261089028E+000 -0.9686362044540447E-001  0.8193250678915437E-001
 0.7165572700000000E+000  0.1081988300000000E+001 -0.3799796760253684E+000  0.3386346536644878E+000  0.3557390695375142E+000 -0.9029165077428848E-001  0.6889847908376551E-001
 0.7321796300000000E+000  0.1081988300000000E+001 -0.3520423847174592E+000  0.3161147980961833E+000  0.3315918935998206E+000 -0.8363860311999793E-001  0.5718270603872890E-001
 0.7472710500000000E+000  0.1081988300000000E+001 -0.3258584868619256E+000  0.2946984515175458E+000  0.3086124828114742E+000 -0.7701277553141106E-001  0.4680698998014089E-001
 0.7618208000000000E+000  0.1081988300000000E+001 -0.3013884571911116E+000  0.2744075765235052E+000  0.2868414507682865E+000 -0.7050904430877551E-001  0.3775536068931581E-001
 0.7758216500000000E+000  0.1081988300000000E+001 -0.2785720294793623E+000  0.2552437543476142E+000  0.2662933866256587E+000 -0.6420692232972201E-001  0.2998029956387696E-001
 0.7892696500000000E+000  0.1081988300000000E+001 -0.2573346872738611E+000  0.2371919751490575E+000  0.2469612187820203E+000 -0.5816987958999098E-001  0.2340891981817174E-001
 0.8021639100000000E+000  0.1081988300000000E+001 -0.2375930103378066E+000  0.2202242606618542E+000  0.2288205845302345E+000 -0.5244568891855988E-001  0.1794890106733551E-001
 0.8145064000000000E+000  0.1081988300000000E+001 -0.2192588978912303E+000  0.2043029572863968E+000  0.2118339332448663E+000 -0.4706753986558722E-001  0.1349411473733838E-001
 0.8263016600000000E+000  0.1081988300000000E+001 -0.2022429303353439E+000  0.1893837501597185E+000  0.1959543426242189E+000 -0.4205570448820287E-001  0.9929934908743861E-002
 0.8375565600000000E+000  0.1081988300000000E+001 -0.1864567775225399E+000  0.1754181599541128E+000  0.1811287434501853E+000 -0.3741944584824859E-001  0.7138118860714337E-002
 0.8482800500000000E+000  0.1081988300000000E+001 -0.1718148907404625E+000  0.1623555882921746E+000  0.1673005954614416E+000 -0.3315899368331481E-001  0.5001225457497724E-002
 0.8584829000000000E+000  0.1081988300000000E+001 -0.1582356177876935E+000  0.1501449248607708E+000  0.1544120163508461E+000 -0.2926743815088806E-001  0.3406488452003631E-002
 0.8681774200000000E+000  0.1081988300000000E+001 -0.1456418863447322E+000  0.1387357655354763E+000  0.1424054154326786E+000 -0.2573244997474369E-001  0.2249053902415521E-002
 0.8773772700000000E+000  0.1081988300000000E+001 -0.1339614346820692E+000  0.1280791694133610E+000  0.1312245629747860E+000 -0.2253774007244793E-001  0.1434483235302121E-002
 0.8860971700000000E+000  0.1081988300000000E+001 -0.1231269438646190E+000  0.1181282479350559E+000  0.1208154143548334E+000 -0.1966431909257568E-001  0.8804798748056944E-003
 0.8943527400000000E+000  0.1081988300000000E+001 -0.1130758577876844E+000  0.1088383860086748E+000  0.1111264897610864E+000 -0.1709148667847851E-001  0.5177776875192894E-003
 0.9021602500000000E+000  0.1081988300000000E+001 -0.1037502369484904E+000  0.1001674170251617E+000  0.1021091582833764E+000 -0.1479765330524021E-001  0.2902274843383614E-003
 0.9095365000000000E+000  0.1081988300000000E+001 -0.9509641979998013E-001  0.9207555760785291E-001  0.9371763331427417E-001 -0.1276095286480010E-001  0.1541399889352426E-003
 0.9164985600000000E+000  0.1081988300000000E+001 -0.8706484900788357E-001  0.8452544848265425E-001  0.8590904872877816E-001 -0.1095975654383620E-001  0.7702865215995124E-004
 0.9230637200000000E+000  0.1081988300000000E+001 -0.7960966672220796E-001  0.7748194613687649E-001  0.7864325404231229E-001 -0.9373012989639246E-002  0.3592523281432057E-004
 0.9292492700000000E+000  0.1081988300000000E+001 -0.7268853638461190E-001  0.7091210296169970E-001  0.7188278862874367E-001 -0.7980541484828067E-002  0.1548687540882535E-004
 0.9350724600000000E+000  0.1081988300000000E+001 -0.6626229051192868E-001  0.6478496650845791E-001  0.6559265760943721E-001 -0.6763203689349182E-002  0.6100298360787010E-005
 0.9405503300000000E+000  0.1081988300000000E+001 -0.6029475957076325E-001  0.5907153668554248E-001  0.5974026306230263E-001 -0.5703044577446792E-002  0.2165566694013205E-005
 0.9456996700000000E+000  0.1081988300000000E+001 -0.5475248879840763E-001  0.5374460515663307E-001  0.5429520952585778E-001 -0.4783354493613554E-002  0.6813553389579095E-006
 0.9505369100000000E+000  0.1081988300000000E+001 -0.4960456419063781E-001  0.4877868828891440E-001  0.4922920335530410E-001 -0.3988706417688724E-002  0.1861650657143438E-006
 0.9550781000000000E+000  0.1081988300000000E+001 -0.4482237096998680E-001  0.4414988529495909E-001  0.4451587505445286E-001 -0.3304945951867536E-002  0.4307383608011750E-007
 0.9593388200000000E+000  0.1081988300000000E+001 -0.4037945460132943E-001  0.3983582561497605E-001  0.4013069342621250E-001 -0.2719170047068208E-002  0.8179875082353929E-008
 0.9633341700000000E+000  0.1081988300000000E+001 -0.3625132205881126E-001  0.3581554975172800E-001  0.3605081331255219E-001 -0.2219675612581400E-002  0.1226750269267271E-008
 0.9670787100000000E+000  0.1081988300000000E+001 -0.3241531865520564E-001  0.3206945501397987E-001  0.3225499137240356E-001 -0.1795903475009990E-002  0.1389625220270034E-009
 0.9705864600000000E+000  0.1081988300000000E+001 -0.2885046337796446E-001  0.2857919328520471E-001  0.2872345538579653E-001 -0.1438366541237298E-002  0.1148475861282080E-010
 0.9738709000000000E+000  0.1081988300000000E+001 -0.2553730412142687E-001  0.2532758086533511E-001  0.2543778839138439E-001 -0.1138574973822674E-002  0.7292481512353772E-012
 0.9769449100000001E+000  0.1081988300000000E+001 -0.2245785027683841E-001  0.2229857784433814E-001  0.2238088552152111E-001 -0.8889649617586948E-003  0.4604584058874297E-013
 0.9798208200000000E+000  0.1081988300000000E+001 -0.1959540926913035E-001  0.1947716751082815E-001  0.1953681218500537E-001 -0.6828173682062789E-003  0.3058677569050145E-014
 0.9825103800000000E+000  0.1081988300000000E+001 -0.1693451761879134E-001  0.1684932323939474E-001  0.1689075302646202E-001 -0.5141859100675205E-003  0.1353156358938741E-015
 0.9850247900000000E+000  0.1081988300000000E+001 -0.1446082404686589E-001  0.1440192343557968E-001  0.1442891076272278E-001 -0.3778235681131624E-003  0.4618133312673071E-017
 0.9873746700000000E+000  0.1081988300000000E+001 -0.1216104266331239E-001  0.1212273125006187E-001  0.1213847255189605E-001 -0.2691164962782354E-003  0.2903046467354995E-017
 0.9895701099999999E+000  0.1081988300000000E+001 -0.1002283678204840E-001  0.1000030134960706E-001  0.1000750549166144E-001 -0.1840175733550450E-003 -0.9335924536796963E-017
 0.9916206800000000E+000  0.1081988300000000E+001 -0.8034750942600227E-002  0.8023929417897176E-002  0.8024898444436553E-002 -0.1189873555549713E-003  0.1341282912150659E-016
 0.9935354199999999E+000  0.1081988300000000E+001 -0.6186169458897719E-002  0.6183621264421929E-002  0.6180328982831523E-002 -0.7093986686142275E-004 -0.1555322738423213E-016
 0.9953228800000000E+000  0.1081988300000000E+001 -0.4467232910753517E-002  0.4470005718509227E-002  0.4464187232491769E-002 -0.3719123388043838E-004 -0.1223070264748156E-016
 0.9969911299999999E+000  0.1081988300000000E+001 -0.2868789612775582E-002  0.2874233461180549E-002  0.2867533566402628E-002 -0.1541400556222842E-004  0.1204023768743261E-015
 0.9985477800000000E+000  0.1081988300000000E+001 -0.1382342421623016E-002  0.1387648105729235E-002  0.1382050786156945E-002 -0.3595452040277924E-005  0.3205944765124956E-016
 0.1000000000000000E+001  0.1081988300000000E+001  0.2599273714738353E-019  0.5584846090550765E-020 -0.1283527666463891E-019  0.4474491655152532E-027  0.5103789757906133E-022

 0.0000000000000000E+000  0.1117464200000000E+001 -0.1494478624025679E+001  0.1137182090984197E+001  0.1327067198131212E+001 -0.7384992612692676E-001  0.5342816712738732E-001
 0.5783680700000000E-002  0.1117464200000000E+001 -0.1493518273615786E+001  0.1136653217785396E+001  0.1326099832094724E+001 -0.7384647020325168E-001  0.5358231531596391E-001
 0.1192781000000000E-001  0.1117464200000000E+001 -0.1490375925856928E+001  0.1134921922819534E+001  0.1322934319215747E+001 -0.7383462654907275E-001  0.5408955866228229E-001
 0.1844960300000000E-001  0.1117464200000000E+001 -0.1484675192438529E+001  0.1131777409160337E+001  0.1317190730852434E+001 -0.7381104191815134E-001  0.5502103928094033E-001
 0.2536636600000000E-001  0.1117464200000000E+001 -0.1476094399471537E+001  0.1127034518251517E+001  0.1308543342292869E+001 -0.7377053791815218E-001  0.5645124855438421E-001
 0.3269537900000000E-001  0.1117464200000000E+001 -0.1464413007568067E+001  0.1120557325254746E+001  0.1296767028544179E+001 -0.7370604823718940E-001  0.5845496583831208E-001
 0.4045376700000000E-001  0.1117464200000000E+001 -0.1449556196683194E+001  0.1112281616527459E+001  0.1281781840131077E+001 -0.7360930440938511E-001  0.6110357005777982E-001
 0.4865834800000000E-001  0.1117464200000000E+001 -0.1431627331659234E+001  0.1102231132168068E+001  0.1263685482064698E+001 -0.7347260679422546E-001  0.6446113000829790E-001
 0.5732546900000000E-001  0.1117464200000000E+001 -0.1410918296416429E+001  0.1090522812372556E+001  0.1242763693388771E+001 -0.7329177130235884E-001  0.6858081162873593E-001
 0.6647082500000000E-001  0.1117464200000000E+001 -0.1387891985675222E+001  0.1077358608599475E+001  0.1219472828510889E+001 -0.7306989470582965E-001  0.7350212252312399E-001
 0.7610926000000000E-001  0.1117464200000000E+001 -0.1363138390073142E+001  0.1063004978836562E+001  0.1194396090681067E+001 -0.7282108859841922E-001  0.7924934041060971E-001
 0.8625455200000000E-001  0.1117464200000000E+001 -0.1337312968515438E+001  0.1047764502098509E+001  0.1168182126996496E+001 -0.7257305201890461E-001  0.8583119325650239E-001
 0.9691918300000001E-001  0.1117464200000000E+001 -0.1311070311424737E+001  0.1031945712035442E+001  0.1141479004496442E+001 -0.7236749698359504E-001  0.9324157277675764E-001
 0.1081141000000000E+000  0.1117464200000000E+001 -0.1285005862071152E+001  0.1015836743232644E+001  0.1114876350866633E+001 -0.7225801308424593E-001  0.1014608713517630E+000
 0.1198484800000000E+000  0.1117464200000000E+001 -0.1259614387215192E+001  0.9996862996413713E+000  0.1088864368929943E+001 -0.7230571941075645E-001  0.1104574783297613E+000
 0.1321294200000000E+000  0.1117464200000000E+001 -0.1235268398014655E+001  0.9836930614828213E+000  0.1063812952963054E+001 -0.7257366133153463E-001  0.1201889561850814E+000
 0.1449617600000000E+000  0.1117464200000000E+001 -0.1212214126679406E+001  0.9680022661680207E+000  0.1039968529096319E+001 -0.7312113207762849E-001  0.1306027610744985E+000
 0.1583477400000000E+000  0.1117464200000000E+001 -0.1190580781017468E+001  0.9527078419649780E+000  0.1017464390704102E+001 -0.7399890596709181E-001  0.1416361129967528E+000
 0.1722868300000000E+000  0.1117464200000000E+001 -0.1170396708010110E+001  0.9378574433572139E+000  0.9963381747306279E+000 -0.7524594593341152E-001  0.1532152290184354E+000
 0.1867754200000000E+000  0.1117464200000000E+001 -0.1151608090790488E+001  0.9234589137620537E+000  0.9765521521305237E+000 -0.7688766046942742E-001  0.1652536915262640E+000
 0.2018066600000000E+000  0.1117464200000000E+001 -0.1134096212151256E+001  0.9094865355400372E+000  0.9580123628420298E+000 -0.7893547300276166E-001  0.1776502642939930E+000
 0.2173702200000000E+000  0.1117464200000000E+001 -0.1117691688348513E+001  0.8958865668053485E+000  0.9405850006533716E+000 -0.8138726700938036E-001  0.1902860861279471E+000
 0.2334521800000000E+000  0.1117464200000000E+001 -0.1102184706447040E+001  0.8825815402590074E+000  0.9241090025034734E+000 -0.8422830132577332E-001  0.2030215866584715E+000
 0.2500348700000000E+000  0.1117464200000000E+001 -0.1087331689445182E+001  0.8694734976339569E+000  0.9084051331570534E+000 -0.8743222734681594E-001  0.2156932247678231E+000
 0.2670968500000000E+000  0.1117464200000000E+001 -0.1072858978182624E+001  0.8564462112475322E+000  0.8932818798284220E+000 -0.9096201377438322E-001  0.2281105635537903E+000
 0.2846128000000000E+000  0.1117464200000000E+001 -0.1058464918667494E+001  0.8433669470095216E+000  0.8785391382141856E+000 -0.9477063064336939E-001  0.2400540216775780E+000
 0.3025536600000000E+000  0.1117464200000000E+001 -0.1043821498198586E+001  0.8300879809381242E+000  0.8639702159544902E+000 -0.9880155270543876E-001  0.2512742539617904E+000
 0.3208866600000000E+000  0.1117464200000000E+001 -0.1028577476139380E+001  0.8164487024864402E+000  0.8493633330311247E+000 -0.1029890732023318E+000  0.2614937814089104E+000
 0.3395755000000000E+000  0.1117464200000000E+001 -0.1012364517308418E+001  0.8022787027073932E+000  0.8345032290736650E+000 -0.1072585953982562E+000  0.2704120699799289E+000
 0.3585805500000000E+000  0.1117464200000000E+001 -0.9948080555649372E+000  0.7874025172247784E+000  0.8191737893595392E+000 -0.1115270200055876E+000  0.2777149462027560E+000
 0.3778591900000000E+000  0.1117464200000000E+001 -0.9755439135753494E+000  0.7716463608715014E+000  0.8031622820606745E+000 -0.1157034165757009E+000  0.2830890682964868E+000
 0.3973661100000000E+000  0.1117464200000000E+001 -0.9542409808696015E+000  0.7548471273545839E+000  0.7862658229755157E+000 -0.1196901007213152E+000  0.2862413468208770E+000
 0.4170537000000000E+000  0.1117464200000000E+001 -0.9306284714403800E+000  0.7368632375794083E+000  0.7683000733283769E+000 -0.1233842969011330E+000  0.2869222835387796E+000
 0.4368725300000000E+000  0.1117464200000000E+001 -0.9045245498871941E+000  0.7175864341680687E+000  0.7491097487170002E+000 -0.1266804990735514E+000  0.2849507877215897E+000
 0.4567718400000000E+000  0.1117464200000000E+001 -0.8758616460390654E+000  0.6969531448370616E+000  0.7285799887309816E+000 -0.1294735671725302E+000  0.2802368729327588E+000
 0.4767000000000000E+000  0.1117464200000000E+001 -0.8447031839130800E+000  0.6749536949343676E+000  0.7066471006871349E+000 -0.1316625302528382E+000  0.2727981788360591E+000
 0.4966051100000000E+000  0.1117464200000000E+001 -0.8112470536583818E+000  0.6516374814622162E+000  0.6833067056250051E+000 -0.1331549850969221E+000  0.2627667141140817E+000
 0.5164355000000000E+000  0.1117464200000000E+001 -0.7758142218012598E+000  0.6271131739205563E+000  0.6586179000641166E+000 -0.1338718026243910E+000  0.2503839617281243E+000
 0.5361402700000000E+000  0.1117464200000000E+001 -0.7388236460615509E+000  0.6015435046940156E+000  0.6327022622925114E+000 -0.1337518018538589E+000  0.2359847462608151E+000
 0.5556698200000000E+000  0.1117464200000000E+001 -0.7007578759688028E+000  0.5751353729069150E+000  0.6057375979527247E+000 -0.1327559413862037E+000  0.2199725319596346E+000
 0.5749763200000000E+000  0.1117464200000000E+001 -0.6621253440908462E+000  0.5481267750850638E+000  0.5779472446538430E+000 -0.1308705666516509E+000  0.2027902792149072E+000
 0.5940141799999999E+000  0.1117464200000000E+001 -0.6234249821288030E+000  0.5207722934236749E+000  0.5495862774556469E+000 -0.1281092934070305E+000  0.1848911416338582E+000
 0.6127404500000000E+000  0.1117464200000000E+001 -0.5851175064028717E+000  0.4933289731675494E+000  0.5209264282556648E+000 -0.1245132252743989E+000  0.1667125889989034E+000
 0.6311151600000000E+000  0.1117464200000000E+001 -0.5476054412702921E+000  0.4660439302076260E+000  0.4922413560099048E+000 -0.1201493770303828E+000  0.1486561223772364E+000
 0.6491016200000000E+000  0.1117464200000000E+001 -0.5112219664422878E+000  0.4391444805073197E+000  0.4637935441327488E+000 -0.1151073692341769E+000  0.1310733195077484E+000
 0.6666666700000000E+000  0.1117464200000000E+001 -0.4762273994871005E+000  0.4128311180319509E+000  0.4358236906122411E+000 -0.1094946639261447E+000  0.1142578849387121E+000
 0.6837808000000000E+000  0.1117464200000000E+001 -0.4428116258451731E+000  0.3872733812102742E+000  0.4085431197143846E+000 -0.1034308087130343E+000  0.9844279997492636E-001
 0.7004183000000000E+000  0.1117464200000000E+001 -0.4111002255394759E+000  0.3626080361973447E+000  0.3821289848011035E+000 -0.9704118553921805E-001  0.8380119302260944E-001
 0.7165572700000000E+000  0.1117464200000000E+001 -0.3811629570101823E+000  0.3389393777817014E+000  0.3567222871522184E+000 -0.9045088719437966E-001  0.7044991276794689E-001
 0.7321796300000000E+000  0.1117464200000000E+001 -0.3530230263090606E+000  0.3163409583235600E+000  0.3324280791763898E+000 -0.8377919205020921E-001  0.5845468767470913E-001
 0.7472710500000000E+000  0.1117464200000000E+001 -0.3266663900901400E+000  0.2948584139673321E+000  0.3093174928220121E+000 -0.7713506271538564E-001  0.4783620529438360E-001
 0.7618208000000000E+000  0.1117464200000000E+001 -0.3020505004728010E+000  0.2745129923493697E+000  0.2874310896654605E+000 -0.7061391175154469E-001  0.3857658758412991E-001
 0.7758216500000000E+000  0.1117464200000000E+001 -0.2791119389057241E+000  0.2553052748502788E+000  0.2667828672834733E+000 -0.6429564715472331E-001  0.3062584968581802E-001
 0.7892696500000000E+000  0.1117464200000000E+001 -0.2577730869706508E+000  0.2372190798733003E+000  0.2473647751061479E+000 -0.5824399512522902E-001  0.2390827177585621E-001
 0.8021639100000000E+000  0.1117464200000000E+001 -0.2379475932264502E+000  0.2202251792922187E+000  0.2291512200534669E+000 -0.5250685935148390E-001  0.1832848773783528E-001
 0.8145064000000000E+000  0.1117464200000000E+001 -0.2195446700911539E+000  0.2042846662726828E+000  0.2121032853170268E+000 -0.4711745562529916E-001  0.1377723485007946E-001
 0.8263016600000000E+000  0.1117464200000000E+001 -0.2024724943195432E+000  0.1893520261395231E+000  0.1961726405993718E+000 -0.4209600164592395E-001  0.1013676659270380E-001
 0.8375565600000000E+000  0.1117464200000000E+001 -0.1866406275761189E+000  0.1753776732020985E+000  0.1813048384732028E+000 -0.3745164942022178E-001  0.7285816347141561E-002
 0.8482800500000000E+000  0.1117464200000000E+001 -0.1719617024900374E+000  0.1623100214578048E+000  0.1674420412730733E+000 -0.3318448249874677E-001  0.5104084053655355E-002
 0.8584829000000000E+000  0.1117464200000000E+001 -0.1583525197318008E+000  0.1500971043648444E+000  0.1545251828376386E+000 -0.2928742762899796E-001  0.3476164473329516E-002
 0.8681774200000000E+000  0.1117464200000000E+001 -0.1457347062056920E+000  0.1386877953169649E+000  0.1424956195832991E+000 -0.2574798867273122E-001  0.2294826680092669E-002
 0.8773772700000000E+000  0.1117464200000000E+001 -0.1340349169027304E+000  0.1280325591680853E+000  0.1312962048893437E+000 -0.2254971594840229E-001  0.1463545825396974E-002
 0.8860971700000000E+000  0.1117464200000000E+001 -0.1231849378578285E+000  0.1180840304241377E+000  0.1208721096878982E+000 -0.1967347203281627E-001  0.8982451800467094E-003
 0.8943527400000000E+000  0.1117464200000000E+001 -0.1131214778828680E+000  0.1087972202378046E+000  0.1111711924402831E+000 -0.1709842442068969E-001  0.5281859303752578E-003
 0.9021602500000000E+000  0.1117464200000000E+001 -0.1037859966482953E+000  0.1001296759754061E+000  0.1021442703827012E+000 -0.1480286869187920E-001  0.2960418788382176E-003
 0.9095365000000000E+000  0.1117464200000000E+001 -0.9512434316859214E-001  0.9204140072564104E-001  0.9374510060473662E-001 -0.1276484093651630E-001  0.1572185651378595E-003
 0.9164985600000000E+000  0.1117464200000000E+001 -0.8708656256356963E-001  0.8449488003697506E-001  0.8593044223562328E-001 -0.1096263058310472E-001  0.7856284222965079E-004
 0.9230637200000000E+000  0.1117464200000000E+001 -0.7962647466832712E-001  0.7745486127377001E-001  0.7865983842737469E-001 -0.9375118960134366E-002  0.3663895703020605E-004
 0.9292492700000000E+000  0.1117464200000000E+001 -0.7270148213979359E-001  0.7088832331068456E-001  0.7189557907375048E-001 -0.7982070674491835E-002  0.1579384788192764E-004
 0.9350724600000000E+000  0.1117464200000000E+001 -0.6627220680610232E-001  0.6476426732140822E-001  0.6560246668592311E-001 -0.6764303505473084E-002  0.6220963678933075E-005
 0.9405503300000000E+000  0.1117464200000000E+001 -0.6030230924894319E-001  0.5905366713319375E-001  0.5974773925192003E-001 -0.5703827602792639E-002  0.2208321094152745E-005
 0.9456996700000000E+000  0.1117464200000000E+001 -0.5475819795407447E-001  0.5372930329031979E-001  0.5430086871921961E-001 -0.4783905953264611E-002  0.6947840707784134E-006
 0.9505369100000000E+000  0.1117464200000000E+001 -0.4960884907021976E-001  0.4876569181133435E-001  0.4923345457928065E-001 -0.3989090254766836E-002  0.1898284206529533E-006
 0.9550781000000000E+000  0.1117464200000000E+001 -0.4482555976499137E-001  0.4413893913307750E-001  0.4451904141538659E-001 -0.3305209706874242E-002  0.4392023640206922E-007
 0.9593388200000000E+000  0.1117464200000000E+001 -0.4038180509456563E-001  0.3982668701332959E-001  0.4013302914404329E-001 -0.2719348734881988E-002  0.8340402714558397E-008
 0.9633341700000000E+000  0.1117464200000000E+001 -0.3625303587349997E-001  0.3580799151682713E-001  0.3605251752947346E-001 -0.2219794768995864E-002  0.1250797410686219E-008
 0.9670787100000000E+000  0.1117464200000000E+001 -0.3241655275058673E-001  0.3206326735289158E-001  0.3225621933214802E-001 -0.1795981528222550E-002  0.1416839447464939E-009
 0.9705864600000000E+000  0.1117464200000000E+001 -0.2885133929725858E-001  0.2857418462624276E-001  0.2872432745511409E-001 -0.1438416639663179E-002  0.1170955487332164E-010
 0.9738709000000000E+000  0.1117464200000000E+001 -0.2553791541834561E-001  0.2532357793906076E-001  0.2543839732489240E-001 -0.1138606382171090E-002  0.7435209332464958E-012
 0.9769449100000001E+000  0.1117464200000000E+001 -0.2245826847020534E-001  0.2229542522419914E-001  0.2238130230135333E-001 -0.8889841178702374E-003  0.4694432487405640E-013
 0.9798208200000000E+000  0.1117464200000000E+001 -0.1959568859787836E-001  0.1947472681480654E-001  0.1953709069444424E-001 -0.6828286751440520E-003  0.3112878475054688E-014
 0.9825103800000000E+000  0.1117464200000000E+001 -0.1693469883435228E-001  0.1684747209353309E-001  0.1689093378501918E-001 -0.5141923244896076E-003  0.1427969238108346E-015
 0.9850247900000000E+000  0.1117464200000000E+001 -0.1446093742629753E-001  0.1440055431037921E-001  0.1442902389915815E-001 -0.3778270327824997E-003  0.7364289102805026E-019
 0.9873746700000000E+000  0.1117464200000000E+001 -0.1216111039758372E-001  0.1212175022690211E-001  0.1213854016462984E-001 -0.2691182546775271E-003  0.2741043235326468E-018
 0.9895701099999999E+000  0.1117464200000000E+001 -0.1002287486057295E-001  0.9999626884461642E-002  0.1000754351410838E-001 -0.1840183957808187E-003  0.6904962623375151E-017
 0.9916206800000000E+000  0.1117464200000000E+001 -0.8034770635824088E-002  0.8023491128478414E-002  0.8024918114501539E-002 -0.1189876995173648E-003 -0.1153949711741891E-016
 0.9935354199999999E+000  0.1117464200000000E+001 -0.6186178479662518E-002  0.6183358764730528E-002  0.6180337995458372E-002 -0.7093998915821082E-004  0.1571229843376479E-016
 0.9953228800000000E+000  0.1117464200000000E+001 -0.4467236319276389E-002  0.4469867523323958E-002  0.4464190638801639E-002 -0.3719126750407167E-004  0.1385554824626301E-016
 0.9969911299999999E+000  0.1117464200000000E+001 -0.2868790518341221E-002  0.2874175965835188E-002  0.2867534471591807E-002 -0.1541401133995095E-004 -0.1378491959142730E-015
 0.9985477800000000E+000  0.1117464200000000E+001 -0.1382342523236630E-002  0.1387634647131541E-002  0.1382050887750294E-002 -0.3595452354701853E-005 -0.9365678059490270E-016
 0.1000000000000000E+001  0.1117464200000000E+001  0.5452472867864977E-019  0.2407231252219390E-019  0.2814793896922105E-019 -0.1181922514821223E-026  0.6635797862416584E-022

 0.0000000000000000E+000  0.1151046800000000E+001 -0.1497850632123479E+001  0.1133810084672530E+001  0.1330393367496164E+001 -0.7384992612692676E-001  0.5427169360940706E-001
 0.5783680700000000E-002  0.1151046800000000E+001 -0.1496881488217050E+001  0.1133288613928651E+001  0.1329416851807526E+001 -0.7384664493068577E-001  0.5442830721831170E-001
 0.1192781000000000E-001  0.1151046800000000E+001 -0.1493710427633918E+001  0.1131581523372775E+001  0.1326221446435100E+001 -0.7383536860911802E-001  0.5494366536977211E-001
 0.1844960300000000E-001  0.1151046800000000E+001 -0.1487957843026482E+001  0.1128480853555293E+001  0.1320423809936798E+001 -0.7381279515605256E-001  0.5589005590122709E-001
 0.2536636600000000E-001  0.1151046800000000E+001 -0.1479299603593266E+001  0.1123803794415693E+001  0.1311695524250931E+001 -0.7377376757906857E-001  0.5734317921729234E-001
 0.3269537900000000E-001  0.1151046800000000E+001 -0.1467514001364773E+001  0.1117415910267136E+001  0.1299810007435874E+001 -0.7371119481155534E-001  0.5937904336611733E-001
 0.4045376700000000E-001  0.1151046800000000E+001 -0.1452526831987984E+001  0.1109253278825383E+001  0.1284687575632722E+001 -0.7361672301733560E-001  0.6207022360283862E-001
 0.4865834800000000E-001  0.1151046800000000E+001 -0.1434444205541697E+001  0.1099338515004776E+001  0.1266428257888521E+001 -0.7348249914856371E-001  0.6548189884551685E-001
 0.5732546900000000E-001  0.1151046800000000E+001 -0.1413562957167204E+001  0.1087785997654531E+001  0.1245322244096800E+001 -0.7330412301597575E-001  0.6966821188665960E-001
 0.6647082500000000E-001  0.1151046800000000E+001 -0.1390352879835697E+001  0.1074793895694407E+001  0.1221832201597096E+001 -0.7308443448465242E-001  0.7466948183451268E-001
 0.7610926000000000E-001  0.1151046800000000E+001 -0.1365412235690202E+001  0.1060624083576024E+001  0.1196548931914450E+001 -0.7283728482277907E-001  0.8051062079333250E-001
 0.8625455200000000E-001  0.1151046800000000E+001 -0.1339405351104445E+001  0.1045574292689420E+001  0.1170129188419857E+001 -0.7259015487933509E-001  0.8720082333553118E-001
 0.9691918300000001E-001  0.1151046800000000E+001 -0.1312995466090829E+001  0.1029948482659271E+001  0.1143228841233693E+001 -0.7238462230844617E-001  0.9473430660858617E-001
 0.1081141000000000E+000  0.1151046800000000E+001 -0.1286785770076188E+001  0.1014030923771264E+001  0.1116444337509728E+001 -0.7227425194280038E-001  0.1030916840724910E+000
 0.1198484800000000E+000  0.1151046800000000E+001 -0.1261277426075126E+001  0.9980674404503820E+000  0.1090271277193178E+001 -0.7232025082065595E-001  0.1122415007174729E+000
 0.1321294200000000E+000  0.1151046800000000E+001 -0.1236847817352286E+001  0.9822549208360870E+000  0.1065083366634766E+001 -0.7258584672518373E-001  0.1221414413648545E+000
 0.1449617600000000E+000  0.1151046800000000E+001 -0.1213746581686206E+001  0.9667378587445112E+000  0.1041129332983434E+001 -0.7313057818193219E-001  0.1327390728684778E+000
 0.1583477400000000E+000  0.1151046800000000E+001 -0.1192105076907159E+001  0.9516103471751848E+000  0.1018543495914189E+001 -0.7400549333705532E-001  0.1439717162679060E+000
 0.1722868300000000E+000  0.1151046800000000E+001 -0.1171952814524212E+001  0.9369209223954712E+000  0.9973635509858306E+000 -0.7524982902469891E-001  0.1557656624750531E+000
 0.1867754200000000E+000  0.1151046800000000E+001 -0.1153236407535334E+001  0.9226788146664279E+000  0.9775511664394634E+000 -0.7688924969131154E-001  0.1680344944076376E+000
 0.2018066600000000E+000  0.1151046800000000E+001 -0.1135837008496733E+001  0.9088599903319432E+000  0.9590113718770726E+000 -0.7893540940427810E-001  0.1806768273913126E+000
 0.2173702200000000E+000  0.1151046800000000E+001 -0.1119584608040809E+001  0.8954124908821277E+000  0.9416091194773104E+000 -0.8138639776821584E-001  0.1935733881622077E+000
 0.2334521800000000E+000  0.1151046800000000E+001 -0.1104268213100205E+001  0.8822605467940118E+000  0.9251819644283631E+000 -0.8422766055720197E-001  0.2065837743371083E+000
 0.2500348700000000E+000  0.1151046800000000E+001 -0.1089642326229321E+001  0.8693076335855695E+000  0.9095491597407828E+000 -0.8743302329590975E-001  0.2195429874476582E+000
 0.2670968500000000E+000  0.1151046800000000E+001 -0.1075430326441523E+001  0.8564385184984487E+000  0.8945174905896622E+000 -0.9096562071684682E-001  0.2322582566343919E+000
 0.2846128000000000E+000  0.1151046800000000E+001 -0.1061326160263597E+001  0.8435208478651609E+000  0.8798848424649828E+000 -0.9477858192730731E-001  0.2445064979612319E+000
 0.3025536600000000E+000  0.1151046800000000E+001 -0.1046995534426919E+001  0.8304064945013001E+000  0.8654420477217247E+000 -0.9881553026670684E-001  0.2560333922463279E+000
 0.3208866600000000E+000  0.1151046800000000E+001 -0.1032078622956639E+001  0.8169335084611212E+000  0.8509742101809639E+000 -0.1030108882691080E+000  0.2665547410020880E+000
 0.3395755000000000E+000  0.1151046800000000E+001 -0.1016195909195181E+001  0.8029290962931996E+000  0.8362621487613037E+000 -0.1072901550875323E+000  0.2757613761154734E+000
 0.3585805500000000E+000  0.1151046800000000E+001 -0.9989590313047702E+000  0.7882143331986847E+000  0.8210849101733072E+000 -0.1115702749975192E+000  0.2833286048569162E+000
 0.3778591900000000E+000  0.1151046800000000E+001 -0.9799878157295469E+000  0.7726109876780303E+000  0.8052239909601984E+000 -0.1157602863672886E+000  0.2889310157653586E+000
 0.3973661100000000E+000  0.1151046800000000E+001 -0.9589339208638116E+000  0.7559507671686222E+000  0.7884699312023267E+000 -0.1197623750754200E+000  0.2922626198310390E+000
 0.4170537000000000E+000  0.1151046800000000E+001 -0.9355096361280546E+000  0.7380865846599273E+000  0.7706313209986360E+000 -0.1234735155116212E+000  0.2930613135285576E+000
 0.4368725300000000E+000  0.1151046800000000E+001 -0.9095184769521275E+000  0.7189049194343480E+000  0.7515458007933363E+000 -0.1267878158997304E+000  0.2911351253875962E+000
 0.4567718400000000E+000  0.1151046800000000E+001 -0.8808825528455335E+000  0.6983378204322862E+000  0.7310920601599260E+000 -0.1295996108104841E+000  0.2863864208807375E+000
 0.4767000000000000E+000  0.1151046800000000E+001 -0.8496609612750199E+000  0.6763727176644949E+000  0.7092012539451498E+000 -0.1318072761911628E+000  0.2788296897410030E+000
 0.4966051100000000E+000  0.1151046800000000E+001 -0.8160540791479546E+000  0.6530580269525623E+000  0.6858657368012726E+000 -0.1333176585612254E+000  0.2685989903576445E+000
 0.5164355000000000E+000  0.1151046800000000E+001 -0.7803918878151673E+000  0.6285035139833619E+000  0.6611436037335109E+000 -0.1340508300213142E+000  0.2559429911037093E+000
 0.5361402700000000E+000  0.1151046800000000E+001 -0.7431075543722071E+000  0.6028749471163233E+000  0.6351577849421314E+000 -0.1339448246858669E+000  0.2412080103030842E+000
 0.5556698200000000E+000  0.1151046800000000E+001 -0.7047010018913080E+000  0.5763838043625857E+000  0.6080895783551867E+000 -0.1329598988274369E+000  0.2248119293529059E+000
 0.5749763200000000E+000  0.1151046800000000E+001 -0.6656989766349084E+000  0.5492736469883041E+000  0.5801674983946732E+000 -0.1310818434306416E+000  0.2072134348093049E+000
 0.5940141799999999E+000  0.1151046800000000E+001 -0.6266177106480066E+000  0.5218050093662375E+000  0.5516528856052013E+000 -0.1283239202826728E+000  0.1888811986641243E+000
 0.6127404500000000E+000  0.1151046800000000E+001 -0.5879328182068816E+000  0.4942407394441246E+000  0.5228242025826421E+000 -0.1247271119125068E+000  0.1702668163314615E+000
 0.6311151600000000E+000  0.1151046800000000E+001 -0.5500585786266313E+000  0.4668331954372129E+000  0.4939617448645476E+000 -0.1203585529083418E+000  0.1517837683076451E+000
 0.6491016200000000E+000  0.1151046800000000E+001 -0.5133366116906286E+000  0.4398141129899278E+000  0.4653340993058040E+000 -0.1153082077382806E+000  0.1337931265377822E+000
 0.6666666700000000E+000  0.1151046800000000E+001 -0.4780325946009213E+000  0.4133874600125328E+000  0.4371872364310660E+000 -0.1096840679081217E+000  0.1165955929629989E+000
 0.6837808000000000E+000  0.1151046800000000E+001 -0.4443391594988250E+000  0.3877252919436158E+000  0.4097367605215180E+000 -0.1036063418258679E+000  0.1004288560700757E+000
 0.7004183000000000E+000  0.1151046800000000E+001 -0.4123825742218362E+000  0.3629660010489492E+000  0.3831630636690058E+000 -0.9720114132111479E-001  0.8546878059491028E-001
 0.7165572700000000E+000  0.1151046800000000E+001 -0.3822317723959982E+000  0.3392147305511541E+000  0.3576093825888843E+000 -0.9059429611277521E-001  0.7183333954592001E-001
 0.7321796300000000E+000  0.1151046800000000E+001 -0.3539081044123051E+000  0.3165452383314941E+000  0.3331820976633819E+000 -0.8390577383652544E-001  0.5958811967562376E-001
 0.7472710500000000E+000  0.1151046800000000E+001 -0.3273950367314691E+000  0.2950028623636001E+000  0.3099528919400564E+000 -0.7724513662765778E-001  0.4875270938572005E-001
 0.7618208000000000E+000  0.1151046800000000E+001 -0.3026472050438277E+000  0.2746081807220534E+000  0.2879622474210692E+000 -0.7070828011623549E-001  0.3930743523833179E-001
 0.7758216500000000E+000  0.1151046800000000E+001 -0.2795982755068497E+000  0.2553608522998753E+000  0.2672235981072592E+000 -0.6437546754369802E-001  0.3120003320303838E-001
 0.7892696500000000E+000  0.1151046800000000E+001 -0.2581677763685359E+000  0.2372436222791234E+000  0.2477279844611190E+000 -0.5831065477692342E-001  0.2435219234514286E-001
 0.8021639100000000E+000  0.1151046800000000E+001 -0.2382666709753784E+000  0.2202261229649514E+000  0.2294486822291101E+000 -0.5256186204172562E-001  0.1866578035295482E-001
 0.8145064000000000E+000  0.1151046800000000E+001 -0.2198017184325678E+000  0.2042683085103469E+000  0.2123455254479604E+000 -0.4716232739936080E-001  0.1402870262534221E-001
 0.8263016600000000E+000  0.1151046800000000E+001 -0.2026789065370603E+000  0.1893235763842074E+000  0.1963689010740399E+000 -0.4213221832491409E-001  0.1032040413874364E-001
 0.8375565600000000E+000  0.1151046800000000E+001 -0.1868058812678670E+000  0.1753413396498134E+000  0.1814631093433490E+000 -0.3748058572368129E-001  0.7416905283116472E-002
 0.8482800500000000E+000  0.1151046800000000E+001 -0.1720936256934032E+000  0.1622691198733543E+000  0.1675691360348947E+000 -0.3320738063032781E-001  0.5195347414960574E-002
 0.8584829000000000E+000  0.1151046800000000E+001 -0.1584575393877599E+000  0.1500541777921065E+000  0.1546268431172127E+000 -0.2930538199537274E-001  0.3537968289166303E-002
 0.8681774200000000E+000  0.1151046800000000E+001 -0.1458180728209652E+000  0.1386447354838130E+000  0.1425766349546830E+000 -0.2576194298381357E-001  0.2335417445083429E-002
 0.8773772700000000E+000  0.1151046800000000E+001 -0.1341009023748033E+000  0.1279907225957068E+000  0.1313605367708440E+000 -0.2256046903242859E-001  0.1489312188536665E-002
 0.8860971700000000E+000  0.1151046800000000E+001 -0.1232370063334039E+000  0.1180443444394300E+000  0.1209230116352812E+000 -0.1968168925387638E-001  0.9139922621085129E-003
 0.8943527400000000E+000  0.1151046800000000E+001 -0.1131624306763268E+000  0.1087602760793181E+000  0.1112113213724537E+000 -0.1710465211669093E-001  0.5374099932559989E-003
 0.9021602500000000E+000  0.1151046800000000E+001 -0.1038180937065936E+000  0.1000958078634692E+000  0.1021757860024194E+000 -0.1480754977758165E-001  0.3011938649900523E-003
 0.9095365000000000E+000  0.1151046800000000E+001 -0.9514940372307412E-001  0.9201075112931760E-001  0.9376975174674002E-001 -0.1276833033606343E-001  0.1599459887155348E-003
 0.9164985600000000E+000  0.1151046800000000E+001 -0.8710604807711769E-001  0.8446745216964256E-001  0.8594964048868541E-001 -0.1096520969721902E-001  0.7992184629382747E-004
 0.9230637200000000E+000  0.1151046800000000E+001 -0.7964155668159945E-001  0.7743056048874976E-001  0.7867471980702825E-001 -0.9377008674665942E-002  0.3727110200673343E-004
 0.9292492700000000E+000  0.1151046800000000E+001 -0.7271309771758246E-001  0.7086698908276859E-001  0.7190705528336699E-001 -0.7983442742167862E-002  0.1606570176701696E-004
 0.9350724600000000E+000  0.1151046800000000E+001 -0.6628110364946413E-001  0.6474569760687186E-001  0.6561126732528978E-001 -0.6765290258126094E-002  0.6327813323701218E-005
 0.9405503300000000E+000  0.1151046800000000E+001 -0.6030908241771110E-001  0.5903763657698363E-001  0.5975444648581730E-001 -0.5704530094935456E-002  0.2246176694351150E-005
 0.9456996700000000E+000  0.1151046800000000E+001 -0.5476331967096939E-001  0.5371557663992452E-001  0.5430594561202318E-001 -0.4784400673695465E-002  0.7066731110144784E-006
 0.9505369100000000E+000  0.1151046800000000E+001 -0.4961269291121482E-001  0.4875403356778686E-001  0.4923726822741784E-001 -0.3989434585801894E-002  0.1930714933341805E-006
 0.9550781000000000E+000  0.1151046800000000E+001 -0.4482842024559828E-001  0.4412912033255713E-001  0.4452188177097736E-001 -0.3305446307271586E-002  0.4466947917176839E-007
 0.9593388200000000E+000  0.1151046800000000E+001 -0.4038391352463534E-001  0.3981848978505052E-001  0.4013512431996210E-001 -0.2719509021513150E-002  0.8482494343779346E-008
 0.9633341700000000E+000  0.1151046800000000E+001 -0.3625457315616625E-001  0.3580121198367592E-001  0.3605404620280369E-001 -0.2219901652144794E-002  0.1272081618219876E-008
 0.9670787100000000E+000  0.1151046800000000E+001 -0.3241765970542201E-001  0.3205771727251677E-001  0.3225732078336659E-001 -0.1796051540411435E-002  0.1440925802912499E-009
 0.9705864600000000E+000  0.1151046800000000E+001 -0.2885212496329941E-001  0.2856969212055583E-001  0.2872510966782858E-001 -0.1438461576181547E-002  0.1190849458530158E-010
 0.9738709000000000E+000  0.1151046800000000E+001 -0.2553846372059121E-001  0.2531998756157966E-001  0.2543894350725798E-001 -0.1138634553940867E-002  0.7561652118142745E-012
 0.9769449100000001E+000  0.1151046800000000E+001 -0.2245864356404503E-001  0.2229259754386922E-001  0.2238167612732959E-001 -0.8890012997687653E-003  0.4774112909908636E-013
 0.9798208200000000E+000  0.1151046800000000E+001 -0.1959593913627649E-001  0.1947253769671141E-001  0.1953734049797528E-001 -0.6828388166970962E-003  0.3177129846193844E-014
 0.9825103800000000E+000  0.1151046800000000E+001 -0.1693486137080865E-001  0.1684581176680337E-001  0.1689109591157663E-001 -0.5141980777428338E-003  0.1351564532189633E-015
 0.9850247900000000E+000  0.1151046800000000E+001 -0.1446103911831588E-001  0.1439932632270089E-001  0.1442912537322823E-001 -0.3778301403093830E-003  0.9883608155763126E-017
 0.9873746700000000E+000  0.1151046800000000E+001 -0.1216117114934938E-001  0.1212087033674824E-001  0.1213860080738672E-001 -0.2691198318107345E-003 -0.2728077558888366E-017
 0.9895701099999999E+000  0.1151046800000000E+001 -0.1002290901357434E-001  0.9999021951253097E-002  0.1000757761681310E-001 -0.1840191334231497E-003 -0.4284032543177125E-017
 0.9916206800000000E+000  0.1151046800000000E+001 -0.8034788298817354E-002  0.8023098024061157E-002  0.8024935756723459E-002 -0.1189880080200411E-003  0.9379661380408596E-017
 0.9935354199999999E+000  0.1151046800000000E+001 -0.6186186570433445E-002  0.6183123327566854E-002  0.6180346078930306E-002 -0.7094009884715756E-004 -0.1542742161145982E-016
 0.9953228800000000E+000  0.1151046800000000E+001 -0.4467239376393622E-002  0.4469743575578475E-002  0.4464193693933962E-002 -0.3719129766137620E-004 -0.1467303448555259E-016
 0.9969911299999999E+000  0.1151046800000000E+001 -0.2868791330545709E-002  0.2874124398099499E-002  0.2867535283458781E-002 -0.1541401652216807E-004  0.1479893250973371E-015
 0.9985477800000000E+000  0.1151046800000000E+001 -0.1382342614374102E-002  0.1387622576083846E-002  0.1382050978869556E-002 -0.3595452636683367E-005  0.6055387918210572E-016
 0.1000000000000000E+001  0.1151046800000000E+001  0.3167819950500163E-019  0.1345308907770329E-019  0.1389356818380757E-019 -0.8137942611972968E-027  0.2499053400817422E-021

 0.0000000000000000E+000  0.1182784600000000E+001 -0.1500875742489492E+001  0.1130784975817073E+001  0.1333377622049587E+001 -0.7384992612692676E-001  0.5501265334062878E-001
 0.5783680700000000E-002  0.1182784600000000E+001 -0.1499898677733410E+001  0.1130270185460141E+001  0.1332392867963067E+001 -0.7384680073273910E-001  0.5517143382129238E-001
 0.1192781000000000E-001  0.1182784600000000E+001 -0.1496701754594390E+001  0.1128584936944425E+001  0.1329170548232374E+001 -0.7383603031223569E-001  0.5569392419901500E-001
 0.1844960300000000E-001  0.1182784600000000E+001 -0.1490902469336907E+001  0.1125523826503798E+001  0.1323324252229452E+001 -0.7381435861727907E-001  0.5665341959739530E-001
 0.2536636600000000E-001  0.1182784600000000E+001 -0.1482174484440471E+001  0.1120906153237881E+001  0.1314523144275795E+001 -0.7377664787021826E-001  0.5812668371725384E-001
 0.3269537900000000E-001  0.1182784600000000E+001 -0.1470295049090084E+001  0.1114598808817993E+001  0.1302539342298075E+001 -0.7371578512761161E-001  0.6019080577472539E-001
 0.4045376700000000E-001  0.1182784600000000E+001 -0.1455190525743352E+001  0.1106538111298411E+001  0.1287293416797783E+001 -0.7362334065834018E-001  0.6291941460575021E-001
 0.4865834800000000E-001  0.1182784600000000E+001 -0.1436969509560039E+001  0.1096745633496168E+001  0.1268887505804904E+001 -0.7349132481381335E-001  0.6637866814149632E-001
 0.5732546900000000E-001  0.1182784600000000E+001 -0.1415933304309462E+001  0.1085333415765267E+001  0.1247615820790057E+001 -0.7331514476586591E-001  0.7062357267646317E-001
 0.6647082500000000E-001  0.1182784600000000E+001 -0.1392557918066830E+001  0.1072496190830959E+001  0.1223946720850601E+001 -0.7309741112550615E-001  0.7569516760902248E-001
 0.7610926000000000E-001  0.1182784600000000E+001 -0.1367449055006815E+001  0.1058491682743019E+001  0.1198477846987911E+001 -0.7285174259237436E-001  0.8161893234860100E-001
 0.8625455200000000E-001  0.1182784600000000E+001 -0.1341279009826307E+001  0.1043613245334335E+001  0.1171873238712579E+001 -0.7260542480532432E-001  0.8840448464692277E-001
 0.9691918300000001E-001  0.1182784600000000E+001 -0.1314718786208487E+001  0.1028160718783589E+001  0.1144795769869663E+001 -0.7239991488317200E-001  0.9604634481588953E-001
 0.1081141000000000E+000  0.1182784600000000E+001 -0.1288378519326437E+001  0.1012414903373021E+001  0.1117847999581322E+001 -0.7228875496019409E-001  0.1045253426434904E+000
 0.1198484800000000E+000  0.1182784600000000E+001 -0.1262765103164335E+001  0.9966190475908836E+000  0.1091530357232196E+001 -0.7233323012593552E-001  0.1138101877110348E+000
 0.1321294200000000E+000  0.1182784600000000E+001 -0.1238260285514163E+001  0.9809684466215044E+000  0.1066219953702149E+001 -0.7259673075724472E-001  0.1238587069105427E+000
 0.1449617600000000E+000  0.1182784600000000E+001 -0.1215116758679381E+001  0.9656069462067388E+000  0.1042167565608774E+001 -0.7313901431383393E-001  0.1346186066775732E+000
 0.1583477400000000E+000  0.1182784600000000E+001 -0.1193467818625194E+001  0.9506288080592117E+000  0.1019508421886454E+001 -0.7401137349355924E-001  0.1460273478630561E+000
 0.1722868300000000E+000  0.1182784600000000E+001 -0.1173344044536634E+001  0.9360833811000011E+000  0.9982802645978557E+000 -0.7525328981409773E-001  0.1580113468145877E+000
 0.1867754200000000E+000  0.1182784600000000E+001 -0.1154692474591524E+001  0.9219811618107024E+000  0.9784442218289831E+000 -0.7689065639209242E-001  0.1704842573955838E+000
 0.2018066600000000E+000  0.1182784600000000E+001 -0.1137394202758120E+001  0.9082996503876644E+000  0.9599044246394968E+000 -0.7893533335413927E-001  0.1833446445956400E+000
 0.2173702200000000E+000  0.1182784600000000E+001 -0.1121278736405435E+001  0.8949885134162396E+000  0.9425247267062327E+000 -0.8138559448789721E-001  0.1964729612548578E+000
 0.2334521800000000E+000  0.1182784600000000E+001 -0.1106134120824804E+001  0.8819735327571205E+000  0.9261414663285407E+000 -0.8422705267330062E-001  0.2097281667281241E+000
 0.2500348700000000E+000  0.1182784600000000E+001 -0.1091713248472677E+001  0.8691595021124482E+000  0.9105725696451545E+000 -0.8743368923268782E-001  0.2229440731790743E+000
 0.2670968500000000E+000  0.1182784600000000E+001 -0.1077736962182393E+001  0.8564321164338855E+000  0.8956233294486643E+000 -0.9096878767234710E-001  0.2359259384394417E+000
 0.2846128000000000E+000  0.1182784600000000E+001 -0.1063895377417329E+001  0.8436593998862445E+000  0.8810898650045751E+000 -0.9478561994876163E-001  0.2484476539232715E+000
 0.3025536600000000E+000  0.1182784600000000E+001 -0.1049848656804953E+001  0.8306928978168815E+000  0.8667608237305634E+000 -0.9882794324551211E-001  0.2602505365774115E+000
 0.3208866600000000E+000  0.1182784600000000E+001 -0.1035229309583345E+001  0.8173694848928966E+000  0.8524185421816125E+000 -0.1030302971069463E+000  0.2710444198146253E+000
 0.3395755000000000E+000  0.1182784600000000E+001 -0.1019647739870476E+001  0.8035142391789636E+000  0.8378403352544791E+000 -0.1073182682485246E+000  0.2805123890619717E+000
 0.3585805500000000E+000  0.1182784600000000E+001 -0.1002703044877257E+001  0.7889451185650759E+000  0.8228008987577146E+000 -0.1116088420619216E+000  0.2883202313897887E+000
 0.3778591900000000E+000  0.1182784600000000E+001 -0.9840004001362734E+000  0.7734798595366870E+000  0.8070765102010895E+000 -0.1158110313465321E+000  0.2941315273285864E+000
 0.3973661100000000E+000  0.1182784600000000E+001 -0.9631755746910182E+000  0.7569454411253174E+000  0.7904517340904956E+000 -0.1198269081201556E+000  0.2976284397715154E+000
 0.4170537000000000E+000  0.1182784600000000E+001 -0.9399251538260069E+000  0.7391897314426205E+000  0.7727287076788433E+000 -0.1235532247028359E+000  0.2985372097278745E+000
 0.4368725300000000E+000  0.1182784600000000E+001 -0.9140389783008394E+000  0.7200943693746408E+000  0.7537385929801060E+000 -0.1268837448429679E+000  0.2966557347257700E+000
 0.4567718400000000E+000  0.1182784600000000E+001 -0.8854294563261259E+000  0.6995873619051828E+000  0.7333541590384752E+000 -0.1297123322709665E+000  0.2918791921178811E+000
 0.4767000000000000E+000  0.1182784600000000E+001 -0.8541515484369261E+000  0.6776534547615022E+000  0.7115018249376764E+000 -0.1319367761669886E+000  0.2842190267986294E+000
 0.4966051100000000E+000  0.1182784600000000E+001 -0.8204078541744108E+000  0.6543401411477791E+000  0.6881709442793278E+000 -0.1334632478718832E+000  0.2738110687036718E+000
 0.5164355000000000E+000  0.1182784600000000E+001 -0.7845366813090646E+000  0.6297581797125451E+000  0.6634186991565523E+000 -0.1342110998965165E+000  0.2609105239156371E+000
 0.5361402700000000E+000  0.1182784600000000E+001 -0.7469843712339164E+000  0.6040761191470374E+000  0.6373692755675333E+000 -0.1341176590359639E+000  0.2458742409269862E+000
 0.5556698200000000E+000  0.1182784600000000E+001 -0.7082669510191765E+000  0.5775096343177534E+000  0.6102071936797396E+000 -0.1331425488027307E+000  0.2291333235802005E+000
 0.5749763200000000E+000  0.1182784600000000E+001 -0.6689281047123512E+000  0.5503073806740908E+000  0.5821657284683499E+000 -0.1312710611140610E+000  0.2111608608057306E+000
 0.5940141799999999E+000  0.1182784600000000E+001 -0.6295000065772377E+000  0.5227353290091276E+000  0.5535119636034032E+000 -0.1285161398273328E+000  0.1924396940755581E+000
 0.6127404500000000E+000  0.1182784600000000E+001 -0.5904719316097506E+000  0.4950616113036083E+000  0.5245305101867180E+000 -0.1249186596951719E+000  0.1734342622396695E+000
 0.6311151600000000E+000  0.1182784600000000E+001 -0.5522688692106206E+000  0.4675433425468283E+000  0.4955077043056120E+000 -0.1205458645837343E+000  0.1545688797968088E+000
 0.6491016200000000E+000  0.1182784600000000E+001 -0.5152400637710955E+000  0.4404162522858324E+000  0.4667176668179450E+000 -0.1154880297780843E+000  0.1362131486099969E+000
 0.6666666700000000E+000  0.1182784600000000E+001 -0.4796559724282273E+000  0.4138874326756632E+000  0.4384111293902520E+000 -0.1098536241086997E+000  0.1186740046734115E+000
 0.6837808000000000E+000  0.1182784600000000E+001 -0.4457116133396052E+000  0.3881311892259535E+000  0.4108075439483740E+000 -0.1037634507893893E+000  0.1021932809224896E+000
 0.7004183000000000E+000  0.1182784600000000E+001 -0.4135337697059369E+000  0.3632873551191518E+000  0.3840901989189405E+000 -0.9734427782802994E-001  0.8694920219476508E-001
 0.7165572700000000E+000  0.1182784600000000E+001 -0.3831905288414698E+000  0.3394618119407335E+000  0.3584043161789396E+000 -0.9072259671466941E-001  0.7306065366217211E-001
 0.7321796300000000E+000  0.1182784600000000E+001 -0.3547014772076513E+000  0.3167284781106664E+000  0.3338574413495900E+000 -0.8401899337396777E-001  0.6059300650634369E-001
 0.7472710500000000E+000  0.1182784600000000E+001 -0.3280477614316827E+000  0.2951324017979878E+000  0.3105217240512144E+000 -0.7734356711004678E-001  0.4956478838692986E-001
 0.7618208000000000E+000  0.1182784600000000E+001 -0.3031814202289916E+000  0.2746935411135956E+000  0.2884375482199177E+000 -0.7079264579873430E-001  0.3995465681286006E-001
 0.7758216500000000E+000  0.1182784600000000E+001 -0.2800334493146949E+000  0.2554107117576178E+000  0.2676178184987053E+000 -0.6444681000275380E-001  0.3170826132291157E-001
 0.7892696500000000E+000  0.1182784600000000E+001 -0.2585207756506512E+000  0.2372656842316248E+000  0.2480527399336170E+000 -0.5837022018529948E-001  0.2474494022305965E-001
 0.8021639100000000E+000  0.1182784600000000E+001 -0.2385519234791560E+000  0.2202270600691602E+000  0.2297145575458795E+000 -0.5261099976659383E-001  0.1896406696237508E-001
 0.8145064000000000E+000  0.1182784600000000E+001 -0.2200314299037761E+000  0.2042537660734473E+000  0.2125619726478401E+000 -0.4720240563024697E-001  0.1425100504727136E-001
 0.8263016600000000E+000  0.1182784600000000E+001 -0.2028633048283573E+000  0.1892982205969098E+000  0.1965442127342785E+000 -0.4216455929650857E-001  0.1048268736625279E-001
 0.8375565600000000E+000  0.1182784600000000E+001 -0.1869534666450128E+000  0.1753089370490290E+000  0.1816044486945184E+000 -0.3750642034862486E-001  0.7532714372146130E-002
 0.8482800500000000E+000  0.1182784600000000E+001 -0.1722114132681066E+000  0.1622326362061738E+000  0.1676826071915951E+000 -0.3322782057712688E-001  0.5275950278429854E-002
 0.8584829000000000E+000  0.1182784600000000E+001 -0.1585512845698685E+000  0.1500158862178918E+000  0.1547175866884648E+000 -0.2932140620256287E-001  0.3592538861029738E-002
 0.8681774200000000E+000  0.1182784600000000E+001 -0.1458924745627029E+000  0.1386063259516996E+000  0.1426489367506259E+000 -0.2577439523381189E-001  0.2371249388889344E-002
 0.8773772700000000E+000  0.1182784600000000E+001 -0.1341597817179882E+000  0.1279534062148598E+000  0.1314179397753035E+000 -0.2257006329411731E-001  0.1512052995214834E-002
 0.8860971700000000E+000  0.1182784600000000E+001 -0.1232834603260645E+000  0.1180089486129430E+000  0.1209684244391291E+000 -0.1968902000567159E-001  0.9278876666997726E-003
 0.8943527400000000E+000  0.1182784600000000E+001 -0.1131989627199205E+000  0.1087273279459209E+000  0.1112471182454648E+000 -0.1711020734138960E-001  0.5455480293290797E-003
 0.9021602500000000E+000  0.1182784600000000E+001 -0.1038467226659554E+000  0.1000656050839573E+000  0.1022038962139384E+000 -0.1481172497307677E-001  0.3057385667704998E-003
 0.9095365000000000E+000  0.1182784600000000E+001 -0.9517175424145605E-001  0.9198342026244484E-001  0.9379173705187775E-001 -0.1277144235235177E-001  0.1623515865465160E-003
 0.9164985600000000E+000  0.1182784600000000E+001 -0.8712342493442170E-001  0.8444299558770114E-001  0.8596676113031797E-001 -0.1096750969386909E-001  0.8112034247124045E-004
 0.9230637200000000E+000  0.1182784600000000E+001 -0.7965500556635850E-001  0.7740889334676350E-001  0.7868798976024446E-001 -0.9378693762257870E-002  0.3782852285235563E-004
 0.9292492700000000E+000  0.1182784600000000E+001 -0.7272345485688617E-001  0.7084796786190886E-001  0.7191728814086175E-001 -0.7984666161115985E-002  0.1630539584540710E-004
 0.9350724600000000E+000  0.1182784600000000E+001 -0.6628903616428040E-001  0.6472914184292318E-001  0.6561911405656944E-001 -0.6766170059729876E-002  0.6422014049735143E-005
 0.9405503300000000E+000  0.1182784600000000E+001 -0.6031512115579646E-001  0.5902334509182297E-001  0.5976042643463798E-001 -0.5705156417023453E-002  0.2279548096359618E-005
 0.9456996700000000E+000  0.1182784600000000E+001 -0.5476788584203397E-001  0.5370333949367201E-001  0.5431047181892020E-001 -0.4784841734655785E-002  0.7171530229110252E-006
 0.9505369100000000E+000  0.1182784600000000E+001 -0.4961611969666156E-001  0.4874364065376270E-001  0.4924066809481247E-001 -0.3989741558575416E-002  0.1959299861037714E-006
 0.9550781000000000E+000  0.1182784600000000E+001 -0.4483097028939635E-001  0.4412036741362699E-001  0.4452441387326721E-001 -0.3305657231370769E-002  0.4532983092734809E-007
 0.9593388200000000E+000  0.1182784600000000E+001 -0.4038579308774035E-001  0.3981118254807531E-001  0.4013699206733513E-001 -0.2719651909905683E-002  0.8607720887720610E-008
 0.9633341700000000E+000  0.1182784600000000E+001 -0.3625594353993122E-001  0.3579516861758466E-001  0.3605540891177537E-001 -0.2219996931640928E-002  0.1290838614605133E-008
 0.9670787100000000E+000  0.1182784600000000E+001 -0.3241864646329453E-001  0.3205276992474555E-001  0.3225830263514946E-001 -0.1796113950654150E-002  0.1462151188757486E-009
 0.9705864600000000E+000  0.1182784600000000E+001 -0.2885282530851179E-001  0.2856568754204712E-001  0.2872580693469915E-001 -0.1438501632856640E-002  0.1208382193242154E-010
 0.9738709000000000E+000  0.1182784600000000E+001 -0.2553895247284969E-001  0.2531678716258329E-001  0.2543943036985567E-001 -0.1138659666095034E-002  0.7672856425127834E-012
 0.9769449100000001E+000  0.1182784600000000E+001 -0.2245897791624801E-001  0.2229007701963497E-001  0.2238200934937352E-001 -0.8890166154491914E-003  0.4845020850368170E-013
 0.9798208200000000E+000  0.1182784600000000E+001 -0.1959616246000016E-001  0.1947058638376679E-001  0.1953756316665347E-001 -0.6828478566415752E-003  0.3207032488486626E-014
 0.9825103800000000E+000  0.1182784600000000E+001 -0.1693500625077757E-001  0.1684433181017125E-001  0.1689124042617304E-001 -0.5142032060216101E-003  0.1523131076937516E-015
 0.9850247900000000E+000  0.1182784600000000E+001 -0.1446112976292975E-001  0.1439823174251232E-001  0.1442921582357038E-001 -0.3778329102503757E-003 -0.4532354192735529E-017
 0.9873746700000000E+000  0.1182784600000000E+001 -0.1216122530105215E-001  0.1212008603973882E-001  0.1213865486192321E-001 -0.2691212376056477E-003  0.5667784589024527E-017
 0.9895701099999999E+000  0.1182784600000000E+001 -0.1002293945609350E-001  0.9998482740702986E-002  0.1000760801449998E-001 -0.1840197909264016E-003  0.1605203075598982E-017
 0.9916206800000000E+000  0.1182784600000000E+001 -0.8034804042809800E-002  0.8022747628978293E-002  0.8024951482201231E-002 -0.1189882830056506E-003 -0.7036621877838054E-017
 0.9935354199999999E+000  0.1182784600000000E+001 -0.6186193782166328E-002  0.6182913470086325E-002  0.6180353284157202E-002 -0.7094019661896751E-004  0.1479034139395896E-016
 0.9953228800000000E+000  0.1182784600000000E+001 -0.4467242101360508E-002  0.4469633094571453E-002  0.4464196417131671E-002 -0.3719132454246634E-004  0.1482038819372432E-016
 0.9969911299999999E+000  0.1182784600000000E+001 -0.2868792054504977E-002  0.2874078433154927E-002  0.2867536007117050E-002 -0.1541402114142019E-004 -0.1521244562928655E-015
 0.9985477800000000E+000  0.1182784600000000E+001 -0.1382342695609578E-002  0.1387611816550595E-002  0.1382051060088828E-002 -0.3595452888053240E-005  0.3613374467063181E-016
 0.1000000000000000E+001  0.1182784600000000E+001  0.2673083549536809E-019 -0.1908706233528380E-019 -0.2135407615447817E-019  0.1305326896948947E-026  0.1689822720843380E-021

 0.0000000000000000E+000  0.1212732300000000E+001 -0.1503572104279280E+001  0.1128088615301334E+001  0.1336037779657486E+001 -0.7384992612692676E-001  0.5566103184111675E-001
 0.5783680700000000E-002  0.1212732300000000E+001 -0.1502587953719050E+001  0.1127579811018319E+001  0.1335045658287336E+001 -0.7384693884991374E-001  0.5582170940357201E-001
 0.1192781000000000E-001  0.1212732300000000E+001 -0.1499367895262526E+001  0.1125914133333434E+001  0.1331799270898291E+001 -0.7383661692081006E-001  0.5635044405893191E-001
 0.1844960300000000E-001  0.1212732300000000E+001 -0.1493526836743838E+001  0.1122888464506752E+001  0.1325909465230635E+001 -0.7381574470916315E-001  0.5732141303951565E-001
 0.2536636600000000E-001  0.1212732300000000E+001 -0.1484736471762788E+001  0.1118323985334618E+001  0.1317043249712019E+001 -0.7377920157574470E-001  0.5881231148370013E-001
 0.3269537900000000E-001  0.1212732300000000E+001 -0.1472773124562788E+001  0.1112088763594918E+001  0.1304971589124889E+001 -0.7371985533861099E-001  0.6090117614575168E-001
 0.4045376700000000E-001  0.1212732300000000E+001 -0.1457563674612365E+001  0.1104119314555683E+001  0.1289615293766587E+001 -0.7362920916691613E-001  0.6366255991372495E-001
 0.4865834800000000E-001  0.1212732300000000E+001 -0.1439218950161856E+001  0.1094436255875954E+001  0.1271078400940787E+001 -0.7349915246733529E-001  0.6716348042205612E-001
 0.5732546900000000E-001  0.1212732300000000E+001 -0.1418044259634502E+001  0.1083149510898175E+001  0.1249658729774048E+001 -0.7332492168250943E-001  0.7145970380090151E-001
 0.6647082500000000E-001  0.1212732300000000E+001 -0.1394521172148970E+001  0.1070450715308343E+001  0.1225829735341121E+001 -0.7310892405530098E-001  0.7659290555160748E-001
 0.7610926000000000E-001  0.1212732300000000E+001 -0.1369262042345137E+001  0.1056593863146936E+001  0.1200195173177176E+001 -0.7286457176868374E-001  0.8258906934503957E-001
 0.8625455200000000E-001  0.1212732300000000E+001 -0.1342946277659338E+001  0.1041868383678452E+001  0.1173425588069128E+001 -0.7261897689369319E-001  0.8945819361882827E-001
 0.9691918300000001E-001  0.1212732300000000E+001 -0.1316251804644768E+001  0.1026570432756689E+001  0.1146190098996369E+001 -0.7241348912148625E-001  0.9719507748000114E-001
 0.1081141000000000E+000  0.1212732300000000E+001 -0.1289794946297142E+001  0.1010977715388831E+001  0.1119096707865319E+001 -0.7230162997282834E-001  0.1057807573138364E+000
 0.1198484800000000E+000  0.1212732300000000E+001 -0.1264087698640848E+001  0.9953311901278263E+000  0.1092650138495035E+001 -0.7234475343470835E-001  0.1151841085471010E+000
 0.1321294200000000E+000  0.1212732300000000E+001 -0.1239515694290259E+001  0.9798247442299556E+000  0.1067230523837275E+001 -0.7260639397087443E-001  0.1253631095227858E+000
 0.1449617600000000E+000  0.1212732300000000E+001 -0.1216334347275142E+001  0.9646016610262758E+000  0.1043090455261740E+001 -0.7314650328799709E-001  0.1362656220920838E+000
 0.1583477400000000E+000  0.1212732300000000E+001 -0.1194678688226848E+001  0.9497563692873885E+000  0.1020365962892606E+001 -0.7401659117867006E-001  0.1478292696704678E+000
 0.1722868300000000E+000  0.1212732300000000E+001 -0.1174580266080164E+001  0.9353389594134648E+000  0.9990948253150608E+000 -0.7525635642516906E-001  0.1599806262317545E+000
 0.1867754200000000E+000  0.1212732300000000E+001 -0.1155986529417441E+001  0.9213610739686656E+000  0.9792376895558113E+000 -0.7689189520469025E-001  0.1726334636223017E+000
 0.2018066600000000E+000  0.1212732300000000E+001 -0.1138778566514800E+001  0.9078015986060896E+000  0.9606978920288236E+000 -0.7893525062862988E-001  0.1856863665759903E+000
 0.2173702200000000E+000  0.1212732300000000E+001 -0.1122785516568640E+001  0.8946116683614722E+000  0.9433383195761305E+000 -0.8138486006004084E-001  0.1990196188290192E+000
 0.2334521800000000E+000  0.1212732300000000E+001 -0.1107794645986084E+001  0.8817184703530354E+000  0.9269942440574844E+000 -0.8422648484276013E-001  0.2124916959594305E+000
 0.2500348700000000E+000  0.1212732300000000E+001 -0.1093557503522693E+001  0.8690279986786834E+000  0.9114824325423617E+000 -0.8743424482693192E-001  0.2259354434139532E+000
 0.2670968500000000E+000  0.1212732300000000E+001 -0.1079792770217778E+001  0.8564268033786604E+000  0.8966068755177670E+000 -0.9097155597689670E-001  0.2391544594546994E+000
 0.2846128000000000E+000  0.1212732300000000E+001 -0.1066187242410801E+001  0.8437832749041092E+000  0.8821621481292198E+000 -0.9479181767781200E-001  0.2519200337672252E+000
 0.3025536600000000E+000  0.1212732300000000E+001 -0.1052396217207477E+001  0.8309486946244048E+000  0.8679349794699381E+000 -0.9883890683409106E-001  0.2639696732048108E+000
 0.3208866600000000E+000  0.1212732300000000E+001 -0.1038045406118156E+001  0.8177589112273098E+000  0.8537052629765989E+000 -0.1030474680870103E+000  0.2750079410195099E+000
 0.3395755000000000E+000  0.1212732300000000E+001 -0.1022736194696475E+001  0.8040371149651386E+000  0.8392472018069773E+000 -0.1073431674187152E+000  0.2847110187714304E+000
 0.3585805500000000E+000  0.1212732300000000E+001 -0.1006056372356915E+001  0.7895984755599764E+000  0.8243316062674405E+000 -0.1116430284911340E+000  0.2927361418814288E+000
 0.3778591900000000E+000  0.1212732300000000E+001 -0.9875978140328533E+000  0.7742571014604072E+000  0.8087300692889442E+000 -0.1158560432417077E+000  0.2987369338455951E+000
 0.3973661100000000E+000  0.1212732300000000E+001 -0.9669817751314698E+000  0.7578356962200802E+000  0.7922217676055759E+000 -0.1198841842354668E+000  0.3023847727513606E+000
 0.4170537000000000E+000  0.1212732300000000E+001 -0.9438904157527512E+000  0.7401775472529032E+000  0.7746029981354215E+000 -0.1236240076949246E+000  0.3033952267804702E+000
 0.4368725300000000E+000  0.1212732300000000E+001 -0.9181009478769573E+000  0.7211598823809057E+000  0.7556990413829832E+000 -0.1269689716111484E+000  0.3015568596280473E+000
 0.4567718400000000E+000  0.1212732300000000E+001 -0.8895167648415864E+000  0.7007070128520687E+000  0.7353772794532732E+000 -0.1298125204367797E+000  0.2967581724451216E+000
 0.4767000000000000E+000  0.1212732300000000E+001 -0.8581889262921909E+000  0.6788012206436700E+000  0.7135598173876052E+000 -0.1320519196710314E+000  0.2890077159959530E+000
 0.4966051100000000E+000  0.1212732300000000E+001 -0.8243220045843028E+000  0.6554891419145772E+000  0.6902332760709528E+000 -0.1335927371527862E+000  0.2784428449957017E+000
 0.5164355000000000E+000  0.1212732300000000E+001 -0.7882619265380688E+000  0.6308824283959901E+000  0.6654540125017716E+000 -0.1343536816152136E+000  0.2653246705654307E+000
 0.5361402700000000E+000  0.1212732300000000E+001 -0.7504671294559625E+000  0.6051521537087846E+000  0.6393473678560264E+000 -0.1342714468436738E+000  0.2500196105000890E+000
 0.5556698200000000E+000  0.1212732300000000E+001 -0.7114684222943128E+000  0.5785178066175347E+000  0.6121008080746142E+000 -0.1333050901937054E+000  0.2329707949065197E+000
 0.5749763200000000E+000  0.1212732300000000E+001 -0.6718250046211388E+000  0.5512326665388720E+000  0.5839519468875198E+000 -0.1314394574276275E+000  0.2146643944653403E+000
 0.5940141799999999E+000  0.1212732300000000E+001 -0.6320836056488568E+000  0.5235676285205842E+000  0.5551730868141544E+000 -0.1286872087466584E+000  0.1955960854533051E+000
 0.6127404500000000E+000  0.1212732300000000E+001 -0.5927459162814259E+000  0.4957955976800645E+000  0.5260544087968136E+000 -0.1250891235592191E+000  0.1762418956875044E+000
 0.6311151600000000E+000  0.1212732300000000E+001 -0.5542466034370984E+000  0.4681779719506263E+000  0.4968877029079860E+000 -0.1207125445986255E+000  0.1570358680462679E+000
 0.6491016200000000E+000  0.1212732300000000E+001 -0.5169417473170078E+000  0.4409540635415222E+000  0.4679520692244050E+000 -0.1156480260411786E+000  0.1383552178744422E+000
 0.6666666700000000E+000  0.1212732300000000E+001 -0.4811060394990494E+000  0.4143337549333566E+000  0.4395025073864538E+000 -0.1100044640398885E+000  0.1205124027206802E+000
 0.6837808000000000E+000  0.1212732300000000E+001 -0.4469365590051332E+000  0.3884933502006083E+000  0.4117619044197651E+000 -0.1039031935568826E+000  0.1037528862877514E+000
 0.7004183000000000E+000  0.1212732300000000E+001 -0.4145604642189567E+000  0.3635739520181721E+000  0.3849161222048892E+000 -0.9747156855769877E-001  0.8825692080252841E-001
 0.7165572700000000E+000  0.1212732300000000E+001 -0.3840450009371473E+000  0.3396820814807456E+000  0.3591121351572839E+000 -0.9083667088879728E-001  0.7414412700251963E-001
 0.7321796300000000E+000  0.1212732300000000E+001 -0.3554081026441627E+000  0.3168917807809364E+000  0.3344585061252381E+000 -0.8411963749773776E-001  0.6147961306245311E-001
 0.7472710500000000E+000  0.1212732300000000E+001 -0.3286287787425337E+000  0.2952478217982677E+000  0.3110277780096732E+000 -0.7743104591868435E-001  0.5028090141515049E-001
 0.7618208000000000E+000  0.1212732300000000E+001 -0.3036566965339241E+000  0.2747695945812216E+000  0.2888602258138499E+000 -0.7086760838578403E-001  0.4052511518203647E-001
 0.7758216500000000E+000  0.1212732300000000E+001 -0.2804204272832953E+000  0.2554551507955413E+000  0.2679682632681978E+000 -0.6451018718985481E-001  0.3215601071959311E-001
 0.7892696500000000E+000  0.1212732300000000E+001 -0.2588345461591331E+000  0.2372853827326642E+000  0.2483413348220063E+000 -0.5842312400085633E-001  0.2509080983374597E-001
 0.8021639100000000E+000  0.1212732300000000E+001 -0.2388053793329867E+000  0.2202279664773847E+000  0.2299507540897446E+000 -0.5265463313906953E-001  0.1922665230673583E-001
 0.8145064000000000E+000  0.1212732300000000E+001 -0.2202354666258237E+000  0.2042409087723524E+000  0.2127542031593943E+000 -0.4723798734626485E-001  0.1444663437043343E-001
 0.8263016600000000E+000  0.1212732300000000E+001 -0.2030270438007461E+000  0.1892757527651298E+000  0.1966998691938064E+000 -0.4219326647135466E-001  0.1062545513909308E-001
 0.8375565600000000E+000  0.1212732300000000E+001 -0.1870844823186914E+000  0.1752802088873177E+000  0.1817299118552168E+000 -0.3752934821021578E-001  0.7634568499363029E-002
 0.8482800500000000E+000  0.1212732300000000E+001 -0.1723159521801040E+000  0.1622002840413550E+000  0.1677833109649429E+000 -0.3324595778589499E-001  0.5346822730597876E-002
 0.8584829000000000E+000  0.1212732300000000E+001 -0.1586344683150172E+000  0.1499819295821331E+000  0.1547981047084513E+000 -0.2933562300847335E-001  0.3640510772447056E-002
 0.8681774200000000E+000  0.1212732300000000E+001 -0.1459584822893081E+000  0.1385722654354229E+000  0.1427130802275704E+000 -0.2578544145268805E-001  0.2402742093776100E-002
 0.8773772700000000E+000  0.1212732300000000E+001 -0.1342120101168096E+000  0.1279203166534844E+000  0.1314688579477345E+000 -0.2257857316884077E-001  0.1532036201548051E-002
 0.8860971700000000E+000  0.1212732300000000E+001 -0.1233246613179723E+000  0.1179775639004260E+000  0.1210087016274289E+000 -0.1969552147031280E-001  0.9400960457470455E-003
 0.8943527400000000E+000  0.1212732300000000E+001 -0.1132313598999538E+000  0.1086981153375504E+000  0.1112788632731202E+000 -0.1711513363668382E-001  0.5526969575668741E-003
 0.9021602500000000E+000  0.1212732300000000E+001 -0.1038721086631777E+000  0.1000388281696385E+000  0.1022288221191515E+000 -0.1481542714414649E-001  0.3097303555068655E-003
 0.9095365000000000E+000  0.1212732300000000E+001 -0.9519157122982951E-001  0.9195919085711977E-001  0.9381123016684660E-001 -0.1277420157524154E-001  0.1644642566452148E-003
 0.9164985600000000E+000  0.1212732300000000E+001 -0.8713883086349083E-001  0.8442131540520408E-001  0.8598193987160864E-001 -0.1096954880750072E-001  0.8217278143003457E-004
 0.9230637200000000E+000  0.1212732300000000E+001 -0.7966692825201487E-001  0.7738968681781236E-001  0.7869975380150435E-001 -0.9380187621569258E-002  0.3831796306391277E-004
 0.9292492700000000E+000  0.1212732300000000E+001 -0.7273263612733076E-001  0.7083110745799234E-001  0.7192635922934409E-001 -0.7985750684094888E-002  0.1651583862852277E-004
 0.9350724600000000E+000  0.1212732300000000E+001 -0.6629606773689956E-001  0.6471446734385004E-001  0.6562606958300395E-001 -0.6766949939499638E-002  0.6504712042126464E-005
 0.9405503300000000E+000  0.1212732300000000E+001 -0.6032047381268476E-001  0.5901067797188940E-001  0.5976572697845817E-001 -0.5705711582794511E-002  0.2308842352565611E-005
 0.9456996700000000E+000  0.1212732300000000E+001 -0.5477193308859307E-001  0.5369249351017644E-001  0.5431448364141350E-001 -0.4785232672781148E-002  0.7263519241318489E-006
 0.9505369100000000E+000  0.1212732300000000E+001 -0.4961915694962984E-001  0.4873442945790932E-001  0.4924368148870586E-001 -0.3990013638097635E-002  0.1984389153993231E-006
 0.9550781000000000E+000  0.1212732300000000E+001 -0.4483323040290375E-001  0.4411260989322142E-001  0.4452665808468938E-001 -0.3305844175004906E-002  0.4590939595462905E-007
 0.9593388200000000E+000  0.1212732300000000E+001 -0.4038745891441665E-001  0.3980470641406091E-001  0.4013864742168142E-001 -0.2719778550101934E-002  0.8717621748026991E-008
 0.9633341700000000E+000  0.1212732300000000E+001 -0.3625715806615224E-001  0.3578981268288239E-001  0.3605661663595945E-001 -0.2220081375035900E-002  0.1307299321214864E-008
 0.9670787100000000E+000  0.1212732300000000E+001 -0.3241952098053832E-001  0.3204838538993153E-001  0.3225917280429729E-001 -0.1796169262097957E-002  0.1480777630682475E-009
 0.9705864600000000E+000  0.1212732300000000E+001 -0.2885344598336323E-001  0.2856213856281062E-001  0.2872642488136875E-001 -0.1438537132830451E-002  0.1223764956680340E-010
 0.9738709000000000E+000  0.1212732300000000E+001 -0.2553938562047250E-001  0.2531395089584807E-001  0.2543986184278858E-001 -0.1138681921325039E-002  0.7770770326047123E-012
 0.9769449100000001E+000  0.1212732300000000E+001 -0.2245927422695940E-001  0.2228784328921381E-001  0.2238230465850577E-001 -0.8890301885868820E-003  0.4905878784023193E-013
 0.9798208200000000E+000  0.1212732300000000E+001 -0.1959636037319043E-001  0.1946885710786574E-001  0.1953776049932909E-001 -0.6828558680022197E-003  0.3270247507672513E-014
 0.9825103800000000E+000  0.1212732300000000E+001 -0.1693513464502034E-001  0.1684302026182680E-001  0.1689136849661765E-001 -0.5142077507650630E-003  0.1342850606293424E-015
 0.9850247900000000E+000  0.1212732300000000E+001 -0.1446121009279841E-001  0.1439726172126303E-001  0.1442929598127373E-001 -0.3778353649931996E-003  0.1422869868652951E-016
 0.9873746700000000E+000  0.1212732300000000E+001 -0.1216127329046780E-001  0.1211939099475146E-001  0.1213870276522970E-001 -0.2691224834267920E-003 -0.7763821817354536E-017
 0.9895701099999999E+000  0.1212732300000000E+001 -0.1002296643427041E-001  0.9998004892764532E-002  0.1000763495294641E-001 -0.1840203736065903E-003  0.1094308362236208E-017
 0.9916206800000000E+000  0.1212732300000000E+001 -0.8034817995111753E-002  0.8022437109702798E-002  0.8024965418095503E-002 -0.1189885266977643E-003  0.4607156552892423E-017
 0.9935354199999999E+000  0.1212732300000000E+001 -0.6186200173181959E-002  0.6182727495137723E-002  0.6180359669407266E-002 -0.7094028326437022E-004 -0.1389064764435937E-016
 0.9953228800000000E+000  0.1212732300000000E+001 -0.4467244516214889E-002  0.4469535186787761E-002  0.4464198830418110E-002 -0.3719134836449135E-004 -0.1440660027383185E-016
 0.9969911299999999E+000  0.1212732300000000E+001 -0.2868792696074167E-002  0.2874037699249430E-002  0.2867536648419663E-002 -0.1541402523515807E-004  0.1514261978289160E-015
 0.9985477800000000E+000  0.1212732300000000E+001 -0.1382342767600007E-002  0.1387602281510068E-002  0.1382051132064882E-002 -0.3595453110793681E-005 -0.1362539108299691E-015
 0.1000000000000000E+001  0.1212732300000000E+001  0.3400164019316324E-019 -0.3779580762592460E-019 -0.2664998063089074E-019  0.1416014515145418E-026 -0.3404384010551380E-022

 0.0000000000000000E+000  0.1240949300000000E+001 -0.1505960829081480E+001  0.1125699891571404E+001  0.1338394596687138E+001 -0.7384992612692676E-001  0.5622628577324124E-001
 0.5783680700000000E-002  0.1240949300000000E+001 -0.1504970380727329E+001  0.1125196415469217E+001  0.1337395929380479E+001 -0.7384706061852718E-001  0.5638861794086314E-001
 0.1192781000000000E-001  0.1240949300000000E+001 -0.1501729760396815E+001  0.1123548156830211E+001  0.1334128158192121E+001 -0.7383713410537804E-001  0.5692279880488865E-001
 0.1844960300000000E-001  0.1240949300000000E+001 -0.1495851577448895E+001  0.1120554029489732E+001  0.1328199697306385E+001 -0.7381696680868011E-001  0.5790377514127001E-001
 0.2536636600000000E-001  0.1240949300000000E+001 -0.1487005779737875E+001  0.1116036882582076E+001  0.1319275644484793E+001 -0.7378145328063516E-001  0.5941005488120856E-001
 0.3269537900000000E-001  0.1240949300000000E+001 -0.1474967875821997E+001  0.1109865820184363E+001  0.1307125947539710E+001 -0.7372344449902071E-001  0.6152050196434572E-001
 0.4045376700000000E-001  0.1240949300000000E+001 -0.1459665212673993E+001  0.1101977518725084E+001  0.1291671639691113E+001 -0.7363438461658041E-001  0.6431047649370936E-001
 0.4865834800000000E-001  0.1240949300000000E+001 -0.1441210611311333E+001  0.1092391728779188E+001  0.1273018456386991E+001 -0.7350605652893842E-001  0.6784774791545098E-001
 0.5732546900000000E-001  0.1240949300000000E+001 -0.1419912945166564E+001  0.1081216472336919E+001  0.1251467431217969E+001 -0.7333354619266674E-001  0.7218874804184697E-001
 0.6647082500000000E-001  0.1240949300000000E+001 -0.1396258726889545E+001  0.1068640614305572E+001  0.1227496551895849E+001 -0.7311908144865616E-001  0.7737571141123673E-001
 0.7610926000000000E-001  0.1240949300000000E+001 -0.1370866216390912E+001  0.1054914820135190E+001  0.1201715005349970E+001 -0.7287589213782236E-001  0.8343506736077384E-001
 0.8625455200000000E-001  0.1240949300000000E+001 -0.1344421130425967E+001  0.1040325024456009E+001  0.1174799108008872E+001 -0.7263093690558763E-001  0.9037715422951226E-001
 0.9691918300000001E-001  0.1240949300000000E+001 -0.1317607530695931E+001  0.1025164109401567E+001  0.1147423513322507E+001 -0.7242547028274020E-001  0.9819702462328264E-001
 0.1081141000000000E+000  0.1240949300000000E+001 -0.1291047219371450E+001  0.1009707036145346E+001  0.1120201040908381E+001 -0.7231299523194411E-001  0.1068759084271115E+000
 0.1198484800000000E+000  0.1240949300000000E+001 -0.1265256707350180E+001  0.9941927394897290E+000  0.1093640210867891E+001 -0.7235492625168875E-001  0.1163828425601191E+000
 0.1321294200000000E+000  0.1240949300000000E+001 -0.1240625064356547E+001  0.9788138688818547E+000  0.1068123823449914E+001 -0.7261492479679997E-001  0.1266759584572160E+000
 0.1449617600000000E+000  0.1240949300000000E+001 -0.1217410114733704E+001  0.9637132214540384E+000  0.1043906068162239E+001 -0.7315311395562207E-001  0.1377032793333620E+000
 0.1583477400000000E+000  0.1240949300000000E+001 -0.1195748431318395E+001  0.9489853871039237E+000  0.1021123677534944E+001 -0.7402119515372232E-001  0.1494026016730212E+000
 0.1722868300000000E+000  0.1240949300000000E+001 -0.1175672436269237E+001  0.9346811265598647E+000  0.9998144585734574E+000 -0.7525905899747022E-001  0.1617006742697574E+000
 0.1867754200000000E+000  0.1240949300000000E+001 -0.1157129966431669E+001  0.9208131113820162E+000  0.9799386324102017E+000 -0.7689298095865789E-001  0.1745114156531810E+000
 0.2018066600000000E+000  0.1240949300000000E+001 -0.1140002141735705E+001  0.9073614689200942E+000  0.9613988363886595E+000 -0.7893516571901671E-001  0.1877334779808318E+000
 0.2173702200000000E+000  0.1240949300000000E+001 -0.1124117824750689E+001  0.8942786507514051E+000  0.9440571105232926E+000 -0.8138419508674306E-001  0.2012470533864287E+000
 0.2334521800000000E+000  0.1240949300000000E+001 -0.1109263654077716E+001  0.8814931065632732E+000  0.9277477963117629E+000 -0.8422596154895391E-001  0.2149102551899086E+000
 0.2500348700000000E+000  0.1240949300000000E+001 -0.1095190061128654E+001  0.8689119139618547E+000  0.9122866527253870E+000 -0.8743470740803456E-001  0.2285551455310340E+000
 0.2670968500000000E+000  0.1240949300000000E+001 -0.1081613891231612E+001  0.8564224028442632E+000  0.8974765387370764E+000 -0.9097396585204645E-001  0.2419839291848245E+000
 0.2846128000000000E+000  0.1240949300000000E+001 -0.1068219077905684E+001  0.8438933116637922E+000  0.8831106856666402E+000 -0.9479724923079745E-001  0.2549656655566130E+000
 0.3025536600000000E+000  0.1240949300000000E+001 -0.1054656670688084E+001  0.8311757103231211E+000  0.8689741466225044E+000 -0.9884854083493390E-001  0.2672345496080742E+000
 0.3208866600000000E+000  0.1240949300000000E+001 -0.1040546388942498E+001  0.8181045562063711E+000  0.8548446697141592E+000 -0.1030625790366539E+000  0.2784905157306179E+000
 0.3395755000000000E+000  0.1240949300000000E+001 -0.1025481603984093E+001  0.8045013751048669E+000  0.8404937110529427E+000 -0.1073651009968960E+000  0.2884036309218619E+000
 0.3585805500000000E+000  0.1240949300000000E+001 -0.1009039986568594E+001  0.7901788595768534E+000  0.8256886333682872E+000 -0.1116731655589808E+000  0.2966235029248755E+000
 0.3778591900000000E+000  0.1240949300000000E+001 -0.9908014364568830E+000  0.7749478771776571E+000  0.8101968538197237E+000 -0.1158957477037687E+000  0.3027948186429371E+000
 0.3973661100000000E+000  0.1240949300000000E+001 -0.9703740695649012E+000  0.7586272954021852E+000  0.7937927270791041E+000 -0.1199347335064876E+000  0.3065792220136008E+000
 0.4170537000000000E+000  0.1240949300000000E+001 -0.9474269208019299E+000  0.7410562763452790E+000  0.7762673049715829E+000 -0.1236865069329211E+000  0.3076825971521907E+000
 0.4368725300000000E+000  0.1240949300000000E+001 -0.9217256562458126E+000  0.7221080623186089E+000  0.7574405713382528E+000 -0.1270442561307697E+000  0.3058849929984026E+000
 0.4567718400000000E+000  0.1240949300000000E+001 -0.8931653823182885E+000  0.7017036154793496E+000  0.7371750473599643E+000 -0.1299010544340083E+000  0.3010687778402716E+000
 0.4767000000000000E+000  0.1240949300000000E+001 -0.8617935274474323E+000  0.6798229776739390E+000  0.7153889412032971E+000 -0.1321537028721299E+000  0.2932397924512376E+000
 0.4966051100000000E+000  0.1240949300000000E+001 -0.8278164039544654E+000  0.6565119978231528E+000  0.6920664062637695E+000 -0.1337072332844302E+000  0.2825366991133095E+000
 0.5164355000000000E+000  0.1240949300000000E+001 -0.7915868490210238E+000  0.6318831254769118E+000  0.6672630597013884E+000 -0.1344797821705014E+000  0.2692259049673730E+000
 0.5361402700000000E+000  0.1240949300000000E+001 -0.7535743035996993E+000  0.6061097090499612E+000  0.6411052954737729E+000 -0.1344074804889609E+000  0.2536824562511316E+000
 0.5556698200000000E+000  0.1240949300000000E+001 -0.7143230200918010E+000  0.5794146752128527E+000  0.6137832491134771E+000 -0.1334488823162100E+000  0.2363603344977912E+000
 0.5749763200000000E+000  0.1240949300000000E+001 -0.6744062825239068E+000  0.5520554669854316E+000  0.5855384553622390E+000 -0.1315884371220684E+000  0.2177574993301587E+000
 0.5940141799999999E+000  0.1240949300000000E+001 -0.6343839927954273E+000  0.5243074049301026E+000  0.5566479205173878E+000 -0.1288385536127403E+000  0.1983811644957831E+000
 0.6127404500000000E+000  0.1240949300000000E+001 -0.5947690329167856E+000  0.4964476732438806E+000  0.5274068315257181E+000 -0.1252399273221247E+000  0.1787177391820154E+000
 0.6311151600000000E+000  0.1240949300000000E+001 -0.5560047466912013E+000  0.4687414982544584E+000  0.4981118657310648E+000 -0.1208599897496828E+000  0.1592099427481074E+000
 0.6491016200000000E+000  0.1240949300000000E+001 -0.5184532998077986E+000  0.4414313838309527E+000  0.4690465710275349E+000 -0.1157895436210769E+000  0.1402417439513009E+000
 0.6666666700000000E+000  0.1240949300000000E+001 -0.4823931121196833E+000  0.4147296884515088E+000  0.4404697468049409E+000 -0.1101378651397019E+000  0.1221304639417874E+000
 0.6837808000000000E+000  0.1240949300000000E+001 -0.4480230339324950E+000  0.3888144807967419E+000  0.4126073271331459E+000 -0.1040267615922801E+000  0.1051247324742527E+000
 0.7004183000000000E+000  0.1240949300000000E+001 -0.4154704874967631E+000  0.3638279761121794E+000  0.3856474467690824E+000 -0.9758410689644928E-001  0.8940653723017239E-001
 0.7165572700000000E+000  0.1240949300000000E+001 -0.3848019027505055E+000  0.3398772470648383E+000  0.3597386189128298E+000 -0.9093750628102074E-001  0.7509608913893315E-001
 0.7321796300000000E+000  0.1240949300000000E+001 -0.3560336840286894E+000  0.3170364300637352E+000  0.3349902903483298E+000 -0.8420858477442762E-001  0.6225820728170631E-001
 0.7472710500000000E+000  0.1240949300000000E+001 -0.3291428918712525E+000  0.2953500379287829E+000  0.3114753343183725E+000 -0.7750834312077871E-001  0.5090947631121585E-001
 0.7618208000000000E+000  0.1240949300000000E+001 -0.3040770476750822E+000  0.2748369452066049E+000  0.2892339121948782E+000 -0.7093383332924774E-001  0.4102562309831612E-001
 0.7758216500000000E+000  0.1240949300000000E+001 -0.2807625398353439E+000  0.2554945168561706E+000  0.2682779876835615E+000 -0.6456616639519470E-001  0.3254870029368052E-001
 0.7892696500000000E+000  0.1240949300000000E+001 -0.2591118338294268E+000  0.2373028597222515E+000  0.2485963188051355E+000 -0.5846984360773604E-001  0.2539403778228871E-001
 0.8021639100000000E+000  0.1240949300000000E+001 -0.2390292896169451E+000  0.2202288247798612E+000  0.2301593840401782E+000 -0.5269315896565039E-001  0.1945678799624318E-001
 0.8145064000000000E+000  0.1240949300000000E+001 -0.2204156644566670E+000  0.2042296002817062E+000  0.2129239550051831E+000 -0.4726939853829894E-001  0.1461803694826713E-001
 0.8263016600000000E+000  0.1240949300000000E+001 -0.2031716136258957E+000  0.1892559520903753E+000  0.1968372918471858E+000 -0.4221860470169310E-001  0.1075050860184668E-001
 0.8375565600000000E+000  0.1240949300000000E+001 -0.1872001326192917E+000  0.1752548784369840E+000  0.1818406547805478E+000 -0.3754958222571725E-001  0.7723762890297563E-002
 0.8482800500000000E+000  0.1240949300000000E+001 -0.1724082118013323E+000  0.1621717537306429E+000  0.1678721826225981E+000 -0.3326196170654924E-001  0.5408872476840512E-002
 0.8584829000000000E+000  0.1240949300000000E+001 -0.1587078678623392E+000  0.1499519833314342E+000  0.1548691502961450E+000 -0.2934816597476980E-001  0.3682502384234332E-002
 0.8681774200000000E+000  0.1240949300000000E+001 -0.1460167168480685E+000  0.1385422281390850E+000  0.1427696691204677E+000 -0.2579518594147018E-001  0.2430303851835771E-002
 0.8773772700000000E+000  0.1240949300000000E+001 -0.1342580816453383E+000  0.1278911368558663E+000  0.1315137731940104E+000 -0.2258607937726639E-001  0.1549522230846893E-002
 0.8860971700000000E+000  0.1240949300000000E+001 -0.1233610010116378E+000  0.1179498889443918E+000  0.1210442262421532E+000 -0.1970125557186609E-001  0.9507772447189600E-003
 0.8943527400000000E+000  0.1240949300000000E+001 -0.1132599315513220E+000  0.1086723571320821E+000  0.1113068596300525E+000 -0.1711947809666655E-001  0.5589507738171820E-003
 0.9021602500000000E+000  0.1240949300000000E+001 -0.1038944949946741E+000  0.1000152188823237E+000  0.1022508026417398E+000 -0.1481869179860163E-001  0.3132219153334126E-003
 0.9095365000000000E+000  0.1240949300000000E+001 -0.9520904522477279E-001  0.9193782877225092E-001  0.9382841853467189E-001 -0.1277663454545958E-001  0.1663119776703394E-003
 0.9164985600000000E+000  0.1240949300000000E+001 -0.8715241440176436E-001  0.8440220173000537E-001  0.8599532307095566E-001 -0.1097134670235069E-001  0.8309314392099582E-004
 0.9230637200000000E+000  0.1240949300000000E+001 -0.7967743996777758E-001  0.7737275465100836E-001  0.7871012563313107E-001 -0.9381504691022497E-002  0.3874594256272198E-004
 0.9292492700000000E+000  0.1240949300000000E+001 -0.7274073044628437E-001  0.7081624413203483E-001  0.7193435640264421E-001 -0.7986706813806813E-002  0.1669984053002402E-004
 0.9350724600000000E+000  0.1240949300000000E+001 -0.6630226658633871E-001  0.6470153141603796E-001  0.6563220138777277E-001 -0.6767637462849158E-002  0.6577014233359729E-005
 0.9405503300000000E+000  0.1240949300000000E+001 -0.6032519239778304E-001  0.5899951190541090E-001  0.5977039962138867E-001 -0.5706200985771125E-002  0.2334452384577010E-005
 0.9456996700000000E+000  0.1240949300000000E+001 -0.5477550078708080E-001  0.5368293300383889E-001  0.5431802011186304E-001 -0.4785577290978823E-002  0.7343934302340755E-006
 0.9505369100000000E+000  0.1240949300000000E+001 -0.4962183425291251E-001  0.4872631014954746E-001  0.4924633775980919E-001 -0.3990253473992054E-002  0.2006320538946012E-006
 0.9550781000000000E+000  0.1240949300000000E+001 -0.4483522262036519E-001  0.4410577206339227E-001  0.4452863628461643E-001 -0.3306008960439610E-002  0.4641598777564262E-007
 0.9593388200000000E+000  0.1240949300000000E+001 -0.4038892725810238E-001  0.3979899814204998E-001  0.4014010653434318E-001 -0.2719890177551913E-002  0.8813680623307886E-008
 0.9633341700000000E+000  0.1240949300000000E+001 -0.3625822859295359E-001  0.3578509185064259E-001  0.3605768116710963E-001 -0.2220155806694449E-002  0.1321686227154969E-008
 0.9670787100000000E+000  0.1240949300000000E+001 -0.3242029180043332E-001  0.3204452081134390E-001  0.3225993979163332E-001 -0.1796218015028045E-002  0.1497056593283396E-009
 0.9705864600000000E+000  0.1240949300000000E+001 -0.2885399305420289E-001  0.2855901048060992E-001  0.2872696954753170E-001 -0.1438568423039406E-002  0.1237212092745772E-010
 0.9738709000000000E+000  0.1240949300000000E+001 -0.2553976739863730E-001  0.2531145101966452E-001  0.2544024214486439E-001 -0.1138701537218280E-002  0.7855900896276269E-012
 0.9769449100000001E+000  0.1240949300000000E+001 -0.2245953539436181E-001  0.2228587449883690E-001  0.2238256494311470E-001 -0.8890421519303051E-003  0.4960928158971399E-013
 0.9798208200000000E+000  0.1240949300000000E+001 -0.1959653481213731E-001  0.1946733294708368E-001  0.1953793442661352E-001 -0.6828629291546210E-003  0.3278394118532439E-014
 0.9825103800000000E+000  0.1240949300000000E+001 -0.1693524780996205E-001  0.1684186428538014E-001  0.1689148137616725E-001 -0.5142117564445268E-003  0.1600816994269570E-015
 0.9850247900000000E+000  0.1240949300000000E+001 -0.1446128089414347E-001  0.1439640676387036E-001  0.1442936663087505E-001 -0.3778375285627833E-003 -0.8142517123819953E-017
 0.9873746700000000E+000  0.1240949300000000E+001 -0.1216131558735449E-001  0.1211877839758723E-001  0.1213874498622141E-001 -0.2691235814688511E-003  0.1028784948228756E-016
 0.9895701099999999E+000  0.1240949300000000E+001 -0.1002299021221764E-001  0.9997583729114256E-002  0.1000765869587611E-001 -0.1840208871679966E-003 -0.3691260952667908E-017
 0.9916206800000000E+000  0.1240949300000000E+001 -0.8034830292325696E-002  0.8022163425932162E-002  0.8024977700848123E-002 -0.1189887414822243E-003 -0.2177274021116570E-017
 0.9935354199999999E+000  0.1240949300000000E+001 -0.6186205806056535E-002  0.6182563581749951E-002  0.6180365297200167E-002 -0.7094035963159757E-004  0.1280812203480088E-016
 0.9953228800000000E+000  0.1240949300000000E+001 -0.4467246644602300E-002  0.4469448893535038E-002  0.4464200957423699E-002 -0.3719136936091101E-004  0.1354031851582088E-016
 0.9969911299999999E+000  0.1240949300000000E+001 -0.2868793261535519E-002  0.2874001797514534E-002  0.2867537213645876E-002 -0.1541402884333302E-004 -0.1469988657226570E-015
 0.9985477800000000E+000  0.1240949300000000E+001 -0.1382342831050393E-002  0.1387593877593584E-002  0.1382051195502603E-002 -0.3595453307133767E-005  0.1927993114700041E-015
 0.1000000000000000E+001  0.1240949300000000E+001  0.1844395592568923E-019 -0.3623231151747756E-019  0.3899088916697593E-021  0.3604486013045872E-027 -0.1868752951625155E-021

 0.0000000000000000E+000  0.1267498700000000E+001 -0.1508064861055463E+001  0.1123595860498332E+001  0.1340470652070942E+001 -0.7384992612692676E-001  0.5671727655746745E-001
 0.5783680700000000E-002  0.1267498700000000E+001 -0.1507068849473680E+001  0.1123097097171067E+001  0.1339466203914927E+001 -0.7384716741710530E-001  0.5688104651034986E-001
 0.1192781000000000E-001  0.1267498700000000E+001 -0.1503810066031668E+001  0.1121464244989152E+001  0.1336179548779771E+001 -0.7383758771681866E-001  0.5741995994631702E-001
 0.1844960300000000E-001  0.1267498700000000E+001 -0.1497899091364923E+001  0.1118498012199597E+001  0.1330216953641765E+001 -0.7381803872360165E-001  0.5840963248286448E-001
 0.2536636600000000E-001  0.1267498700000000E+001 -0.1489004334510307E+001  0.1114022718443121E+001  0.1321241832766392E+001 -0.7378342837646959E-001  0.5992927864665074E-001
 0.3269537900000000E-001  0.1267498700000000E+001 -0.1476900588542905E+001  0.1107908376138448E+001  0.1309023241871120E+001 -0.7372659297664212E-001  0.6205848174658445E-001
 0.4045376700000000E-001  0.1267498700000000E+001 -0.1461515619732907E+001  0.1100091793007481E+001  0.1293482418821710E+001 -0.7363892502465610E-001  0.6487330429397982E-001
 0.4865834800000000E-001  0.1267498700000000E+001 -0.1442964015772299E+001  0.1090591939483689E+001  0.1274726607092314E+001 -0.7351211409046907E-001  0.6844217055094316E-001
 0.5732546900000000E-001  0.1267498700000000E+001 -0.1421557803799421E+001  0.1079515142555065E+001  0.1253059686113899E+001 -0.7334111417190271E-001  0.7282209304674730E-001
 0.6647082500000000E-001  0.1267498700000000E+001 -0.1397787864122983E+001  0.1067047805418692E+001  0.1228963650201155E+001 -0.7312799568176108E-001  0.7805579533991286E-001
 0.7610926000000000E-001  0.1267498700000000E+001 -0.1372277668724120E+001  0.1053437642833955E+001  0.1203052481668170E+001 -0.7288582832731338E-001  0.8417009851297415E-001
 0.8625455200000000E-001  0.1267498700000000E+001 -0.1345718497977451E+001  0.1038967497463872E+001  0.1176007587350957E+001 -0.7264143587939710E-001  0.9117564228975412E-001
 0.9691918300000001E-001  0.1267498700000000E+001 -0.1318799819085391E+001  0.1023927360392087E+001  0.1148508496924878E+001 -0.7243598906050892E-001  0.9906770747197589E-001
 0.1081141000000000E+000  0.1267498700000000E+001 -0.1292148258159748E+001  0.1008589774751909E+001  0.1121172270236255E+001 -0.7232297425915230E-001  0.1078277022873649E+000
 0.1198484800000000E+000  0.1267498700000000E+001 -0.1266284298782569E+001  0.9931918967154987E+000  0.1094510764729845E+001 -0.7236385886727389E-001  0.1174248169082829E+000
 0.1321294200000000E+000  0.1267498700000000E+001 -0.1241600034502600E+001  0.9779252928958260E+000  0.1068909122188982E+001 -0.7262241568674191E-001  0.1278173319319315E+000
 0.1449617600000000E+000  0.1267498700000000E+001 -0.1218355411879992E+001  0.9629323415795222E+000  0.1044622932266922E+001 -0.7315891821603152E-001  0.1389534306540378E+000
 0.1583477400000000E+000  0.1267498700000000E+001 -0.1196688366273645E+001  0.9483077848024161E+000  0.1021789540389824E+001 -0.7402523613597371E-001  0.1507710840678539E+000
 0.1722868300000000E+000  0.1267498700000000E+001 -0.1176632099884373E+001  0.9341029841613191E+000  0.1000446775495887E+001 -0.7526142850776772E-001  0.1631972217361255E+000
 0.1867754200000000E+000  0.1267498700000000E+001 -0.1158134810709845E+001  0.9203315281613005E+000  0.9805544837777580E+000 -0.7689392826353235E-001  0.1761459235818919E+000
 0.2018066600000000E+000  0.1267498700000000E+001 -0.1141077675159228E+001  0.9069746489342334E+000  0.9620146906409386E+000 -0.7893508198062178E-001  0.1895159393956911E+000
 0.2173702200000000E+000  0.1267498700000000E+001 -0.1125289350880603E+001  0.8939859697973286E+000  0.9446886977604738E+000 -0.8138359833248419E-001  0.2031874253644415E+000
 0.2334521800000000E+000  0.1267498700000000E+001 -0.1110555972318104E+001  0.8812950662267914E+000  0.9284100384107541E+000 -0.8422548502081946E-001  0.2170182268949120E+000
 0.2500348700000000E+000  0.1267498700000000E+001 -0.1096627044292400E+001  0.8688099858344658E+000  0.9129935982846210E+000 -0.8743509199315500E-001  0.2308397728237792E+000
 0.2670968500000000E+000  0.1267498700000000E+001 -0.1083217858181383E+001  0.8564187628931466E+000  0.8982412571473559E+000 -0.9097605559197820E-001  0.2444531002547708E+000
 0.2846128000000000E+000  0.1267498700000000E+001 -0.1070009887914582E+001  0.8439904608614095E+000  0.8839450816817755E+000 -0.9480198772195751E-001  0.2576253625279264E+000
 0.3025536600000000E+000  0.1267498700000000E+001 -0.1056650492646574E+001  0.8313759810995863E+000  0.8698886673779194E+000 -0.9885696562816999E-001  0.2700878875068312E+000
 0.3208866600000000E+000  0.1267498700000000E+001 -0.1042754139342218E+001  0.8184095100134339E+000  0.8558478879528423E+000 -0.1030758107240309E+000  0.2815365643971908E+000
 0.3395755000000000E+000  0.1267498700000000E+001 -0.1027907122989448E+001  0.8049111139239177E+000  0.8415917878279914E+000 -0.1073843236066419E+000  0.2916360764262556E+000
 0.3585805500000000E+000  0.1267498700000000E+001 -0.1011678123896269E+001  0.7906912982643539E+000  0.8268846891867440E+000 -0.1116995951019124E+000  0.3000292727684681E+000
 0.3778591900000000E+000  0.1267498700000000E+001 -0.9936363432881348E+000  0.7755580552040318E+000  0.8114903111848948E+000 -0.1159305864467146E+000  0.3063528780945612E+000
 0.3973661100000000E+000  0.1267498700000000E+001 -0.9733781005535461E+000  0.7593268354291423E+000  0.7951787226494909E+000 -0.1199791088020979E+000  0.3102598201584615E+000
 0.4170537000000000E+000  0.1267498700000000E+001 -0.9505605941366697E+000  0.7418331143013867E+000  0.7777362992353826E+000 -0.1237413955625612E+000  0.3114472712610539E+000
 0.4368725300000000E+000  0.1267498700000000E+001 -0.9249390335597836E+000  0.7229465620164068E+000  0.7589782909913021E+000 -0.1271103980072463E+000  0.3096875843346800E+000
 0.4567718400000000E+000  0.1267498700000000E+001 -0.8964009842154916E+000  0.7025851311621772E+000  0.7387628670402855E+000 -0.1299788628411585E+000  0.3048575512112061E+000
 0.4767000000000000E+000  0.1267498700000000E+001 -0.8649905343669665E+000  0.6807268446845491E+000  0.7170047433881477E+000 -0.1322431815609996E+000  0.2969605089488374E+000
 0.4966051100000000E+000  0.1267498700000000E+001 -0.8309155219778408E+000  0.6574168358496140E+000  0.6936858630441579E+000 -0.1338079128230342E+000  0.2861362374689907E+000
 0.5164355000000000E+000  0.1267498700000000E+001 -0.7945349996308708E+000  0.6327682623227446E+000  0.6688611846604565E+000 -0.1345906875907671E+000  0.2726558615054887E+000
 0.5361402700000000E+000  0.1267498700000000E+001 -0.7563283313623111E+000  0.6069565065362336E+000  0.6426580532263791E+000 -0.1345271394695032E+000  0.2569021493993383E+000
 0.5556698200000000E+000  0.1267498700000000E+001 -0.7168518896225924E+000  0.5802075704767928E+000  0.6152690036630483E+000 -0.1335753778911738E+000  0.2393387997757892E+000
 0.5749763200000000E+000  0.1267498700000000E+001 -0.6766916351267276E+000  0.5527826179312217E+000  0.5869390860060506E+000 -0.1317195024543413E+000  0.2204743166401049E+000
 0.5940141799999999E+000  0.1267498700000000E+001 -0.6364192937595096E+000  0.5249609174556514E+000  0.5579495134991619E+000 -0.1289717001976144E+000  0.2008262099337508E+000
 0.6127404500000000E+000  0.1267498700000000E+001 -0.5965577561820231E+000  0.4970234621146504E+000  0.5285999390396029E+000 -0.1253725932544310E+000  0.1808901244428724E+000
 0.6311151600000000E+000  0.1267498700000000E+001 -0.5575580895265473E+000  0.4692388770066068E+000  0.4991913883584969E+000 -0.1209896922466262E+000  0.1611164680911566E+000
 0.6491016200000000E+000  0.1267498700000000E+001 -0.5197878414573852E+000  0.4418524909510371E+000  0.4700113556078858E+000 -0.1159140199903783E+000  0.1418951649402381E+000
 0.6666666700000000E+000  0.1267498700000000E+001 -0.4835286960084013E+000  0.4150788461930613E+000  0.4413220013728651E+000 -0.1102551886048926E+000  0.1235477979480549E+000
 0.6837808000000000E+000  0.1267498700000000E+001 -0.4489810194480558E+000  0.3890975607825641E+000  0.4133519462431660E+000 -0.1041354223776571E+000  0.1063257457978675E+000
 0.7004183000000000E+000  0.1267498700000000E+001 -0.4162724115554819E+000  0.3640518202550043E+000  0.3862913211495196E+000 -0.9768305386363307E-001  0.9041247714350677E-001
 0.7165572700000000E+000  0.1267498700000000E+001 -0.3854685276968670E+000  0.3400491712385946E+000  0.3602899835895370E+000 -0.9102614958381723E-001  0.7592867459223808E-001
 0.7321796300000000E+000  0.1267498700000000E+001 -0.3565843740700458E+000  0.3171638209639633E+000  0.3354581452465534E+000 -0.8428676440900223E-001  0.6293885870121711E-001
 0.7472710500000000E+000  0.1267498700000000E+001 -0.3295952509162952E+000  0.2954400428493571E+000  0.3118689560778805E+000 -0.7757627148879455E-001  0.5145875119827651E-001
 0.7618208000000000E+000  0.1267498700000000E+001 -0.3044467541153404E+000  0.2748962477962864E+000  0.2895624639146601E+000 -0.7099202153627888E-001  0.4146282027006756E-001
 0.7758216500000000E+000  0.1267498700000000E+001 -0.2810633219363506E+000  0.2555291882247782E+000  0.2685502242378181E+000 -0.6461534392035433E-001  0.3289159716804271E-001
 0.7892696500000000E+000  0.1267498700000000E+001 -0.2593555411404186E+000  0.2373182733636959E+000  0.2488203806095880E+000 -0.5851087981268699E-001  0.2565873205593860E-001
 0.8021639100000000E+000  0.1267498700000000E+001 -0.2392260250811867E+000  0.2202296233475975E+000  0.2303426681323869E+000 -0.5272699273237162E-001  0.1965762005802570E-001
 0.8145064000000000E+000  0.1267498700000000E+001 -0.2205739506905188E+000  0.2042197028601055E+000  0.2130730506158213E+000 -0.4729697992813842E-001  0.1476757505957891E-001
 0.8263016600000000E+000  0.1267498700000000E+001 -0.2032985743403194E+000  0.1892385916298461E+000  0.1969579675114193E+000 -0.4224085033893168E-001  0.1085958393501664E-001
 0.8375565600000000E+000  0.1267498700000000E+001 -0.1873016752807938E+000  0.1752326599333488E+000  0.1819378840099611E+000 -0.3756734420607370E-001  0.7801544079014040E-002
 0.8482800500000000E+000  0.1267498700000000E+001 -0.1724892023501442E+000  0.1621467250277089E+000  0.1679501964748162E+000 -0.3327600860976962E-001  0.5462971858559620E-002
 0.8584829000000000E+000  0.1267498700000000E+001 -0.1587722917150199E+000  0.1499257116922591E+000  0.1549315066672761E+000 -0.2935917385381415E-001  0.3719107208480191E-002
 0.8681774200000000E+000  0.1267498700000000E+001 -0.1460678230315398E+000  0.1385158770645261E+000  0.1428193303442956E+000 -0.2580373692316839E-001  0.2454326099510623E-002
 0.8773772700000000E+000  0.1267498700000000E+001 -0.1342985087259838E+000  0.1278655389990123E+000  0.1315531852602135E+000 -0.2259266558352510E-001  0.1564760498650187E-002
 0.8860971700000000E+000  0.1267498700000000E+001 -0.1233928851716276E+000  0.1179256123098981E+000  0.1210753950461513E+000 -0.1970628642926456E-001  0.9600842112055278E-003
 0.8943527400000000E+000  0.1267498700000000E+001 -0.1132849977837084E+000  0.1086497629593460E+000  0.1113314210346410E+000 -0.1712328944179829E-001  0.5643993429760630E-003
 0.9021602500000000E+000  0.1267498700000000E+001 -0.1039141332073281E+000  0.9999451062504447E-001  0.1022700847985085E+000 -0.1482155564181167E-001  0.3162635773533368E-003
 0.9095365000000000E+000  0.1267498700000000E+001 -0.9522437307294994E-001  0.9191909240359021E-001  0.9384349580098561E-001 -0.1277876867991764E-001  0.1679214606684641E-003
 0.9164985600000000E+000  0.1267498700000000E+001 -0.8716432890433262E-001  0.8438543807422114E-001  0.8600706183092965E-001 -0.1097292367947603E-001  0.8389476917165999E-004
 0.9230637200000000E+000  0.1267498700000000E+001 -0.7968665961242813E-001  0.7735790481778636E-001  0.7871922257683377E-001 -0.9382659868670777E-002  0.3911867868553387E-004
 0.9292492700000000E+000  0.1267498700000000E+001 -0.7274782951783444E-001  0.7080320912420777E-001  0.7194137026711289E-001 -0.7987545382244280E-002  0.1686008020664099E-004
 0.9350724600000000E+000  0.1267498700000000E+001 -0.6630770304005905E-001  0.6469018703507746E-001  0.6563757903928015E-001 -0.6768240429221352E-002  0.6639975188227358E-005
 0.9405503300000000E+000  0.1267498700000000E+001 -0.6032933050863873E-001  0.5898971987171206E-001  0.5977449743999083E-001 -0.5706630184362477E-002  0.2356752373228908E-005
 0.9456996700000000E+000  0.1267498700000000E+001 -0.5477862950381716E-001  0.5367454913525102E-001  0.5432112144197760E-001 -0.4785879507220632E-002  0.7413952175161894E-006
 0.9505369100000000E+000  0.1267498700000000E+001 -0.4962418207523550E-001  0.4871919023557162E-001  0.4924866713774172E-001 -0.3990463795336912E-002  0.2025415407204191E-006
 0.9550781000000000E+000  0.1267498700000000E+001 -0.4483696963082663E-001  0.4409977598550782E-001  0.4453037100258052E-001 -0.3306153464161982E-002  0.4685703980032468E-007
 0.9593388200000000E+000  0.1267498700000000E+001 -0.4039021485207490E-001  0.3979399263709079E-001  0.4014138603346765E-001 -0.2719988064222256E-002  0.8897308711278150E-008
 0.9633341700000000E+000  0.1267498700000000E+001 -0.3625916732658487E-001  0.3578095226441309E-001  0.3605861464314628E-001 -0.2220221075208502E-002  0.1334210923431945E-008
 0.9670787100000000E+000  0.1267498700000000E+001 -0.3242096771588444E-001  0.3204113208577981E-001  0.3226061234636032E-001 -0.1796260765530476E-002  0.1511228410079304E-009
 0.9705864600000000E+000  0.1267498700000000E+001 -0.2885447276392794E-001  0.2855626758699174E-001  0.2872744714865222E-001 -0.1438595860525039E-002  0.1248914874266637E-010
 0.9738709000000000E+000  0.1267498700000000E+001 -0.2554010216536791E-001  0.2530925898998084E-001  0.2544057561726089E-001 -0.1138718737677272E-002  0.7930561486307523E-012
 0.9769449100000001E+000  0.1267498700000000E+001 -0.2245976440047136E-001  0.2228414816402563E-001  0.2238279317513832E-001 -0.8890526420704734E-003  0.5006596718369456E-013
 0.9798208200000000E+000  0.1267498700000000E+001 -0.1959668776901288E-001  0.1946599649197482E-001  0.1953808693483611E-001 -0.6828691207367235E-003  0.3342184246267508E-014
 0.9825103800000000E+000  0.1267498700000000E+001 -0.1693534703822175E-001  0.1684085067514857E-001  0.1689158035418139E-001 -0.5142152688133191E-003  0.1334185726015804E-015
 0.9850247900000000E+000  0.1267498700000000E+001 -0.1446134297580133E-001  0.1439565710239981E-001  0.1442942857947723E-001 -0.3778394256750316E-003  0.1743351432900766E-016
 0.9873746700000000E+000  0.1267498700000000E+001 -0.1216135267496649E-001  0.1211824124869610E-001  0.1213878200728559E-001 -0.2691245442770948E-003 -0.1190014914407924E-016
 0.9895701099999999E+000  0.1267498700000000E+001 -0.1002301106162863E-001  0.9997214437208593E-002  0.1000767951458236E-001 -0.1840213374785517E-003  0.6164123234717962E-017
 0.9916206800000000E+000  0.1267498700000000E+001 -0.8034841074972269E-002  0.8021923450186435E-002  0.8024988470814442E-002 -0.1189889298133334E-003 -0.1776443475205876E-018
 0.9935354199999999E+000  0.1267498700000000E+001 -0.6186210745160211E-002  0.6182419856758723E-002  0.6180370231848120E-002 -0.7094042659338366E-004 -0.1160990836510295E-016
 0.9953228800000000E+000  0.1267498700000000E+001 -0.4467248510845904E-002  0.4469373228647043E-002  0.4464202822455526E-002 -0.3719138777140040E-004 -0.1234289731998844E-016
 0.9969911299999999E+000  0.1267498700000000E+001 -0.2868793757351243E-002  0.2873970317656946E-002  0.2867537709255616E-002 -0.1541403200728473E-004  0.1398939129640850E-015
 0.9985477800000000E+000  0.1267498700000000E+001 -0.1382342886685808E-002  0.1387586508757801E-002  0.1382051251126923E-002 -0.3595453479269886E-005 -0.1895773439005424E-015
 0.1000000000000000E+001  0.1267498700000000E+001 -0.1762806300747255E-019 -0.4099701853433024E-019  0.6072606766000570E-019  0.7852912345021138E-028 -0.9808725515532063E-022

 0.0000000000000000E+000  0.1292446700000000E+001 -0.1509908049368831E+001  0.1121752672940899E+001  0.1342289430498441E+001 -0.7384992612692676E-001  0.5714223556320640E-001
 0.5783680700000000E-002  0.1292446700000000E+001 -0.1508907151844556E+001  0.1121258053297394E+001  0.1341279906483339E+001 -0.7384726062479589E-001  0.5730725036399423E-001
 0.1192781000000000E-001  0.1292446700000000E+001 -0.1505632416880597E+001  0.1119638746634228E+001  0.1337976670755922E+001 -0.7383798360958600E-001  0.5785026133215138E-001
 0.1844960300000000E-001  0.1292446700000000E+001 -0.1499692644670152E+001  0.1116697036975406E+001  0.1331984106435730E+001 -0.7381897427418872E-001  0.5884746327975290E-001
 0.2536636600000000E-001  0.1292446700000000E+001 -0.1490754895356998E+001  0.1112258532916180E+001  0.1322964152602747E+001 -0.7378515228897936E-001  0.6037868274605769E-001
 0.3269537900000000E-001  0.1292446700000000E+001 -0.1478593337592242E+001  0.1106194039130967E+001  0.1310685086358526E+001 -0.7372934121769116E-001  0.6252412631464556E-001
 0.4045376700000000E-001  0.1292446700000000E+001 -0.1463136110833826E+001  0.1098440470076854E+001  0.1295068331315081E+001 -0.7364288856497107E-001  0.6536046538381951E-001
 0.4865834800000000E-001  0.1292446700000000E+001 -0.1444499359316733E+001  0.1089016100052364E+001  0.1276222461568248E+001 -0.7351740252119046E-001  0.6895669231412550E-001
 0.5732546900000000E-001  0.1292446700000000E+001 -0.1422997883464096E+001  0.1078025755506883E+001  0.1254453860828983E+001 -0.7334772193879063E-001  0.7337032414172262E-001
 0.6647082500000000E-001  0.1292446700000000E+001 -0.1399126400082970E+001  0.1065653666777991E+001  0.1230248044284526E+001 -0.7313577977426611E-001  0.7864451027822802E-001
 0.7610926000000000E-001  0.1292446700000000E+001 -0.1373512955249189E+001  0.1052144949256675E+001  0.1204223203869004E+001 -0.7289450582023788E-001  0.8480641437855016E-001
 0.8625455200000000E-001  0.1292446700000000E+001 -0.1346853708002709E+001  0.1037779726348659E+001  0.1177065210841050E+001 -0.7265060589907651E-001  0.9186694167701978E-001
 0.9691918300000001E-001  0.1292446700000000E+001 -0.1319842862031160E+001  0.1022845450792460E+001  0.1149457867569784E+001 -0.7244517732487553E-001  0.9982157655643926E-001
 0.1081141000000000E+000  0.1292446700000000E+001 -0.1293111267543541E+001  0.1007612546586862E+001  0.1122021945837233E+001 -0.7233169179329209E-001  0.1086518894011261E+000
 0.1198484800000000E+000  0.1292446700000000E+001 -0.1267182885036748E+001  0.9923166148647896E+000  0.1095272221612914E+001 -0.7237166272147819E-001  0.1183272128952259E+000
 0.1321294200000000E+000  0.1292446700000000E+001 -0.1242452454098914E+001  0.9771482794293267E+000  0.1069595881799447E+001 -0.7262896006381528E-001  0.1288059690593360E+000
 0.1449617600000000E+000  0.1292446700000000E+001 -0.1219181779672407E+001  0.9622495589097729E+000  0.1045249736769668E+001 -0.7316398866266625E-001  0.1400364949267653E+000
 0.1583477400000000E+000  0.1292446700000000E+001 -0.1197509993808950E+001  0.9477153364786457E+000  0.1022371664363713E+001 -0.7402876518087757E-001  0.1519569309962939E+000
 0.1722868300000000E+000  0.1292446700000000E+001 -0.1177470990365090E+001  0.9335975081152524E+000  0.1000999510322042E+001 -0.7526349586024995E-001  0.1644943854204412E+000
 0.1867754200000000E+000  0.1292446700000000E+001 -0.1159013298434765E+001  0.9199104737037864E+000  0.9810927925159337E+000 -0.7689475121392676E-001  0.1775631038828984E+000
 0.2018066600000000E+000  0.1292446700000000E+001 -0.1142018165940544E+001  0.9066364416738620E+000  0.9625530032095673E+000 -0.7893500180126665E-001  0.1910619507425854E+000
 0.2173702200000000E+000  0.1292446700000000E+001 -0.1126314100951267E+001  0.8937300710958054E+000  0.9452408031024689E+000 -0.8138306715181613E-001  0.2048710847699469E+000
 0.2334521800000000E+000  0.1292446700000000E+001 -0.1111686834112547E+001  0.8811219341838499E+000  0.9289890261391550E+000 -0.8422505566729373E-001  0.2188481557772166E+000
 0.2500348700000000E+000  0.1292446700000000E+001 -0.1097885103347369E+001  0.8687209403405899E+000  0.9136118043558917E+000 -0.8743541142960318E-001  0.2328240812633772E+000
 0.2670968500000000E+000  0.1292446700000000E+001 -0.1084622887993439E+001  0.8564157543906988E+000  0.8989101732513064E+000 -0.9097786106913502E-001  0.2465989214374894E+000
 0.2846128000000000E+000  0.1292446700000000E+001 -0.1071579556180880E+001  0.8440757388543654E+000  0.8846751940771365E+000 -0.9480610374135617E-001  0.2599382050919382E+000
 0.3025536600000000E+000  0.1292446700000000E+001 -0.1058399274827388E+001  0.8315516612851469E+000  0.8706891999837749E+000 -0.9886429918486841E-001  0.2725707874630171E+000
 0.3208866600000000E+000  0.1292446700000000E+001 -0.1044691930913602E+001  0.8186770438080839E+000  0.8567264347030492E+000 -0.1030873419264605E+000  0.2841890393218275E+000
 0.3395755000000000E+000  0.1292446700000000E+001 -0.1030037608464959E+001  0.8052706795919281E+000  0.8425538363808450E+000 -0.1074010887026962E+000  0.2944529297263251E+000
 0.3585805500000000E+000  0.1292446700000000E+001 -0.1013997052705850E+001  0.7911411543280401E+000  0.8279330608652702E+000 -0.1117226591222015E+000  0.3029993566305446E+000
 0.3778591900000000E+000  0.1292446700000000E+001 -0.9961299760347443E+000  0.7760939253757034E+000  0.8126245724923660E+000 -0.1159610033021423E+000  0.3094579992637738E+000
 0.3973661100000000E+000  0.1292446700000000E+001 -0.9760221895409102E+000  0.7599414208129579E+000  0.7963946557145796E+000 -0.1200178677591853E+000  0.3134740388336029E+000
 0.4170537000000000E+000  0.1292446700000000E+001 -0.9533203060585040E+000  0.7425158449612074E+000  0.7790255458865414E+000 -0.1237893548821510E+000  0.3147368732557569E+000
 0.4368725300000000E+000  0.1292446700000000E+001 -0.9277701485377963E+000  0.7236836905518909E+000  0.7603282925725895E+000 -0.1271682090831652E+000  0.3130119593583535E+000
 0.4567718400000000E+000  0.1292446700000000E+001 -0.8992524846462300E+000  0.7033602269439518E+000  0.7401571970822084E+000 -0.1300468911367121E+000  0.3081710663131828E+000
 0.4767000000000000E+000  0.1292446700000000E+001 -0.8678083638127786E+000  0.6815216725455244E+000  0.7184238693013449E+000 -0.1323214334541371E+000  0.3002152458810605E+000
 0.4966051100000000E+000  0.1292446700000000E+001 -0.8336469545067988E+000  0.6582125162447172E+000  0.6951082869031420E+000 -0.1338959793429464E+000  0.2892852304937615E+000
 0.5164355000000000E+000  0.1292446700000000E+001 -0.7971328557314163E+000  0.6335465403337980E+000  0.6702648264506383E+000 -0.1346877157342452E+000  0.2756563198853348E+000
 0.5361402700000000E+000  0.1292446700000000E+001 -0.7587543069392875E+000  0.6077009330157244E+000  0.6440216849113253E+000 -0.1346318392901880E+000  0.2597181442278068E+000
 0.5556698200000000E+000  0.1292446700000000E+001 -0.7190785182246846E+000  0.5809044274009966E+000  0.6165735369870451E+000 -0.1336860688777813E+000  0.2419430406783138E+000
 0.5749763200000000E+000  0.1292446700000000E+001 -0.6787027686913486E+000  0.5534214886190807E+000  0.5881685606249060E+000 -0.1318341969760572E+000  0.2228488773691372E+000
 0.5940141799999999E+000  0.1292446700000000E+001 -0.6382093158308935E+000  0.5255348827664140E+000  0.5590917044031305E+000 -0.1290882163319219E+000  0.2029622895298528E+000
 0.6127404500000000E+000  0.1292446700000000E+001 -0.5981299360330112E+000  0.4975289705036008E+000  0.5296465776105752E+000 -0.1254886851576855E+000  0.1827870845325303E+000
 0.6311151600000000E+000  0.1292446700000000E+001 -0.5589225242676926E+000  0.4696753749270307E+000  0.5001380490741540E+000 -0.1211031841208720E+000  0.1627804418441308E+000
 0.6491016200000000E+000  0.1292446700000000E+001 -0.5209593588031365E+000  0.4422219100163370E+000  0.4708570919218457E+000 -0.1160229297479032E+000  0.1433375077622748E+000
 0.6666666700000000E+000  0.1292446700000000E+001 -0.4845249667064044E+000  0.4153850330686844E+000  0.4420688220610310E+000 -0.1103578293270961E+000  0.1247835813632983E+000
 0.6837808000000000E+000  0.1292446700000000E+001 -0.4498210069581219E+000  0.3893457154168169E+000  0.4140042153024769E+000 -0.1042304731950857E+000  0.1073724184542311E+000
 0.7004183000000000E+000  0.1292446700000000E+001 -0.4169751915229191E+000  0.3642479849509932E+000  0.3868551465270139E+000 -0.9776959618468145E-001  0.9128874803796180E-001
 0.7165572700000000E+000  0.1292446700000000E+001 -0.3860524533354643E+000  0.3401997942120287E+000  0.3607726420945057E+000 -0.9110366913602333E-001  0.7665362858590362E-001
 0.7321796300000000E+000  0.1292446700000000E+001 -0.3570665337853242E+000  0.3172754030034429E+000  0.3358675730373792E+000 -0.8435512341374662E-001  0.6353128519198260E-001
 0.7472710500000000E+000  0.1292446700000000E+001 -0.3299911570466778E+000  0.2955188663238541E+000  0.3122133206164954E+000 -0.7763565811681275E-001  0.5193665512276105E-001
 0.7618208000000000E+000  0.1292446700000000E+001 -0.3047702047693908E+000  0.2749481815027353E+000  0.2898498227609137E+000 -0.7104288518245983E-001  0.4184308165196531E-001
 0.7758216500000000E+000  0.1292446700000000E+001 -0.2813263856581857E+000  0.2555595584426574E+000  0.2687882681821036E+000 -0.6465832474636903E-001  0.3318974720957091E-001
 0.7892696500000000E+000  0.1292446700000000E+001 -0.2595686248822915E+000  0.2373317907973038E+000  0.2490162545699118E+000 -0.5854673997086801E-001  0.2588882017060724E-001
 0.8021639100000000E+000  0.1292446700000000E+001 -0.2393979943832377E+000  0.2202303553446049E+000  0.2305028598227116E+000 -0.5275655476720059E-001  0.1983215085455388E-001
 0.8145064000000000E+000  0.1292446700000000E+001 -0.2207122788401100E+000  0.2042110808925177E+000  0.2132033356003467E+000 -0.4732107574768290E-001  0.1489749942585910E-001
 0.8263016600000000E+000  0.1292446700000000E+001 -0.2034095039477218E+000  0.1892234449659297E+000  0.1970633992144003E+000 -0.4226028222999648E-001  0.1095433289731237E-001
 0.8375565600000000E+000  0.1292446700000000E+001 -0.1873903802320281E+000  0.1752132672579567E+000  0.1820228172753905E+000 -0.3758285770231475E-001  0.7869096419485497E-002
 0.8482800500000000E+000  0.1292446700000000E+001 -0.1725599422371750E+000  0.1621248769227169E+000  0.1680183344573962E+000 -0.3328827595601744E-001  0.5509948718285837E-002
 0.8584829000000000E+000  0.1292446700000000E+001 -0.1588285538175566E+000  0.1499027780064131E+000  0.1549859621605345E+000 -0.2936878619523755E-001  0.3750887880658816E-002
 0.8681774200000000E+000  0.1292446700000000E+001 -0.1461124491999037E+000  0.1384928743717674E+000  0.1428626942035781E+000 -0.2581120314381716E-001  0.2475179553495222E-002
 0.8773772700000000E+000  0.1292446700000000E+001 -0.1343338060847842E+000  0.1278431945424668E+000  0.1315875960967430E+000 -0.2259841578704475E-001  0.1577987014686643E-002
 0.8860971700000000E+000  0.1292446700000000E+001 -0.1234207210223285E+000  0.1179044219985684E+000  0.1211026062069237E+000 -0.1971067837089058E-001  0.9681615598525980E-003
 0.8943527400000000E+000  0.1292446700000000E+001 -0.1133068796099794E+000  0.1086300420389962E+000  0.1113528620780171E+000 -0.1712661651944066E-001  0.5691275746235100E-003
 0.9021602500000000E+000  0.1292446700000000E+001 -0.1039312753891159E+000  0.9997643652710173E-001  0.1022869161307884E+000 -0.1482405545316259E-001  0.3189028674484954E-003
 0.9095365000000000E+000  0.1292446700000000E+001 -0.9523775193058008E-001  0.9190273998599040E-001  0.9385665591215202E-001 -0.1278063143654749E-001  0.1693179136563473E-003
 0.9164985600000000E+000  0.1292446700000000E+001 -0.8717472789097147E-001  0.8437080787704046E-001  0.8601730741425591E-001 -0.1097430006100205E-001  0.8459023938084345E-004
 0.9230637200000000E+000  0.1292446700000000E+001 -0.7969470616137680E-001  0.7734494528156113E-001  0.7872716202875646E-001 -0.9383668062038870E-002  0.3944203321677631E-004
 0.9292492700000000E+000  0.1292446700000000E+001 -0.7275402507130850E-001  0.7079183371174644E-001  0.7194749145338633E-001 -0.7988277224477838E-002  0.1699908207677109E-004
 0.9350724600000000E+000  0.1292446700000000E+001 -0.6631244742258302E-001  0.6468028724257506E-001  0.6564227210266360E-001 -0.6768766637888483E-002  0.6694588374032210E-005
 0.9405503300000000E+000  0.1292446700000000E+001 -0.6033294172599809E-001  0.5898117493252900E-001  0.5977807349399229E-001 -0.5707004735377771E-002  0.2376094700290561E-005
 0.9456996700000000E+000  0.1292446700000000E+001 -0.5478135978298142E-001  0.5366723315443921E-001  0.5432382782141277E-001 -0.4786143237452066E-002  0.7474680723064586E-006
 0.9505369100000000E+000  0.1292446700000000E+001 -0.4962623086265663E-001  0.4871297731263832E-001  0.4925069982957649E-001 -0.3990647329257844E-002  0.2041976248385453E-006
 0.9550781000000000E+000  0.1292446700000000E+001 -0.4483849410262869E-001  0.4409454380650131E-001  0.4453188474752479E-001 -0.3306279560998565E-002  0.4723954642553810E-007
 0.9593388200000000E+000  0.1292446700000000E+001 -0.4039133841194952E-001  0.3978962488277678E-001  0.4014250252963587E-001 -0.2720073480768913E-002  0.8969833436023314E-008
 0.9633341700000000E+000  0.1292446700000000E+001 -0.3625998645893758E-001  0.3577734013769462E-001  0.3605942918770431E-001 -0.2220278028190824E-002  0.1345072364845336E-008
 0.9670787100000000E+000  0.1292446700000000E+001 -0.3242155750856027E-001  0.3203817517073364E-001  0.3226119920649680E-001 -0.1796298068992064E-002  0.1523517491754922E-009
 0.9705864600000000E+000  0.1292446700000000E+001 -0.2885489134692628E-001  0.2855387422496890E-001  0.2872786389172078E-001 -0.1438619801848047E-002  0.1259066641216651E-010
 0.9738709000000000E+000  0.1292446700000000E+001 -0.2554039427243925E-001  0.2530734630544469E-001  0.2544086659493050E-001 -0.1138733746287130E-002  0.7994675206830835E-012
 0.9769449100000001E+000  0.1292446700000000E+001 -0.2245996422285323E-001  0.2228264183494620E-001  0.2238299232207835E-001 -0.8890617953956200E-003  0.5048860348019496E-013
 0.9798208200000000E+000  0.1292446700000000E+001 -0.1959682123291995E-001  0.1946483036055751E-001  0.1953822000726587E-001 -0.6828745232635455E-003  0.3332278372979727E-014
 0.9825103800000000E+000  0.1292446700000000E+001 -0.1693543362037615E-001  0.1683996624668062E-001  0.1689166671798217E-001 -0.5142183335523728E-003  0.1659940907917842E-015
 0.9850247900000000E+000  0.1292446700000000E+001 -0.1446139714530498E-001  0.1439500298485667E-001  0.1442948263288269E-001 -0.3778410810063893E-003 -0.1060283550038403E-016
 0.9873746700000000E+000  0.1292446700000000E+001 -0.1216138503576715E-001  0.1211777256008392E-001  0.1213881431001988E-001 -0.2691253843761566E-003  0.1392095642544076E-016
 0.9895701099999999E+000  0.1292446700000000E+001 -0.1002302925374687E-001  0.9996892212521501E-002  0.1000769767990921E-001 -0.1840217303965982E-003 -0.8406344146275736E-017
 0.9916206800000000E+000  0.1292446700000000E+001 -0.8034850483337288E-002  0.8021714060230160E-002  0.8024997868115388E-002 -0.1189890941412854E-003  0.2395390315178322E-017
 0.9935354199999999E+000  0.1292446700000000E+001 -0.6186215054754871E-002  0.6182294450154988E-002  0.6180374537554856E-002 -0.7094048502083694E-004  0.1035103036050911E-016
 0.9953228800000000E+000  0.1292446700000000E+001 -0.4467250139227741E-002  0.4469307207626977E-002  0.4464204449780198E-002 -0.3719140383570164E-004  0.1094260512957133E-016
 0.9969911299999999E+000  0.1292446700000000E+001 -0.2868794189972623E-002  0.2873942850075996E-002  0.2867538141697056E-002 -0.1541403476804171E-004 -0.1310665871690036E-015
 0.9985477800000000E+000  0.1292446700000000E+001 -0.1382342935230213E-002  0.1387580079122715E-002  0.1382051299661623E-002 -0.3595453629488965E-005  0.1370926866303202E-015
 0.1000000000000000E+001  0.1292446700000000E+001 -0.4877069443475897E-019 -0.2660645340020689E-019  0.7539031621342155E-019  0.3919649306890502E-027  0.6651671285917506E-022

 0.0000000000000000E+000  0.1315861000000000E+001 -0.1511514318114241E+001  0.1120146404828979E+001  0.1343874501571423E+001 -0.7384992612692676E-001  0.5750873242404191E-001
 0.5783680700000000E-002  0.1315861000000000E+001 -0.1510509153175487E+001  0.1119655407845275E+001  0.1342860545187632E+001 -0.7384734158555385E-001  0.5767482113712262E-001
 0.1192781000000000E-001  0.1315861000000000E+001 -0.1507220486320205E+001  0.1118047943089168E+001  0.1339542831180010E+001 -0.7383832748943898E-001  0.5822136700748885E-001
 0.1844960300000000E-001  0.1315861000000000E+001 -0.1501255563693191E+001  0.1115127670729856E+001  0.1333524098787316E+001 -0.7381978693272116E-001  0.5922506458909374E-001
 0.2536636600000000E-001  0.1315861000000000E+001 -0.1492280269299813E+001  0.1110721323195505E+001  0.1324465001233732E+001 -0.7378664981211132E-001  0.6076626857255518E-001
 0.3269537900000000E-001  0.1315861000000000E+001 -0.1480068229465356E+001  0.1104700392899727E+001  0.1312133139321120E+001 -0.7373172868149776E-001  0.6292572356043086E-001
 0.4045376700000000E-001  0.1315861000000000E+001 -0.1464547913399567E+001  0.1097001880956628E+001  0.1296450103520497E+001 -0.7364633202481947E-001  0.6578062678123169E-001
 0.4865834800000000E-001  0.1315861000000000E+001 -0.1445836828647196E+001  0.1087643445270084E+001  0.1277525634858820E+001 -0.7352199739849469E-001  0.6940046155154721E-001
 0.5732546900000000E-001  0.1315861000000000E+001 -0.1424252200549297E+001  0.1076728592638436E+001  0.1255668308065641E+001 -0.7335346365476551E-001  0.7384318142790053E-001
 0.6647082500000000E-001  0.1315861000000000E+001 -0.1400292097176058E+001  0.1064439647360186E+001  0.1231366715045900E+001 -0.7314254430790351E-001  0.7915230504373805E-001
 0.7610926000000000E-001  0.1315861000000000E+001 -0.1374588556998643E+001  0.1051019448539001E+001  0.1205242722927222E+001 -0.7290204749944626E-001  0.8535529413835216E-001
 0.8625455200000000E-001  0.1315861000000000E+001 -0.1347841994253368E+001  0.1036745741792372E+001  0.1177986097404210E+001 -0.7265857642111451E-001  0.9246328643350313E-001
 0.9691918300000001E-001  0.1315861000000000E+001 -0.1320750741100367E+001  0.1021903763482515E+001  0.1150284365050163E+001 -0.7245316442301709E-001  0.1004719464575985E+000
 0.1081141000000000E+000  0.1315861000000000E+001 -0.1293949327448588E+001  0.1006762090252311E+001  0.1122761530411063E+001 -0.7233927026574695E-001  0.1093629903163333E+000
 0.1198484800000000E+000  0.1315861000000000E+001 -0.1267964741236635E+001  0.9915549704737276E+000  0.1095934908918850E+001 -0.7237844724007295E-001  0.1191058810383769E+000
 0.1321294200000000E+000  0.1315861000000000E+001 -0.1243194025687218E+001  0.9764722107617094E+000  0.1070193465006244E+001 -0.7263464966858707E-001  0.1296591719080539E+000
 0.1449617600000000E+000  0.1315861000000000E+001 -0.1219900604626581E+001  0.9616555218638275E+000  0.1045795068368934E+001 -0.7316839653598411E-001  0.1409713440176362E+000
 0.1583477400000000E+000  0.1315861000000000E+001 -0.1198224655273963E+001  0.9471999159319144E+000  0.1022878057373491E+001 -0.7403183227925896E-001  0.1529806980225027E+000
 0.1722868300000000E+000  0.1315861000000000E+001 -0.1178200680529269E+001  0.9331577607208547E+000  0.1001480290549719E+001 -0.7526529110533643E-001  0.1656145128698186E+000
 0.1867754200000000E+000  0.1315861000000000E+001 -0.1159777509210838E+001  0.9195441693529688E+000  0.9815609997431121E+000 -0.7689546315098343E-001  0.1787871970034112E+000
 0.2018066600000000E+000  0.1315861000000000E+001 -0.1142836468360810E+001  0.9063422074923970E+000  0.9630212148360292E+000 -0.7893492677548582E-001  0.1923977364857823E+000
 0.2173702200000000E+000  0.1315861000000000E+001 -0.1127205958575865E+001  0.8935074438675792E+000  0.9457210423881282E+000 -0.8138259790068231E-001  0.2063263180598813E+000
 0.2334521800000000E+000  0.1315861000000000E+001 -0.1112671387621033E+001  0.8809713273052908E+000  0.9294927135475622E+000 -0.8422467250787519E-001  0.2204304506911869E+000
 0.2500348700000000E+000  0.1315861000000000E+001 -0.1098980859565376E+001  0.8686435274005980E+000  0.9141497122618110E+000 -0.8743567658622212E-001  0.2345406392744777E+000
 0.2670968500000000E+000  0.1315861000000000E+001 -0.1085847248400393E+001  0.8564132688004293E+000  0.8994923486755640E+000 -0.9097941538746319E-001  0.2484561277776850E+000
 0.2846128000000000E+000  0.1315861000000000E+001 -0.1072948125103985E+001  0.8441501856573330E+000  0.8853108192519918E+000 -0.9480966412972135E-001  0.2619410638903036E+000
 0.3025536600000000E+000  0.1315861000000000E+001 -0.1059924906592223E+001  0.8317049395935865E+000  0.8713863683224213E+000 -0.9887065458153237E-001  0.2747221781148950E+000
 0.3208866600000000E+000  0.1315861000000000E+001 -0.1046383505817924E+001  0.8189104824851042E+000  0.8574918285120867E+000 -0.1030973452624371E+000  0.2864887947191598E+000
 0.3395755000000000E+000  0.1315861000000000E+001 -0.1031898586055783E+001  0.8055845022934062E+000  0.8433923075313765E+000 -0.1074156422631542E+000  0.2968967766011952E+000
 0.3585805500000000E+000  0.1315861000000000E+001 -0.1016023932763630E+001  0.7915339090242943E+000  0.8288471356959571E+000 -0.1117426908579596E+000  0.3055778123801459E+000
 0.3778591900000000E+000  0.1315861000000000E+001 -0.9983108999032509E+000  0.7765619389945720E+000  0.8136139293004953E+000 -0.1159874321766986E+000  0.3121553875932576E+000
 0.3973661100000000E+000  0.1315861000000000E+001 -0.9783360065622105E+000  0.7604783636818598E+000  0.7974556519583369E+000 -0.1200515571537015E+000  0.3162678471278065E+000
 0.4170537000000000E+000  0.1315861000000000E+001 -0.9557364726602224E+000  0.7431125049726129E+000  0.7801508971101286E+000 -0.1238310547021933E+000  0.3175977034572108E+000
 0.4368725300000000E+000  0.1315861000000000E+001 -0.9302497648366600E+000  0.7243280493245995E+000  0.7615070123476589E+000 -0.1272184894484600E+000  0.3159042840286029E+000
 0.4567718400000000E+000  0.1315861000000000E+001 -0.9017505771088010E+000  0.7040378915537032E+000  0.7413748854934588E+000 -0.1301060731496572E+000  0.3110548740012059E+000
 0.4767000000000000E+000  0.1315861000000000E+001 -0.8702772222609786E+000  0.6822166496335015E+000  0.7196633832202466E+000 -0.1323895250408522E+000  0.3030484620485637E+000
 0.4966051100000000E+000  0.1315861000000000E+001 -0.8360400232280719E+000  0.6589082373915711E+000  0.6963507480611648E+000 -0.1339726258329454E+000  0.2920265901961751E+000
 0.5164355000000000E+000  0.1315861000000000E+001 -0.7994084916169923E+000  0.6342269848404795E+000  0.6714908453719360E+000 -0.1347721746003774E+000  0.2782682298358546E+000
 0.5361402700000000E+000  0.1315861000000000E+001 -0.7608787438069571E+000  0.6083516724470184E+000  0.6452126293478714E+000 -0.1347229862664926E+000  0.2621690670282569E+000
 0.5556698200000000E+000  0.1315861000000000E+001 -0.7210276059699058E+000  0.5815134421516989E+000  0.6177126688972919E+000 -0.1337824385350993E+000  0.2442090656671134E+000
 0.5749763200000000E+000  0.1315861000000000E+001 -0.6804623864690402E+000  0.5539796684688683E+000  0.5892419053899560E+000 -0.1319340557678984E+000  0.2249143533983057E+000
 0.5940141799999999E+000  0.1315861000000000E+001 -0.6397746549806193E+000  0.5260361955506133E+000  0.5600885812160462E+000 -0.1291896613191433E+000  0.2048195999044750E+000
 0.6127404500000000E+000  0.1315861000000000E+001 -0.5995040221939436E+000  0.4979703425513129E+000  0.5305597874715364E+000 -0.1255897579934919E+000  0.1844357817472254E+000
 0.6311151600000000E+000  0.1315861000000000E+001 -0.5601143804625099E+000  0.4700563609305128E+000  0.5009637679912935E+000 -0.1212019880666883E+000  0.1642260074616768E+000
 0.6491016200000000E+000  0.1315861000000000E+001 -0.5219821420367362E+000  0.4425442382622087E+000  0.4715945443983490E+000 -0.1161177375718519E+000  0.1445899782875112E+000
 0.6666666700000000E+000  0.1315861000000000E+001 -0.4853942981555167E+000  0.4156521021421069E+000  0.4427198161664433E+000 -0.1104471717128786E+000  0.1258562183239032E+000
 0.6837808000000000E+000  0.1315861000000000E+001 -0.4505536065830955E+000  0.3895621000417423E+000  0.4145726127497877E+000 -0.1043132003917630E+000  0.1082805310505683E+000
 0.7004183000000000E+000  0.1315861000000000E+001 -0.4175878433093632E+000  0.3644189879789267E+000  0.3873463250107360E+000 -0.9784490938863535E-001  0.9204871537002547E-001
 0.7165572700000000E+000  0.1315861000000000E+001 -0.3865612777182643E+000  0.3403310650549946E+000  0.3611929910800289E+000 -0.9117112205171612E-001  0.7728212868259973E-001
 0.7321796300000000E+000  0.1315861000000000E+001 -0.3574865181188420E+000  0.3173726296071878E+000  0.3362240482944469E+000 -0.8441459779560033E-001  0.6404471262069590E-001
 0.7472710500000000E+000  0.1315861000000000E+001 -0.3303358890690110E+000  0.2955875396234504E+000  0.3125130709402422E+000 -0.7768731954819892E-001  0.5235069902987570E-001
 0.7618208000000000E+000  0.1315861000000000E+001 -0.3050517573085733E+000  0.2749934263592229E+000  0.2900998931664625E+000 -0.7108712654877726E-001  0.4217243385243540E-001
 0.7758216500000000E+000  0.1315861000000000E+001 -0.2815553080781207E+000  0.2555860224212200E+000  0.2689953770581079E+000 -0.6469570476996885E-001  0.3344791181441328E-001
 0.7892696500000000E+000  0.1315861000000000E+001 -0.2597540064859696E+000  0.2373435816302508E+000  0.2491866388062406E+000 -0.5857792326433490E-001  0.2608800206410259E-001
 0.8021639100000000E+000  0.1315861000000000E+001 -0.2395475725562045E+000  0.2202310177338797E+000  0.2306421790236877E+000 -0.5278225818455357E-001  0.1998320453266332E-001
 0.8145064000000000E+000  0.1315861000000000E+001 -0.2208325717101933E+000  0.2042036038767463E+000  0.2133166253473171E+000 -0.4734202397629246E-001  0.1500992430344658E-001
 0.8263016600000000E+000  0.1315861000000000E+001 -0.2035059532111359E+000  0.1892102919323730E+000  0.1971550633531415E+000 -0.4227717389359748E-001  0.1103630520673195E-001
 0.8375565600000000E+000  0.1315861000000000E+001 -0.1874674937642950E+000  0.1751964214241294E+000  0.1820966492632003E+000 -0.3759634179680070E-001  0.7927529880720187E-002
 0.8482800500000000E+000  0.1315861000000000E+001 -0.1726214297163747E+000  0.1621058961309225E+000  0.1680775588645556E+000 -0.3329893751367784E-001  0.5550578139202414E-002
 0.8584829000000000E+000  0.1315861000000000E+001 -0.1588774511686561E+000  0.1498828536542535E+000  0.1550332885906680E+000 -0.2937713954088236E-001  0.3778370711455631E-002
 0.8681774200000000E+000  0.1315861000000000E+001 -0.1461512296360036E+000  0.1384728903223696E+000  0.1429003772580738E+000 -0.2581769093144579E-001  0.2493210719658607E-002
 0.8773772700000000E+000  0.1315861000000000E+001 -0.1343644768730796E+000  0.1278237829006570E+000  0.1316174963347970E+000 -0.2260341206769019E-001  0.1589422217031543E-002
 0.8860971700000000E+000  0.1315861000000000E+001 -0.1234449063573883E+000  0.1178860136552500E+000  0.1211262486538613E+000 -0.1971449421941817E-001  0.9751442765839551E-003
 0.8943527400000000E+000  0.1315861000000000E+001 -0.1133258904222448E+000  0.1086129108006977E+000  0.1113714898736921E+000 -0.1712950700939194E-001  0.5732146788222465E-003
 0.9021602500000000E+000  0.1315861000000000E+001 -0.1039461675168686E+000  0.9996073641229382E-001  0.1023015381738585E+000 -0.1482622711671415E-001  0.3211840981254746E-003
 0.9095365000000000E+000  0.1315861000000000E+001 -0.9524937408886117E-001  0.9188853588456374E-001  0.9386808802587507E-001 -0.1278224959415370E-001  0.1705248291561917E-003
 0.9164985600000000E+000  0.1315861000000000E+001 -0.8718376103575186E-001  0.8435810012238576E-001  0.8602620729290714E-001 -0.1097549565942994E-001  0.8519127548607081E-004
 0.9230637200000000E+000  0.1315861000000000E+001 -0.7970169557130891E-001  0.7733368896517889E-001  0.7873405840550415E-001 -0.9384543800307669E-002  0.3972146459425367E-004
 0.9292492700000000E+000  0.1315861000000000E+001 -0.7275940648316763E-001  0.7078195356239336E-001  0.7195280826692463E-001 -0.7988912897729914E-002  0.1711919603601317E-004
 0.9350724600000000E+000  0.1315861000000000E+001 -0.6631656823784399E-001  0.6467168892964451E-001  0.6564634834186078E-001 -0.6769223686327625E-002  0.6741778284099863E-005
 0.9405503300000000E+000  0.1315861000000000E+001 -0.6033607823254190E-001  0.5897375349376600E-001  0.5978117945850251E-001 -0.5707330050743278E-002  0.2392807188718542E-005
 0.9456996700000000E+000  0.1315861000000000E+001 -0.5478373110376115E-001  0.5366087919058470E-001  0.5432617838406577E-001 -0.4786372294840075E-002  0.7527150330731914E-006
 0.9505369100000000E+000  0.1315861000000000E+001 -0.4962801025695408E-001  0.4870758143413590E-001  0.4925246524437768E-001 -0.3990806730898975E-002  0.2056284330899852E-006
 0.9550781000000000E+000  0.1315861000000000E+001 -0.4483981810241693E-001  0.4408999975066048E-001  0.4453319943090608E-001 -0.3306389076050330E-002  0.4757000999966723E-007
 0.9593388200000000E+000  0.1315861000000000E+001 -0.4039231420785327E-001  0.3978583160284809E-001  0.4014347219072840E-001 -0.2720147664008334E-002  0.9032488771931899E-008
 0.9633341700000000E+000  0.1315861000000000E+001 -0.3626069785586838E-001  0.3577420312728904E-001  0.3606013660020350E-001 -0.2220327490602223E-002  0.1354455509966360E-008
 0.9670787100000000E+000  0.1315861000000000E+001 -0.3242206972461838E-001  0.3203560720810791E-001  0.3226170887571801E-001 -0.1796330465913017E-002  0.1534134243655593E-009
 0.9705864600000000E+000  0.1315861000000000E+001 -0.2885525486998970E-001  0.2855179569821001E-001  0.2872822581686700E-001 -0.1438640593988651E-002  0.1267832808735471E-010
 0.9738709000000000E+000  0.1315861000000000E+001 -0.2554064795440713E-001  0.2530568523374018E-001  0.2544111929605875E-001 -0.1138746780612438E-002  0.8050747771577734E-012
 0.9769449100000001E+000  0.1315861000000000E+001 -0.2246013775873765E-001  0.2228133366827481E-001  0.2238316527137288E-001 -0.8890697446158444E-003  0.5082324444319333E-013
 0.9798208200000000E+000  0.1315861000000000E+001 -0.1959693713922284E-001  0.1946381764093117E-001  0.1953833557359065E-001 -0.6828792150748990E-003  0.3396175984184497E-014
 0.9825103800000000E+000  0.1315861000000000E+001 -0.1693550881209711E-001  0.1683919817238711E-001  0.1689174172007505E-001 -0.5142209951077871E-003  0.1329114916187968E-015
 0.9850247900000000E+000  0.1315861000000000E+001 -0.1446144418832769E-001  0.1439443492338200E-001  0.1442952957508081E-001 -0.3778425185652112E-003  0.1942706452996249E-016
 0.9873746700000000E+000  0.1315861000000000E+001 -0.1216141313915059E-001  0.1211736553313384E-001  0.1213884236297619E-001 -0.2691261139515771E-003 -0.1500055971915876E-016
 0.9895701099999999E+000  0.1315861000000000E+001 -0.1002304505246423E-001  0.9996612380782225E-002  0.1000771345535994E-001 -0.1840220716216034E-003  0.1041744473035467E-016
 0.9916206800000000E+000  0.1315861000000000E+001 -0.8034858653902801E-002  0.8021532218500337E-002  0.8025006029072390E-002 -0.1189892368498530E-003 -0.4424958285863407E-017
 0.9935354199999999E+000  0.1315861000000000E+001 -0.6186218797359412E-002  0.6182185542657668E-002  0.6180378276783098E-002 -0.7094053576157857E-004 -0.9076018451272051E-017
 0.9953228800000000E+000  0.1315861000000000E+001 -0.4467251553371160E-002  0.4469249872686066E-002  0.4464205863005346E-002 -0.3719141778659733E-004 -0.9459281182293736E-017
 0.9969911299999999E+000  0.1315861000000000E+001 -0.2868794565675874E-002  0.2873918996287566E-002  0.2867538517244254E-002 -0.1541403716574644E-004  0.1213218971487425E-015
 0.9985477800000000E+000  0.1315861000000000E+001 -0.1382342977387809E-002  0.1387574495409525E-002  0.1382051341810831E-002 -0.3595453759922345E-005 -0.5946149988297496E-016
 0.1000000000000000E+001  0.1315861000000000E+001 -0.3236313512148188E-019  0.1409511021045045E-020  0.6900038729760117E-019  0.2847773964788218E-027  0.1399159489395672E-021

 0.0000000000000000E+000  0.1337810700000000E+001 -0.1512907115227798E+001  0.1118753608245621E+001  0.1345248974229112E+001 -0.7384992612692676E-001  0.5782368667200430E-001
 0.5783680700000000E-002  0.1337810700000000E+001 -0.1511898242812826E+001  0.1118265761246343E+001  0.1344231167751224E+001 -0.7384741158659000E-001  0.5799069850482210E-001
 0.1192781000000000E-001  0.1337810700000000E+001 -0.1508597472313422E+001  0.1116668592986456E+001  0.1340900877694696E+001 -0.7383862482177121E-001  0.5854028294207614E-001
 0.1844960300000000E-001  0.1337810700000000E+001 -0.1502610700500488E+001  0.1113766959091594E+001  0.1334859416248226E+001 -0.7382048960628057E-001  0.5954956416762323E-001
 0.2536636600000000E-001  0.1337810700000000E+001 -0.1493602791085260E+001  0.1109388566877432E+001  0.1325766321462728E+001 -0.7378794470610142E-001  0.6109935099525318E-001
 0.3269537900000000E-001  0.1337810700000000E+001 -0.1481346901552340E+001  0.1103405503052371E+001  0.1313388609430330E+001 -0.7373379319618464E-001  0.6327085074595340E-001
 0.4045376700000000E-001  0.1337810700000000E+001 -0.1465771790497015E+001  0.1095754839042946E+001  0.1297648019105783E+001 -0.7364930986927656E-001  0.6614171305570282E-001
 0.4865834800000000E-001  0.1337810700000000E+001 -0.1446996152796463E+001  0.1086453690894803E+001  0.1278655308947303E+001 -0.7352597124928252E-001  0.6978184390480432E-001
 0.5732546900000000E-001  0.1337810700000000E+001 -0.1425339322595298E+001  0.1075604412062247E+001  0.1256720960071861E+001 -0.7335842973725193E-001  0.7424957303722562E-001
 0.6647082500000000E-001  0.1337810700000000E+001 -0.1401302279833592E+001  0.1063387664689132E+001  0.1232336238581180E+001 -0.7314839553918179E-001  0.7958873783872500E-001
 0.7610926000000000E-001  0.1337810700000000E+001 -0.1375520529509637E+001  0.1050044305784844E+001  0.1206126203405479E+001 -0.7290857152331819E-001  0.8582705817999849E-001
 0.8625455200000000E-001  0.1337810700000000E+001 -0.1348698178263291E+001  0.1035850013124380E+001  0.1178784000008876E+001 -0.7266547200899516E-001  0.9297587418723499E-001
 0.9691918300000001E-001  0.1337810700000000E+001 -0.1321537138631693E+001  0.1021088098030775E+001  0.1151000384736840E+001 -0.7246007489034355E-001  0.1010310086106486E+000
 0.1081141000000000E+000  0.1337810700000000E+001 -0.1294675130065223E+001  0.1006025534875362E+001  0.1123402163689337E+001 -0.7234582761417520E-001  0.1099743071684833E+000
 0.1198484800000000E+000  0.1337810700000000E+001 -0.1268641763623916E+001  0.9908954008861879E+000  0.1096508851276523E+001 -0.7238431786884540E-001  0.1197753504604251E+000
 0.1321294200000000E+000  0.1337810700000000E+001 -0.1243836078242370E+001  0.9758867974578467E+000  0.1070710949644416E+001 -0.7263957290971554E-001  0.1303928115260470E+000
 0.1449617600000000E+000  0.1337810700000000E+001 -0.1220522900968353E+001  0.9611411725642192E+000  0.1046267243621318E+001 -0.7317221045434175E-001  0.1417753038445120E+000
 0.1583477400000000E+000  0.1337810700000000E+001 -0.1198843316980413E+001  0.9467536547054144E+000  0.1023316468277484E+001 -0.7403448549541929E-001  0.1538612761762025E+000
 0.1722868300000000E+000  0.1337810700000000E+001 -0.1178832361995324E+001  0.9327770252879388E+000  0.1001896491824408E+001 -0.7526684297455730E-001  0.1665781668364429E+000
 0.1867754200000000E+000  0.1337810700000000E+001 -0.1160439133141646E+001  0.9192270205049705E+000  0.9819662981587984E+000 -0.7689607654841683E-001  0.1798405390352114E+000
 0.2018066600000000E+000  0.1337810700000000E+001 -0.1143545038740474E+001  0.9060874541561592E+000  0.9634265179110792E+000 -0.7893485786435638E-001  0.1935475006843945E+000
 0.2173702200000000E+000  0.1337810700000000E+001 -0.1127978403501335E+001  0.8933146890237320E+000  0.9461367805016320E+000 -0.8138218626402104E-001  0.2075792820285413E+000
 0.2334521800000000E+000  0.1337810700000000E+001 -0.1113524377213460E+001  0.8808409400611333E+000  0.9299287994152114E+000 -0.8422433353540298E-001  0.2217932921165137E+000
 0.2500348700000000E+000  0.1337810700000000E+001 -0.1099930540535548E+001  0.8685765429468596E+000  0.9146155032242536E+000 -0.8743589659281101E-001  0.2360197029083224E+000
 0.2670968500000000E+000  0.1337810700000000E+001 -0.1086908838046192E+001  0.8564112155560534E+000  0.8999965810036122E+000 -0.9098074881346953E-001  0.2500570770935721E+000
 0.2846128000000000E+000  0.1337810700000000E+001 -0.1074135311539562E+001  0.8442148359308689E+000  0.8858614880350227E+000 -0.9481273138838499E-001  0.2636683910487514E+000
 0.3025536600000000E+000  0.1337810700000000E+001 -0.1061249018103126E+001  0.8318379819787821E+000  0.8719905331327491E+000 -0.9887613864723319E-001  0.2765785558235390E+000
 0.3208866600000000E+000  0.1337810700000000E+001 -0.1047852438529165E+001  0.8191131177501504E+000  0.8581553325426696E+000 -0.1031059848051824E+000  0.2884742692017344E+000
 0.3395755000000000E+000  0.1337810700000000E+001 -0.1033515530258477E+001  0.8058569762512118E+000  0.8441194107894755E+000 -0.1074282190716445E+000  0.2990078354693975E+000
 0.3585805500000000E+000  0.1337810700000000E+001 -0.1017786010588515E+001  0.7918750125703027E+000  0.8296400803770392E+000 -0.1117600094147447E+000  0.3078064089676719E+000
 0.3778591900000000E+000  0.1337810700000000E+001 -0.1000207918266146E+001  0.7769685281079578E+000  0.8144724793518667E+000 -0.1160102897028563E+000  0.3144880638828133E+000
 0.3973661100000000E+000  0.1337810700000000E+001 -0.9803496127925363E+000  0.7609449737460736E+000  0.7983766744556459E+000 -0.1200807032453831E+000  0.3186851521988541E+000
 0.4170537000000000E+000  0.1337810700000000E+001 -0.9578400408297499E+000  0.7436311477695892E+000  0.7811280754717193E+000 -0.1238671410858688E+000  0.3200741316436093E+000
 0.4368725300000000E+000  0.1337810700000000E+001 -0.9324092877505520E+000  0.7248882748889488E+000  0.7625307883725730E+000 -0.1272620123325432E+000  0.3184089231258075E+000
 0.4567718400000000E+000  0.1337810700000000E+001 -0.9039266656988169E+000  0.7046271632535981E+000  0.7424327083652952E+000 -0.1301573129429562E+000  0.3135528415884015E+000
 0.4767000000000000E+000  0.1337810700000000E+001 -0.8724280461364959E+000  0.6828210217768306E+000  0.7207402956513231E+000 -0.1324484904102232E+000  0.3055030318565792E+000
 0.4966051100000000E+000  0.1337810700000000E+001 -0.8381247489435311E+000  0.6595132553158455E+000  0.6974302710788921E+000 -0.1340390105543258E+000  0.2944017223378568E+000
 0.5164355000000000E+000  0.1337810700000000E+001 -0.8013906062778660E+000  0.6348186714342676E+000  0.6725560537909303E+000 -0.1348453354550108E+000  0.2805310939722884E+000
 0.5361402700000000E+000  0.1337810700000000E+001 -0.7627286741621812E+000  0.6089174455387275E+000  0.6462472659782681E+000 -0.1348019483004163E+000  0.2642921426633859E+000
 0.5556698200000000E+000  0.1337810700000000E+001 -0.7227242487281781E+000  0.5820428303067522E+000  0.6187021416651650E+000 -0.1338659303642897E+000  0.2461715214791662E+000
 0.5749763200000000E+000  0.1337810700000000E+001 -0.6819934618587543E+000  0.5544647477475088E+000  0.5901740471718233E+000 -0.1320205731660370E+000  0.2267025961115586E+000
 0.5940141799999999E+000  0.1337810700000000E+001 -0.6411360605225671E+000  0.5264717339338386E+000  0.5609541104497217E+000 -0.1292775531264018E+000  0.2064270659680016E+000
 0.6127404500000000E+000  0.1337810700000000E+001 -0.6006985175572032E+000  0.4983536913843418E+000  0.5313524675262358E+000 -0.1256773252354205E+000  0.1858621667461526E+000
 0.6311151600000000E+000  0.1337810700000000E+001 -0.5611499611901939E+000  0.4703871624956164E+000  0.5016803083358907E+000 -0.1212875856216276E+000  0.1654761693751342E+000
 0.6491016200000000E+000  0.1337810700000000E+001 -0.5228703964460603E+000  0.4428240254534865E+000  0.4722343104312653E+000 -0.1161998678260954E+000  0.1456727276437003E+000
 0.6666666700000000E+000  0.1337810700000000E+001 -0.4861489405388999E+000  0.4158838571413719E+000  0.4432844195289959E+000 -0.1105245612114255E+000  0.1267831517774315E+000
 0.6837808000000000E+000  0.1337810700000000E+001 -0.4511892824715857E+000  0.3897498223556867E+000  0.4150654465507204E+000 -0.1043848532026395E+000  0.1090650025769186E+000
 0.7004183000000000E+000  0.1337810700000000E+001 -0.4181192278219767E+000  0.3645673038999724E+000  0.3877720938752084E+000 -0.9791013416928213E-001  0.9270498503450217E-001
 0.7165572700000000E+000  0.1337810700000000E+001 -0.3870024446223208E+000  0.3404448959004981E+000  0.3615572716697302E+000 -0.9122953323686271E-001  0.7782469404426773E-001
 0.7321796300000000E+000  0.1337810700000000E+001 -0.3578505351769112E+000  0.3174569245712034E+000  0.3365329019779394E+000 -0.8446609423143860E-001  0.6448780578050770E-001
 0.7472710500000000E+000  0.1337810700000000E+001 -0.3306345905741470E+000  0.2956470720182978E+000  0.3127727199565261E+000 -0.7773204601786289E-001  0.5270792393603719E-001
 0.7618208000000000E+000  0.1337810700000000E+001 -0.3052956480340865E+000  0.2750326477920470E+000  0.2903164636956989E+000 -0.7112542466695455E-001  0.4245651680637218E-001
 0.7758216500000000E+000  0.1337810700000000E+001 -0.2817535595322559E+000  0.2556089672295634E+000  0.2691747067651645E+000 -0.6472805963891545E-001  0.3367053998844364E-001
 0.7892696500000000E+000  0.1337810700000000E+001 -0.2599145150592823E+000  0.2373538135139412E+000  0.2493341434744822E+000 -0.5860491148654895E-001  0.2625973007710206E-001
 0.8021639100000000E+000  0.1337810700000000E+001 -0.2396770558805223E+000  0.2202316104071391E+000  0.2307627704366995E+000 -0.5280450136859679E-001  0.2011341290821089E-001
 0.8145064000000000E+000  0.1337810700000000E+001 -0.2209366857108170E+000  0.2041971480961925E+000  0.2134146716309233E+000 -0.4736015027723170E-001  0.1510681770835167E-001
 0.8263016600000000E+000  0.1337810700000000E+001 -0.2035894174763046E+000  0.1891989220238538E+000  0.1972343830386954E+000 -0.4229178867908871E-001  0.1110694190162670E-001
 0.8375565600000000E+000  0.1337810700000000E+001 -0.1875342163153291E+000  0.1751818550932913E+000  0.1821605304129608E+000 -0.3760800727510966E-001  0.7977875632635136E-002
 0.8482800500000000E+000  0.1337810700000000E+001 -0.1726746253918331E+000  0.1620894822347455E+000  0.1681287955378449E+000 -0.3330816035924107E-001  0.5585579577946298E-002
 0.8584829000000000E+000  0.1337810700000000E+001 -0.1589197500655405E+000  0.1498656234646758E+000  0.1550742279554983E+000 -0.2938436509405810E-001  0.3802043871757536E-002
 0.8681774200000000E+000  0.1337810700000000E+001 -0.1461847737444837E+000  0.1384556086990799E+000  0.1429329718387623E+000 -0.2582330239989056E-001  0.2508740776497120E-002
 0.8773772700000000E+000  0.1337810700000000E+001 -0.1343910042008505E+000  0.1278069966926856E+000  0.1316433570384638E+000 -0.2260773321236919E-001  0.1599270306795339E-002
 0.8860971700000000E+000  0.1337810700000000E+001 -0.1234658229155255E+000  0.1178700955293525E+000  0.1211466956060257E+000 -0.1971779424973021E-001  0.9811573360684882E-003
 0.8943527400000000E+000  0.1337810700000000E+001 -0.1133423308207427E+000  0.1085980974845087E+000  0.1113875989924201E+000 -0.1713200663917308E-001  0.5767339548229678E-003
 0.9021602500000000E+000  0.1337810700000000E+001 -0.1039590454299153E+000  0.9994716099997071E-001  0.1023141825046054E+000 -0.1482810503476985E-001  0.3231482569681954E-003
 0.9095365000000000E+000  0.1337810700000000E+001 -0.9525942384829143E-001  0.9187625438265402E-001  0.9387797343718243E-001 -0.1278364881752830E-001  0.1715639282468432E-003
 0.9164985600000000E+000  0.1337810700000000E+001 -0.8719157174883516E-001  0.8434711271736557E-001  0.8603390276588464E-001 -0.1097652945767501E-001  0.8570871068721334E-004
 0.9230637200000000E+000  0.1337810700000000E+001 -0.7970773891658767E-001  0.7732395673514307E-001  0.7874002130552399E-001 -0.9385301000835008E-002  0.3996201618515932E-004
 0.9292492700000000E+000  0.1337810700000000E+001 -0.7276405934713596E-001  0.7077341134726420E-001  0.7195740527540247E-001 -0.7989462512458153E-002  0.1722259264625981E-004
 0.9350724600000000E+000  0.1337810700000000E+001 -0.6632013107755404E-001  0.6466425510579370E-001  0.6564987263983847E-001 -0.6769618849123415E-002  0.6782398629718672E-005
 0.9405503300000000E+000  0.1337810700000000E+001 -0.6033878998415737E-001  0.5896733726007412E-001  0.5978386480338375E-001 -0.5707611311523399E-002  0.2407192488849255E-005
 0.9456996700000000E+000  0.1337810700000000E+001 -0.5478578125519852E-001  0.5365538592266159E-001  0.5432821058840929E-001 -0.4786570329370603E-002  0.7572312053258286E-006
 0.9505369100000000E+000  0.1337810700000000E+001 -0.4962954862741914E-001  0.4870291652686697E-001  0.4925399152868030E-001 -0.3990944541466849E-002  0.2068599216104190E-006
 0.9550781000000000E+000  0.1337810700000000E+001 -0.4484096274732979E-001  0.4408607131118572E-001  0.4453433602133466E-001 -0.3306483755916017E-002  0.4785442995394764E-007
 0.9593388200000000E+000  0.1337810700000000E+001 -0.4039315780844177E-001  0.3978255225482101E-001  0.4014431048755397E-001 -0.2720211797451103E-002  0.9086412861071010E-008
 0.9633341700000000E+000  0.1337810700000000E+001 -0.3626131287079586E-001  0.3577149115429571E-001  0.3606074817049011E-001 -0.2220370251787645E-002  0.1362530883259921E-008
 0.9670787100000000E+000  0.1337810700000000E+001 -0.3242251254062600E-001  0.3203338719577856E-001  0.3226214948994393E-001 -0.1796358473425494E-002  0.1543270511493841E-009
 0.9705864600000000E+000  0.1337810700000000E+001 -0.2885556913723572E-001  0.2854999881425331E-001  0.2872853870269943E-001 -0.1438658568907117E-002  0.1275380231592222E-010
 0.9738709000000000E+000  0.1337810700000000E+001 -0.2554086726230493E-001  0.2530424924546770E-001  0.2544133775601804E-001 -0.1138758048790919E-002  0.8098257847657522E-012
 0.9769449100000001E+000  0.1337810700000000E+001 -0.2246028777968986E-001  0.2228020276875077E-001  0.2238331478521937E-001 -0.8890766166855440E-003  0.5114404482684530E-013
 0.9798208200000000E+000  0.1337810700000000E+001 -0.1959703733928563E-001  0.1946294215559362E-001  0.1953843547974453E-001 -0.6828832711113641E-003  0.3372687342427391E-014
 0.9825103800000000E+000  0.1337810700000000E+001 -0.1693557381452748E-001  0.1683853418194214E-001  0.1689180655857367E-001 -0.5142232959953479E-003  0.1700935017680437E-015
 0.9850247900000000E+000  0.1337810700000000E+001 -0.1446148485640916E-001  0.1439394384242747E-001  0.1442957015600068E-001 -0.3778437613170708E-003 -0.1190487245933458E-016
 0.9873746700000000E+000  0.1337810700000000E+001 -0.1216143743411110E-001  0.1211701366475040E-001  0.1213886661434315E-001 -0.2691267446592115E-003  0.1649229518963228E-016
 0.9895701099999999E+000  0.1337810700000000E+001 -0.1002305871020082E-001  0.9996370470943261E-002  0.1000772709298284E-001 -0.1840223666053788E-003 -0.1211170186327428E-016
 0.9916206800000000E+000  0.1337810700000000E+001 -0.8034865717216538E-002  0.8021375019523248E-002  0.8025013084079810E-002 -0.1189893602191505E-003  0.6227864839470942E-017
 0.9935354199999999E+000  0.1337810700000000E+001 -0.6186222032774016E-002  0.6182091394104410E-002  0.6180381509278817E-002 -0.7094057962625392E-004  0.7820984872907425E-017
 0.9953228800000000E+000  0.1337810700000000E+001 -0.4467252775872028E-002  0.4469200307695065E-002  0.4464207084712585E-002 -0.3719142984718149E-004  0.7991039597524318E-017
 0.9969911299999999E+000  0.1337810700000000E+001 -0.2868794890464266E-002  0.2873898375137350E-002  0.2867538841897518E-002 -0.1541403923859217E-004 -0.1112804933336895E-015
 0.9985477800000000E+000  0.1337810700000000E+001 -0.1382343013832281E-002  0.1387569668396975E-002  0.1382051378247998E-002 -0.3595453872703468E-005 -0.1873973342085196E-016
 0.1000000000000000E+001  0.1337810700000000E+001  0.7873529946558892E-020  0.4811456624494466E-019  0.1033328997637286E-019 -0.2577653777849606E-027  0.1250318530819940E-021

 0.0000000000000000E+000  0.1358365300000000E+001 -0.1514108938626653E+001  0.1117551785289972E+001  0.1346435027467062E+001 -0.7384992612692676E-001  0.5809337579115029E-001
 0.5783680700000000E-002  0.1358365300000000E+001 -0.1513096861691661E+001  0.1117066662932982E+001  0.1345413893714657E+001 -0.7384747184040560E-001  0.5826117824906431E-001
 0.1192781000000000E-001  0.1358365300000000E+001 -0.1509785629685479E+001  0.1115478400602238E+001  0.1342072735540186E+001 -0.7383888075517288E-001  0.5881336514135007E-001
 0.1844960300000000E-001  0.1358365300000000E+001 -0.1503779973637089E+001  0.1112592887107809E+001  0.1336011632526880E+001 -0.7382109445555229E-001  0.5982742866083640E-001
 0.2536636600000000E-001  0.1358365300000000E+001 -0.1494743876522655E+001  0.1108238671281416E+001  0.1326889160312196E+001 -0.7378905936207834E-001  0.6138456666188189E-001
 0.3269537900000000E-001  0.1358365300000000E+001 -0.1482450092341480E+001  0.1102288351098203E+001  0.1314471831744711E+001 -0.7373557042073585E-001  0.6356638295127018E-001
 0.4045376700000000E-001  0.1358365300000000E+001 -0.1466827632002417E+001  0.1094679055029766E+001  0.1298681516766151E+001 -0.7365187345948764E-001  0.6645091494261797E-001
 0.4865834800000000E-001  0.1358365300000000E+001 -0.1447996218830372E+001  0.1085427426024175E+001  0.1279629855959963E+001 -0.7352939249764050E-001  0.7010843109183405E-001
 0.5732546900000000E-001  0.1358365300000000E+001 -0.1426277011248059E+001  0.1074634815536358E+001  0.1257628980356631E+001 -0.7336270553175205E-001  0.7459758404639703E-001
 0.6647082500000000E-001  0.1358365300000000E+001 -0.1402173506292509E+001  0.1062480444410992E+001  0.1233172468358571E+001 -0.7315343381861780E-001  0.7996248520997515E-001
 0.7610926000000000E-001  0.1358365300000000E+001 -0.1376324203703014E+001  0.1049203453122837E+001  0.1206888136822496E+001 -0.7291418954486344E-001  0.8623107694158261E-001
 0.8625455200000000E-001  0.1358365300000000E+001 -0.1349436398258915E+001  0.1035077730623092E+001  0.1179472049722677E+001 -0.7267141043210472E-001  0.9341487461513535E-001
 0.9691918300000001E-001  0.1358365300000000E+001 -0.1322215092358092E+001  0.1020384924764387E+001  0.1151617750690068E+001 -0.7246602652823675E-001  0.1015098389871895E+000
 0.1081141000000000E+000  0.1358365300000000E+001 -0.1295300756785840E+001  0.1005390627044435E+001  0.1123954462041557E+001 -0.7235147544513099E-001  0.1104979300069163E+000
 0.1198484800000000E+000  0.1358365300000000E+001 -0.1269225264547605E+001  0.9903269055190372E+000  0.1097003593395292E+001 -0.7238937442075076E-001  0.1203488330648356E+000
 0.1321294200000000E+000  0.1358365300000000E+001 -0.1244389375294616E+001  0.9753822555838353E+000  0.1071156971070609E+001 -0.7264381347693315E-001  0.1310213288985223E+000
 0.1449617600000000E+000  0.1358365300000000E+001 -0.1221059126481860E+001  0.9606979016041376E+000  0.1046674166990919E+001 -0.7317549534733128E-001  0.1424641507200902E+000
 0.1583477400000000E+000  0.1358365300000000E+001 -0.1199376387992759E+001  0.9463690758414161E+000  0.1023694256570018E+001 -0.7403677024437173E-001  0.1546158818890317E+000
 0.1722868300000000E+000  0.1358365300000000E+001 -0.1179376658804948E+001  0.9324489200442593E+000  0.1002255115315515E+001 -0.7526817849375612E-001  0.1674041065526314E+000
 0.1867754200000000E+000  0.1358365300000000E+001 -0.1161009273843158E+001  0.9189537114834444E+000  0.9823155132169508E+000 -0.7689660292418864E-001  0.1807435315430131E+000
 0.2018066600000000E+000  0.1358365300000000E+001 -0.1144155721030863E+001  0.9058679131039790E+000  0.9637757376491051E+000 -0.7893479554144349E-001  0.1945333819961133E+000
 0.2173702200000000E+000  0.1358365300000000E+001 -0.1128644272545892E+001  0.8931485768012576E+000  0.9464950088240514E+000 -0.8138182754771504E-001  0.2086539399712255E+000
 0.2334521800000000E+000  0.1358365300000000E+001 -0.1114259872071068E+001  0.8807285830910657E+000  0.9303045973004640E+000 -0.8422403604336130E-001  0.2229625448155481E+000
 0.2500348700000000E+000  0.1358365300000000E+001 -0.1100749668327180E+001  0.8685188475729649E+000  0.9150169573593444E+000 -0.8743607907025261E-001  0.2372890997163614E+000
 0.2670968500000000E+000  0.1358365300000000E+001 -0.1087824825818967E+001  0.8564095195648787E+000  0.9004312480831052E+000 -0.9098188875415453E-001  0.2514315992968647E+000
 0.2846128000000000E+000  0.1358365300000000E+001 -0.1075160088904026E+001  0.8442706938322195E+000  0.8863362917282451E+000 -0.9481536322626483E-001  0.2651520289094171E+000
 0.3025536600000000E+000  0.1358365300000000E+001 -0.1062392497270129E+001  0.8319528821800336E+000  0.8725115963558399E+000 -0.9888085087585161E-001  0.2781737468858261E+000
 0.3208866600000000E+000  0.1358365300000000E+001 -0.1049121580865550E+001  0.8192881327550239E+000  0.8587277340732240E+000 -0.1031134141308507E+000  0.2901811961669455E+000
 0.3395755000000000E+000  0.1358365300000000E+001 -0.1034913232857627E+001  0.8060923571500673E+000  0.8447468663658223E+000 -0.1074390396480494E+000  0.3008236119393110E+000
 0.3585805500000000E+000  0.1358365300000000E+001 -0.1019309909745741E+001  0.7921697536594223E+000  0.8303245636698930E+000 -0.1117749153055140E+000  0.3097242231965144E+000
 0.3778591900000000E+000  0.1358365300000000E+001 -0.1001849287432939E+001  0.7773199473445657E+000  0.8152138191076184E+000 -0.1160299691034395E+000  0.3164964041791500E+000
 0.3973661100000000E+000  0.1358365300000000E+001 -0.9820926073836599E+000  0.7613483738949187E+000  0.7991721867200874E+000 -0.1201058036843323E+000  0.3207672866375752E+000
 0.4170537000000000E+000  0.1358365300000000E+001 -0.9596615800136356E+000  0.7440796357722490E+000  0.7819723097615940E+000 -0.1238982260362855E+000  0.3222080399968725E+000
 0.4368725300000000E+000  0.1358365300000000E+001 -0.9342798186311528E+000  0.7253728120299747E+000  0.7634154731695691E+000 -0.1272995113557171E+000  0.3205678504554729E+000
 0.4567718400000000E+000  0.1358365300000000E+001 -0.9058119035968565E+000  0.7051368893246625E+000  0.7433469650791801E+000 -0.1302014694840234E+000  0.3157065448198879E+000
 0.4767000000000000E+000  0.1358365300000000E+001 -0.8742915476067580E+000  0.6833438445794880E+000  0.7216711481281595E+000 -0.1324993132929182E+000  0.3076196351959503E+000
 0.4966051100000000E+000  0.1358365300000000E+001 -0.8399309275272423E+000  0.6600366356546493E+000  0.6983634171709923E+000 -0.1340962365247922E+000  0.2964499304797044E+000
 0.5164355000000000E+000  0.1358365300000000E+001 -0.8031076498507576E+000  0.6353304841912935E+000  0.6734768041392961E+000 -0.1349084099574590E+000  0.2824824008662477E+000
 0.5361402700000000E+000  0.1358365300000000E+001 -0.7643308419853119E+000  0.6094067801064761E+000  0.6471415163211633E+000 -0.1348700299816409E+000  0.2661226688618713E+000
 0.5556698200000000E+000  0.1358365300000000E+001 -0.7241932087924239E+000  0.5825006140882035E+000  0.6195572417363103E+000 -0.1339379216305455E+000  0.2478632173933974E+000
 0.5749763200000000E+000  0.1358365300000000E+001 -0.6833185922066255E+000  0.5548841250550370E+000  0.5909794609509362E+000 -0.1320951752406521E+000  0.2282437156658934E+000
 0.5940141799999999E+000  0.1358365300000000E+001 -0.6423138728685241E+000  0.5268481891880095E+000  0.5617018140949459E+000 -0.1293533404086911E+000  0.2078119767341124E+000
 0.6127404500000000E+000  0.1358365300000000E+001 -0.6017314967883465E+000  0.4986849517169386E+000  0.5320370840836103E+000 -0.1257528310409456E+000  0.1870906695235959E+000
 0.6311151600000000E+000  0.1358365300000000E+001 -0.5620451366509216E+000  0.4706729407402683E+000  0.5022990177153559E+000 -0.1213613900609754E+000  0.1665525355584506E+000
 0.6491016200000000E+000  0.1358365300000000E+001 -0.5236379034600069E+000  0.4430656701858005E+000  0.4727865936829544E+000 -0.1162706786894894E+000  0.1466046413970405E+000
 0.6666666700000000E+000  0.1358365300000000E+001 -0.4868007405148784E+000  0.4160839681717307E+000  0.4437717003950258E+000 -0.1105912801016293E+000  0.1275806935693990E+000
 0.6837808000000000E+000  0.1358365300000000E+001 -0.4517381239213684E+000  0.3899118753941637E+000  0.4154906864551670E+000 -0.1044466215119187E+000  0.1097397555046778E+000
 0.7004183000000000E+000  0.1358365300000000E+001 -0.4185778651095624E+000  0.3646953120290185E+000  0.3881393836143165E+000 -0.9796635632526562E-001  0.9326929778655500E-001
 0.7165572700000000E+000  0.1358365300000000E+001 -0.3873830935734943E+000  0.3405431226417059E+000  0.3618714505013237E+000 -0.9127987760337054E-001  0.7829110394578696E-001
 0.7321796300000000E+000  0.1358365300000000E+001 -0.3581645258356735E+000  0.3175296533376772E+000  0.3367992226213546E+000 -0.8451047455398332E-001  0.6486860635662720E-001
 0.7472710500000000E+000  0.1358365300000000E+001 -0.3308921737124186E+000  0.2956984306667557E+000  0.3129965690517619E+000 -0.7777058812739004E-001  0.5301485434948444E-001
 0.7618208000000000E+000  0.1358365300000000E+001 -0.3055059152435876E+000  0.2750664833792005E+000  0.2905031404391828E+000 -0.7115842404015578E-001  0.4270054928908257E-001
 0.7758216500000000E+000  0.1358365300000000E+001 -0.2819244427638865E+000  0.2556287642113828E+000  0.2693292574309510E+000 -0.6475593533352833E-001  0.3386174318465354E-001
 0.7892696500000000E+000  0.1358365300000000E+001 -0.2600528391827779E+000  0.2373626483393105E+000  0.2494612470320539E+000 -0.5862816127721261E-001  0.2640719087299381E-001
 0.8021639100000000E+000  0.1358365300000000E+001 -0.2397886237731280E+000  0.2202321353970933E+000  0.2308666683980165E+000 -0.5282366164662318E-001  0.2022520268546333E-001
 0.8145064000000000E+000  0.1358365300000000E+001 -0.2210263807748568E+000  0.2041915979866813E+000  0.2134991344810076E+000 -0.4737576289961907E-001  0.1518999253932226E-001
 0.8263016600000000E+000  0.1358365300000000E+001 -0.2036613129586133E+000  0.1891891372310210E+000  0.1973027056747156E+000 -0.4230437570034634E-001  0.1116756929174743E-001
 0.8375565600000000E+000  0.1358365300000000E+001 -0.1875916837996527E+000  0.1751693163435896E+000  0.1822155491067576E+000 -0.3761805341387100E-001  0.8021082009401909E-002
 0.8482800500000000E+000  0.1358365300000000E+001 -0.1727204375359414E+000  0.1620753519789920E+000  0.1681729197601105E+000 -0.3331610236242118E-001  0.5615614232112901E-002
 0.8584829000000000E+000  0.1358365300000000E+001 -0.1589561745720152E+000  0.1498507902350747E+000  0.1551094812936785E+000 -0.2939058676721000E-001  0.3822355719076596E-002
 0.8681774200000000E+000  0.1358365300000000E+001 -0.1462136570060400E+000  0.1384407313332712E+000  0.1429610372683957E+000 -0.2582813394537499E-001  0.2522064540919595E-002
 0.8773772700000000E+000  0.1358365300000000E+001 -0.1344138440520648E+000  0.1277925461266365E+000  0.1316656228036172E+000 -0.2261145356630240E-001  0.1607718628939499E-002
 0.8860971700000000E+000  0.1358365300000000E+001 -0.1234838308418473E+000  0.1178563926168340E+000  0.1211642991608022E+000 -0.1972063531785299E-001  0.9863153439495674E-003
 0.8943527400000000E+000  0.1358365300000000E+001 -0.1133564842930020E+000  0.1085853459801685E+000  0.1114014672300592E+000 -0.1713415852846744E-001  0.5797525924389438E-003
 0.9021602500000000E+000  0.1358365300000000E+001 -0.1039701314677318E+000  0.9993547540984239E-001  0.1023250674410600E+000 -0.1482972163821231E-001  0.3248329012312271E-003
 0.9095365000000000E+000  0.1358365300000000E+001 -0.9526807490978034E-001  0.9186568284101539E-001  0.9388648301270540E-001 -0.1278485329449409E-001  0.1724551074155684E-003
 0.9164985600000000E+000  0.1358365300000000E+001 -0.8719829515897425E-001  0.8433765530908065E-001  0.8604052697176705E-001 -0.1097741934213738E-001  0.8615246516298007E-004
 0.9230637200000000E+000  0.1358365300000000E+001 -0.7971294083505229E-001  0.7731557988906457E-001  0.7874515397574931E-001 -0.9385952774438081E-002  0.4016830503072859E-004
 0.9292492700000000E+000  0.1358365300000000E+001 -0.7276806428211051E-001  0.7076605891825431E-001  0.7196136213101625E-001 -0.7989935591527907E-002  0.1731125849248661E-004
 0.9350724600000000E+000  0.1358365300000000E+001 -0.6632319771136189E-001  0.6465785678929442E-001  0.6565290609864165E-001 -0.6769958977033423E-002  0.6817230585046705E-005
 0.9405503300000000E+000  0.1358365300000000E+001 -0.6034112401938671E-001  0.5896181486304262E-001  0.5978617610945031E-001 -0.5707853396280625E-002  0.2419527479102672E-005
 0.9456996700000000E+000  0.1358365300000000E+001 -0.5478754581537937E-001  0.5365065797089255E-001  0.5432995970125445E-001 -0.4786740777525274E-002  0.7611035797049427E-006
 0.9505369100000000E+000  0.1358365300000000E+001 -0.4963087268086609E-001  0.4869890157082755E-001  0.4925530517957139E-001 -0.3991063153285144E-002  0.2079158278762009E-006
 0.9550781000000000E+000  0.1358365300000000E+001 -0.4484194791533530E-001  0.4408269024237099E-001  0.4453531425695328E-001 -0.3306565244724999E-002  0.4809829204670072E-007
 0.9593388200000000E+000  0.1358365300000000E+001 -0.4039388386773936E-001  0.3977972985729736E-001  0.4014503198203163E-001 -0.2720266995093174E-002  0.9132646487670704E-008
 0.9633341700000000E+000  0.1358365300000000E+001 -0.3626184218949798E-001  0.3576915708761522E-001  0.3606127452450498E-001 -0.2220407054683291E-002  0.1369454450848155E-008
 0.9670787100000000E+000  0.1358365300000000E+001 -0.3242289365193272E-001  0.3203147654663320E-001  0.3226252870626743E-001 -0.1796382578231527E-002  0.1551104222273218E-009
 0.9705864600000000E+000  0.1358365300000000E+001 -0.2885583961095761E-001  0.2854845233668345E-001  0.2872880798750403E-001 -0.1438674039016448E-002  0.1281848070649275E-010
 0.9738709000000000E+000  0.1358365300000000E+001 -0.2554105600845120E-001  0.2530301337529569E-001  0.2544152577238806E-001 -0.1138767746696503E-002  0.8139792631698113E-012
 0.9769449100000001E+000  0.1358365300000000E+001 -0.2246041689387855E-001  0.2227922947345571E-001  0.2238344346297102E-001 -0.8890825310756788E-003  0.5138589461430391E-013
 0.9798208200000000E+000  0.1358365300000000E+001 -0.1959712357528369E-001  0.1946218868143086E-001  0.1953852146279286E-001 -0.6828867618935676E-003  0.3435768754651602E-014
 0.9825103800000000E+000  0.1358365300000000E+001 -0.1693562975794749E-001  0.1683796272908182E-001  0.1689186236090803E-001 -0.5142252762230490E-003  0.1329723385138194E-015
 0.9850247900000000E+000  0.1358365300000000E+001 -0.1446151985674012E-001  0.1439352120209242E-001  0.1442960508131731E-001 -0.3778448308722419E-003  0.2027432537349393E-016
 0.9873746700000000E+000  0.1358365300000000E+001 -0.1216145834314208E-001  0.1211671083571231E-001  0.1213888748585610E-001 -0.2691272874670928E-003 -0.1703482418674014E-016
 0.9895701099999999E+000  0.1358365300000000E+001 -0.1002307046447585E-001  0.9996162275916855E-002  0.1000773882994747E-001 -0.1840226204778230E-003  0.1351167990121705E-016
 0.9916206800000000E+000  0.1358365300000000E+001 -0.8034871796118849E-002  0.8021239729368131E-002  0.8025019155833354E-002 -0.1189894663947133E-003 -0.7775488413962929E-017
 0.9935354199999999E+000  0.1358365300000000E+001 -0.6186224817267957E-002  0.6182010367080200E-002  0.6180384291260824E-002 -0.7094061737773309E-004 -0.6615230547485411E-017
 0.9953228800000000E+000  0.1358365300000000E+001 -0.4467253827992054E-002  0.4469157650618972E-002  0.4464208136149373E-002 -0.3719144022697714E-004 -0.6608173955581053E-017
 0.9969911299999999E+000  0.1358365300000000E+001 -0.2868795169986539E-002  0.2873880627979861E-002  0.2867539121303715E-002 -0.1541404102268877E-004  0.1013750283754366E-015
 0.9985477800000000E+000  0.1358365300000000E+001 -0.1382343045197420E-002  0.1387565514132422E-002  0.1382051409606917E-002 -0.3595453969741133E-005  0.7990980190627783E-016
 0.1000000000000000E+001  0.1358365300000000E+001  0.2549199835235705E-019  0.5476252334059315E-019 -0.3466942209811568E-019 -0.1002192300744359E-026  0.5913893445401943E-022

 0.0000000000000000E+000  0.1377593900000000E+001 -0.1515141010945744E+001  0.1116519713340975E+001  0.1347453587854088E+001 -0.7384992612692676E-001  0.5832345758328941E-001
 0.5783680700000000E-002  0.1377593900000000E+001 -0.1514126178108462E+001  0.1116036935654461E+001  0.1346429593010719E+001 -0.7384752347375940E-001  0.5849193468164464E-001
 0.1192781000000000E-001  0.1377593900000000E+001 -0.1510805949274265E+001  0.1114456337082072E+001  0.1343079089580962E+001 -0.7383910007446108E-001  0.5904634225719450E-001
 0.1844960300000000E-001  0.1377593900000000E+001 -0.1504784053358041E+001  0.1111584694902262E+001  0.1337001097734064E+001 -0.7382161278336427E-001  0.6006448655671887E-001
 0.2536636600000000E-001  0.1377593900000000E+001 -0.1495723716754053E+001  0.1107251280821306E+001  0.1327853366525057E+001 -0.7379001459534371E-001  0.6162789747424463E-001
 0.3269537900000000E-001  0.1377593900000000E+001 -0.1483397347768694E+001  0.1101329130718343E+001  0.1315401977606557E+001 -0.7373709351257611E-001  0.6381851727050919E-001
 0.4045376700000000E-001  0.1377593900000000E+001 -0.1467734175930876E+001  0.1093755419357145E+001  0.1299568915539099E+001 -0.7365407056807556E-001  0.6671471447248301E-001
 0.4865834800000000E-001  0.1377593900000000E+001 -0.1448854810666097E+001  0.1084546379300882E+001  0.1280466581560280E+001 -0.7353232481008283E-001  0.7038706718572020E-001
 0.5732546900000000E-001  0.1377593900000000E+001 -0.1427081980442694E+001  0.1073802496492431E+001  0.1258408527229424E+001 -0.7336637048223152E-001  0.7489450411163878E-001
 0.6647082500000000E-001  0.1377593900000000E+001 -0.1402921347199749E+001  0.1061701748830497E+001  0.1233890320194455E+001 -0.7315775259890779E-001  0.8028137121809245E-001
 0.7610926000000000E-001  0.1377593900000000E+001 -0.1377013985038393E+001  0.1048481798109585E+001  0.1207542148487210E+001 -0.7291900558954599E-001  0.8657580174450936E-001
 0.8625455200000000E-001  0.1377593900000000E+001 -0.1350069928058242E+001  0.1034414993787734E+001  0.1180062583959864E+001 -0.7267650146296009E-001  0.9378946199294946E-001
 0.9691918300000001E-001  0.1377593900000000E+001 -0.1322796832379932E+001  0.1019781553452906E+001  0.1152147564098009E+001 -0.7247112918347798E-001  0.1019184323105062E+000
 0.1081141000000000E+000  0.1377593900000000E+001 -0.1295837530849782E+001  0.1004845880845990E+001  0.1124428385255028E+001 -0.7235631786393897E-001  0.1109447724841431E+000
 0.1198484800000000E+000  0.1377593900000000E+001 -0.1269725837797785E+001  0.9898391784306192E+000  0.1097428082885759E+001 -0.7239371002124320E-001  0.1208382603294039E+000
 0.1321294200000000E+000  0.1377593900000000E+001 -0.1244863989530534E+001  0.9749494230729980E+000  0.1071539618444391E+001 -0.7264744945570077E-001  0.1315577722531867E+000
 0.1449617600000000E+000  0.1377593900000000E+001 -0.1221519062625232E+001  0.9603176494351638E+000  0.1047023237874815E+001 -0.7317831177680446E-001  0.1430521483039010E+000
 0.1583477400000000E+000  0.1377593900000000E+001 -0.1199833601737038E+001  0.9460391813725800E+000  0.1024018307402269E+001 -0.7403872883657182E-001  0.1552600924007423E+000
 0.1722868300000000E+000  0.1377593900000000E+001 -0.1179843506248325E+001  0.9321674725953487E+000  0.1002562708013227E+001 -0.7526932274872707E-001  0.1681093200114038E+000
 0.1867754200000000E+000  0.1377593900000000E+001 -0.1161498319926219E+001  0.9187192675635608E+000  0.9826150260332890E+000 -0.7689705280529859E-001  0.1815146686903642E+000
 0.2018066600000000E+000  0.1377593900000000E+001 -0.1144679606057411E+001  0.9056795893260278E+000  0.9640752549900762E+000 -0.7893473991787771E-001  0.1953754731104443E+000
 0.2173702200000000E+000  0.1377593900000000E+001 -0.1129215601304169E+001  0.8930060844606561E+000  0.9468022655417493E+000 -0.8138151690962855E-001  0.2095720703278983E+000
 0.2334521800000000E+000  0.1377593900000000E+001 -0.1114891084601148E+001  0.8806322083487055E+000  0.9306269506658147E+000 -0.8422377689407834E-001  0.2239617520030349E+000
 0.2500348700000000E+000  0.1377593900000000E+001 -0.1101452848400196E+001  0.8684693784222303E+000  0.9153613610022668E+000 -0.8743623035268340E-001  0.2383742041840203E+000
 0.2670968500000000E+000  0.1377593900000000E+001 -0.1088611403653371E+001  0.8564081188340542E+000  0.9008042048970973E+000 -0.9098285983484894E-001  0.2526069483213467E+000
 0.2846128000000000E+000  0.1377593900000000E+001 -0.1076040397068044E+001  0.8443187151241148E+000  0.8867437658529170E+000 -0.9481761237864710E-001  0.2664211333360521E+000
 0.3025536600000000E+000  0.1377593900000000E+001 -0.1063375150095516E+001  0.8320516269041967E+000  0.8729588691239352E+000 -0.9888488285323638E-001  0.2795387970227616E+000
 0.3208866600000000E+000  0.1377593900000000E+001 -0.1050212666858142E+001  0.8194385489335020E+000  0.8592191942486767E+000 -0.1031197752026361E+000  0.2916424546097242E+000
 0.3395755000000000E+000  0.1377593900000000E+001 -0.1036115347859901E+001  0.8062946893922056E+000  0.8452857345224756E+000 -0.1074483084194311E+000  0.3023787069709210E+000
 0.3585805500000000E+000  0.1377593900000000E+001 -0.1020621113760353E+001  0.7924231663312681E+000  0.8309125637320685E+000 -0.1117876877217482E+000  0.3113674027974977E+000
 0.3778591900000000E+000  0.1377593900000000E+001 -0.1003262138766812E+001  0.7776221602884903E+000  0.8158508282551656E+000 -0.1160468363650228E+000  0.3182178575486287E+000
 0.3973661100000000E+000  0.1377593900000000E+001 -0.9835934940920612E+000  0.7616953669083035E+000  0.7998559146573514E+000 -0.1201273223865162E+000  0.3225526835292729E+000
 0.4170537000000000E+000  0.1377593900000000E+001 -0.9612306031237320E+000  0.7444654893901350E+000  0.7826980759638976E+000 -0.1239248808849589E+000  0.3240384611710920E+000
 0.4368725300000000E+000  0.1377593900000000E+001 -0.9358914440607953E+000  0.7257897481807037E+000  0.7641761566911176E+000 -0.1273316722698806E+000  0.3224202586866684E+000
 0.4567718400000000E+000  0.1377593900000000E+001 -0.9074364677656210E+000  0.7055755500667331E+000  0.7441331876006611E+000 -0.1302393466251328E+000  0.3175548607217538E+000
 0.4767000000000000E+000  0.1377593900000000E+001 -0.8758974937521423E+000  0.6837938019244547E+000  0.7224717142849094E+000 -0.1325429152368563E+000  0.3094363460100970E+000
 0.4966051100000000E+000  0.1377593900000000E+001 -0.8414874322806726E+000  0.6604870719111590E+000  0.6991659832136420E+000 -0.1341453379293984E+000  0.2982080131539988E+000
 0.5164355000000000E+000  0.1377593900000000E+001 -0.8045871657430675E+000  0.6357709387740405E+000  0.6742686921974106E+000 -0.1349625349406751E+000  0.2841572425785891E+000
 0.5361402700000000E+000  0.1377593900000000E+001 -0.7657110979210109E+000  0.6098278435233114E+000  0.6479105575263016E+000 -0.1349284559648009E+000  0.2676936636588322E+000
 0.5556698200000000E+000  0.1377593900000000E+001 -0.7254583711027420E+000  0.5828944677395100E+000  0.6202925287431940E+000 -0.1339997056487049E+000  0.2493148092562848E+000
 0.5749763200000000E+000  0.1377593900000000E+001 -0.6844595204708389E+000  0.5552448681086515E+000  0.5916719183453983E+000 -0.1321592013646523E+000  0.2295658052272796E+000
 0.5940141799999999E+000  0.1377593900000000E+001 -0.6433276107427904E+000  0.5271719432852953E+000  0.5623445404402754E+000 -0.1294183837724018E+000  0.2089997505748558E+000
 0.6127404500000000E+000  0.1377593900000000E+001 -0.6026202560764387E+000  0.4989697745270161E+000  0.5326254654673432E+000 -0.1258176316288029E+000  0.1881440041963227E+000
 0.6311151600000000E+000  0.1377593900000000E+001 -0.5628150513063184E+000  0.4709186017462866E+000  0.5028306468714189E+000 -0.1214247282864359E+000  0.1674751587153710E+000
 0.6491016200000000E+000  0.1377593900000000E+001 -0.5242977788334631E+000  0.4432733467768773E+000  0.4732610463894191E+000 -0.1163314449070523E+000  0.1474032130082001E+000
 0.6666666700000000E+000  0.1377593900000000E+001 -0.4873609436627702E+000  0.4162559126968219E+000  0.4441902239741809E+000 -0.1106485313921137E+000  0.1282639255963707E+000
 0.6837808000000000E+000  0.1377593900000000E+001 -0.4522096854179616E+000  0.3900510909145320E+000  0.4158558490256923E+000 -0.1044996211125395E+000  0.1103176400515602E+000
 0.7004183000000000E+000  0.1377593900000000E+001 -0.4189718057967291E+000  0.3648052604741980E+000  0.3884547213849691E+000 -0.9801459351060642E-001  0.9375247231220137E-001
 0.7165572700000000E+000  0.1377593900000000E+001 -0.3877099571431236E+000  0.3406274779229362E+000  0.3621411394194091E+000 -0.9132306836675987E-001  0.7869035579720648E-001
 0.7321796300000000E+000  0.1377593900000000E+001 -0.3584340821054381E+000  0.3175921033509627E+000  0.3370277901238719E+000 -0.8454854558617372E-001  0.6519450257982602E-001
 0.7472710500000000E+000  0.1377593900000000E+001 -0.3311132545643353E+000  0.2957425269089201E+000  0.3131886539394971E+000 -0.7780364815148463E-001  0.5327747678260856E-001
 0.7618208000000000E+000  0.1377593900000000E+001 -0.3056863482288748E+000  0.2750955338328640E+000  0.2906633030367461E+000 -0.7118672731674401E-001  0.4290931403486883E-001
 0.7758216500000000E+000  0.1377593900000000E+001 -0.2820710527755137E+000  0.2556457635904207E+000  0.2694618379235747E+000 -0.6477984207683828E-001  0.3402528524263846E-001
 0.7892696500000000E+000  0.1377593900000000E+001 -0.2601714953666311E+000  0.2373702395746072E+000  0.2495702677599934E+000 -0.5864809912435312E-001  0.2653329881611612E-001
 0.8021639100000000E+000  0.1377593900000000E+001 -0.2398843140407337E+000  0.2202325962185392E+000  0.2309557741372696E+000 -0.5284009123552679E-001  0.2032079122867047E-001
 0.8145064000000000E+000  0.1377593900000000E+001 -0.2211033009641703E+000  0.2041868468959191E+000  0.2135715640983993E+000 -0.4738914942665493E-001  0.1526110397064174E-001
 0.8263016600000000E+000  0.1377593900000000E+001 -0.2037229615566437E+000  0.1891807537582804E+000  0.1973612886273222E+000 -0.4231516725349514E-001  0.1121939741623833E-001
 0.8375565600000000E+000  0.1377593900000000E+001 -0.1876409557246451E+000  0.1751585709917882E+000  0.1822627203484475E+000 -0.3762666594935317E-001  0.8058013643091078E-002
 0.8482800500000000E+000  0.1377593900000000E+001 -0.1727597127955489E+000  0.1620632419303159E+000  0.1682107473352281E+000 -0.3332291060206412E-001  0.5641284584949191E-002
 0.8584829000000000E+000  0.1377593900000000E+001 -0.1589873992551293E+000  0.1498380775328755E+000  0.1551397016717486E+000 -0.2939591995679665E-001  0.3839714579832074E-002
 0.8681774200000000E+000  0.1377593900000000E+001 -0.1462384153056635E+000  0.1384279809094568E+000  0.1429850943593944E+000 -0.2583227530641703E-001  0.2533450379088478E-002
 0.8773772700000000E+000  0.1377593900000000E+001 -0.1344334208604580E+000  0.1277801617118595E+000  0.1316847074497629E+000 -0.2261464231705761E-001  0.1614937646575555E-002
 0.8860971700000000E+000  0.1377593900000000E+001 -0.1234992652414691E+000  0.1178446492184302E+000  0.1211793869275369E+000 -0.1972307031967880E-001  0.9907225382083818E-003
 0.8943527400000000E+000  0.1377593900000000E+001 -0.1133686145338065E+000  0.1085744181943036E+000  0.1114133529829810E+000 -0.1713600278287251E-001  0.5823316818865684E-003
 0.9021602500000000E+000  0.1377593900000000E+001 -0.1039796323902694E+000  0.9992546131931711E-001  0.1023343960012444E+000 -0.1483110708381507E-001  0.3262721679041291E-003
 0.9095365000000000E+000  0.1377593900000000E+001 -0.9527548876499262E-001  0.9185662363928199E-001  0.9389377560778714E-001 -0.1278588551203776E-001  0.1732164460735487E-003
 0.9164985600000000E+000  0.1377593900000000E+001 -0.8720405687143197E-001  0.8432955101315660E-001  0.8604620366520155E-001 -0.1097818193838759E-001  0.8653155080138364E-004
 0.9230637200000000E+000  0.1377593900000000E+001 -0.7971739857297717E-001  0.7730840168008077E-001  0.7874955236940960E-001 -0.9386511305748271E-002  0.4034452446231101E-004
 0.9292492700000000E+000  0.1377593900000000E+001 -0.7277149620084000E-001  0.7075975864084484E-001  0.7196475284801934E-001 -0.7990340983814877E-002  0.1738699746988508E-004
 0.9350724600000000E+000  0.1377593900000000E+001 -0.6632582552948273E-001  0.6465237416305790E-001  0.6565550548809443E-001 -0.6770250435152328E-002  0.6846983351364711E-005
 0.9405503300000000E+000  0.1377593900000000E+001 -0.6034312403691782E-001  0.5895708285587103E-001  0.5978815665009667E-001 -0.5708060837233823E-002  0.2430063484503314E-005
 0.9456996700000000E+000  0.1377593900000000E+001 -0.5478905783311806E-001  0.5364660674611160E-001  0.5433145848223422E-001 -0.4786886831521082E-002  0.7644111061560316E-006
 0.9505369100000000E+000  0.1377593900000000E+001 -0.4963200722349181E-001  0.4869546131885821E-001  0.4925643080842747E-001 -0.3991164788450877E-002  0.2088176921284309E-006
 0.9550781000000000E+000  0.1377593900000000E+001 -0.4484279206849178E-001  0.4407979316447435E-001  0.4453615246994487E-001 -0.3306635069512651E-002  0.4830657362752554E-007
 0.9593388200000000E+000  0.1377593900000000E+001 -0.4039450599516614E-001  0.3977731149403908E-001  0.4014565019803683E-001 -0.2720314291530392E-002  0.9172133592867417E-008
 0.9633341700000000E+000  0.1377593900000000E+001 -0.3626229573553161E-001  0.3576715716021879E-001  0.3606172553023328E-001 -0.2220438589237471E-002  0.1375367598789865E-008
 0.9670787100000000E+000  0.1377593900000000E+001 -0.3242322020467811E-001  0.3202983942892917E-001  0.3226285363530045E-001 -0.1796403232301346E-002  0.1557793857612101E-009
 0.9705864600000000E+000  0.1377593900000000E+001 -0.2885607136343252E-001  0.2854712726034292E-001  0.2872903872126404E-001 -0.1438687294424519E-002  0.1287374839737898E-010
 0.9738709000000000E+000  0.1377593900000000E+001 -0.2554121773285618E-001  0.2530195444172233E-001  0.2544168687149309E-001 -0.1138776056213418E-002  0.8174432142363200E-012
 0.9769449100000001E+000  0.1377593900000000E+001 -0.2246052752311651E-001  0.2227839552477392E-001  0.2238355371825468E-001 -0.8890875987210748E-003  0.5162502551013795E-013
 0.9798208200000000E+000  0.1377593900000000E+001 -0.1959719746488056E-001  0.1946154308352698E-001  0.1953859513565451E-001 -0.6828897529027856E-003  0.3403465844577706E-014
 0.9825103800000000E+000  0.1377593900000000E+001 -0.1693567769184032E-001  0.1683747309303691E-001  0.1689191017391454E-001 -0.5142269729387828E-003  0.1726320615037963E-015
 0.9850247900000000E+000  0.1377593900000000E+001 -0.1446154984594981E-001  0.1439315907310891E-001  0.1442963500625273E-001 -0.3778457472960908E-003 -0.1215732523135030E-016
 0.9873746700000000E+000  0.1377593900000000E+001 -0.1216147625852626E-001  0.1211645136439075E-001  0.1213890536909388E-001 -0.2691277525589004E-003  0.1800236184175776E-016
 0.9895701099999999E+000  0.1377593900000000E+001 -0.1002308053582283E-001  0.9995983889490514E-002  0.1000774888646241E-001 -0.1840228380020712E-003 -0.1455352909202382E-016
 0.9916206800000000E+000  0.1377593900000000E+001 -0.8034877004664648E-002  0.8021123809638448E-002  0.8025024358254026E-002 -0.1189895573685782E-003  0.9050135225691719E-017
 0.9935354199999999E+000  0.1377593900000000E+001 -0.6186227203086030E-002  0.6181940941286700E-002  0.6180386674926449E-002 -0.7094064972427481E-004  0.5482122021326554E-017
 0.9953228800000000E+000  0.1377593900000000E+001 -0.4467254729472092E-002  0.4469121101081753E-002  0.4464209037044219E-002 -0.3719144912087664E-004  0.5353445332861682E-017
 0.9969911299999999E+000  0.1377593900000000E+001 -0.2868795409487423E-002  0.2873865421821561E-002  0.2867539360704917E-002 -0.1541404255142654E-004 -0.9187237079801171E-016
 0.9985477800000000E+000  0.1377593900000000E+001 -0.1382343072071793E-002  0.1387561954668370E-002  0.1382051436475884E-002 -0.3595454052911439E-005 -0.1157459235293727E-015
 0.1000000000000000E+001  0.1377593900000000E+001  0.1044274016329185E-019  0.5947730889141718E-019 -0.6793205610178848E-019 -0.1098907784002858E-026 -0.6366859948368532E-023

 0.0000000000000000E+000  0.1395565200000000E+001 -0.1516023105040716E+001  0.1115637619554729E+001  0.1348324156030335E+001 -0.7384992612692676E-001  0.5851900877879347E-001
 0.5783680700000000E-002  0.1395565200000000E+001 -0.1515005913841112E+001  0.1115156849390773E+001  0.1347297713087945E+001 -0.7384756752351963E-001  0.5868805936141442E-001
 0.1192781000000000E-001  0.1395565200000000E+001 -0.1511677986061100E+001  0.1113582812453314E+001  0.1343939213467553E+001 -0.7383928718296566E-001  0.5924435465502881E-001
 0.1844960300000000E-001  0.1395565200000000E+001 -0.1505642193373594E+001  0.1110723046269850E+001  0.1337846771210623E+001 -0.7382205499240393E-001  0.6026596789401033E-001
 0.2536636600000000E-001  0.1395565200000000E+001 -0.1496561115358410E+001  0.1106407440532009E+001  0.1328677428832768E+001 -0.7379082956633984E-001  0.6183471127756606E-001
 0.3269537900000000E-001  0.1395565200000000E+001 -0.1484206865458779E+001  0.1100509404540197E+001  0.1316196900166076E+001 -0.7373839299917404E-001  0.6403281486868677E-001
 0.4045376700000000E-001  0.1395565200000000E+001 -0.1468508861488902E+001  0.1092966150640148E+001  0.1300327269306300E+001 -0.7365594518958216E-001  0.6693892882210285E-001
 0.4865834800000000E-001  0.1395565200000000E+001 -0.1449588472356578E+001  0.1083793557626063E+001  0.1281181589909264E+001 -0.7353482683569983E-001  0.7062389471768928E-001
 0.5732546900000000E-001  0.1395565200000000E+001 -0.1427769770949245E+001  0.1073091368002787E+001  0.1259074630324942E+001 -0.7336949779670431E-001  0.7514687629729395E-001
 0.6647082500000000E-001  0.1395565200000000E+001 -0.1403560271957486E+001  0.1061036493514460E+001  0.1234503660978637E+001 -0.7316143802868232E-001  0.8055241946360148E-001
 0.7610926000000000E-001  0.1395565200000000E+001 -0.1377603251659438E+001  0.1047865328786233E+001  0.1208100898550593E+001 -0.7292311558840349E-001  0.8686882046545366E-001
 0.8625455200000000E-001  0.1395565200000000E+001 -0.1350611086489983E+001  0.1033848905062901E+001  0.1180567059495041E+001 -0.7268084636947156E-001  0.9410787491317481E-001
 0.9691918300000001E-001  0.1395565200000000E+001 -0.1323293700862578E+001  0.1019266216235790E+001  0.1152600127465167E+001 -0.7247548422639953E-001  0.1022657661440615E+000
 0.1081141000000000E+000  0.1395565200000000E+001 -0.1296295945938937E+001  0.1004380650748122E+001  0.1124833170786560E+001 -0.7236045096928966E-001  0.1113246405340027E+000
 0.1198484800000000E+000  0.1395565200000000E+001 -0.1270153294422735E+001  0.9894226720263750E+000  0.1097790613245986E+001 -0.7239741064969965E-001  0.1212543566547684E+000
 0.1321294200000000E+000  0.1395565200000000E+001 -0.1245269243933445E+001  0.9745798151376460E+000  0.1071866385000280E+001 -0.7265055294183247E-001  0.1320138749848910E+000
 0.1449617600000000E+000  0.1395565200000000E+001 -0.1221911758921399E+001  0.9599929543108054E+000  0.1047321306667996E+001 -0.7318071564416234E-001  0.1435521297932454E+000
 0.1583477400000000E+000  0.1395565200000000E+001 -0.1200223961408550E+001  0.9457574935071240E+000  0.1024294991952008E+001 -0.7404040028883771E-001  0.1558079316454712E+000
 0.1722868300000000E+000  0.1395565200000000E+001 -0.1180242094876046E+001  0.9319271549045191E+000  0.1002825325942545E+001 -0.7527029880188048E-001  0.1687091126657768E+000
 0.1867754200000000E+000  0.1395565200000000E+001 -0.1161915884974501E+001  0.9185190841145252E+000  0.9828707380112313E+000 -0.7689743574394424E-001  0.1821706275042761E+000
 0.2018066600000000E+000  0.1395565200000000E+001 -0.1145126964534230E+001  0.9055187848301182E+000  0.9643309712169648E+000 -0.7893469084418571E-001  0.1960919109103452E+000
 0.2173702200000000E+000  0.1395565200000000E+001 -0.1129703546904258E+001  0.8928844140151123E+000  0.9470645988205491E+000 -0.8138124952639988E-001  0.2103533546012533E+000
 0.2334521800000000E+000  0.1395565200000000E+001 -0.1115430279211978E+001  0.8805499207995507E+000  0.9309021931298775E+000 -0.8422355272314221E-001  0.2248122183680826E+000
 0.2500348700000000E+000  0.1395565200000000E+001 -0.1102053660206044E+001  0.8684271543228356E+000  0.9156554624874530E+000 -0.8743635569529808E-001  0.2392980126769836E+000
 0.2670968500000000E+000  0.1395565200000000E+001 -0.1089283654317377E+001  0.8564069622810655E+000  0.9011227332364514E+000 -0.9098368406842962E-001  0.2536078653137135E+000
 0.2846128000000000E+000  0.1395565200000000E+001 -0.1076792982350401E+001  0.8443597966947418E+000  0.8870918319958395E+000 -0.9481952668681454E-001  0.2675022210608828E+000
 0.3025536600000000E+000  0.1395565200000000E+001 -0.1064215507793762E+001  0.8321360759393845E+000  0.8733410040133659E+000 -0.9888831818569220E-001  0.2807019985653731E+000
 0.3208866600000000E+000  0.1395565200000000E+001 -0.1051146082210396E+001  0.8195671955344376E+000  0.8596391689963258E+000 -0.1031251980745737E+000  0.2928880718929502E+000
 0.3395755000000000E+000  0.1395565200000000E+001 -0.1037144119370732E+001  0.8064677639515299E+000  0.8457463235505513E+000 -0.1074562131127019E+000  0.3037047914487465E+000
 0.3585805500000000E+000  0.1395565200000000E+001 -0.1021743650068268E+001  0.7926399753001034E+000  0.8314152618643887E+000 -0.1117985835158582E+000  0.3127691100067732E+000
 0.3778591900000000E+000  0.1395565200000000E+001 -0.1004472118722483E+001  0.7778807718886176E+000  0.8163955484441693E+000 -0.1160612287003065E+000  0.3196868574046922E+000
 0.3973661100000000E+000  0.1395565200000000E+001 -0.9848792804535537E+000  0.7619923552058554E+000  0.8004407102355620E+000 -0.1201456873602663E+000  0.3240767563210999E+000
 0.4170537000000000E+000  0.1395565200000000E+001 -0.9625751313252093E+000  0.7447957951728018E+000  0.7833189467169251E+000 -0.1239476333681390E+000  0.3256014298542544E+000
 0.4368725300000000E+000  0.1395565200000000E+001 -0.9372727760612107E+000  0.7261467118951457E+000  0.7648270034395330E+000 -0.1273591291825269E+000  0.3240023881295896E+000
 0.4567718400000000E+000  0.1395565200000000E+001 -0.9088290870330757E+000  0.7059511503002812E+000  0.7448059681196407E+000 -0.1302716883978474E+000  0.3191337810945176E+000
 0.4767000000000000E+000  0.1395565200000000E+001 -0.8772742364033377E+000  0.6841790937859181E+000  0.7231568217005847E+000 -0.1325801499329655E+000  0.3109884392241675E+000
 0.4966051100000000E+000  0.1395565200000000E+001 -0.8428217592977376E+000  0.6608727731178279E+000  0.6998528219933523E+000 -0.1341872734879077E+000  0.2997100731721091E+000
 0.5164355000000000E+000  0.1395565200000000E+001 -0.8058553636804859E+000  0.6361480733850627E+000  0.6749463800758141E+000 -0.1350087648866082E+000  0.2855881344872501E+000
 0.5361402700000000E+000  0.1395565200000000E+001 -0.7668940093788110E+000  0.6101883399715390E+000  0.6485686521433862E+000 -0.1349783626756879E+000  0.2690357022493606E+000
 0.5556698200000000E+000  0.1395565200000000E+001 -0.7265423963736949E+000  0.5832316234111916E+000  0.6209216755040450E+000 -0.1340524828930530E+000  0.2505546577371366E+000
 0.5749763200000000E+000  0.1395565200000000E+001 -0.6854368339289373E+000  0.5555536298077096E+000  0.5922643404459850E+000 -0.1322138949370080E+000  0.2306948227667893E+000
 0.5940141799999999E+000  0.1395565200000000E+001 -0.6441957150496471E+000  0.5274489958995938E+000  0.5628943314206699E+000 -0.1294739463425371E+000  0.2100138406822458E+000
 0.6127404500000000E+000  0.1395565200000000E+001 -0.6033810994895336E+000  0.4992134650572114E+000  0.5331286846561967E+000 -0.1258729859225873E+000  0.1890430966756139E+000
 0.6311151600000000E+000  0.1395565200000000E+001 -0.5634739485938384E+000  0.4711287450773697E+000  0.5032852476075571E+000 -0.1214788317635332E+000  0.1682624836449501E+000
 0.6491016200000000E+000  0.1395565200000000E+001 -0.5248623308560353E+000  0.4434509634388983E+000  0.4736666819533507E+000 -0.1163833492092878E+000  0.1480845078082766E+000
 0.6666666700000000E+000  0.1395565200000000E+001 -0.4878400811535609E+000  0.4164029422785547E+000  0.4445479786393807E+000 -0.1106974308713724E+000  0.1288466771528225E+000
 0.6837808000000000E+000  0.1395565200000000E+001 -0.4526128969590623E+000  0.3901701135218106E+000  0.4161679361165340E+000 -0.1045448864916518E+000  0.1108104218009355E+000
 0.7004183000000000E+000  0.1395565200000000E+001 -0.4193085607117740E+000  0.3648992464699992E+000  0.3887241803099820E+000 -0.9805578881510654E-001  0.9416440035093351E-001
 0.7165572700000000E+000  0.1395565200000000E+001 -0.3879893060964495E+000  0.3406995765706853E+000  0.3623715541296092E+000 -0.9135995143945055E-001  0.7903066542601320E-001
 0.7321796300000000E+000  0.1395565200000000E+001 -0.3586644046073967E+000  0.3176454735862020E+000  0.3372230423438284E+000 -0.8458105432980294E-001  0.6547223277813483E-001
 0.7472710500000000E+000  0.1395565200000000E+001 -0.3313021203136345E+000  0.2957802090208833E+000  0.3133527178923884E+000 -0.7783187597676038E-001  0.5350124511803912E-001
 0.7618208000000000E+000  0.1395565200000000E+001 -0.3058404620145838E+000  0.2751203582400869E+000  0.2908000833861054E+000 -0.7121089191469122E-001  0.4308716385198301E-001
 0.7758216500000000E+000  0.1395565200000000E+001 -0.2821962574332804E+000  0.2556602915858190E+000  0.2695750490249070E+000 -0.6480025156868523E-001  0.3416458851730338E-001
 0.7892696500000000E+000  0.1395565200000000E+001 -0.2602728131803653E+000  0.2373767307601335E+000  0.2496633505380487E+000 -0.5866511912765892E-001  0.2664070164660806E-001
 0.8021639100000000E+000  0.1395565200000000E+001 -0.2399660114877489E+000  0.2202329973496327E+000  0.2310318454314818E+000 -0.5285411545484226E-001  0.2040219152244861E-001
 0.8145064000000000E+000  0.1395565200000000E+001 -0.2211689657439318E+000  0.2041827972458862E+000  0.2136333927918285E+000 -0.4740057536361755E-001  0.1532165358993174E-001
 0.8263016600000000E+000  0.1395565200000000E+001 -0.2037755841672959E+000  0.1891736026347166E+000  0.1974112929600122E+000 -0.4232437771233848E-001  0.1126352335653751E-001
 0.8375565600000000E+000  0.1395565200000000E+001 -0.1876830100664398E+000  0.1751494034794032E+000  0.1823029809067690E+000 -0.3763401622127195E-001  0.8089454016856304E-002
 0.8482800500000000E+000  0.1395565200000000E+001 -0.1727932322615406E+000  0.1620529095124502E+000  0.1682430308292618E+000 -0.3332872070801276E-001  0.5663136301445848E-002
 0.8584829000000000E+000  0.1395565200000000E+001 -0.1590140461682405E+000  0.1498272307905644E+000  0.1551654912786697E+000 -0.2940047104128400E-001  0.3854490105974272E-002
 0.8681774200000000E+000  0.1395565200000000E+001 -0.1462595426155168E+000  0.1384171020589743E+000  0.1430056231700929E+000 -0.2583580918364425E-001  0.2543141140473237E-002
 0.8773772700000000E+000  0.1395565200000000E+001 -0.1344501257292438E+000  0.1277695953112140E+000  0.1317009922886633E+000 -0.2261736320857715E-001  0.1621081558580424E-002
 0.8860971700000000E+000  0.1395565200000000E+001 -0.1235124348116412E+000  0.1178346299257285E+000  0.1211922606926286E+000 -0.1972514797725576E-001  0.9944731802500456E-003
 0.8943527400000000E+000  0.1395565200000000E+001 -0.1133789643945889E+000  0.1085650949565959E+000  0.1114234942198644E+000 -0.1713757633521167E-001  0.5845264500820960E-003
 0.9021602500000000E+000  0.1395565200000000E+001 -0.1039877385717091E+000  0.9991691778368665E-001  0.1023423551122275E+000 -0.1483228913716076E-001  0.3274969093327344E-003
 0.9095365000000000E+000  0.1395565200000000E+001 -0.9528181407846970E-001  0.9184889490930406E-001  0.9389999745908788E-001 -0.1278676617049242E-001  0.1738642800963271E-003
 0.9164985600000000E+000  0.1395565200000000E+001 -0.8720897249537279E-001  0.8432263706268679E-001  0.8605104675147977E-001 -0.1097883254869029E-001  0.8685410863035115E-004
 0.9230637200000000E+000  0.1395565200000000E+001 -0.7972120162449144E-001  0.7730227788597220E-001  0.7875330479036784E-001 -0.9386987808044867E-002  0.4049446184358797E-004
 0.9292492700000000E+000  0.1395565200000000E+001 -0.7277442403568884E-001  0.7075438388922378E-001  0.7196764553184293E-001 -0.7990686831801059E-002  0.1745143854296277E-004
 0.9350724600000000E+000  0.1395565200000000E+001 -0.6632806733493593E-001  0.6464769700215114E-001  0.6565772304032214E-001 -0.6770499079851493E-002  0.6872297252104207E-005
 0.9405503300000000E+000  0.1395565200000000E+001 -0.6034483023890921E-001  0.5895304607980830E-001  0.5978984623616802E-001 -0.5708237803996044E-002  0.2439027388123720E-005
 0.9456996700000000E+000  0.1395565200000000E+001 -0.5479034771045137E-001  0.5364315076160539E-001  0.5433273706733709E-001 -0.4787011427948286E-002  0.7672250469373827E-006
 0.9505369100000000E+000  0.1395565200000000E+001 -0.4963297507330822E-001  0.4869252656008179E-001  0.4925739105404025E-001 -0.3991251490983318E-002  0.2095849549219371E-006
 0.9550781000000000E+000  0.1395565200000000E+001 -0.4484351218817594E-001  0.4407732178455882E-001  0.4453686752221957E-001 -0.3306694634856853E-002  0.4848376638328067E-007
 0.9593388200000000E+000  0.1395565200000000E+001 -0.4039503670804095E-001  0.3977524849761793E-001  0.4014617757420455E-001 -0.2720354638344936E-002  0.9205726259116498E-008
 0.9633341700000000E+000  0.1395565200000000E+001 -0.3626268263575375E-001  0.3576545112052530E-001  0.3606211026342015E-001 -0.2220465490012262E-002  0.1380398007404303E-008
 0.9670787100000000E+000  0.1395565200000000E+001 -0.3242349877105608E-001  0.3202844288986983E-001  0.3226313081656169E-001 -0.1796420851307902E-002  0.1563485530568504E-009
 0.9705864600000000E+000  0.1395565200000000E+001 -0.2885626905942047E-001  0.2854599691112378E-001  0.2872923554823638E-001 -0.1438698601933312E-002  0.1292073281701018E-010
 0.9738709000000000E+000  0.1395565200000000E+001 -0.2554135569104001E-001  0.2530105112665327E-001  0.2544182429626652E-001 -0.1138783144609569E-002  0.8204736893069837E-012
 0.9769449100000001E+000  0.1395565200000000E+001 -0.2246062189454499E-001  0.2227768413295212E-001  0.2238364777068375E-001 -0.8890919216400718E-003  0.5179618702883952E-013
 0.9798208200000000E+000  0.1395565200000000E+001 -0.1959726049568339E-001  0.1946099236354261E-001  0.1953865798157317E-001 -0.6828923043555512E-003  0.3462674343894018E-014
 0.9825103800000000E+000  0.1395565200000000E+001 -0.1693571858130024E-001  0.1683705541519210E-001  0.1689195096025371E-001 -0.5142284203037260E-003  0.1334801891394521E-015
 0.9850247900000000E+000  0.1395565200000000E+001 -0.1446157542786153E-001  0.1439285016393458E-001  0.1442966053333605E-001 -0.3778465290402996E-003  0.2013156572893381E-016
 0.9873746700000000E+000  0.1395565200000000E+001 -0.1216149154099598E-001  0.1211623002614734E-001  0.1213892062414154E-001 -0.2691281492993453E-003 -0.1802218295157736E-016
 0.9895701099999999E+000  0.1395565200000000E+001 -0.1002308912703688E-001  0.9995831719655181E-002  0.1000775746502428E-001 -0.1840230235580464E-003  0.1528193144647643E-016
 0.9916206800000000E+000  0.1395565200000000E+001 -0.8034881447734494E-002  0.8021024926126861E-002  0.8025028796098808E-002 -0.1189896349726191E-003 -0.1004200113812069E-016
 0.9935354199999999E+000  0.1395565200000000E+001 -0.6186229238270273E-002  0.6181881718725951E-002  0.6180388708274749E-002 -0.7094067731717345E-004 -0.4439331442573225E-017
 0.9953228800000000E+000  0.1395565200000000E+001 -0.4467255498465057E-002  0.4469089923092665E-002  0.4464209805537764E-002 -0.3719145670778142E-004 -0.4247603202168896E-017
 0.9969911299999999E+000  0.1395565200000000E+001 -0.2868795613789702E-002  0.2873852450459302E-002  0.2867539564922381E-002 -0.1541404385560978E-004  0.8291106506084820E-016
 0.9985477800000000E+000  0.1395565200000000E+001 -0.1382343094996511E-002  0.1387558918327680E-002  0.1382051459396075E-002 -0.3595454123831179E-005  0.1257942966240966E-015
 0.1000000000000000E+001  0.1395565200000000E+001 -0.2758443406547232E-019  0.3700418583301158E-019 -0.6688158208826836E-019 -0.1689096081631235E-026 -0.4387025250821458E-022

 0.0000000000000000E+000  0.1412346500000000E+001 -0.1516773400601447E+001  0.1114887324251201E+001  0.1349064664108748E+001 -0.7384992612692676E-001  0.5868455532198468E-001
 0.5783680700000000E-002  0.1412346500000000E+001 -0.1515754201276458E+001  0.1114408264252060E+001  0.1348036136832688E+001 -0.7384760493336381E-001  0.5885409146303982E-001
 0.1192781000000000E-001  0.1412346500000000E+001 -0.1512419717972768E+001  0.1112839816936999E+001  0.1344670829254971E+001 -0.7383944608843547E-001  0.5941198505664844E-001
 0.1844960300000000E-001  0.1412346500000000E+001 -0.1506372092660272E+001  0.1109990167135944E+001  0.1338566084195836E+001 -0.7382243055159055E-001  0.6043653540729336E-001
 0.2536636600000000E-001  0.1412346500000000E+001 -0.1497273354621736E+001  0.1105689730301640E+001  0.1329378343147493E+001 -0.7379152171775152E-001  0.6200979377407287E-001
 0.3269537900000000E-001  0.1412346500000000E+001 -0.1484895366929926E+001  0.1099812232742250E+001  0.1316873007602526E+001 -0.7373949667575319E-001  0.6421423396622462E-001
 0.4045376700000000E-001  0.1412346500000000E+001 -0.1469167708598754E+001  0.1092294917325989E+001  0.1300972247466951E+001 -0.7365753738931312E-001  0.6712874470409076E-001
 0.4865834800000000E-001  0.1412346500000000E+001 -0.1450212396105471E+001  0.1083153359739450E+001  0.1281789673009769E+001 -0.7353695199872373E-001  0.7082439082926907E-001
 0.5732546900000000E-001  0.1412346500000000E+001 -0.1428354647720978E+001  0.1072486667440948E+001  0.1259641089522363E+001 -0.7337215417994059E-001  0.7536053536060643E-001
 0.6647082500000000E-001  0.1412346500000000E+001 -0.1404103555837970E+001  0.1060470842538043E+001  0.1235025217680045E+001 -0.7316456862737719E-001  0.8078189387216606E-001
 0.7610926000000000E-001  0.1412346500000000E+001 -0.1378104271262785E+001  0.1047341199378287E+001  0.1208576001186232E+001 -0.7292660700392566E-001  0.8711690117040091E-001
 0.8625455200000000E-001  0.1412346500000000E+001 -0.1351071163570059E+001  0.1033367646190680E+001  0.1180995981502134E+001 -0.7268453750760981E-001  0.9437746307717554E-001
 0.9691918300000001E-001  0.1412346500000000E+001 -0.1323716086689611E+001  0.1018828135089267E+001  0.1152984882847042E+001 -0.7247918413179605E-001  0.1025598510898548E+000
 0.1081141000000000E+000  0.1412346500000000E+001 -0.1296685608163566E+001  0.1003985190822608E+001  0.1125177280266634E+001 -0.7236396244700696E-001  0.1116462861392499E+000
 0.1198484800000000E+000  0.1412346500000000E+001 -0.1270516610663849E+001  0.9890686487664269E+000  0.1098098777534505E+001 -0.7240055477060681E-001  0.1216066967523397E+000
 0.1321294200000000E+000  0.1412346500000000E+001 -0.1245613664105455E+001  0.9742656692039092E+000  0.1072144127694461E+001 -0.7265318973150042E-001  0.1324001165733771E+000
 0.1449617600000000E+000  0.1412346500000000E+001 -0.1222245487964316E+001  0.9597169911387461E+000  0.1047574639155973E+001 -0.7318275795504323E-001  0.1439755621051381E+000
 0.1583477400000000E+000  0.1412346500000000E+001 -0.1200555695828161E+001  0.9455180879904186E+000  0.1024530135341026E+001 -0.7404182017276499E-001  0.1562719372194975E+000
 0.1722868300000000E+000  0.1412346500000000E+001 -0.1180580825222221E+001  0.9317229116242651E+000  0.1003048504408798E+001 -0.7527112762631771E-001  0.1692171764492267E+000
 0.1867754200000000E+000  0.1412346500000000E+001 -0.1162270758960644E+001  0.9183489502064045E+000  0.9830880422420682E+000 -0.7689776033245443E-001  0.1827263379148840E+000
 0.2018066600000000E+000  0.1412346500000000E+001 -0.1145507192750533E+001  0.9053821176574671E+000  0.9645482793459019E+000 -0.7893464799520077E-001  0.1966989461497636E+000
 0.2173702200000000E+000  0.1412346500000000E+001 -0.1130118325226843E+001  0.8927810066033418E+000  0.9472875370068417E+000 -0.8138102073191320E-001  0.2110154448977002E+000
 0.2334521800000000E+000  0.1412346500000000E+001 -0.1115888697951419E+001  0.8804799879036982E+000  0.9311361162598562E+000 -0.8422336010970753E-001  0.2255330732745446E+000
 0.2500348700000000E+000  0.1412346500000000E+001 -0.1102564567718457E+001  0.8683912799329490E+000  0.9159054362484846E+000 -0.8743645944919279E-001  0.2400811996499424E+000
 0.2670968500000000E+000  0.1412346500000000E+001 -0.1089855442901004E+001  0.8564060078977247E+000  0.9013935007440655E+000 -0.9098438100113107E-001  0.2544566247694396E+000
 0.2846128000000000E+000  0.1412346500000000E+001 -0.1077433265706047E+001  0.8443947679205694E+000  0.8873877503569944E+000 -0.9482114917389546E-001  0.2684192023063129E+000
 0.3025536600000000E+000  0.1412346500000000E+001 -0.1064930667286879E+001  0.8322079457630495E+000  0.8736659396028807E+000 -0.9889123245627827E-001  0.2816889059065628E+000
 0.3208866600000000E+000  0.1412346500000000E+001 -0.1051940672906223E+001  0.8196766844627592E+000  0.8599963441097931E+000 -0.1031298006687783E+000  0.2939452184008689E+000
 0.3395755000000000E+000  0.1412346500000000E+001 -0.1038020154804535E+001  0.8066150834886262E+000  0.8461381140021966E+000 -0.1074629242825093E+000  0.3048305767829216E+000
 0.3585805500000000E+000  0.1412346500000000E+001 -0.1022699825626695E+001  0.7928245505878402E+000  0.8318429547628913E+000 -0.1118078363986910E+000  0.3139594656775831E+000
 0.3778591900000000E+000  0.1412346500000000E+001 -0.1005503086655508E+001  0.7781009722311724E+000  0.8168590828560935E+000 -0.1160734533250156E+000  0.3209347380013586E+000
 0.3973661100000000E+000  0.1412346500000000E+001 -0.9859751402172608E+000  0.7622452739328510E+000  0.8009384382845169E+000 -0.1201612889668125E+000  0.3253717883303118E+000
 0.4170537000000000E+000  0.1412346500000000E+001 -0.9637213265277556E+000  0.7450771290715300E+000  0.7838474660336333E+000 -0.1239669652758930E+000  0.3269298479848183E+000
 0.4368725300000000E+000  0.1412346500000000E+001 -0.9384505630333928E+000  0.7264507878918426E+000  0.7653811166762670E+000 -0.1273824615087863E+000  0.3253473724374664E+000
 0.4567718400000000E+000  0.1412346500000000E+001 -0.9100166422500942E+000  0.7062711284822745E+000  0.7453788151778210E+000 -0.1302991752026984E+000  0.3204762452322986E+000
 0.4767000000000000E+000  0.1412346500000000E+001 -0.8784483135869616E+000  0.6845073422115462E+000  0.7237402030898026E+000 -0.1326117986086723E+000  0.3123082181016239E+000
 0.4966051100000000E+000  0.1412346500000000E+001 -0.8439596421980688E+000  0.6612013697066155E+000  0.7004376920548243E+000 -0.1342229210593643E+000  0.3009873474397586E+000
 0.5164355000000000E+000  0.1412346500000000E+001 -0.8069367582980040E+000  0.6364693574582997E+000  0.6755234484198865E+000 -0.1350480657959992E+000  0.2868048546685786E+000
 0.5361402700000000E+000  0.1412346500000000E+001 -0.7679025310796311E+000  0.6104954245107527E+000  0.6491290061375660E+000 -0.1350207915476395E+000  0.2701767715869421E+000
 0.5556698200000000E+000  0.1412346500000000E+001 -0.7274664286866693E+000  0.5835187925760814E+000  0.6214573347634129E+000 -0.1340973537432446E+000  0.2516087019068637E+000
 0.5749763200000000E+000  0.1412346500000000E+001 -0.6862697108986037E+000  0.5558165782829675E+000  0.5927686754655302E+000 -0.1322603958119611E+000  0.2316544854129474E+000
 0.5940141799999999E+000  0.1412346500000000E+001 -0.6449353342174653E+000  0.5276849036995706E+000  0.5633623125565241E+000 -0.1295211860656069E+000  0.2108756502286279E+000
 0.6127404500000000E+000  0.1412346500000000E+001 -0.6040291605048437E+000  0.4994209313712382E+000  0.5335569621233344E+000 -0.1259200479190714E+000  0.1898070193061940E+000
 0.6311151600000000E+000  0.1412346500000000E+001 -0.5640350249828219E+000  0.4713076211597891E+000  0.5036720884765973E+000 -0.1215248291341000E+000  0.1689312991265662E+000
 0.6491016200000000E+000  0.1412346500000000E+001 -0.5253429426832483E+000  0.4436021277302885E+000  0.4740118029124055E+000 -0.1164274753229312E+000  0.1486631294286832E+000
 0.6666666700000000E+000  0.1412346500000000E+001 -0.4882478760032942E+000  0.4165280551659875E+000  0.4448523152486690E+000 -0.1107390006381592E+000  0.1293415030891630E+000
 0.6837808000000000E+000  0.1412346500000000E+001 -0.4529559901052853E+000  0.3902713793894324E+000  0.4164333844061492E+000 -0.1045833649652755E+000  0.1112287689081787E+000
 0.7004183000000000E+000  0.1412346500000000E+001 -0.4195950430289978E+000  0.3649792002345929E+000  0.3889533379821358E+000 -0.9809080555086065E-001  0.9451404056385941E-001
 0.7165572700000000E+000  0.1412346500000000E+001 -0.3882269044240708E+000  0.3407609036565163E+000  0.3625674804298233E+000 -0.9139130088257541E-001  0.7931946559119039E-001
 0.7321796300000000E+000  0.1412346500000000E+001 -0.3588602678067538E+000  0.3176908659827735E+000  0.3373890478715287E+000 -0.8460868406712165E-001  0.6570788691113094E-001
 0.7472710500000000E+000  0.1412346500000000E+001 -0.3314627024773308E+000  0.2958122562941657E+000  0.3134921899698617E+000 -0.7785586581514219E-001  0.5369108390906957E-001
 0.7618208000000000E+000  0.1412346500000000E+001 -0.3059714768083437E+000  0.2751414701765057E+000  0.2909163483590841E+000 -0.7123142729321098E-001  0.4323802576594032E-001
 0.7758216500000000E+000  0.1412346500000000E+001 -0.2823026817254363E+000  0.2556726480558603E+000  0.2696712697970889E+000 -0.6481759475295537E-001  0.3428273822149801E-001
 0.7892696500000000E+000  0.1412346500000000E+001 -0.2603589232105359E+000  0.2373822542751158E+000  0.2497424561490930E+000 -0.5867958119523630E-001  0.2673178460487223E-001
 0.8021639100000000E+000  0.1412346500000000E+001 -0.2400354387097906E+000  0.2202333438001842E+000  0.2310964882525990E+000 -0.5286603128788293E-001  0.2047121583561606E-001
 0.8145064000000000E+000  0.1412346500000000E+001 -0.2212247629447392E+000  0.2041793606532330E+000  0.2136859284795107E+000 -0.4741028300233861E-001  0.1537299248826811E-001
 0.8263016600000000E+000  0.1412346500000000E+001 -0.2038202953037710E+000  0.1891675301972761E+000  0.1974537783925260E+000 -0.4233220264117140E-001  0.1130093373010046E-001
 0.8375565600000000E+000  0.1412346500000000E+001 -0.1877187391515153E+000  0.1751416175779856E+000  0.1823371854133375E+000 -0.3764026048592169E-001  0.8116107398145415E-002
 0.8482800500000000E+000  0.1412346500000000E+001 -0.1728217083148121E+000  0.1620441338315065E+000  0.1682704565550243E+000 -0.3333365633373907E-001  0.5681659670504737E-002
 0.8584829000000000E+000  0.1412346500000000E+001 -0.1590366824335534E+000  0.1498180181789585E+000  0.1551873990981684E+000 -0.2940433697932555E-001  0.3867014310486616E-002
 0.8681774200000000E+000  0.1412346500000000E+001 -0.1462774891407028E+000  0.1384078622320168E+000  0.1430230612094840E+000 -0.2583881093581246E-001  0.2551354872824965E-002
 0.8773772700000000E+000  0.1412346500000000E+001 -0.1344643150082086E+000  0.1277606209796771E+000  0.1317148247406633E+000 -0.2261967431274634E-001  0.1626288773435454E-002
 0.8860971700000000E+000  0.1412346500000000E+001 -0.1235236207496676E+000  0.1178261204066219E+000  0.1212031953538392E+000 -0.1972691266823766E-001  0.9976518555122698E-003
 0.8943527400000000E+000  0.1412346500000000E+001 -0.1133877550454791E+000  0.1085571767411859E+000  0.1114321076616511E+000 -0.1713891281900359E-001  0.5863864425569878E-003
 0.9021602500000000E+000  0.1412346500000000E+001 -0.1039946233579794E+000  0.9990966188872490E-001  0.1023491149798608E+000 -0.1483329307936377E-001  0.3285347977673465E-003
 0.9095365000000000E+000  0.1412346500000000E+001 -0.9528718619564472E-001  0.9184233111829974E-001  0.9390528170095713E-001 -0.1278751411521235E-001  0.1744132585776434E-003
 0.9164985600000000E+000  0.1412346500000000E+001 -0.8721314726781253E-001  0.8431676532402559E-001  0.8605515991621025E-001 -0.1097938510228916E-001  0.8712743772936626E-004
 0.9230637200000000E+000  0.1412346500000000E+001 -0.7972443144484678E-001  0.7729707726134666E-001  0.7875649161030236E-001 -0.9387392487340256E-002  0.4062151228575585E-004
 0.9292492700000000E+000  0.1412346500000000E+001 -0.7277691052068477E-001  0.7074981943951229E-001  0.7197010216381478E-001 -0.7990980545822131E-002  0.1750604174781917E-004
 0.9350724600000000E+000  0.1412346500000000E+001 -0.6632997117850262E-001  0.6464372501317697E-001  0.6565960628652313E-001 -0.6770710240462528E-002  0.6893746129805210E-005
 0.9405503300000000E+000  0.1412346500000000E+001 -0.6034627920658245E-001  0.5894961795496873E-001  0.5979128109277998E-001 -0.5708388090656798E-002  0.2446622492004594E-005
 0.9456996700000000E+000  0.1412346500000000E+001 -0.5479144310936670E-001  0.5364021588053151E-001  0.5433382287645999E-001 -0.4787117238751880E-002  0.7696092506570314E-006
 0.9505369100000000E+000  0.1412346500000000E+001 -0.4963379699065627E-001  0.4869003432886487E-001  0.4925820651368162E-001 -0.3991325120591661E-002  0.2102350323913282E-006
 0.9550781000000000E+000  0.1412346500000000E+001 -0.4484412372369916E-001  0.4407522307163912E-001  0.4453747475439471E-001 -0.3306745218624329E-002  0.4863389386564939E-007
 0.9593388200000000E+000  0.1412346500000000E+001 -0.4039548739391130E-001  0.3977349659503577E-001  0.4014662542649727E-001 -0.2720388901238290E-002  0.9234187322418464E-008
 0.9633341700000000E+000  0.1412346500000000E+001 -0.3626301119298132E-001  0.3576400235242854E-001  0.3606243698038363E-001 -0.2220488334279942E-002  0.1384659896736603E-008
 0.9670787100000000E+000  0.1412346500000000E+001 -0.3242373532970441E-001  0.3202725695356182E-001  0.3226336619896418E-001 -0.1796435813385306E-002  0.1568306796960167E-009
 0.9705864600000000E+000  0.1412346500000000E+001 -0.2885643694229066E-001  0.2854503702505105E-001  0.2872940269313889E-001 -0.1438708204243996E-002  0.1296056996618886E-010
 0.9738709000000000E+000  0.1412346500000000E+001 -0.2554147284437680E-001  0.2530028403848537E-001  0.2544194099663326E-001 -0.1138789164040389E-002  0.8229588819784973E-012
 0.9769449100000001E+000  0.1412346500000000E+001 -0.2246070203404313E-001  0.2227708002569929E-001  0.2238372763928956E-001 -0.8890955926318114E-003  0.5197415852158011E-013
 0.9798208200000000E+000  0.1412346500000000E+001 -0.1959731402084913E-001  0.1946052469805319E-001  0.1953871134973689E-001 -0.6828944710264810E-003  0.3428417931320161E-014
 0.9825103800000000E+000  0.1412346500000000E+001 -0.1693575330418653E-001  0.1683670072812030E-001  0.1689198559557087E-001 -0.5142296493910573E-003  0.1739831133266966E-015
 0.9850247900000000E+000  0.1412346500000000E+001 -0.1446159715171398E-001  0.1439258784220245E-001  0.1442968221062889E-001 -0.3778471928886030E-003 -0.1154253888049803E-016
 0.9873746700000000E+000  0.1412346500000000E+001 -0.1216150451867171E-001  0.1211604206869041E-001  0.1213893357853083E-001 -0.2691284862064769E-003  0.1848232657692253E-016
 0.9895701099999999E+000  0.1412346500000000E+001 -0.1002309642257855E-001  0.9995702499162490E-002  0.1000776474982181E-001 -0.1840231811298019E-003 -0.1565274803600028E-016
 0.9916206800000000E+000  0.1412346500000000E+001 -0.8034885220726283E-002  0.8020940955675088E-002  0.8025032564653674E-002 -0.1189897008730002E-003  0.1075009682360740E-016
 0.9935354199999999E+000  0.1412346500000000E+001 -0.6186230966519044E-002  0.6181831427799349E-002  0.6180390434964284E-002 -0.7094070074886205E-004  0.3499267310285156E-017
 0.9953228800000000E+000  0.1412346500000000E+001 -0.4467256151482401E-002  0.4469063447210824E-002  0.4464210458131238E-002 -0.3719146315069197E-004  0.3295117784273488E-017
 0.9969911299999999E+000  0.1412346500000000E+001 -0.2868795787280110E-002  0.2873841435373531E-002  0.2867539738340550E-002 -0.1541404496319492E-004 -0.7454068279310452E-016
 0.9985477800000000E+000  0.1412346500000000E+001 -0.1382343114463860E-002  0.1387556339914607E-002  0.1382051478859492E-002 -0.3595454184082203E-005 -0.1147688239081987E-015
 0.1000000000000000E+001  0.1412346500000000E+001 -0.4687005534836460E-019  0.3108499595360990E-019 -0.7759134878385915E-019 -0.2032588469130357E-026 -0.8609330029510137E-022

 0.0000000000000000E+000  0.1428003800000000E+001 -0.1517408466549755E+001  0.1114252258516805E+001  0.1349691457406182E+001 -0.7384992612692676E-001  0.5882411770258813E-001
 0.5783680700000000E-002  0.1428003800000000E+001 -0.1516387565965247E+001  0.1113774647905829E+001  0.1348661164452639E+001 -0.7384763655609386E-001  0.5899406323709237E-001
 0.1192781000000000E-001  0.1428003800000000E+001 -0.1513047528946742E+001  0.1112210937806511E+001  0.1345290089780587E+001 -0.7383958041280878E-001  0.5955330442348362E-001
 0.1844960300000000E-001  0.1428003800000000E+001 -0.1506989879435520E+001  0.1109369861403664E+001  0.1339174923085184E+001 -0.7382274801888106E-001  0.6058033118678956E-001
 0.2536636600000000E-001  0.1428003800000000E+001 -0.1497876180841439E+001  0.1105082279245016E+001  0.1329971597103527E+001 -0.7379210681578532E-001  0.6215739637360013E-001
 0.3269537900000000E-001  0.1428003800000000E+001 -0.1485478084633967E+001  0.1099222185514092E+001  0.1317445249335699E+001 -0.7374042966950431E-001  0.6436717935484171E-001
 0.4045376700000000E-001  0.1428003800000000E+001 -0.1469725307026084E+001  0.1091726847873157E+001  0.1301518123147329E+001 -0.7365888339303044E-001  0.6728877007824431E-001
 0.4865834800000000E-001  0.1428003800000000E+001 -0.1450740413740781E+001  0.1082611583869871E+001  0.1282304301145391E+001 -0.7353874861358801E-001  0.7099342175685831E-001
 0.5732546900000000E-001  0.1428003800000000E+001 -0.1428849593852777E+001  0.1071974961510228E+001  0.1260120467721275E+001 -0.7337439997073993E-001  0.7554066562262519E-001
 0.6647082500000000E-001  0.1428003800000000E+001 -0.1404563276436928E+001  0.1059992210965669E+001  0.1235466572435974E+001 -0.7316721543873772E-001  0.8097536058511978E-001
 0.7610926000000000E-001  0.1428003800000000E+001 -0.1378528199939444E+001  0.1046897730458914E+001  0.1208978021850314E+001 -0.7292955899181111E-001  0.8732605866050400E-001
 0.8625455200000000E-001  0.1428003800000000E+001 -0.1351460421533367E+001  0.1032960476409167E+001  0.1181358902753371E+001 -0.7268765848272882E-001  0.9460475911514853E-001
 0.9691918300000001E-001  0.1428003800000000E+001 -0.1324073428430267E+001  0.1018457518490317E+001  0.1153310412705229E+001 -0.7248231263177712E-001  0.1028078084641108E+000
 0.1081141000000000E+000  0.1428003800000000E+001 -0.1297015240684549E+001  0.1003650650334316E+001  0.1125468401714237E+001 -0.7236693170814630E-001  0.1119174913863493E+000
 0.1198484800000000E+000  0.1428003800000000E+001 -0.1270823933945813E+001  0.9887691761287156E+000  0.1098359471664751E+001 -0.7240321345303004E-001  0.1219037965213976E+000
 0.1321294200000000E+000  0.1428003800000000E+001 -0.1245904985337403E+001  0.9739999396546394E+000  0.1072379071333141E+001 -0.7265541942083287E-001  0.1327258206221387E+000
 0.1449617600000000E+000  0.1428003800000000E+001 -0.1222527753267421E+001  0.9594835663477107E+000  0.1047788921271492E+001 -0.7318448490037244E-001  0.1443326512867834E+000
 0.1583477400000000E+000  0.1428003800000000E+001 -0.1200836267726740E+001  0.9453155893674199E+000  0.1024729021849457E+001 -0.7404302068090438E-001  0.1566632732143207E+000
 0.1722868300000000E+000  0.1428003800000000E+001 -0.1180867316099097E+001  0.9315501559477897E+000  0.1003237263519908E+001 -0.7527182816294131E-001  0.1696457098902286E+000
 0.1867754200000000E+000  0.1428003800000000E+001 -0.1162570915988065E+001  0.9182050451622505E+000  0.9832718291871568E+000 -0.7689803425907067E-001  0.1831951097805059E+000
 0.2018066600000000E+000  0.1428003800000000E+001 -0.1145828818996963E+001  0.9052665191599012E+000  0.9647320697987335E+000 -0.7893461093398127E-001  0.1972110767469228E+000
 0.2173702200000000E+000  0.1428003800000000E+001 -0.1130469214986312E+001  0.8926935404215426E+000  0.9474760940744782E+000 -0.8138082610029806E-001  0.2115741025315930E+000
 0.2334521800000000E+000  0.1428003800000000E+001 -0.1116276560880197E+001  0.8804208380269153E+000  0.9313339745053368E+000 -0.8422319569061723E-001  0.2261414133620807E+000
 0.2500348700000000E+000  0.1428003800000000E+001 -0.1102996914348819E+001  0.8683609443382264E+000  0.9161168868572034E+000 -0.8743654521922144E-001  0.2407422625402503E+000
 0.2670968500000000E+000  0.1428003800000000E+001 -0.1090339404107969E+001  0.8564052211144193E+000  0.9016225635656766E+000 -0.9098496792653921E-001  0.2551731796101583E+000
 0.2846128000000000E+000  0.1428003800000000E+001 -0.1077975319831564E+001  0.8444243882476923E+000  0.8876381203977916E+000 -0.9482251832615446E-001  0.2691935235512371E+000
 0.3025536600000000E+000  0.1428003800000000E+001 -0.1065536255256921E+001  0.8322688056713106E+000  0.8739408983907507E+000 -0.9889369358199036E-001  0.2825224731451170E+000
 0.3208866600000000E+000  0.1428003800000000E+001 -0.1052613693231407E+001  0.8197694041994563E+000  0.8602986296198928E+000 -0.1031336892130079E+000  0.2948383370714420E+000
 0.3395755000000000E+000  0.1428003800000000E+001 -0.1038762354097930E+001  0.8067398532744042E+000  0.8464697486693127E+000 -0.1074685958279452E+000  0.3057819333823770E+000
 0.3585805500000000E+000  0.1428003800000000E+001 -0.1023510135171731E+001  0.7929808947224085E+000  0.8322050393154753E+000 -0.1118156575269374E+000  0.3149656540885736E+000
 0.3778591900000000E+000  0.1428003800000000E+001 -0.1006377001109587E+001  0.7782875194541232E+000  0.8172515751998450E+000 -0.1160837880994077E+000  0.3219898236663746E+000
 0.3973661100000000E+000  0.1428003800000000E+001 -0.9869042782672163E+000  0.7624595693228167E+000  0.8013599493726278E+000 -0.1201744805911608E+000  0.3264670055367913E+000
 0.4170537000000000E+000  0.1428003800000000E+001 -0.9646933375019507E+000  0.7453155303761866E+000  0.7842951161648394E+000 -0.1239833131209625E+000  0.3280535415427846E+000
 0.4368725300000000E+000  0.1428003800000000E+001 -0.9394495216304544E+000  0.7267084871392480E+000  0.7658504998795140E+000 -0.1274021946033205E+000  0.3264852812176425E+000
 0.4567718400000000E+000  0.1428003800000000E+001 -0.9110239901452526E+000  0.7065423239425035E+000  0.7458641108409404E+000 -0.1303224243701860E+000  0.3216121713892452E+000
 0.4767000000000000E+000  0.1428003800000000E+001 -0.8794442725458289E+000  0.6847855570374546E+000  0.7242344507416445E+000 -0.1326385704904229E+000  0.3134250384014546E+000
 0.4966051100000000E+000  0.1428003800000000E+001 -0.8449248815210864E+000  0.6614798791864916E+000  0.7009332112270500E+000 -0.1342530779898250E+000  0.3020682278615672E+000
 0.5164355000000000E+000  0.1428003800000000E+001 -0.8078540112067178E+000  0.6367416587420407E+000  0.6760123508980311E+000 -0.1350813154195390E+000  0.2878344652214780E+000
 0.5361402700000000E+000  0.1428003800000000E+001 -0.7687578644762239E+000  0.6107556727891998E+000  0.6496037260503420E+000 -0.1350566891494928E+000  0.2711422949297226E+000
 0.5556698200000000E+000  0.1428003800000000E+001 -0.7282499749841935E+000  0.5837621392491598E+000  0.6219111003960405E+000 -0.1341353185354402E+000  0.2525004886730776E+000
 0.5749763200000000E+000  0.1428003800000000E+001 -0.6869758211031577E+000  0.5560393741125258E+000  0.5931958649120020E+000 -0.1322997403082999E+000  0.2324663042833517E+000
 0.5940141799999999E+000  0.1428003800000000E+001 -0.6455622446366838E+000  0.5278847616752274E+000  0.5637586645544481E+000 -0.1295611557149756E+000  0.2116045721173888E+000
 0.6127404500000000E+000  0.1428003800000000E+001 -0.6045783405997373E+000  0.4995966696004520E+000  0.5339196428990201E+000 -0.1259598667250006E+000  0.1904530343610185E+000
 0.6311151600000000E+000  0.1428003800000000E+001 -0.5645103841695820E+000  0.4714591200445844E+000  0.5039996370020474E+000 -0.1215637463128880E+000  0.1694967836020559E+000
 0.6491016200000000E+000  0.1428003800000000E+001 -0.5257500393747154E+000  0.4437301383084379E+000  0.4743039877830395E+000 -0.1164648081459052E+000  0.1491522660130183E+000
 0.6666666700000000E+000  0.1428003800000000E+001 -0.4885932202841178E+000  0.4166339904723397E+000  0.4451099379444987E+000 -0.1107741693624686E+000  0.1297597290069672E+000
 0.6837808000000000E+000  0.1428003800000000E+001 -0.4532464829706854E+000  0.3903571123126169E+000  0.4166580594401351E+000 -0.1046159170227351E+000  0.1115822949794085E+000
 0.7004183000000000E+000  0.1428003800000000E+001 -0.4198375590111383E+000  0.3650468824084206E+000  0.3891472730588892E+000 -0.9812042766912484E-001  0.9480945810928042E-001
 0.7165572700000000E+000  0.1428003800000000E+001 -0.3884280041939944E+000  0.3408128129064901E+000  0.3627332727276707E+000 -0.9141781937830497E-001  0.7956344159610912E-001
 0.7321796300000000E+000  0.1428003800000000E+001 -0.3590260176934567E+000  0.3177292844930517E+000  0.3375295059268981E+000 -0.8463205486842343E-001  0.6590693786602515E-001
 0.7472710500000000E+000  0.1428003800000000E+001 -0.3315985764490174E+000  0.2958393784717633E+000  0.3136101858488404E+000 -0.7787615672587879E-001  0.5385141526757492E-001
 0.7618208000000000E+000  0.1428003800000000E+001 -0.3060823187006787E+000  0.2751593373479391E+000  0.2910147012120076E+000 -0.7124879546981230E-001  0.4336542361845670E-001
 0.7758216500000000E+000  0.1428003800000000E+001 -0.2823927091191637E+000  0.2556831062219189E+000  0.2697526593045996E+000 -0.6483226231323191E-001  0.3438250101178287E-001
 0.7892696500000000E+000  0.1428003800000000E+001 -0.2604317587328195E+000  0.2373869310670628E+000  0.2498093631184585E+000 -0.5869181150520082E-001  0.2680868538592322E-001
 0.8021639100000000E+000  0.1428003800000000E+001 -0.2400941578567781E+000  0.2202336408040984E+000  0.2311511585901828E+000 -0.5287610780066208E-001  0.2052948748717325E-001
 0.8145064000000000E+000  0.1428003800000000E+001 -0.2212719504771643E+000  0.2041764575670467E+000  0.2137303564089972E+000 -0.4741849179266285E-001  0.1541633030487881E-001
 0.8263016600000000E+000  0.1428003800000000E+001 -0.2038581046813883E+000  0.1891623976723808E+000  0.1974897048677618E+000 -0.4233881911728333E-001  0.1133251147543241E-001
 0.8375565600000000E+000  0.1428003800000000E+001 -0.1877489510738323E+000  0.1751350359229255E+000  0.1823661077527387E+000 -0.3764554019085384E-001  0.8138603798246035E-002
 0.8482800500000000E+000  0.1428003800000000E+001 -0.1728457858610819E+000  0.1620367151753580E+000  0.1682936457796172E+000 -0.3333782938620931E-001  0.5697293130674816E-002
 0.8584829000000000E+000  0.1428003800000000E+001 -0.1590558212973002E+000  0.1498102300872614E+000  0.1552059219398167E+000 -0.2940760549903595E-001  0.3877583999569612E-002
 0.8681774200000000E+000  0.1428003800000000E+001 -0.1462926622069562E+000  0.1384000511730184E+000  0.1430378043050365E+000 -0.2584134873332548E-001  0.2558286445935645E-002
 0.8773772700000000E+000  0.1428003800000000E+001 -0.1344763110308680E+000  0.1277530344479696E+000  0.1317265190561374E+000 -0.2262162815218763E-001  0.1630682955062784E-002
 0.8860971700000000E+000  0.1428003800000000E+001 -0.1235330773583001E+000  0.1178189269077101E+000  0.1212124395136147E+000 -0.1972840452281333E-001  0.1000334120950652E-002
 0.8943527400000000E+000  0.1428003800000000E+001 -0.1133951864676508E+000  0.1085504831959104E+000  0.1114393892647962E+000 -0.1714004264402404E-001  0.5879559071292173E-003
 0.9021602500000000E+000  0.1428003800000000E+001 -0.1040004434636378E+000  0.9990352831238469E-001  0.1023548294789144E+000 -0.1483414176527213E-001  0.3294105418743948E-003
 0.9095365000000000E+000  0.1428003800000000E+001 -0.9529172746015298E-001  0.9183678266649292E-001  0.9390974867780887E-001 -0.1278814638089275E-001  0.1748764595098722E-003
 0.9164985600000000E+000  0.1428003800000000E+001 -0.8721667630533740E-001  0.8431180193204878E-001  0.8605863687346481E-001 -0.1097985218877648E-001  0.8735805334923712E-004
 0.9230637200000000E+000  0.1428003800000000E+001 -0.7972716164859002E-001  0.7729268121076369E-001  0.7875918546432024E-001 -0.9387734567219199E-002  0.4072870588326640E-004
 0.9292492700000000E+000  0.1428003800000000E+001 -0.7277901234635960E-001  0.7074596117990176E-001  0.7197217875418437E-001 -0.7991228822350796E-002  0.1755210998300801E-004
 0.9350724600000000E+000  0.1428003800000000E+001 -0.6633158047878440E-001  0.6464036757977588E-001  0.6566119817575383E-001 -0.6770888732581492E-002  0.6911842007385889E-005
 0.9405503300000000E+000  0.1428003800000000E+001 -0.6034750399257669E-001  0.5894672025896489E-001  0.5979249395078741E-001 -0.5708515125353735E-002  0.2453030177829882E-005
 0.9456996700000000E+000  0.1428003800000000E+001 -0.5479236902225620E-001  0.5363773512512668E-001  0.5433474068325331E-001 -0.4787206678029422E-002  0.7716206762000956E-006
 0.9505369100000000E+000  0.1428003800000000E+001 -0.4963449173147760E-001  0.4868792774187540E-001  0.4925889579596017E-001 -0.3991387357442793E-002  0.2107834602660433E-006
 0.9550781000000000E+000  0.1428003800000000E+001 -0.4484464063220167E-001  0.4407344911880275E-001  0.4453798802541079E-001 -0.3306787975265845E-002  0.4876054497068736E-007
 0.9593388200000000E+000  0.1428003800000000E+001 -0.4039586834011552E-001  0.3977201579214865E-001  0.4014700397758240E-001 -0.2720417862276762E-002  0.9258197573558509E-008
 0.9633341700000000E+000  0.1428003800000000E+001 -0.3626328890764215E-001  0.3576277777935844E-001  0.3606271313954565E-001 -0.2220507643528079E-002  0.1388255292291815E-008
 0.9670787100000000E+000  0.1428003800000000E+001 -0.3242393528135366E-001  0.3202625454225483E-001  0.3226356515638618E-001 -0.1796448460118197E-002  0.1572374949231565E-009
 0.9705864600000000E+000  0.1428003800000000E+001 -0.2885657884516354E-001  0.2854422568439111E-001  0.2872954397224362E-001 -0.1438716320594637E-002  0.1299414864902765E-010
 0.9738709000000000E+000  0.1428003800000000E+001 -0.2554157186789085E-001  0.2529963566093769E-001  0.2544203963727491E-001 -0.1138794251949075E-002  0.8251351382173041E-012
 0.9769449100000001E+000  0.1428003800000000E+001 -0.2246076977157266E-001  0.2227656940782101E-001  0.2238379514784839E-001 -0.8890986955215630E-003  0.5209000052151181E-013
 0.9798208200000000E+000  0.1428003800000000E+001 -0.1959735926266076E-001  0.1946012940725941E-001  0.1953875645884338E-001 -0.6828963023923524E-003  0.3479199091551045E-014
 0.9825103800000000E+000  0.1428003800000000E+001 -0.1693578265344675E-001  0.1683640093182844E-001  0.1689201487081394E-001 -0.5142306882686047E-003  0.1344528540391760E-015
 0.9850247900000000E+000  0.1428003800000000E+001 -0.1446161551361669E-001  0.1439236611714108E-001  0.1442970053317745E-001 -0.3778477540012484E-003  0.1921220984584018E-016
 0.9873746700000000E+000  0.1428003800000000E+001 -0.1216151548793230E-001  0.1211588319946925E-001  0.1213894452810873E-001 -0.2691287709743958E-003 -0.1800173755955543E-016
 0.9895701099999999E+000  0.1428003800000000E+001 -0.1002310258906325E-001  0.9995593276853901E-002  0.1000777090722524E-001 -0.1840233143158690E-003  0.1572923224656907E-016
 0.9916206800000000E+000  0.1428003800000000E+001 -0.8034888409808708E-002  0.8020869980531852E-002  0.8025035749985710E-002 -0.1189897565747986E-003 -0.1117922573805122E-016
 0.9935354199999999E+000  0.1428003800000000E+001 -0.6186232427302900E-002  0.6181788919932704E-002  0.6180391894430389E-002 -0.7094072055441011E-004 -0.2669519300530239E-017
 0.9953228800000000E+000  0.1428003800000000E+001 -0.4467256703438233E-002  0.4469041068760299E-002  0.4464211009728565E-002 -0.3719146859660497E-004 -0.2490646726832742E-017
 0.9969911299999999E+000  0.1428003800000000E+001 -0.2868795933920950E-002  0.2873832124994567E-002  0.2867539884920535E-002 -0.1541404589945910E-004  0.6675643359722089E-016
 0.9985477800000000E+000  0.1428003800000000E+001 -0.1382343130918401E-002  0.1387554160540851E-002  0.1382051495310801E-002 -0.3595454234979755E-005  0.8962286018589462E-016
 0.1000000000000000E+001  0.1428003800000000E+001 -0.5923657701936572E-019  0.2120713744485261E-019 -0.7110150610464036E-019 -0.2520864685346521E-026 -0.7332473202448294E-022

 0.0000000000000000E+000  0.1442601000000000E+001 -0.1517943252786982E+001  0.1113717472457076E+001  0.1350219285575228E+001 -0.7384992612692676E-001  0.5894124760156705E-001
 0.5783680700000000E-002  0.1442601000000000E+001 -0.1516920918482189E+001  0.1113241083700123E+001  0.1349187504716630E+001 -0.7384766315580187E-001  0.5911153676000649E-001
 0.1192781000000000E-001  0.1442601000000000E+001 -0.1513576201155838E+001  0.1111681367091354E+001  0.1345811570253655E+001 -0.7383969340136298E-001  0.5967190904907575E-001
 0.1844960300000000E-001  0.1442601000000000E+001 -0.1507510104030729E+001  0.1108847517913229E+001  0.1339687621640647E+001 -0.7382301506268925E-001  0.6070101439938265E-001
 0.2536636600000000E-001  0.1442601000000000E+001 -0.1498383798143929E+001  0.1104570771582086E+001  0.1330471163169111E+001 -0.7379259898904535E-001  0.6228127487864624E-001
 0.3269537900000000E-001  0.1442601000000000E+001 -0.1485968757000679E+001  0.1098725347539079E+001  0.1317927110302725E+001 -0.7374121450027185E-001  0.6449554243087914E-001
 0.4045376700000000E-001  0.1442601000000000E+001 -0.1470194812888866E+001  0.1091248533583229E+001  0.1301977768858316E+001 -0.7366001567215706E-001  0.6742307596277713E-001
 0.4865834800000000E-001  0.1442601000000000E+001 -0.1451184994854827E+001  0.1082155428757012E+001  0.1282737620059030E+001 -0.7354025999494143E-001  0.7113528688927008E-001
 0.5732546900000000E-001  0.1442601000000000E+001 -0.1429266310429268E+001  0.1071544145417503E+001  0.1260524089588496E+001 -0.7337628927420901E-001  0.7569184776967627E-001
 0.6647082500000000E-001  0.1442601000000000E+001 -0.1404950315214573E+001  0.1059589262268231E+001  0.1235838162818372E+001 -0.7316944218008196E-001  0.8113773801950913E-001
 0.7610926000000000E-001  0.1442601000000000E+001 -0.1378885085312921E+001  0.1046524404819000E+001  0.1209316478935804E+001 -0.7293204255987944E-001  0.8750160830830149E-001
 0.8625455200000000E-001  0.1442601000000000E+001 -0.1351788099416017E+001  0.1032617727075174E+001  0.1181664426472190E+001 -0.7269028430981309E-001  0.9479553670377122E-001
 0.9691918300000001E-001  0.1442601000000000E+001 -0.1324374220182907E+001  0.1018145555145523E+001  0.1153584443743076E+001 -0.7248494486929970E-001  0.1030159331731808E+000
 0.1081141000000000E+000  0.1442601000000000E+001 -0.1297292690628841E+001  0.1003369066946062E+001  0.1125713454141347E+001 -0.7236943002911281E-001  0.1121451365314684E+000
 0.1198484800000000E+000  0.1442601000000000E+001 -0.1271082590682481E+001  0.9885171196444383E+000  0.1098578899588219E+001 -0.7240545049270855E-001  0.1221531866747067E+000
 0.1321294200000000E+000  0.1442601000000000E+001 -0.1246150161132505E+001  0.9737762910120918E+000  0.1072576814179539E+001 -0.7265729550782085E-001  0.1329992343323275E+000
 0.1449617600000000E+000  0.1442601000000000E+001 -0.1222765298328784E+001  0.9592871114824727E+000  0.1047969265007632E+001 -0.7318593793840882E-001  0.1446324280250963E+000
 0.1583477400000000E+000  0.1442601000000000E+001 -0.1201072383147045E+001  0.9451451651967020E+000  0.1024896401047690E+001 -0.7404403069166263E-001  0.1569918218245438E+000
 0.1722868300000000E+000  0.1442601000000000E+001 -0.1181108414066266E+001  0.9314047645873966E+000  0.1003396114467362E+001 -0.7527241737313616E-001  0.1700055157300532E+000
 0.1867754200000000E+000  0.1442601000000000E+001 -0.1162823523448282E+001  0.9180839343827809E+000  0.9834264930385301E+000 -0.7689826435534673E-001  0.1835887362452527E+000
 0.2018066600000000E+000  0.1442601000000000E+001 -0.1146099511869762E+001  0.9051692306857733E+000  0.9648867367546642E+000 -0.7893457916267893E-001  0.1976411563960567E+000
 0.2173702200000000E+000  0.1442601000000000E+001 -0.1130764564422062E+001  0.8926199282124623E+000  0.9476347758389579E+000 -0.8138066151057964E-001  0.2120433111536281E+000
 0.2334521800000000E+000  0.1442601000000000E+001 -0.1116603070116159E+001  0.8803710585928992E+000  0.9315004910860538E+000 -0.8422305625039725E-001  0.2266524191665202E+000
 0.2500348700000000E+000  0.1442601000000000E+001 -0.1103360922986783E+001  0.8683354196350316E+000  0.9162948543164063E+000 -0.8743661599167460E-001  0.2412976405387119E+000
 0.2670968500000000E+000  0.1442601000000000E+001 -0.1090746936585604E+001  0.8564045734804911E+000  0.9018153706839259E+000 -0.9098546006344835E-001  0.2557752804311097E+000
 0.2846128000000000E+000  0.1442601000000000E+001 -0.1078431855735873E+001  0.8444493455296936E+000  0.8878488837498201E+000 -0.9482366833282543E-001  0.2698442852595979E+000
 0.3025536600000000E+000  0.1442601000000000E+001 -0.1066046404635470E+001  0.8323200752349569E+000  0.8741723877118989E+000 -0.9889576212560466E-001  0.2832231680290697E+000
 0.3208866600000000E+000  0.1442601000000000E+001 -0.1053180769736491E+001  0.8198475157596968E+000  0.8605531580749635E+000 -0.1031369586315099E+000  0.2955892511246069E+000
 0.3395755000000000E+000  0.1442601000000000E+001 -0.1039387858827465E+001  0.8068449750026118E+000  0.8467490275464642E+000 -0.1074733654649403E+000  0.3065819897494355E+000
 0.3585805500000000E+000  0.1442601000000000E+001 -0.1024193193649498E+001  0.7931126337951439E+000  0.8325100036007739E+000 -0.1118222360538715E+000  0.3158120112407500E+000
 0.3778591900000000E+000  0.1442601000000000E+001 -0.1007113834615325E+001  0.7784447275687996E+000  0.8175821962273799E+000 -0.1160924821474616E+000  0.3228775046826933E+000
 0.3973661100000000E+000  0.1442601000000000E+001 -0.9876878281513730E+000  0.7626401830309069E+000  0.8017150615546974E+000 -0.1201855793129659E+000  0.3273886392704987E+000
 0.4170537000000000E+000  0.1442601000000000E+001 -0.9655131821044984E+000  0.7455164826225513E+000  0.7846722946307333E+000 -0.1239970688386075E+000  0.3289993103271572E+000
 0.4368725300000000E+000  0.1442601000000000E+001 -0.9402922073036156E+000  0.7269257247614129E+000  0.7662460295160615E+000 -0.1274188004627472E+000  0.3274431583200501E+000
 0.4567718400000000E+000  0.1442601000000000E+001 -0.9118738272077173E+000  0.7067709525605959E+000  0.7462730800825272E+000 -0.1303419908392235E+000  0.3225684860058133E+000
 0.4767000000000000E+000  0.1442601000000000E+001 -0.8802845327852129E+000  0.6850201103757511E+000  0.7246509837377251E+000 -0.1326611034355720E+000  0.3143653316359558E+000
 0.4966051100000000E+000  0.1442601000000000E+001 -0.8457392127942492E+000  0.6617146806091108E+000  0.7013508231155974E+000 -0.1342784616829921E+000  0.3029782819107982E+000
 0.5164355000000000E+000  0.1442601000000000E+001 -0.8086278091932809E+000  0.6369712188772885E+000  0.6764243814495610E+000 -0.1351093037630174E+000  0.2887013331127221E+000
 0.5361402700000000E+000  0.1442601000000000E+001 -0.7694793498530978E+000  0.6109750586903042E+000  0.6500037883471043E+000 -0.1350869076320592E+000  0.2719551552057320E+000
 0.5556698200000000E+000  0.1442601000000000E+001 -0.7289108132198563E+000  0.5839672603794199E+000  0.6222934799181374E+000 -0.1341672779662583E+000  0.2532511999734176E+000
 0.5749763200000000E+000  0.1442601000000000E+001 -0.6875712504424580E+000  0.5562271538199948E+000  0.5935558199659587E+000 -0.1323328615928930E+000  0.2331496158653566E+000
 0.5940141799999999E+000  0.1442601000000000E+001 -0.6460907913256985E+000  0.5280531898055574E+000  0.5640926038763260E+000 -0.1295948032777804E+000  0.2122180241119236E+000
 0.6127404500000000E+000  0.1442601000000000E+001 -0.6050412641905458E+000  0.4997447536040950E+000  0.5342251813190998E+000 -0.1259933869687893E+000  0.1909966319234560E+000
 0.6311151600000000E+000  0.1442601000000000E+001 -0.5649110041793816E+000  0.4715867637192296E+000  0.5042755483299309E+000 -0.1215965069398191E+000  0.1699725445221718E+000
 0.6491016200000000E+000  0.1442601000000000E+001 -0.5260930649037180E+000  0.4438379794629316E+000  0.4745500831623968E+000 -0.1164962342484579E+000  0.1495637296746925E+000
 0.6666666700000000E+000  0.1442601000000000E+001 -0.4888841598836683E+000  0.4167232244750408E+000  0.4453268991580118E+000 -0.1108037728360124E+000  0.1301114895811023E+000
 0.6837808000000000E+000  0.1442601000000000E+001 -0.4534911708177042E+000  0.3904293213422730E+000  0.4168472529647130E+000 -0.1046433169198095E+000  0.1118795952240984E+000
 0.7004183000000000E+000  0.1442601000000000E+001 -0.4200418028352331E+000  0.3651038826399202E+000  0.3893105643769136E+000 -0.9814536038396925E-001  0.9505785785432526E-001
 0.7165572700000000E+000  0.1442601000000000E+001 -0.3885973433233421E+000  0.3408565259220495E+000  0.3628728544454364E+000 -0.9144013886840563E-001  0.7976856105758028E-001
 0.7321796300000000E+000  0.1442601000000000E+001 -0.3591655715101213E+000  0.3177616346903972E+000  0.3376477476386862E+000 -0.8465172422861850E-001  0.6607426753141452E-001
 0.7472710500000000E+000  0.1442601000000000E+001 -0.3317129624476797E+000  0.2958622155595836E+000  0.3137095096406873E+000 -0.7789323323384222E-001  0.5398618120164256E-001
 0.7618208000000000E+000  0.1442601000000000E+001 -0.3061756213071237E+000  0.2751743814776842E+000  0.2910974836804571E+000 -0.7126341160613586E-001  0.4347249679613566E-001
 0.7758216500000000E+000  0.1442601000000000E+001 -0.2824684835312082E+000  0.2556919125498740E+000  0.2698211587954915E+000 -0.6484460521503166E-001  0.3446634035875328E-001
 0.7892696500000000E+000  0.1442601000000000E+001 -0.2604930577695446E+000  0.2373908704809539E+000  0.2498656698484147E+000 -0.5870210299666143E-001  0.2687330648389138E-001
 0.8021639100000000E+000  0.1442601000000000E+001 -0.2401435726259375E+000  0.2202338935758927E+000  0.2311971644528115E+000 -0.5288458657743531E-001  0.2057845054335534E-001
 0.8145064000000000E+000  0.1442601000000000E+001 -0.2213116581727821E+000  0.2041740169499513E+000  0.2137677409754133E+000 -0.4742539872148897E-001  0.1545274267100103E-001
 0.8263016600000000E+000  0.1442601000000000E+001 -0.2038899188630310E+000  0.1891580807899461E+000  0.1975199341635324E+000 -0.4234438605500775E-001  0.1135904142938010E-001
 0.8375565600000000E+000  0.1442601000000000E+001 -0.1877743711300008E+000  0.1751294995747734E+000  0.1823904424632820E+000 -0.3764998224734781E-001  0.8157503044630723E-002
 0.8482800500000000E+000  0.1442601000000000E+001 -0.1728660435591794E+000  0.1620304745390694E+000  0.1683131559220641E+000 -0.3334134025146580E-001  0.5710426162422753E-002
 0.8584829000000000E+000  0.1442601000000000E+001 -0.1590719231650953E+000  0.1498036786293481E+000  0.1552215054489632E+000 -0.2941035528206405E-001  0.3886462766158455E-002
 0.8681774200000000E+000  0.1442601000000000E+001 -0.1463054271224202E+000  0.1383934804229465E+000  0.1430502074442801E+000 -0.2584348370641495E-001  0.2564108881549647E-002
 0.8773772700000000E+000  0.1442601000000000E+001 -0.1344864028240793E+000  0.1277466526336671E+000  0.1317363570095178E+000 -0.2262327181801773E-001  0.1634373878832689E-002
 0.8860971700000000E+000  0.1442601000000000E+001 -0.1235410326245546E+000  0.1178128757843966E+000  0.1212202160461159E+000 -0.1972965951615622E-001  0.1002587034686438E-002
 0.8943527400000000E+000  0.1442601000000000E+001 -0.1134014379214510E+000  0.1085448526988480E+000  0.1114455146806262E+000 -0.1714099306804576E-001  0.5892741075857985E-003
 0.9021602500000000E+000  0.1442601000000000E+001 -0.1040053393475207E+000  0.9989836891289867E-001  0.1023596365222785E+000 -0.1483485567851490E-001  0.3301460636717685E-003
 0.9095365000000000E+000  0.1442601000000000E+001 -0.9529554751304173E-001  0.9183211550982734E-001  0.9391350623863938E-001 -0.1278867823334068E-001  0.1752654842794780E-003
 0.9164985600000000E+000  0.1442601000000000E+001 -0.8721964484072293E-001  0.8430762694882341E-001  0.8606156159901905E-001 -0.1098024508944656E-001  0.8755173436762096E-004
 0.9230637200000000E+000  0.1442601000000000E+001 -0.7972945819536202E-001  0.7728898348336592E-001  0.7876145143434611E-001 -0.9388022312124631E-002  0.4081872994455272E-004
 0.9292492700000000E+000  0.1442601000000000E+001 -0.7278078030460483E-001  0.7074271584026254E-001  0.7197392548527515E-001 -0.7991437661103015E-002  0.1759079863116526E-004
 0.9350724600000000E+000  0.1442601000000000E+001 -0.6633293413431363E-001  0.6463754352550867E-001  0.6566253718584465E-001 -0.6771038870496367E-002  0.6927038892625238E-005
 0.9405503300000000E+000  0.1442601000000000E+001 -0.6034853420705588E-001  0.5894428292090137E-001  0.5979351413206336E-001 -0.5708621979193662E-002  0.2458411261485084E-005
 0.9456996700000000E+000  0.1442601000000000E+001 -0.5479314783751950E-001  0.5363564849932730E-001  0.5433551268015455E-001 -0.4787281908362098E-002  0.7733098202305963E-006
 0.9505369100000000E+000  0.1442601000000000E+001 -0.4963507609686357E-001  0.4868615584670738E-001  0.4925947556998426E-001 -0.3991439706595211E-002  0.2112440103559014E-006
 0.9550781000000000E+000  0.1442601000000000E+001 -0.4484507541572476E-001  0.4407195701519544E-001  0.4453841974934358E-001 -0.3306823938881366E-002  0.4886690084444489E-007
 0.9593388200000000E+000  0.1442601000000000E+001 -0.4039618876123307E-001  0.3977077026642326E-001  0.4014732238411058E-001 -0.2720442221976673E-002  0.9278359989941834E-008
 0.9633341700000000E+000  0.1442601000000000E+001 -0.3626352249786607E-001  0.3576174777535065E-001  0.3606294542141013E-001 -0.2220523884854492E-002  0.1391274437964506E-008
 0.9670787100000000E+000  0.1442601000000000E+001 -0.3242410346334057E-001  0.3202541140336587E-001  0.3226373250211321E-001 -0.1796459097458747E-002  0.1575790086363189E-009
 0.9705864600000000E+000  0.1442601000000000E+001 -0.2885669820123914E-001  0.2854354325844970E-001  0.2872966280365986E-001 -0.1438723147349852E-002  0.1302236838257144E-010
 0.9738709000000000E+000  0.1442601000000000E+001 -0.2554165515748061E-001  0.2529909030565832E-001  0.2544212260482678E-001 -0.1138798531437564E-002  0.8268855686134544E-012
 0.9769449100000001E+000  0.1442601000000000E+001 -0.2246082674612918E-001  0.2227613992384372E-001  0.2238385192981563E-001 -0.8891013053869436E-003  0.5222240984545373E-013
 0.9798208200000000E+000  0.1442601000000000E+001 -0.1959739731583933E-001  0.1945979692601302E-001  0.1953879440040276E-001 -0.6828978427667012E-003  0.3448590401821971E-014
 0.9825103800000000E+000  0.1442601000000000E+001 -0.1693580733926824E-001  0.1683614877176254E-001  0.1689203949437914E-001 -0.5142315620746343E-003  0.1741322520917695E-015
 0.9850247900000000E+000  0.1442601000000000E+001 -0.1446163095789724E-001  0.1439217962329229E-001  0.1442971594435705E-001 -0.3778482259560551E-003 -0.1027875017507828E-016
 0.9873746700000000E+000  0.1442601000000000E+001 -0.1216152471422045E-001  0.1211574957400297E-001  0.1213895373784174E-001 -0.2691290104940426E-003  0.1797965756041887E-016
 0.9895701099999999E+000  0.1442601000000000E+001 -0.1002310777571456E-001  0.9995501409624671E-002  0.1000777608623816E-001 -0.1840234263392416E-003 -0.1548276779240974E-016
 0.9916206800000000E+000  0.1442601000000000E+001 -0.8034891092155562E-002  0.8020810283135419E-002  0.8025038429178226E-002 -0.1189898034258586E-003  0.1134105300789795E-016
 0.9935354199999999E+000  0.1442601000000000E+001 -0.6186233655972239E-002  0.6181753166452271E-002  0.6180393121991186E-002 -0.7094073721310543E-004  0.1953377076191327E-017
 0.9953228800000000E+000  0.1442601000000000E+001 -0.4467257167689653E-002  0.4469022246188804E-002  0.4464211473678669E-002 -0.3719147317736095E-004  0.1823645516838820E-017
 0.9969911299999999E+000  0.1442601000000000E+001 -0.2868796057260908E-002  0.2873824294011904E-002  0.2867540008209107E-002 -0.1541404668705319E-004 -0.5952461428457552E-016
 0.9985477800000000E+000  0.1442601000000000E+001 -0.1382343144758379E-002  0.1387552327465670E-002  0.1382051509147969E-002 -0.3595454277818168E-005 -0.5744432608373752E-016
 0.1000000000000000E+001  0.1442601000000000E+001 -0.5823916526375466E-019  0.1436530399846883E-019 -0.5099924538158700E-019 -0.2799404297466716E-026 -0.7053893669907292E-022

 0.0000000000000000E+000  0.1456200200000000E+001 -0.1518391165536419E+001  0.1113269559854501E+001  0.1350661376390947E+001 -0.7384992612692676E-001  0.5903907419571949E-001
 0.5783680700000000E-002  0.1456200200000000E+001 -0.1517367629639237E+001  0.1112794195404444E+001  0.1349628348600355E+001 -0.7384768541367055E-001  0.5920965037190343E-001
 0.1192781000000000E-001  0.1456200200000000E+001 -0.1514018989797925E+001  0.1111237826592813E+001  0.1346248341438117E+001 -0.7383978794731481E-001  0.5977096743527906E-001
 0.1844960300000000E-001  0.1456200200000000E+001 -0.1507945812908464E+001  0.1108410035966665E+001  0.1340117033327854E+001 -0.7382323851984618E-001  0.6080180896975635E-001
 0.2536636600000000E-001  0.1456200200000000E+001 -0.1498808941330106E+001  0.1104142372954426E+001  0.1330889569697108E+001 -0.7379301083488010E-001  0.6238473840111513E-001
 0.3269537900000000E-001  0.1456200200000000E+001 -0.1486379699673255E+001  0.1098309245437559E+001  0.1318330680233170E+001 -0.7374187124912296E-001  0.6460275184259595E-001
 0.4045376700000000E-001  0.1456200200000000E+001 -0.1470588017826377E+001  0.1090847957557292E+001  0.1302362723476511E+001 -0.7366096318511539E-001  0.6753524936808140E-001
 0.4865834800000000E-001  0.1456200200000000E+001 -0.1451557313463173E+001  0.1081773424551354E+001  0.1283100515121608E+001 -0.7354152477684707E-001  0.7125377459815654E-001
 0.5732546900000000E-001  0.1456200200000000E+001 -0.1429615280283454E+001  0.1071183376174788E+001  0.1260862102434263E+001 -0.7337787035663568E-001  0.7581811823489390E-001
 0.6647082500000000E-001  0.1456200200000000E+001 -0.1405274418061745E+001  0.1059251844488529E+001  0.1236149339018840E+001 -0.7317130570246494E-001  0.8127336048683968E-001
 0.7610926000000000E-001  0.1456200200000000E+001 -0.1379183923761168E+001  0.1046211806934702E+001  0.1209599896989942E+001 -0.7293412107533032E-001  0.8764823461718453E-001
 0.8625455200000000E-001  0.1456200200000000E+001 -0.1352062466953674E+001  0.1032330744821221E+001  0.1181920255460526E+001 -0.7269248194364911E-001  0.9495488477238051E-001
 0.9691918300000001E-001  0.1456200200000000E+001 -0.1324626062357616E+001  0.1017884361153428E+001  0.1153813891989198E+001 -0.7248714792401129E-001  0.1031897742601469E+000
 0.1081141000000000E+000  0.1456200200000000E+001 -0.1297524977147338E+001  0.1003133318120425E+001  0.1125918628805846E+001 -0.7237152104631825E-001  0.1123352875545907E+000
 0.1198484800000000E+000  0.1456200200000000E+001 -0.1271299132161837E+001  0.9883060986922266E+000  0.1098762611078131E+001 -0.7240732285231039E-001  0.1223615079266803E+000
 0.1321294200000000E+000  0.1456200200000000E+001 -0.1246355407595077E+001  0.9735890582058809E+000  0.1072742362748277E+001 -0.7265886576113986E-001  0.1332276318968711E+000
 0.1449617600000000E+000  0.1456200200000000E+001 -0.1222964150280657E+001  0.9591226479710070E+000  0.1048120240786076E+001 -0.7318715408285495E-001  0.1448828597490487E+000
 0.1583477400000000E+000  0.1456200200000000E+001 -0.1201270035142646E+001  0.9450024953033730E+000  0.1025036518349079E+001 -0.7404487597578267E-001  0.1572663045740668E+000
 0.1722868300000000E+000  0.1456200200000000E+001 -0.1181310237948644E+001  0.9312830514761578E+000  0.1003529088888292E+001 -0.7527291037093188E-001  0.1703061315817714E+000
 0.1867754200000000E+000  0.1456200200000000E+001 -0.1163034988057607E+001  0.9179825474468796E+000  0.9835559605011638E+000 -0.7689845666896977E-001  0.1839176340091566E+000
 0.2018066600000000E+000  0.1456200200000000E+001 -0.1146326128403520E+001  0.9050877860212349E+000  0.9650162069250865E+000 -0.7893455215789386E-001  0.1980005444677481E+000
 0.2173702200000000E+000  0.1456200200000000E+001 -0.1131011841928228E+001  0.8925583039790628E+000  0.9477676092378626E+000 -0.8138052317257526E-001  0.2124354361080296E+000
 0.2334521800000000E+000  0.1456200200000000E+001 -0.1116876463129892E+001  0.8803293869819865E+000  0.9316398882128798E+000 -0.8422293877112352E-001  0.2270795235312734E+000
 0.2500348700000000E+000  0.1456200200000000E+001 -0.1103665751843920E+001  0.8683140558936813E+000  0.9164438455609747E+000 -0.8743667424634412E-001  0.2417618913855739E+000
 0.2670968500000000E+000  0.1456200200000000E+001 -0.1091088260864065E+001  0.8564040415204558E+000  0.9019767969275577E+000 -0.9098587077248851E-001  0.2562786597111988E+000
 0.2846128000000000E+000  0.1456200200000000E+001 -0.1078814281957385E+001  0.8444702585358133E+000  0.8880253588344962E+000 -0.9482462945302621E-001  0.2703884322109617E+000
 0.3025536600000000E+000  0.1456200200000000E+001 -0.1066473813918061E+001  0.8323630301341869E+000  0.8743662359356671E+000 -0.9889749186091532E-001  0.2838091667904851E+000
 0.3208866600000000E+000  0.1456200200000000E+001 -0.1053655959158339E+001  0.8199129614380664E+000  0.8607663221490933E+000 -0.1031396933575204E+000  0.2962173614976002E+000
 0.3395755000000000E+000  0.1456200200000000E+001 -0.1039912107061074E+001  0.8069330579466155E+000  0.8469829465589996E+000 -0.1074773558340420E+000  0.3072513304072228E+000
 0.3585805500000000E+000  0.1456200200000000E+001 -0.1024765786332535E+001  0.7932230304728215E+000  0.8327654663519651E+000 -0.1118277405772524E+000  0.3165202210994263E+000
 0.3778591900000000E+000  0.1456200200000000E+001 -0.1007731617683126E+001  0.7785764807576112E+000  0.8178591835027745E+000 -0.1160997576840618E+000  0.3236204297803650E+000
 0.3973661100000000E+000  0.1456200200000000E+001 -0.9883448891262657E+000  0.7627915671914758E+000  0.8020126000311540E+000 -0.1201948681439183E+000  0.3281601132045805E+000
 0.4170537000000000E+000  0.1456200200000000E+001 -0.9662007773520322E+000  0.7456849289858295E+000  0.7849883534357378E+000 -0.1240085824546491E+000  0.3297911081967669E+000
 0.4368725300000000E+000  0.1456200200000000E+001 -0.9409990382894819E+000  0.7271078354882217E+000  0.7665774936106592E+000 -0.1274327008327184E+000  0.3282451946692426E+000
 0.4567718400000000E+000  0.1456200200000000E+001 -0.9125867092867097E+000  0.7069626221505411E+000  0.7466158286636412E+000 -0.1303583706987671E+000  0.3233692890537886E+000
 0.4767000000000000E+000  0.1456200200000000E+001 -0.8809894035018073E+000  0.6852167519418710E+000  0.7250000852383822E+000 -0.1326799678912424E+000  0.3151527632806821E+000
 0.4966051100000000E+000  0.1456200200000000E+001 -0.8464223240974655E+000  0.6619115299205668E+000  0.7017008339760747E+000 -0.1342997139467200E+000  0.3037404042456358E+000
 0.5164355000000000E+000  0.1456200200000000E+001 -0.8092768838736356E+000  0.6371636688565410E+000  0.6767697109321350E+000 -0.1351327377804018E+000  0.2894272756695681E+000
 0.5361402700000000E+000  0.1456200200000000E+001 -0.7700844893459304E+000  0.6111589699185392E+000  0.6503390759525945E+000 -0.1351122097159309E+000  0.2726358345777206E+000
 0.5556698200000000E+000  0.1456200200000000E+001 -0.7294650192078070E+000  0.5841392014833403E+000  0.6226139308965626E+000 -0.1341940383134539E+000  0.2538797862412668E+000
 0.5749763200000000E+000  0.1456200200000000E+001 -0.6880705313836735E+000  0.5563845453724668E+000  0.5938574576009775E+000 -0.1323605950633643E+000  0.2337217088686447E+000
 0.5940141799999999E+000  0.1456200200000000E+001 -0.6465339210155894E+000  0.5281943481587112E+000  0.5643724182766008E+000 -0.1296229774213675E+000  0.2127315683306798E+000
 0.6127404500000000E+000  0.1456200200000000E+001 -0.6054293132552665E+000  0.4998688493709055E+000  0.5344811755952112E+000 -0.1260214542676940E+000  0.1914516412023477E+000
 0.6311151600000000E+000  0.1456200200000000E+001 -0.5652467722972190E+000  0.4716937195153096E+000  0.5045066984126656E+000 -0.1216239377635666E+000  0.1703707207285369E+000
 0.6491016200000000E+000  0.1456200200000000E+001 -0.5263805162697938E+000  0.4439283332763048E+000  0.4747562351239908E+000 -0.1165225470915855E+000  0.1499080493751471E+000
 0.6666666700000000E+000  0.1456200200000000E+001 -0.4891279268840013E+000  0.4167979813435953E+000  0.4455086288740802E+000 -0.1108285589508698E+000  0.1304058116133162E+000
 0.6837808000000000E+000  0.1456200200000000E+001 -0.4536961560417009E+000  0.3904898099722902E+000  0.4170057098052245E+000 -0.1046662573537241E+000  0.1121283196361824E+000
 0.7004183000000000E+000  0.1456200200000000E+001 -0.4202128837740205E+000  0.3651516272027006E+000  0.3894473152867507E+000 -0.9816623449334616E-001  0.9526564789742040E-001
 0.7165572700000000E+000  0.1456200200000000E+001 -0.3887391697687130E+000  0.3408931382671055E+000  0.3629897397515527E+000 -0.9145882448643015E-001  0.7994012821093820E-001
 0.7321796300000000E+000  0.1456200200000000E+001 -0.3592824389397854E+000  0.3177887284222488E+000  0.3377467552015782E+000 -0.8466819059132914E-001  0.6621421250697805E-001
 0.7472710500000000E+000  0.1456200200000000E+001 -0.3318087438205151E+000  0.2958813411822644E+000  0.3137926705754978E+000 -0.7790752844129110E-001  0.5409888148180322E-001
 0.7618208000000000E+000  0.1456200200000000E+001 -0.3062537413898264E+000  0.2751869805269834E+000  0.2911667903472400E+000 -0.7127564671637299E-001  0.4356203108574280E-001
 0.7758216500000000E+000  0.1456200200000000E+001 -0.2825319225219084E+000  0.2556992880085744E+000  0.2698785039466114E+000 -0.6485493703070376E-001  0.3453644125994664E-001
 0.7892696500000000E+000  0.1456200200000000E+001 -0.2605443741316127E+000  0.2373941707291820E+000  0.2499128049550554E+000 -0.5871071733904075E-001  0.2692733462937596E-001
 0.8021639100000000E+000  0.1456200200000000E+001 -0.2401849374284978E+000  0.2202341071570049E+000  0.2312356745181840E+000 -0.5289168336775621E-001  0.2061938481384927E-001
 0.8145064000000000E+000  0.1456200200000000E+001 -0.2213448953401446E+000  0.2041719756510450E+000  0.2137990329027119E+000 -0.4743117967368966E-001  0.1548318254361734E-001
 0.8263016600000000E+000  0.1456200200000000E+001 -0.2039165474481014E+000  0.1891544688150192E+000  0.1975452358114645E+000 -0.4234904531728827E-001  0.1138121870476204E-001
 0.8375565600000000E+000  0.1456200200000000E+001 -0.1877956468597097E+000  0.1751248668218567E+000  0.1824108095834915E+000 -0.3765369992836830E-001  0.8173300826297856E-002
 0.8482800500000000E+000  0.1456200200000000E+001 -0.1728829979047744E+000  0.1620252522909108E+000  0.1683294844979542E+000 -0.3334427851243443E-001  0.5721403537628986E-002
 0.8584829000000000E+000  0.1456200200000000E+001 -0.1590853988945845E+000  0.1497981962468551E+000  0.1552345472996403E+000 -0.2941265653164304E-001  0.3893883892552102E-002
 0.8681774200000000E+000  0.1456200200000000E+001 -0.1463161098203220E+000  0.1383879819162811E+000  0.1430605873459304E+000 -0.2584527039033329E-001  0.2568975274414886E-002
 0.8773772700000000E+000  0.1456200200000000E+001 -0.1344948482196646E+000  0.1277413122741990E+000  0.1317445899595945E+000 -0.2262464731550080E-001  0.1637458659419023E-002
 0.8860971700000000E+000  0.1456200200000000E+001 -0.1235476898996337E+000  0.1178078121996779E+000  0.1212267237403627E+000 -0.1973070973434434E-001  0.1004469911036549E-002
 0.8943527400000000E+000  0.1456200200000000E+001 -0.1134066692770114E+000  0.1085401411426735E+000  0.1114506405596457E+000 -0.1714178839958234E-001  0.5903757683940800E-003
 0.9021602500000000E+000  0.1456200200000000E+001 -0.1040094362619484E+000  0.9989405161047787E-001  0.1023636590914161E+000 -0.1483545308470222E-001  0.3307607481458959E-003
 0.9095365000000000E+000  0.1456200200000000E+001 -0.9529874411623693E-001  0.9182821014464930E-001  0.9391665054718373E-001 -0.1278912328421309E-001  0.1755905904003607E-003
 0.9164985600000000E+000  0.1456200200000000E+001 -0.8722212886608219E-001  0.8430413345232740E-001  0.8606400896409797E-001 -0.1098057386245525E-001  0.8771358969294944E-004
 0.9230637200000000E+000  0.1456200200000000E+001 -0.7973137988961974E-001  0.7728588936336336E-001  0.7876334754223981E-001 -0.9388263089977479E-002  0.4089395999143842E-004
 0.9292492700000000E+000  0.1456200200000000E+001 -0.7278225967481014E-001  0.7074000027979792E-001  0.7197538709301335E-001 -0.7991612410646078E-002  0.1762312893323559E-004
 0.9350724600000000E+000  0.1456200200000000E+001 -0.6633406682015054E-001  0.6463518049255029E-001  0.6566365761680380E-001 -0.6771164500075796E-002  0.6939738049071717E-005
 0.9405503300000000E+000  0.1456200200000000E+001 -0.6034939624405543E-001  0.5894224348405289E-001  0.5979436777364949E-001 -0.5708711389725257E-002  0.2462907865809621E-005
 0.9456996700000000E+000  0.1456200200000000E+001 -0.5479379951107625E-001  0.5363390252797316E-001  0.5433615864840389E-001 -0.4787344857377335E-002  0.7747213067997716E-006
 0.9505369100000000E+000  0.1456200200000000E+001 -0.4963556506200198E-001  0.4868467323001332E-001  0.4925996069329761E-001 -0.3991483509547494E-002  0.2116288525106184E-006
 0.9550781000000000E+000  0.1456200200000000E+001 -0.4484543921731305E-001  0.4407070851560387E-001  0.4453878099083237E-001 -0.3306854031165472E-002  0.4895577250815592E-007
 0.9593388200000000E+000  0.1456200200000000E+001 -0.4039645687001028E-001  0.3976972809082709E-001  0.4014758880719648E-001 -0.2720462604694810E-002  0.9295207801755648E-008
 0.9633341700000000E+000  0.1456200200000000E+001 -0.3626371795125326E-001  0.3576088593649356E-001  0.3606313978004255E-001 -0.2220537474566733E-002  0.1393797265763769E-008
 0.9670787100000000E+000  0.1456200200000000E+001 -0.3242424418691885E-001  0.3202470592223969E-001  0.3226387252596283E-001 -0.1796467998086588E-002  0.1578644816773665E-009
 0.9705864600000000E+000  0.1456200200000000E+001 -0.2885679807029880E-001  0.2854297225192565E-001  0.2872976223371946E-001 -0.1438728859517132E-002  0.1304593099575320E-010
 0.9738709000000000E+000  0.1456200200000000E+001 -0.2554172484842548E-001  0.2529863399096551E-001  0.2544219202631228E-001 -0.1138802112217500E-002  0.8284226445513226E-012
 0.9769449100000001E+000  0.1456200200000000E+001 -0.2246087441840892E-001  0.2227578056247341E-001  0.2238389944095019E-001 -0.8891034891384612E-003  0.5229825776628333E-013
 0.9798208200000000E+000  0.1456200200000000E+001 -0.1959742915600829E-001  0.1945951872983415E-001  0.1953882614717670E-001 -0.6828991316419183E-003  0.3488887685795926E-014
 0.9825103800000000E+000  0.1456200200000000E+001 -0.1693582799457108E-001  0.1683593778268311E-001  0.1689206009759045E-001 -0.5142322932125505E-003  0.1361594372630604E-015
 0.9850247900000000E+000  0.1456200200000000E+001 -0.1446164388053915E-001  0.1439202357899364E-001  0.1442972883930249E-001 -0.3778486208536457E-003  0.1772775410539939E-016
 0.9873746700000000E+000  0.1456200200000000E+001 -0.1216153243409701E-001  0.1211563776612399E-001  0.1213896144386613E-001 -0.2691292109066128E-003 -0.1703127877083951E-016
 0.9895701099999999E+000  0.1456200200000000E+001 -0.1002311211551904E-001  0.9995424541969904E-002  0.1000778041965150E-001 -0.1840235200721251E-003  0.1498999177620284E-016
 0.9916206800000000E+000  0.1456200200000000E+001 -0.8034893336543314E-002  0.8020760332815546E-002  0.8025040670926537E-002 -0.1189898426275093E-003 -0.1125119481540154E-016
 0.9935354199999999E+000  0.1456200200000000E+001 -0.6186234684030774E-002  0.6181723250619200E-002  0.6180394149122343E-002 -0.7094075115198174E-004 -0.1350382173026860E-017
 0.9953228800000000E+000  0.1456200200000000E+001 -0.4467257556140452E-002  0.4469006496872757E-002  0.4464211861877130E-002 -0.3719147701031488E-004 -0.1281103366982286E-017
 0.9969911299999999E+000  0.1456200200000000E+001 -0.2868796160462512E-002  0.2873817741634161E-002  0.2867540111367903E-002 -0.1541404734611517E-004  0.5280067217695817E-016
 0.9985477800000000E+000  0.1456200200000000E+001 -0.1382343156338615E-002  0.1387550793687278E-002  0.1382051520725944E-002 -0.3595454313631291E-005  0.2419640515265142E-016
 0.1000000000000000E+001  0.1456200200000000E+001 -0.3826190086243591E-019  0.1269831530964275E-019 -0.4798063528179221E-019 -0.3309345937303642E-026 -0.6495704965337883E-022

 0.0000000000000000E+000  0.1468861100000000E+001 -0.1518764131868804E+001  0.1112896593643178E+001  0.1351029498987895E+001 -0.7384992612692676E-001  0.5912034105701421E-001
 0.5783680700000000E-002  0.1468861100000000E+001 -0.1517739594895598E+001  0.1112422082761758E+001  0.1349995432398027E+001 -0.7384770393278473E-001  0.5929115568218989E-001
 0.1192781000000000E-001  0.1468861100000000E+001 -0.1514387687127179E+001  0.1110868503691157E+001  0.1346612032352888E+001 -0.7383986661222550E-001  0.5985325764750218E-001
 0.1844960300000000E-001  0.1468861100000000E+001 -0.1508308612003759E+001  0.1108045761606251E+001  0.1340474593265716E+001 -0.7382342444370055E-001  0.6088554157763305E-001
 0.2536636600000000E-001  0.1468861100000000E+001 -0.1499162938171901E+001  0.1103785667432879E+001  0.1331237961734701E+001 -0.7379335350766955E-001  0.6247068834518659E-001
 0.3269537900000000E-001  0.1468861100000000E+001 -0.1486721866372606E+001  0.1097962785805102E+001  0.1318666712889106E+001 -0.7374241769833390E-001  0.6469181385356762E-001
 0.4045376700000000E-001  0.1468861100000000E+001 -0.1470915408030217E+001  0.1090514434107120E+001  0.1302683249462259E+001 -0.7366175157784975E-001  0.6762843548438559E-001
 0.4865834800000000E-001  0.1468861100000000E+001 -0.1451867304815790E+001  0.1081455373973222E+001  0.1283402666079181E+001 -0.7354257717816845E-001  0.7135220673717323E-001
 0.5732546900000000E-001  0.1468861100000000E+001 -0.1429905822251020E+001  0.1070883015898600E+001  0.1261143528076734E+001 -0.7337918597402637E-001  0.7592301653181992E-001
 0.6647082500000000E-001  0.1468861100000000E+001 -0.1405544246748537E+001  0.1058970936070070E+001  0.1236408412492862E+001 -0.7317285637382694E-001  0.8138602890980691E-001
 0.7610926000000000E-001  0.1468861100000000E+001 -0.1379432708934343E+001  0.1045951571688206E+001  0.1209835851909028E+001 -0.7293585068744349E-001  0.8777004588456702E-001
 0.8625455200000000E-001  0.1468861100000000E+001 -0.1352290870192988E+001  0.1032091843482475E+001  0.1182133233748823E+001 -0.7269431072097117E-001  0.9508726667885767E-001
 0.9691918300000001E-001  0.1468861100000000E+001 -0.1324835704567159E+001  0.1017666935387940E+001  0.1154004900952853E+001 -0.7248898125111061E-001  0.1033341991511194E+000
 0.1081141000000000E+000  0.1468861100000000E+001 -0.1297718331927614E+001  0.1002937080139184E+001  0.1126089424064458E+001 -0.7237326116926757E-001  0.1124932660142987E+000
 0.1198484800000000E+000  0.1468861100000000E+001 -0.1271479373159655E+001  0.9881304492646157E+000  0.1098915533597399E+001 -0.7240888102923744E-001  0.1225345869643673E+000
 0.1321294200000000E+000  0.1468861100000000E+001 -0.1246526240730487E+001  0.9734332131385418E+000  0.1072880161104954E+001 -0.7266017252829594E-001  0.1334173970542299E+000
 0.1449617600000000E+000  0.1468861100000000E+001 -0.1223129656529917E+001  0.9589857574962395E+000  0.1048245904673909E+001 -0.7318816614341872E-001  0.1450909401801190E+000
 0.1583477400000000E+000  0.1468861100000000E+001 -0.1201434540441793E+001  0.9448837459341729E+000  0.1025153140668410E+001 -0.7404557936837640E-001  0.1574943792114216E+000
 0.1722868300000000E+000  0.1468861100000000E+001 -0.1181478216194363E+001  0.9311817456668142E+000  0.1003639763501552E+001 -0.7527332053244937E-001  0.1705559344374739E+000
 0.1867754200000000E+000  0.1468861100000000E+001 -0.1163210994526120E+001  0.9178981597074227E+000  0.9836637149305499E+000 -0.7689861652296669E-001  0.1841909556143294E+000
 0.2018066600000000E+000  0.1468861100000000E+001 -0.1146514754572820E+001  0.9050199966328841E+000  0.9651239636848769E+000 -0.7893452939776076E-001  0.1982992261186221E+000
 0.2173702200000000E+000  0.1468861100000000E+001 -0.1131217678770751E+001  0.8925070118192152E+000  0.9478781668997291E+000 -0.8138040764511130E-001  0.2127613522614397E+000
 0.2334521800000000E+000  0.1468861100000000E+001 -0.1117104057876151E+001  0.8802947028914616E+000  0.9317559124749240E+000 -0.8422284046958617E-001  0.2274345468724283E+000
 0.2500348700000000E+000  0.1468861100000000E+001 -0.1103919541969724E+001  0.8682962769546043E+000  0.9165678609665855E+000 -0.8743672204448576E-001  0.2421478335790433E+000
 0.2670968500000000E+000  0.1468861100000000E+001 -0.1091372468957874E+001  0.8564036058380958E+000  0.9021111708148023E+000 -0.9098621173026079E-001  0.2566971802335906E+000
 0.2846128000000000E+000  0.1468861100000000E+001 -0.1079132755654883E+001  0.8444876791810688E+000  0.8881722701521627E+000 -0.9482542831433989E-001  0.2708409071428408E+000
 0.3025536600000000E+000  0.1468861100000000E+001 -0.1066829798847881E+001  0.8323988072655333E+000  0.8745276232013978E+000 -0.9889893023611848E-001  0.2842965117566730E+000
 0.3208866600000000E+000  0.1468861100000000E+001 -0.1054051799536474E+001  0.8199674724689817E+000  0.8609438067127673E+000 -0.1031419680027625E+000  0.2967398069335008E+000
 0.3395755000000000E+000  0.1468861100000000E+001 -0.1040348882574618E+001  0.8070064287798130E+000  0.8471777307533107E+000 -0.1074806754167929E+000  0.3078081567962109E+000
 0.3585805500000000E+000  0.1468861100000000E+001 -0.1025242914785821E+001  0.7933149955327328E+000  0.8329782109686864E+000 -0.1118323203409608E+000  0.3171094755555378E+000
 0.3778591900000000E+000  0.1468861100000000E+001 -0.1008246480357935E+001  0.7786862461598545E+000  0.8180898758913987E+000 -0.1161058115357745E+000  0.3242386634878996E+000
 0.3973661100000000E+000  0.1468861100000000E+001 -0.9888925625601863E+000  0.7629176980165184E+000  0.8022604317715465E+000 -0.1202025978948855E+000  0.3288021966522132E+000
 0.4170537000000000E+000  0.1468861100000000E+001 -0.9667739705486953E+000  0.7458252863256506E+000  0.7852516335365320E+000 -0.1240181643175657E+000  0.3304501912437712E+000
 0.4368725300000000E+000  0.1468861100000000E+001 -0.9415883220463679E+000  0.7272595878880109E+000  0.7668536258647006E+000 -0.1274442698134389E+000  0.3289128707075326E+000
 0.4567718400000000E+000  0.1468861100000000E+001 -0.9131810745643878E+000  0.7071223467406430E+000  0.7469013768243863E+000 -0.1303720041642773E+000  0.3240359905948371E+000
 0.4767000000000000E+000  0.1468861100000000E+001 -0.8815771047357539E+000  0.6853806233419386E+000  0.7252909357738783E+000 -0.1326956702281226E+000  0.3158083636344600E+000
 0.4966051100000000E+000  0.1468861100000000E+001 -0.8469918771136149E+000  0.6620755742729516E+000  0.7019924456946587E+000 -0.1343174046597195E+000  0.3043749422097071E+000
 0.5164355000000000E+000  0.1468861100000000E+001 -0.8098180340903050E+000  0.6373240433782427E+000  0.6770574198837865E+000 -0.1351522453387341E+000  0.2900316810088859E+000
 0.5361402700000000E+000  0.1468861100000000E+001 -0.7705889716071196E+000  0.6113122223693294E+000  0.6506184108294152E+000 -0.1351332729101858E+000  0.2732025298803497E+000
 0.5556698200000000E+000  0.1468861100000000E+001 -0.7299269938487738E+000  0.5842824709294199E+000  0.6228808932803956E+000 -0.1342163158550410E+000  0.2544030766516189E+000
 0.5749763200000000E+000  0.1468861100000000E+001 -0.6884866724621472E+000  0.5565156822043704E+000  0.5941087324936616E+000 -0.1323836829062573E+000  0.2341979288246565E+000
 0.5940141799999999E+000  0.1468861100000000E+001 -0.6469032132204378E+000  0.5283119504259017E+000  0.5646054980202766E+000 -0.1296464321227465E+000  0.2131590095809119E+000
 0.6127404500000000E+000  0.1468861100000000E+001 -0.6057526590474047E+000  0.4999722278125727E+000  0.5346943980098438E+000 -0.1260448198568161E+000  0.1918303219380593E+000
 0.6311151600000000E+000  0.1468861100000000E+001 -0.5655265164629665E+000  0.4717828119242145E+000  0.5046992128333466E+000 -0.1216467731974872E+000  0.1707020663425871E+000
 0.6491016200000000E+000  0.1468861100000000E+001 -0.5266199737132179E+000  0.4440035902659115E+000  0.4749279163478038E+000 -0.1165444514399833E+000  0.1501945468655012E+000
 0.6666666700000000E+000  0.1468861100000000E+001 -0.4893309679133409E+000  0.4168602424707381E+000  0.4456599598002635E+000 -0.1108491919058735E+000  0.1306506818049393E+000
 0.6837808000000000E+000  0.1468861100000000E+001 -0.4538668741872368E+000  0.3905401840895109E+000  0.4171376508831708E+000 -0.1046853534088951E+000  0.1123352325990828E+000
 0.7004183000000000E+000  0.1468861100000000E+001 -0.4203553496065887E+000  0.3651913855583800E+000  0.3895611744108852E+000 -0.9818361002200239E-001  0.9543849121726880E-001
 0.7165572700000000E+000  0.1468861100000000E+001 -0.3888572622353301E+000  0.3409236246941232E+000  0.3630870520339587E+000 -0.9147437786884940E-001  0.8008282799492467E-001
 0.7321796300000000E+000  0.1468861100000000E+001 -0.3593797401542904E+000  0.3178112877943598E+000  0.3378291781108732E+000 -0.8468189631278207E-001  0.6633060115749395E-001
 0.7472710500000000E+000  0.1468861100000000E+001 -0.3318884825691346E+000  0.2958972654517515E+000  0.3138618971023059E+000 -0.7791942664178191E-001  0.5419260429711001E-001
 0.7618208000000000E+000  0.1468861100000000E+001 -0.3063187720630952E+000  0.2751974705927330E+000  0.2912244807552987E+000 -0.7128582993962877E-001  0.4363648362517589E-001
 0.7758216500000000E+000  0.1468861100000000E+001 -0.2825847284157658E+000  0.2557054291488321E+000  0.2699262351644492E+000 -0.6486353588774893E-001  0.3459473020290377E-001
 0.7892696500000000E+000  0.1468861100000000E+001 -0.2605870867018964E+000  0.2373969193020975E+000  0.2499520359470025E+000 -0.5871788658057300E-001  0.2697225647618210E-001
 0.8021639100000000E+000  0.1468861100000000E+001 -0.2402193650800861E+000  0.2202342862994184E+000  0.2312677253831482E+000 -0.5289758946374307E-001  0.2065341794417648E-001
 0.8145064000000000E+000  0.1468861100000000E+001 -0.2213725570923276E+000  0.2041702778907544E+000  0.2138250752534235E+000 -0.4743599056897571E-001  0.1550848933767332E-001
 0.8263016600000000E+000  0.1468861100000000E+001 -0.2039387082472124E+000  0.1891514637458650E+000  0.1975662920436547E+000 -0.4235292264338875E-001  0.1139965543615276E-001
 0.8375565600000000E+000  0.1468861100000000E+001 -0.1878133522544917E+000  0.1751210121863620E+000  0.1824277586977030E+000 -0.3765679361735661E-001  0.8186433558635796E-002
 0.8482800500000000E+000  0.1468861100000000E+001 -0.1728971066363907E+000  0.1620209070641816E+000  0.1683430724087824E+000 -0.3334672354702347E-001  0.5730528737439948E-002
 0.8584829000000000E+000  0.1468861100000000E+001 -0.1590966125389667E+000  0.1497936345485587E+000  0.1552453998546177E+000 -0.2941457144556587E-001  0.3900052683860810E-002
 0.8681774200000000E+000  0.1468861100000000E+001 -0.1463249990590605E+000  0.1383834068154297E+000  0.1430692246002170E+000 -0.2584675709580425E-001  0.2573020335969907E-002
 0.8773772700000000E+000  0.1468861100000000E+001 -0.1345018756111140E+000  0.1277368687914073E+000  0.1317514405634191E+000 -0.2262579185149974E-001  0.1640022737077923E-002
 0.8860971700000000E+000  0.1468861100000000E+001 -0.1235532292956184E+000  0.1178035990436436E+000  0.1212321386662925E+000 -0.1973158359539244E-001  0.1006034926780962E-002
 0.8943527400000000E+000  0.1468861100000000E+001 -0.1134110221199301E+000  0.1085362209254688E+000  0.1114549056353366E+000 -0.1714245016633589E-001  0.5912914316809853E-003
 0.9021602500000000E+000  0.1468861100000000E+001 -0.1040128451241713E+000  0.9989045945917724E-001  0.1023670060922227E+000 -0.1483595015866585E-001  0.3312716435712363E-003
 0.9095365000000000E+000  0.1468861100000000E+001 -0.9530140383622855E-001  0.9182496076524975E-001  0.9391926675454108E-001 -0.1278949358627287E-001  0.1758607980068376E-003
 0.9164985600000000E+000  0.1468861100000000E+001 -0.8722419566666036E-001  0.8430122678049021E-001  0.8606604526136312E-001 -0.1098084741349059E-001  0.8784811152564963E-004
 0.9230637200000000E+000  0.1468861100000000E+001 -0.7973297879527097E-001  0.7728331499863139E-001  0.7876492515895055E-001 -0.9388463424130763E-002  0.4095648461785863E-004
 0.9292492700000000E+000  0.1468861100000000E+001 -0.7278349054417517E-001  0.7073774089632387E-001  0.7197660318341696E-001 -0.7991757806232269E-002  0.1764999871222957E-004
 0.9350724600000000E+000  0.1468861100000000E+001 -0.6633500923386558E-001  0.6463321442653940E-001  0.6566458983415015E-001 -0.6771269026047762E-002  0.6950292223752157E-005
 0.9405503300000000E+000  0.1468861100000000E+001 -0.6035011346916846E-001  0.5894054666043834E-001  0.5979507801362146E-001 -0.5708785780399222E-002  0.2466644921712397E-005
 0.9456996700000000E+000  0.1468861100000000E+001 -0.5479434170856178E-001  0.5363244987484087E-001  0.5433669609899875E-001 -0.4787397231480642E-002  0.7758943596739147E-006
 0.9505369100000000E+000  0.1468861100000000E+001 -0.4963597188306921E-001  0.4868343969268736E-001  0.4926036431793399E-001 -0.3991519953811287E-002  0.2119486828144812E-006
 0.9550781000000000E+000  0.1468861100000000E+001 -0.4484574190067114E-001  0.4406966976661688E-001  0.4453908154417600E-001 -0.3306879067996271E-002  0.4902963037798543E-007
 0.9593388200000000E+000  0.1468861100000000E+001 -0.4039667993614359E-001  0.3976886100500560E-001  0.4014781047083250E-001 -0.2720479563096720E-002  0.9309209175550197E-008
 0.9633341700000000E+000  0.1468861100000000E+001 -0.3626388056777616E-001  0.3576016889153406E-001  0.3606330148573109E-001 -0.2220548781163576E-002  0.1395893815775489E-008
 0.9670787100000000E+000  0.1468861100000000E+001 -0.3242436126817723E-001  0.3202411896700055E-001  0.3226398902504971E-001 -0.1796475403363294E-002  0.1581016137654718E-009
 0.9705864600000000E+000  0.1468861100000000E+001 -0.2885688116066454E-001  0.2854249717926258E-001  0.2872984495883965E-001 -0.1438733612001897E-002  0.1306552696784364E-010
 0.9738709000000000E+000  0.1468861100000000E+001 -0.2554178283071964E-001  0.2529825434139809E-001  0.2544224978441833E-001 -0.1138805091397676E-002  0.8296297793252587E-012
 0.9769449100000001E+000  0.1468861100000000E+001 -0.2246091408130403E-001  0.2227548157745783E-001  0.2238393896977386E-001 -0.8891053060000136E-003  0.5239518353532925E-013
 0.9798208200000000E+000  0.1468861100000000E+001 -0.1959745564670626E-001  0.1945928727361752E-001  0.1953885256017097E-001 -0.6829002039735281E-003  0.3464485808413312E-014
 0.9825103800000000E+000  0.1468861100000000E+001 -0.1693584517955920E-001  0.1683576224216096E-001  0.1689207723923896E-001 -0.5142329015117575E-003  0.1730747537110453E-015
 0.9850247900000000E+000  0.1468861100000000E+001 -0.1446165463202980E-001  0.1439189375197457E-001  0.1442973956775002E-001 -0.3778489494042424E-003 -0.8541260961764727E-017
 0.9873746700000000E+000  0.1468861100000000E+001 -0.1216153885694271E-001  0.1211554474332308E-001  0.1213896785518704E-001 -0.2691293776476926E-003  0.1656656379765925E-016
 0.9895701099999999E+000  0.1468861100000000E+001 -0.1002311572618329E-001  0.9995360589032661E-002  0.1000778402499833E-001 -0.1840235980568259E-003 -0.1423226627146789E-016
 0.9916206800000000E+000  0.1468861100000000E+001 -0.8034895203845871E-002  0.8020718774778961E-002  0.8025042536033235E-002 -0.1189898752428830E-003  0.1093034867514469E-016
 0.9935354199999999E+000  0.1468861100000000E+001 -0.6186235539362469E-002  0.6181698361026662E-002  0.6180395003682310E-002 -0.7094076274913619E-004  0.8568469618863765E-018
 0.9953228800000000E+000  0.1468861100000000E+001 -0.4467257879326507E-002  0.4468993393643863E-002  0.4464212184853447E-002 -0.3719148019943110E-004  0.8493257144452177E-018
 0.9969911299999999E+000  0.1468861100000000E+001 -0.2868796246324909E-002  0.2873812290139837E-002  0.2867540197194508E-002 -0.1541404789455069E-004 -0.4653781988322468E-016
 0.9985477800000000E+000  0.1468861100000000E+001 -0.1382343165973244E-002  0.1387549517604674E-002  0.1382051530358605E-002 -0.3595454343455795E-005  0.5835069885077375E-017
 0.1000000000000000E+001  0.1468861100000000E+001 -0.2542164401121782E-019 -0.1802163611405682E-020 -0.4576604439262168E-019 -0.3244656688288958E-026 -0.5658306126751721E-022

 0.0000000000000000E+000  0.1480641200000000E+001 -0.1519072709090410E+001  0.1112588016520906E+001  0.1351334071479581E+001 -0.7384992612692676E-001  0.5918744732452128E-001
 0.5783680700000000E-002  0.1480641200000000E+001 -0.1518047343497134E+001  0.1112114212296208E+001  0.1350299145079547E+001 -0.7384771924480499E-001  0.5935845886076471E-001
 0.1192781000000000E-001  0.1480641200000000E+001 -0.1514692730780481E+001  0.1110562942794579E+001  0.1346912936770864E+001 -0.7383993165432842E-001  0.5992120899846699E-001
 0.1844960300000000E-001  0.1480641200000000E+001 -0.1508608773578121E+001  0.1107744380231206E+001  0.1340770423168991E+001 -0.7382357817096520E-001  0.6095468406253715E-001
 0.2536636600000000E-001  0.1480641200000000E+001 -0.1499455814057045E+001  0.1103490551902718E+001  0.1331526203624820E+001 -0.7379363684174142E-001  0.6254166191939450E-001
 0.3269537900000000E-001  0.1480641200000000E+001 -0.1487004950550843E+001  0.1097676152025668E+001  0.1318944725484635E+001 -0.7374286952679356E-001  0.6476535740680263E-001
 0.4045376700000000E-001  0.1480641200000000E+001 -0.1471186262126665E+001  0.1090238508689956E+001  0.1302948428245591E+001 -0.7366240346463734E-001  0.6770538479867157E-001
 0.4865834800000000E-001  0.1480641200000000E+001 -0.1452123758790809E+001  0.1081192256063871E+001  0.1283652637600487E+001 -0.7354344737565580E-001  0.7143348836331870E-001
 0.5732546900000000E-001  0.1480641200000000E+001 -0.1430146179487256E+001  0.1070634540035037E+001  0.1261376347857248E+001 -0.7338027383602488E-001  0.7600963817477663E-001
 0.6647082500000000E-001  0.1480641200000000E+001 -0.1405767461769426E+001  0.1058738559138916E+001  0.1236622734921314E+001 -0.7317413862266167E-001  0.8147906756947658E-001
 0.7610926000000000E-001  0.1480641200000000E+001 -0.1379638508977654E+001  0.1045736303182424E+001  0.1210031043545629E+001 -0.7293728093040146E-001  0.8787063542588194E-001
 0.8625455200000000E-001  0.1480641200000000E+001 -0.1352479803215694E+001  0.1031894228793626E+001  0.1182309412796744E+001 -0.7269582299416229E-001  0.9519658657162021E-001
 0.9691918300000001E-001  0.1480641200000000E+001 -0.1325009112253767E+001  0.1017487090294423E+001  0.1154162901616823E+001 -0.7249049731324941E-001  0.1034534658171570E+000
 0.1081141000000000E+000  0.1480641200000000E+001 -0.1297878261382217E+001  0.1002774765092148E+001  0.1126230699585860E+001 -0.7237470017767049E-001  0.1126237276628277E+000
 0.1198484800000000E+000  0.1480641200000000E+001 -0.1271628450565940E+001  0.9879851671402432E+000  0.1099042021350456E+001 -0.7241016958869610E-001  0.1226775221516797E+000
 0.1321294200000000E+000  0.1480641200000000E+001 -0.1246667532553710E+001  0.9733043139564497E+000  0.1072994135517272E+001 -0.7266125318243974E-001  0.1335741164927585E+000
 0.1449617600000000E+000  0.1480641200000000E+001 -0.1223266539506179E+001  0.9588725372356932E+000  0.1048349839486632E+001 -0.7318900307332481E-001  0.1452627910146951E+000
 0.1583477400000000E+000  0.1480641200000000E+001 -0.1201570594053958E+001  0.9447855308184072E+000  0.1025249594876044E+001 -0.7404616101416754E-001  0.1576827502060166E+000
 0.1722868300000000E+000  0.1480641200000000E+001 -0.1181617142572839E+001  0.9310979580721608E+000  0.1003731296821287E+001 -0.7527365964592284E-001  0.1707622604609798E+000
 0.1867754200000000E+000  0.1480641200000000E+001 -0.1163356563551881E+001  0.9178283645910412E+000  0.9837528321942020E+000 -0.7689874858690025E-001  0.1844167189493379E+000
 0.2018066600000000E+000  0.1480641200000000E+001 -0.1146670766718920E+001  0.9049639294372407E+000  0.9652130829291117E+000 -0.7893451037913167E-001  0.1985459518367695E+000
 0.2173702200000000E+000  0.1480641200000000E+001 -0.1131387934974757E+001  0.8924645891065178E+000  0.9479696037859976E+000 -0.8138031183151406E-001  0.2130305938094920E+000
 0.2334521800000000E+000  0.1480641200000000E+001 -0.1117292324019884E+001  0.8802660168941469E+000  0.9318518729863827E+000 -0.8422275881014470E-001  0.2277278573284137E+000
 0.2500348700000000E+000  0.1480641200000000E+001 -0.1104129494497900E+001  0.8682815743426600E+000  0.9166704346387025E+000 -0.8743676110424380E-001  0.2424667167778475E+000
 0.2670968500000000E+000  0.1480641200000000E+001 -0.1091607608068777E+001  0.8564032503570927E+000  0.9022223175263047E+000 -0.9098649311816728E-001  0.2570430154414481E+000
 0.2846128000000000E+000  0.1480641200000000E+001 -0.1079396272909645E+001  0.8445020970335542E+000  0.8882937943711269E+000 -0.9482608827096696E-001  0.2712148405129538E+000
 0.3025536600000000E+000  0.1480641200000000E+001 -0.1067124389126635E+001  0.8324284144013414E+000  0.8746611309312086E+000 -0.9890011896150698E-001  0.2846993096937473E+000
 0.3208866600000000E+000  0.1480641200000000E+001 -0.1054379412789181E+001  0.8200125836459378E+000  0.8610906419386233E+000 -0.1031438482380578E+000  0.2971716697843782E+000
 0.3395755000000000E+000  0.1480641200000000E+001 -0.1040710422410333E+001  0.8070671508669178E+000  0.8473388910164967E+000 -0.1074834197741216E+000  0.3082684991240024E+000
 0.3585805500000000E+000  0.1480641200000000E+001 -0.1025637908243477E+001  0.7933911114349945E+000  0.8331542457205560E+000 -0.1118361068952263E+000  0.3175966906543644E+000
 0.3778591900000000E+000  0.1480641200000000E+001 -0.1008672766075142E+001  0.7787771012352777E+000  0.8182807769738297E+000 -0.1161108172832672E+000  0.3247499048884522E+000
 0.3973661100000000E+000  0.1480641200000000E+001 -0.9893460668964207E+000  0.7630221063791872E+000  0.8024655317405972E+000 -0.1202089898537593E+000  0.3293332239142691E+000
 0.4170537000000000E+000  0.1480641200000000E+001 -0.9672486541002456E+000  0.7459414783636888E+000  0.7854695333846153E+000 -0.1240260883542155E+000  0.3309953358225667E+000
 0.4368725300000000E+000  0.1480641200000000E+001 -0.9420763688904839E+000  0.7273852194888512E+000  0.7670821759529097E+000 -0.1274538377212768E+000  0.3294651713161002E+000
 0.4567718400000000E+000  0.1480641200000000E+001 -0.9136733552512936E+000  0.7072545829886948E+000  0.7471377307321085E+000 -0.1303832800555405E+000  0.3245875209818688E+000
 0.4767000000000000E+000  0.1480641200000000E+001 -0.8820638765794273E+000  0.6855162951481357E+000  0.7255316852179140E+000 -0.1327086578245792E+000  0.3163507318712980E+000
 0.4966051100000000E+000  0.1480641200000000E+001 -0.8474636134081733E+000  0.6622113891476569E+000  0.7022338276430470E+000 -0.1343320374301705E+000  0.3048998924511984E+000
 0.5164355000000000E+000  0.1480641200000000E+001 -0.8102662287972642E+000  0.6374568174275911E+000  0.6772955695976559E+000 -0.1351683813970411E+000  0.2905316960371933E+000
 0.5361402700000000E+000  0.1480641200000000E+001 -0.7710067707222609E+000  0.6114390956014055E+000  0.6508496235952475E+000 -0.1351506961356420E+000  0.2736713308804951E+000
 0.5556698200000000E+000  0.1480641200000000E+001 -0.7303095573840879E+000  0.5844010737708235E+000  0.6231018568791800E+000 -0.1342347438412584E+000  0.2548359465923566E+000
 0.5749763200000000E+000  0.1480641200000000E+001 -0.6888312471151157E+000  0.5566242349320788E+000  0.5943167017006925E+000 -0.1324027813058929E+000  0.2345918338333157E+000
 0.5940141799999999E+000  0.1480641200000000E+001 -0.6472089629249614E+000  0.5284092931150499E+000  0.5647983971480577E+000 -0.1296658339912764E+000  0.2135125386217015E+000
 0.6127404500000000E+000  0.1480641200000000E+001 -0.6060203380417062E+000  0.5000577911295221E+000  0.5348708522447653E+000 -0.1260641478974231E+000  0.1921434946598925E+000
 0.6311151600000000E+000  0.1480641200000000E+001 -0.5657580740812119E+000  0.4718565459379592E+000  0.5048585197880129E+000 -0.1216656624870545E+000  0.1709760677743073E+000
 0.6491016200000000E+000  0.1480641200000000E+001 -0.5268181622302859E+000  0.4440658696166837E+000  0.4750699744814685E+000 -0.1165625702705249E+000  0.1504314404964099E+000
 0.6666666700000000E+000  0.1480641200000000E+001 -0.4894989984402908E+000  0.4169117636224621E+000  0.4457851709731955E+000 -0.1108662587525965E+000  0.1308531376975126E+000
 0.6837808000000000E+000  0.1480641200000000E+001 -0.4540081412967085E+000  0.3905818661613499E+000  0.4172468120700146E+000 -0.1047011486561659E+000  0.1125062915326714E+000
 0.7004183000000000E+000  0.1480641200000000E+001 -0.4204732274537936E+000  0.3652242817786378E+000  0.3896553698682700E+000 -0.9819798181197516E-001  0.9558137280075575E-001
 0.7165572700000000E+000  0.1480641200000000E+001 -0.3889549650388247E+000  0.3409488480531427E+000  0.3631675537185921E+000 -0.9148724219815128E-001  0.8020078258205487E-001
 0.7321796300000000E+000  0.1480641200000000E+001 -0.3594602353024502E+000  0.3178299518542685E+000  0.3378973588739057E+000 -0.8469323214144238E-001  0.6642680056245336E-001
 0.7472710500000000E+000  0.1480641200000000E+001 -0.3319544440848548E+000  0.2959104397287939E+000  0.3139191588435554E+000 -0.7792926724061550E-001  0.5427006468869888E-001
 0.7618208000000000E+000  0.1480641200000000E+001 -0.3063725633863659E+000  0.2752061490505833E+000  0.2912721979837178E+000 -0.7129425192246250E-001  0.4369801389260095E-001
 0.7758216500000000E+000  0.1480641200000000E+001 -0.2826284053303684E+000  0.2557105099189872E+000  0.2699657131697789E+000 -0.6487064734783345E-001  0.3464289975460834E-001
 0.7892696500000000E+000  0.1480641200000000E+001 -0.2606224134318934E+000  0.2373991937249640E+000  0.2499844821984377E+000 -0.5872381556723196E-001  0.2700937778230287E-001
 0.8021639100000000E+000  0.1480641200000000E+001 -0.2402478382426591E+000  0.2202344354049228E+000  0.2312942322855248E+000 -0.5290247370762695E-001  0.2068154010613328E-001
 0.8145064000000000E+000  0.1480641200000000E+001 -0.2213954336546901E+000  0.2041688745920661E+000  0.2138466122320762E+000 -0.4743996900872031E-001  0.1552939995689600E-001
 0.8263016600000000E+000  0.1480641200000000E+001 -0.2039570348202061E+000  0.1891489792147308E+000  0.1975837049779888E+000 -0.4235612898495938E-001  0.1141488888681384E-001
 0.8375565600000000E+000  0.1480641200000000E+001 -0.1878279938375357E+000  0.1751178250410244E+000  0.1824417747689649E+000 -0.3765935188087017E-001  0.8197284203621888E-002
 0.8482800500000000E+000  0.1480641200000000E+001 -0.1729087736203478E+000  0.1620173142072611E+000  0.1683543086535402E+000 -0.3334874538071547E-001  0.5738068024980343E-002
 0.8584829000000000E+000  0.1480641200000000E+001 -0.1591058852575601E+000  0.1497898626853194E+000  0.1552543739538007E+000 -0.2941615488742898E-001  0.3905149238676221E-002
 0.8681774200000000E+000  0.1480641200000000E+001 -0.1463323495415958E+000  0.1383796238796961E+000  0.1430763667018548E+000 -0.2584798643265086E-001  0.2576362221479677E-002
 0.8773772700000000E+000  0.1480641200000000E+001 -0.1345076864330110E+000  0.1277331947048488E+000  0.1317571051944291E+000 -0.2262673823933345E-001  0.1642141041738599E-002
 0.8860971700000000E+000  0.1480641200000000E+001 -0.1235578096490842E+000  0.1178001154260084E+000  0.1212366160948311E+000 -0.1973230615956116E-001  0.1007327834937368E-002
 0.8943527400000000E+000  0.1480641200000000E+001 -0.1134146213005508E+000  0.1085329795451412E+000  0.1114584322425098E+000 -0.1714299735100339E-001  0.5920478765708904E-003
 0.9021602500000000E+000  0.1480641200000000E+001 -0.1040156637339261E+000  0.9988748935632280E-001  0.1023697735506569E+000 -0.1483636116212264E-001  0.3316936963460609E-003
 0.9095365000000000E+000  0.1480641200000000E+001 -0.9530360299693200E-001  0.9182227409423525E-001  0.9392142993654276E-001 -0.1278979976610554E-001  0.1760840144701648E-003
 0.9164985600000000E+000  0.1480641200000000E+001 -0.8722590456321477E-001  0.8429882348311300E-001  0.8606772893638810E-001 -0.1098107359405301E-001  0.8795923758649174E-004
 0.9230637200000000E+000  0.1480641200000000E+001 -0.7973430081128276E-001  0.7728118647100475E-001  0.7876622957248954E-001 -0.9388629065495681E-002  0.4100813449179092E-004
 0.9292492700000000E+000  0.1480641200000000E+001 -0.7278450825168188E-001  0.7073587280920146E-001  0.7197760867125214E-001 -0.7991878022240441E-002  0.1767219486670352E-004
 0.9350724600000000E+000  0.1480641200000000E+001 -0.6633578843603173E-001  0.6463158886473572E-001  0.6566536060573051E-001 -0.6771355449759974E-002  0.6959010564158687E-005
 0.9405503300000000E+000  0.1480641200000000E+001 -0.6035070647904708E-001  0.5893914371580448E-001  0.5979566524806715E-001 -0.5708847287482148E-002  0.2469731913213854E-005
 0.9456996700000000E+000  0.1480641200000000E+001 -0.5479479000174043E-001  0.5363124881565771E-001  0.5433714046738956E-001 -0.4787440534825755E-002  0.7768633514331059E-006
 0.9505369100000000E+000  0.1480641200000000E+001 -0.4963630824475554E-001  0.4868241980202367E-001  0.4926069803678414E-001 -0.3991550086125010E-002  0.2122128745702250E-006
 0.9550781000000000E+000  0.1480641200000000E+001 -0.4484599216002234E-001  0.4406881092923951E-001  0.4453933004242026E-001 -0.3306899768519278E-002  0.4909063936825852E-007
 0.9593388200000000E+000  0.1480641200000000E+001 -0.4039686436730178E-001  0.3976814410008976E-001  0.4014799374240250E-001 -0.2720493584314894E-002  0.9320774794686439E-008
 0.9633341700000000E+000  0.1480641200000000E+001 -0.3626401501888284E-001  0.3575957604110046E-001  0.3606343518375978E-001 -0.2220558129444573E-002  0.1397625657272999E-008
 0.9670787100000000E+000  0.1480641200000000E+001 -0.3242445807061579E-001  0.3202363367500220E-001  0.3226408534614978E-001 -0.1796481526025732E-002  0.1582975946209372E-009
 0.9705864600000000E+000  0.1480641200000000E+001 -0.2885694985942825E-001  0.2854210439174607E-001  0.2872991335561953E-001 -0.1438737541336992E-002  0.1308169859801909E-010
 0.9738709000000000E+000  0.1480641200000000E+001 -0.2554183077017465E-001  0.2529794044948953E-001  0.2544229753851555E-001 -0.1138807554568611E-002  0.8306898918895666E-012
 0.9769449100000001E+000  0.1480641200000000E+001 -0.2246094687434194E-001  0.2227523437870027E-001  0.2238397165196232E-001 -0.8891068081703540E-003  0.5244179392925167E-013
 0.9798208200000000E+000  0.1480641200000000E+001 -0.1959747754903364E-001  0.1945909590733260E-001  0.1953887439825341E-001 -0.6829010905703033E-003  0.3493728747219387E-014
 0.9825103800000000E+000  0.1480641200000000E+001 -0.1693585938797953E-001  0.1683561710663495E-001  0.1689209141182644E-001 -0.5142334044494082E-003  0.1385682852343151E-015
 0.9850247900000000E+000  0.1480641200000000E+001 -0.1446166352127728E-001  0.1439178641206018E-001  0.1442974843794562E-001 -0.3778492210476393E-003  0.1581742808014961E-016
 0.9873746700000000E+000  0.1480641200000000E+001 -0.1216154416729832E-001  0.1211546783286095E-001  0.1213897315601400E-001 -0.2691295155080167E-003 -0.1520103032578313E-016
 0.9895701099999999E+000  0.1480641200000000E+001 -0.1002311871144945E-001  0.9995307713302815E-002  0.1000778700586816E-001 -0.1840236625339465E-003  0.1329359657065067E-016
 0.9916206800000000E+000  0.1480641200000000E+001 -0.8034896747715212E-002  0.8020684414963236E-002  0.8025044078086938E-002 -0.1189899022091558E-003 -0.1040144080531148E-016
 0.9935354199999999E+000  0.1480641200000000E+001 -0.6186236246543035E-002  0.6181677782535037E-002  0.6180395710224964E-002 -0.7094077233766302E-004 -0.4664796538545681E-018
 0.9953228800000000E+000  0.1480641200000000E+001 -0.4467258146533833E-002  0.4468982560012013E-002  0.4464212451887172E-002 -0.3719148283628435E-004 -0.5148392377743903E-018
 0.9969911299999999E+000  0.1480641200000000E+001 -0.2868796317315147E-002  0.2873807782894375E-002  0.2867540268155314E-002 -0.1541404834803272E-004  0.4069378355018763E-016
 0.9985477800000000E+000  0.1480641200000000E+001 -0.1382343173939050E-002  0.1387548462552217E-002  0.1382051538322866E-002 -0.3595454368084614E-005 -0.3005923659982459E-016
 0.1000000000000000E+001  0.1480641200000000E+001 -0.2407340427236564E-019 -0.2317288277565177E-019 -0.3483103508037876E-019 -0.2646095115694953E-026 -0.4395596239229074E-022

 0.0000000000000000E+000  0.1491595400000000E+001 -0.1519326183665830E+001  0.1112334542026524E+001  0.1351584258332080E+001 -0.7384992612692676E-001  0.5924248225083203E-001
 0.5783680700000000E-002  0.1491595400000000E+001 -0.1518300137168073E+001  0.1111861318574976E+001  0.1350548625421041E+001 -0.7384773181582503E-001  0.5941365528467695E-001
 0.1192781000000000E-001  0.1491595400000000E+001 -0.1514943301713711E+001  0.1110311947205643E+001  0.1347160109554443E+001 -0.7383998505338811E-001  0.5997693702470252E-001
 0.1844960300000000E-001  0.1491595400000000E+001 -0.1508855332788535E+001  0.1107496819563918E+001  0.1341013426242776E+001 -0.7382370438039346E-001  0.6101138900612038E-001
 0.2536636600000000E-001  0.1491595400000000E+001 -0.1499696386508407E+001  0.1103248140692319E+001  0.1331762971735243E+001 -0.7379386945930586E-001  0.6259986864956783E-001
 0.3269537900000000E-001  0.1491595400000000E+001 -0.1487237477138819E+001  0.1097440711176858E+001  0.1319173088475898E+001 -0.7374324048165957E-001  0.6482567194221529E-001
 0.4045376700000000E-001  0.1491595400000000E+001 -0.1471408739435210E+001  0.1090011867731146E+001  0.1303166246296863E+001 -0.7366293867490577E-001  0.6776849263794919E-001
 0.4865834800000000E-001  0.1491595400000000E+001 -0.1452334404007707E+001  0.1080976139560897E+001  0.1283857960895018E+001 -0.7354416183208584E-001  0.7150014947037854E-001
 0.5732546900000000E-001  0.1491595400000000E+001 -0.1430343598900634E+001  0.1070430454881987E+001  0.1261567579178639E+001 -0.7338116701424993E-001  0.7608067910355140E-001
 0.6647082500000000E-001  0.1491595400000000E+001 -0.1405950796743032E+001  0.1058547701690717E+001  0.1236798769203175E+001 -0.7317519141693282E-001  0.8155537175094459E-001
 0.7610926000000000E-001  0.1491595400000000E+001 -0.1379807535768247E+001  0.1045559502007104E+001  0.1210191360894111E+001 -0.7293845525475659E-001  0.8795313299075330E-001
 0.8625455200000000E-001  0.1491595400000000E+001 -0.1352634972333822E+001  0.1031731931028282E+001  0.1182454110837243E+001 -0.7269706469040189E-001  0.9528624513674536E-001
 0.9691918300000001E-001  0.1491595400000000E+001 -0.1325151526215907E+001  0.1017339390073913E+001  0.1154292666132917E+001 -0.7249174213851595E-001  0.1035512834153433E+000
 0.1081141000000000E+000  0.1491595400000000E+001 -0.1298009602112035E+001  0.1002641464665613E+001  0.1126346724796857E+001 -0.7237588174903817E-001  0.1127307285393173E+000
 0.1198484800000000E+000  0.1491595400000000E+001 -0.1271750875585380E+001  0.9878658572444199E+000  0.1099145899049085E+001 -0.7241122763490654E-001  0.1227947556218067E+000
 0.1321294200000000E+000  0.1491595400000000E+001 -0.1246783560977331E+001  0.9731984598851978E+000  0.1073087734234797E+001 -0.7266214051735846E-001  0.1337026584721876E+000
 0.1449617600000000E+000  0.1491595400000000E+001 -0.1223378945290008E+001  0.9587795600369894E+000  0.1048435191356453E+001 -0.7318969027633349E-001  0.1454037475816528E+000
 0.1583477400000000E+000  0.1491595400000000E+001 -0.1201682317748203E+001  0.9447048765371504E+000  0.1025328801969273E+001 -0.7404663858368750E-001  0.1578372619193800E+000
 0.1722868300000000E+000  0.1491595400000000E+001 -0.1181731225630295E+001  0.9310291518906506E+000  0.1003806461752950E+001 -0.7527393804308397E-001  0.1709315061126887E+000
 0.1867754200000000E+000  0.1491595400000000E+001 -0.1163476103362401E+001  0.9177710489666880E+000  0.9838260124960352E+000 -0.7689885693771592E-001  0.1846019167191872E+000
 0.2018066600000000E+000  0.1491595400000000E+001 -0.1146798886235333E+001  0.9049178870306623E+000  0.9652862648937023E+000 -0.7893449462961108E-001  0.1987483555856880E+000
 0.2173702200000000E+000  0.1491595400000000E+001 -0.1131527758129809E+001  0.8924297515329593E+000  0.9480446897269609E+000 -0.8138023297120353E-001  0.2132514813421569E+000
 0.2334521800000000E+000  0.1491595400000000E+001 -0.1117446946719812E+001  0.8802424602729947E+000  0.9319306752977540E+000 -0.8422269151023909E-001  0.2279685068892155E+000
 0.2500348700000000E+000  0.1491595400000000E+001 -0.1104301940111786E+001  0.8682695018893852E+000  0.9167546702900344E+000 -0.8743679285990542E-001  0.2427283670031798E+000
 0.2670968500000000E+000  0.1491595400000000E+001 -0.1091800756238965E+001  0.8564029617268444E+000  0.9023135972603288E+000 -0.9098672378029221E-001  0.2573268035551821E+000
 0.2846128000000000E+000  0.1491595400000000E+001 -0.1079612750830864E+001  0.8445139434795156E+000  0.8883936015803634E+000 -0.9482662970972318E-001  0.2715217131735810E+000
 0.3025536600000000E+000  0.1491595400000000E+001 -0.1067366416954625E+001  0.8324527390470431E+000  0.8747707862945362E+000 -0.9890109451707176E-001  0.2850299024471899E+000
 0.3208866600000000E+000  0.1491595400000000E+001 -0.1054648599360884E+001  0.8200496467389631E+000  0.8612112511728690E+000 -0.1031453915590675E+000  0.2975261537711933E+000
 0.3395755000000000E+000  0.1491595400000000E+001 -0.1041007516989762E+001  0.8071170420258291E+000  0.8474712754185353E+000 -0.1074856726283880E+000  0.3086464001347010E+000
 0.3585805500000000E+000  0.1491595400000000E+001 -0.1025962528260451E+001  0.7934536541175147E+000  0.8332988584858569E+000 -0.1118392155528049E+000  0.3179966950181701E+000
 0.3778591900000000E+000  0.1491595400000000E+001 -0.1009023139707123E+001  0.7788517591832970E+000  0.8184376129692759E+000 -0.1161149271465556E+000  0.3251696791377914E+000
 0.3973661100000000E+000  0.1491595400000000E+001 -0.9897188478346859E+000  0.7631079063600149E+000  0.8026340436667424E+000 -0.1202142381487763E+000  0.3297692872031241E+000
 0.4170537000000000E+000  0.1491595400000000E+001 -0.9676388765688865E+000  0.7460369667897185E+000  0.7856485720905537E+000 -0.1240325949509134E+000  0.3314430311431138E+000
 0.4368725300000000E+000  0.1491595400000000E+001 -0.9424776027590113E+000  0.7274884698312044E+000  0.7672699745471694E+000 -0.1274616945145427E+000  0.3299187763758987E+000
 0.4567718400000000E+000  0.1491595400000000E+001 -0.9140780870411607E+000  0.7073632645457033E+000  0.7473319487651978E+000 -0.1303925397782022E+000  0.3250405177790684E+000
 0.4767000000000000E+000  0.1491595400000000E+001 -0.8824640864500539E+000  0.6856278019349429E+000  0.7257295196875545E+000 -0.1327193235965284E+000  0.3167962178314170E+000
 0.4966051100000000E+000  0.1491595400000000E+001 -0.8478514587368930E+000  0.6623230134364252E+000  0.7024321835204290E+000 -0.1343440546463229E+000  0.3053310762161273E+000
 0.5164355000000000E+000  0.1491595400000000E+001 -0.8106347076481195E+000  0.6375659407964097E+000  0.6774912682131488E+000 -0.1351816335291934E+000  0.2909423939852354E+000
 0.5361402700000000E+000  0.1491595400000000E+001 -0.7713502423144643E+000  0.6115433662232743E+000  0.6510396181651630E+000 -0.1351650056512347E+000  0.2740563788980009E+000
 0.5556698200000000E+000  0.1491595400000000E+001 -0.7306240402492962E+000  0.5844985434756910E+000  0.6232834238729412E+000 -0.1342498787373797E+000  0.2551914663412643E+000
 0.5749763200000000E+000  0.1491595400000000E+001 -0.6891144785639031E+000  0.5567134409737485E+000  0.5944875843941628E+000 -0.1324184669015835E+000  0.2349153324307914E+000
 0.5940141799999999E+000  0.1491595400000000E+001 -0.6474602588888050E+000  0.5284892826932849E+000  0.5649568898657560E+000 -0.1296817688280323E+000  0.2138028585680214E+000
 0.6127404500000000E+000  0.1491595400000000E+001 -0.6062403232303519E+000  0.5001280972115472E+000  0.5350158259528880E+000 -0.1260800220217668E+000  0.1924006552220586E+000
 0.6311151600000000E+000  0.1491595400000000E+001 -0.5659483560933809E+000  0.4719171285531358E+000  0.5049893984896578E+000 -0.1216811761252841E+000  0.1712010462560472E+000
 0.6491016200000000E+000  0.1491595400000000E+001 -0.5269810084272337E+000  0.4441170377420365E+000  0.4751866761589733E+000 -0.1165774509515475E+000  0.1506259358834831E+000
 0.6666666700000000E+000  0.1491595400000000E+001 -0.4896370526181982E+000  0.4169540906087762E+000  0.4458880273078974E+000 -0.1108802752453568E+000  0.1310193468483676E+000
 0.6837808000000000E+000  0.1491595400000000E+001 -0.4541241971197076E+000  0.3906161081533941E+000  0.4173364793070808E+000 -0.1047141205982004E+000  0.1126467151647211E+000
 0.7004183000000000E+000  0.1491595400000000E+001 -0.4205700608479742E+000  0.3652513049120953E+000  0.3897327401121272E+000 -0.9820978450842942E-001  0.9569865775764270E-001
 0.7165572700000000E+000  0.1491595400000000E+001 -0.3890352196060515E+000  0.3409695673561440E+000  0.3632336730585360E+000 -0.9149780669539873E-001  0.8029760019816484E-001
 0.7321796300000000E+000  0.1491595400000000E+001 -0.3595263510475080E+000  0.3178452826282755E+000  0.3379533560471506E+000 -0.8470254120397530E-001  0.6650575697119357E-001
 0.7472710500000000E+000  0.1491595400000000E+001 -0.3320086193301027E+000  0.2959212609178100E+000  0.3139661862175089E+000 -0.7793734823912683E-001  0.5433363760021283E-001
 0.7618208000000000E+000  0.1491595400000000E+001 -0.3064167407738959E+000  0.2752132773892412E+000  0.2913113852131847E+000 -0.7130116782159773E-001  0.4374851030691396E-001
 0.7758216500000000E+000  0.1491595400000000E+001 -0.2826642743588245E+000  0.2557146833057187E+000  0.2699981328671027E+000 -0.6487648695959027E-001  0.3468242963432831E-001
 0.7892696500000000E+000  0.1491595400000000E+001 -0.2606514237913217E+000  0.2374010622502219E+000  0.2500111264729734E+000 -0.5872868408520459E-001  0.2703983982389746E-001
 0.8021639100000000E+000  0.1491595400000000E+001 -0.2402712195808707E+000  0.2202345584868676E+000  0.2313159986123074E+000 -0.5290648426796767E-001  0.2070461655268247E-001
 0.8145064000000000E+000  0.1491595400000000E+001 -0.2214142186121048E+000  0.2041677228005243E+000  0.2138642969803811E+000 -0.4744323573155135E-001  0.1554655821010748E-001
 0.8263016600000000E+000  0.1491595400000000E+001 -0.2039720831449029E+000  0.1891469395252117E+000  0.1975980029719558E+000 -0.4235876168585111E-001  0.1142738836189302E-001
 0.8375565600000000E+000  0.1491595400000000E+001 -0.1878400160351260E+000  0.1751152083945459E+000  0.1824532832907302E+000 -0.3766145241494736E-001  0.8206187228403184E-002
 0.8482800500000000E+000  0.1491595400000000E+001 -0.1729183531614886E+000  0.1620143644215692E+000  0.1683635344855965E+000 -0.3335040543818082E-001  0.5744253912262959E-002
 0.8584829000000000E+000  0.1491595400000000E+001 -0.1591134987631912E+000  0.1497867659217815E+000  0.1552617422534499E+000 -0.2941745497793484E-001  0.3909330805863823E-002
 0.8681774200000000E+000  0.1491595400000000E+001 -0.1463383846629502E+000  0.1383765180318668E+000  0.1430822307211786E+000 -0.2584899577075819E-001  0.2579104083211161E-002
 0.8773772700000000E+000  0.1491595400000000E+001 -0.1345124573432089E+000  0.1277301782376492E+000  0.1317617560705370E+000 -0.2262751525496097E-001  0.1643878981962884E-002
 0.8860971700000000E+000  0.1491595400000000E+001 -0.1235615702481711E+000  0.1177972553519642E+000  0.1212402921865924E+000 -0.1973289940221434E-001  0.1008388570825107E-002
 0.8943527400000000E+000  0.1491595400000000E+001 -0.1134175762958358E+000  0.1085303183651238E+000  0.1114613276519583E+000 -0.1714344659852719E-001  0.5926684750724339E-003
 0.9021602500000000E+000  0.1491595400000000E+001 -0.1040179778431890E+000  0.9988505090952877E-001  0.1023720456632141E+000 -0.1483669859976312E-001  0.3320399502117796E-003
 0.9095365000000000E+000  0.1491595400000000E+001 -0.9530540851652787E-001  0.9182006835597838E-001  0.9392320591697505E-001 -0.1279005114066954E-001  0.1762671400752190E-003
 0.9164985600000000E+000  0.1491595400000000E+001 -0.8722730756376530E-001  0.8429685040222240E-001  0.8606911122983200E-001 -0.1098125928772839E-001  0.8805040386549988E-004
 0.9230637200000000E+000  0.1491595400000000E+001 -0.7973538617686206E-001  0.7727943898069142E-001  0.7876730048640841E-001 -0.9388765055838692E-002  0.4105050693120565E-004
 0.9292492700000000E+000  0.1491595400000000E+001 -0.7278534377764176E-001  0.7073433914268976E-001  0.7197843416491724E-001 -0.7991976718189199E-002  0.1769040395589136E-004
 0.9350724600000000E+000  0.1491595400000000E+001 -0.6633642814890775E-001  0.6463025431175121E-001  0.6566599339717837E-001 -0.6771426402305347E-002  0.6966162785487388E-005
 0.9405503300000000E+000  0.1491595400000000E+001 -0.6035119332899478E-001  0.5893799193036795E-001  0.5979614735646697E-001 -0.5708897783657740E-002  0.2472264355109505E-005
 0.9456996700000000E+000  0.1491595400000000E+001 -0.5479515804073792E-001  0.5363026277608148E-001  0.5433750528420718E-001 -0.4787476085949105E-002  0.7776582675853200E-006
 0.9505369100000000E+000  0.1491595400000000E+001 -0.4963658438961074E-001  0.4868158249912306E-001  0.4926097201192698E-001 -0.3991574824039808E-002  0.2124296039071840E-006
 0.9550781000000000E+000  0.1491595400000000E+001 -0.4484619761641825E-001  0.4406810584810436E-001  0.4453953405298929E-001 -0.3306916763114853E-002  0.4914068771438985E-007
 0.9593388200000000E+000  0.1491595400000000E+001 -0.4039701578014845E-001  0.3976755554242891E-001  0.4014814420325744E-001 -0.2720505095348364E-002  0.9330262441759896E-008
 0.9633341700000000E+000  0.1491595400000000E+001 -0.3626412539930082E-001  0.3575908932915432E-001  0.3606354494592173E-001 -0.2220565804111063E-002  0.1399046311727679E-008
 0.9670787100000000E+000  0.1491595400000000E+001 -0.3242453754246083E-001  0.3202323526567994E-001  0.3226416442283019E-001 -0.1796486552545291E-002  0.1584582631285336E-009
 0.9705864600000000E+000  0.1491595400000000E+001 -0.2885700625894354E-001  0.2854178192597765E-001  0.2872996950721540E-001 -0.1438740767197328E-002  0.1309498033777589E-010
 0.9738709000000000E+000  0.1491595400000000E+001 -0.2554187012691183E-001  0.2529768275465236E-001  0.2544233674307995E-001 -0.1138809576752228E-002  0.8315056215290160E-012
 0.9769449100000001E+000  0.1491595400000000E+001 -0.2246097379633880E-001  0.2227503143686018E-001  0.2238399848295537E-001 -0.8891080414026787E-003  0.5251359074266758E-013
 0.9798208200000000E+000  0.1491595400000000E+001 -0.1959749553010547E-001  0.1945893880215603E-001  0.1953889232658232E-001 -0.6829018184366923E-003  0.3477102021019221E-014
 0.9825103800000000E+000  0.1491595400000000E+001 -0.1693587105260654E-001  0.1683549795538412E-001  0.1689210304703588E-001 -0.5142338173443405E-003  0.1710796776499554E-015
 0.9850247900000000E+000  0.1491595400000000E+001 -0.1446167081904193E-001  0.1439169828972919E-001  0.1442975572006935E-001 -0.3778494440577114E-003 -0.6434438287231886E-017
 0.9873746700000000E+000  0.1491595400000000E+001 -0.1216154852691490E-001  0.1211540469206876E-001  0.1213897750780794E-001 -0.2691296286866995E-003  0.1435494144194053E-016
 0.9895701099999999E+000  0.1491595400000000E+001 -0.1002312116224800E-001  0.9995264304193112E-002  0.1000778945305742E-001 -0.1840237154674700E-003 -0.1215944899423536E-016
 0.9916206800000000E+000  0.1491595400000000E+001 -0.8034898015177379E-002  0.8020656206770992E-002  0.8025045344058641E-002 -0.1189899243475910E-003  0.9690833662384782E-017
 0.9935354199999999E+000  0.1491595400000000E+001 -0.6186236827113236E-002  0.6181660888324580E-002  0.6180396290271321E-002 -0.7094078020967274E-004  0.1710070893501499E-018
 0.9953228800000000E+000  0.1491595400000000E+001 -0.4467258365901525E-002  0.4468973665985785E-002  0.4464212671112519E-002 -0.3719148500116719E-004  0.2646451484713928E-018
 0.9969911299999999E+000  0.1491595400000000E+001 -0.2868796375595600E-002  0.2873804082605241E-002  0.2867540326411457E-002 -0.1541404872042791E-004 -0.3523138087276586E-016
 0.9985477800000000E+000  0.1491595400000000E+001 -0.1382343180478713E-002  0.1387547596392720E-002  0.1382051544861185E-002 -0.3595454388329862E-005  0.4731275388031043E-016
 0.1000000000000000E+001  0.1491595400000000E+001 -0.1941776750542647E-019 -0.4200740165057571E-019 -0.4359400917423099E-019 -0.2320809656053297E-026 -0.2534121135413194E-022

 0.0000000000000000E+000  0.1501776100000000E+001 -0.1519532688482577E+001  0.1112128037275424E+001  0.1351788085907160E+001 -0.7384992612692676E-001  0.5928726039371215E-001
 0.5783680700000000E-002  0.1501776100000000E+001 -0.1518506087086831E+001  0.1111655287180580E+001  0.1350751877245908E+001 -0.7384774205290273E-001  0.5945856483217898E-001
 0.1192781000000000E-001  0.1501776100000000E+001 -0.1515147440234196E+001  0.1110107462868597E+001  0.1347361480909044E+001 -0.7384002853843287E-001  0.6002227911767445E-001
 0.1844960300000000E-001  0.1501776100000000E+001 -0.1509056202014267E+001  0.1107295134804091E+001  0.1341211399648206E+001 -0.7382380715827000E-001  0.6105752598251269E-001
 0.2536636600000000E-001  0.1501776100000000E+001 -0.1499892376958427E+001  0.1103050652846780E+001  0.1331955864242861E+001 -0.7379405889099673E-001  0.6264722758047746E-001
 0.3269537900000000E-001  0.1501776100000000E+001 -0.1487426910877227E+001  0.1097248904192391E+001  0.1319359131715392E+001 -0.7374354257023566E-001  0.6487474593227299E-001
 0.4045376700000000E-001  0.1501776100000000E+001 -0.1471589983978289E+001  0.1089827232466604E+001  0.1303343696702566E+001 -0.7366337452943961E-001  0.6781983947053449E-001
 0.4865834800000000E-001  0.1501776100000000E+001 -0.1452506006720547E+001  0.1080800081190212E+001  0.1284025229829145E+001 -0.7354474366396803E-001  0.7155438753237875E-001
 0.5732546900000000E-001  0.1501776100000000E+001 -0.1430504424291869E+001  0.1070264201032430E+001  0.1261723365419583E+001 -0.7338189440056316E-001  0.7613848098434128E-001
 0.6647082500000000E-001  0.1501776100000000E+001 -0.1406100145384959E+001  0.1058392226777657E+001  0.1236942172630496E+001 -0.7317604880244098E-001  0.8161745634822919E-001
 0.7610926000000000E-001  0.1501776100000000E+001 -0.1379945225586442E+001  0.1045415480621679E+001  0.1210321958241061E+001 -0.7293941162589436E-001  0.8802025724107819E-001
 0.8625455200000000E-001  0.1501776100000000E+001 -0.1352761370626242E+001  0.1031599726875181E+001  0.1182571981992502E+001 -0.7269807594235445E-001  0.9535919653304069E-001
 0.9691918300000001E-001  0.1501776100000000E+001 -0.1325267531476799E+001  0.1017219079198197E+001  0.1154398370164140E+001 -0.7249275595077775E-001  0.1036308742718196E+000
 0.1081141000000000E+000  0.1501776100000000E+001 -0.1298116584846040E+001  0.1002532885308055E+001  0.1126441234952604E+001 -0.7237684405546640E-001  0.1128177925927089E+000
 0.1198484800000000E+000  0.1501776100000000E+001 -0.1271850593715110E+001  0.9877686753724431E+000  0.1099230512407532E+001 -0.7241208934457313E-001  0.1228901471278279E+000
 0.1321294200000000E+000  0.1501776100000000E+001 -0.1246878066968181E+001  0.9731122393471702E+000  0.1073163973247085E+001 -0.7266286319472913E-001  0.1338072534816295E+000
 0.1449617600000000E+000  0.1501776100000000E+001 -0.1223470499209442E+001  0.9587038287306899E+000  0.1048504711679712E+001 -0.7319024995395507E-001  0.1455184468755192E+000
 0.1583477400000000E+000  0.1501776100000000E+001 -0.1201773315421839E+001  0.9446391828276836E+000  0.1025393316177259E+001 -0.7404702751669781E-001  0.1579629945651344E+000
 0.1722868300000000E+000  0.1501776100000000E+001 -0.1181824145192784E+001  0.9309731087189587E+000  0.1003867682829352E+001 -0.7527416474508052E-001  0.1710692325664029E+000
 0.1867754200000000E+000  0.1501776100000000E+001 -0.1163573468709878E+001  0.9177243649205611E+000  0.9838856166961397E+000 -0.7689894512382590E-001  0.1847526298194821E+000
 0.2018066600000000E+000  0.1501776100000000E+001 -0.1146903242379218E+001  0.9048803850285235E+000  0.9653458704725044E+000 -0.7893448171392378E-001  0.1989130775953094E+000
 0.2173702200000000E+000  0.1501776100000000E+001 -0.1131641651278973E+001  0.8924013759642727E+000  0.9481058465988499E+000 -0.8138016862001105E-001  0.2134312544540684E+000
 0.2334521800000000E+000  0.1501776100000000E+001 -0.1117572900763405E+001  0.8802232733897624E+000  0.9319948602356505E+000 -0.8422263653313296E-001  0.2281643741494440E+000
 0.2500348700000000E+000  0.1501776100000000E+001 -0.1104442420463508E+001  0.8682596696459949E+000  0.9168232824777717E+000 -0.8743681851183653E-001  0.2429413397504456E+000
 0.2670968500000000E+000  0.1501776100000000E+001 -0.1091958111918486E+001  0.8564027288270336E+000  0.9023879495240740E+000 -0.9098691138119118E-001  0.2575578111160373E+000
 0.2846128000000000E+000  0.1501776100000000E+001 -0.1079789125909131E+001  0.8445235968599827E+000  0.8884749032006792E+000 -0.9482707037185269E-001  0.2717715302361355E+000
 0.3025536600000000E+000  0.1501776100000000E+001 -0.1067563624525058E+001  0.8324725592164648E+000  0.8748601141976733E+000 -0.9890188869945231E-001  0.2852990507878697E+000
 0.3208866600000000E+000  0.1501776100000000E+001 -0.1054867954873358E+001  0.8200798468518919E+000  0.8613095073351708E+000 -0.1031466481235245E+000  0.2978147771994582E+000
 0.3395755000000000E+000  0.1501776100000000E+001 -0.1041249635554407E+001  0.8071576963178886E+000  0.8475791302073081E+000 -0.1074875070586437E+000  0.3089541167745058E+000
 0.3585805500000000E+000  0.1501776100000000E+001 -0.1026227102168754E+001  0.7935046199530912E+000  0.8334166823600326E+000 -0.1118417470105131E+000  0.3183224387145691E+000
 0.3778591900000000E+000  0.1501776100000000E+001 -0.1009308727864721E+001  0.7789126006666737E+000  0.8185654027949719E+000 -0.1161182740987310E+000  0.3255115519651626E+000
 0.3973661100000000E+000  0.1501776100000000E+001 -0.9900227239587173E+000  0.7631778311969205E+000  0.8027713542025814E+000 -0.1202185124144869E+000  0.3301244549155388E+000
 0.4170537000000000E+000  0.1501776100000000E+001 -0.9679569918404985E+000  0.7461147907649259E+000  0.7857944671524052E+000 -0.1240378942217372E+000  0.3318076992257983E+000
 0.4368725300000000E+000  0.1501776100000000E+001 -0.9428047119649600E+000  0.7275726227383500E+000  0.7674230139118298E+000 -0.1274680936998935E+000  0.3302882801659345E+000
 0.4567718400000000E+000  0.1501776100000000E+001 -0.9144080594392150E+000  0.7074518462236518E+000  0.7474902241313556E+000 -0.1304000818854423E+000  0.3254095423064091E+000
 0.4767000000000000E+000  0.1501776100000000E+001 -0.8827903770050222E+000  0.6857186874269174E+000  0.7258907452306708E+000 -0.1327280112092759E+000  0.3171591334441273E+000
 0.4966051100000000E+000  0.1501776100000000E+001 -0.8481676666612529E+000  0.6624139946433445E+000  0.7025938350851638E+000 -0.1343538433084631E+000  0.3056823434911308E+000
 0.5164355000000000E+000  0.1501776100000000E+001 -0.8109351185837759E+000  0.6376548824447881E+000  0.6776507534385879E+000 -0.1351924283198381E+000  0.2912769692936027E+000
 0.5361402700000000E+000  0.1501776100000000E+001 -0.7716302535908848E+000  0.6116283505893995E+000  0.6511944524294377E+000 -0.1351766619322037E+000  0.2743700507040463E+000
 0.5556698200000000E+000  0.1501776100000000E+001 -0.7308804043354387E+000  0.5845779822368578E+000  0.6234313864733727E+000 -0.1342622074794740E+000  0.2554810725526824E+000
 0.5749763200000000E+000  0.1501776100000000E+001 -0.6893453513628550E+000  0.5567861418837871E+000  0.5946268356423978E+000 -0.1324312442978256E+000  0.2351788415923955E+000
 0.5940141799999999E+000  0.1501776100000000E+001 -0.6476650849032841E+000  0.5285544695083247E+000  0.5650860397261890E+000 -0.1296947492550591E+000  0.2140393287183255E+000
 0.6127404500000000E+000  0.1501776100000000E+001 -0.6064196148588563E+000  0.5001853898666899E+000  0.5351339547940499E+000 -0.1260929529412188E+000  0.1926101041491456E+000
 0.6311151600000000E+000  0.1501776100000000E+001 -0.5661034272911344E+000  0.4719664951824012E+000  0.5050960376948894E+000 -0.1216938133026825E+000  0.1713842727635332E+000
 0.6491016200000000E+000  0.1501776100000000E+001 -0.5271137107890687E+000  0.4441587308937169E+000  0.4752817598385136E+000 -0.1165895724082378E+000  0.1507843267851629E+000
 0.6666666700000000E+000  0.1501776100000000E+001 -0.4897495441054294E+000  0.4169885782272510E+000  0.4459718267375886E+000 -0.1108916926128397E+000  0.1311546943157370E+000
 0.6837808000000000E+000  0.1501776100000000E+001 -0.4542187572328881E+000  0.3906440070364612E+000  0.4174095301866178E+000 -0.1047246869601364E+000  0.1127610584817555E+000
 0.7004183000000000E+000  0.1501776100000000E+001 -0.4206489539901893E+000  0.3652733213528315E+000  0.3897957702125516E+000 -0.9821939830689397E-001  0.9579415474283144E-001
 0.7165572700000000E+000  0.1501776100000000E+001 -0.3891006017432003E+000  0.3409864473479396E+000  0.3632875354696463E+000 -0.9150641178698644E-001  0.8037642811253831E-001
 0.7321796300000000E+000  0.1501776100000000E+001 -0.3595802117124285E+000  0.3178577722561217E+000  0.3379989710381769E+000 -0.8471012357856199E-001  0.6657003949886676E-001
 0.7472710500000000E+000  0.1501776100000000E+001 -0.3320527506883806E+000  0.2959300765283908E+000  0.3140044931547142E+000 -0.7794393022288447E-001  0.5438539341807821E-001
 0.7618208000000000E+000  0.1501776100000000E+001 -0.3064527263168539E+000  0.2752190845486139E+000  0.2913433048168616E+000 -0.7130680073275525E-001  0.4378961871848008E-001
 0.7758216500000000E+000  0.1501776100000000E+001 -0.2826934910589379E+000  0.2557180832745028E+000  0.2700245392626902E+000 -0.6488124316692202E-001  0.3471460920348023E-001
 0.7892696500000000E+000  0.1501776100000000E+001 -0.2606750530413213E+000  0.2374025846944778E+000  0.2500328281002102E+000 -0.5873264929622940E-001  0.2706463685710307E-001
 0.8021639100000000E+000  0.1501776100000000E+001 -0.2402902633579165E+000  0.2202346591623054E+000  0.2313337267346852E+000 -0.5290975065432917E-001  0.2072340093619822E-001
 0.8145064000000000E+000  0.1501776100000000E+001 -0.2214295182910151E+000  0.2041667850531340E+000  0.2138787004331000E+000 -0.4744589626099226E-001  0.1556052477457721E-001
 0.8263016600000000E+000  0.1501776100000000E+001 -0.2039843391795589E+000  0.1891452785831068E+000  0.1976096478212455E+000 -0.4236090581502678E-001  0.1143756250655418E-001
 0.8375565600000000E+000  0.1501776100000000E+001 -0.1878498072512074E+000  0.1751130775353166E+000  0.1824626561092069E+000 -0.3766316311237180E-001  0.8213433829304884E-002
 0.8482800500000000E+000  0.1501776100000000E+001 -0.1729261548665540E+000  0.1620119622379903E+000  0.1683710481004986E+000 -0.3335175738951969E-001  0.5749288806028604E-002
 0.8584829000000000E+000  0.1501776100000000E+001 -0.1591196992034897E+000  0.1497842440380849E+000  0.1552677429846265E+000 -0.2941851375964309E-001  0.3912734258953298E-002
 0.8681774200000000E+000  0.1501776100000000E+001 -0.1463432995979788E+000  0.1383739887545514E+000  0.1430870063055231E+000 -0.2584981775758222E-001  0.2581335698723747E-002
 0.8773772700000000E+000  0.1501776100000000E+001 -0.1345163426714520E+000  0.1277277217575111E+000  0.1317655436417617E+000 -0.2262814803637326E-001  0.1645293480377854E-002
 0.8860971700000000E+000  0.1501776100000000E+001 -0.1235646327679318E+000  0.1177949262422801E+000  0.1212432858840660E+000 -0.1973338251943486E-001  0.1009251885871074E-002
 0.8943527400000000E+000  0.1501776100000000E+001 -0.1134199827337081E+000  0.1085281512357223E+000  0.1114636855642400E+000 -0.1714381244799375E-001  0.5931735638668184E-003
 0.9021602500000000E+000  0.1501776100000000E+001 -0.1040198623523528E+000  0.9988306517194245E-001  0.1023738959714914E+000 -0.1483697339374346E-001  0.3323217541739772E-003
 0.9095365000000000E+000  0.1501776100000000E+001 -0.9530687884239189E-001  0.9181827213129604E-001  0.9392465218726669E-001 -0.1279025584749304E-001  0.1764161782179232E-003
 0.9164985600000000E+000  0.1501776100000000E+001 -0.8722845009119889E-001  0.8429524364651886E-001  0.8607023689433413E-001 -0.1098141050650378E-001  0.8812459958916118E-004
 0.9230637200000000E+000  0.1501776100000000E+001 -0.7973627003507168E-001  0.7727801593714934E-001  0.7876817257592640E-001 -0.9388875798403062E-002  0.4108499149641094E-004
 0.9292492700000000E+000  0.1501776100000000E+001 -0.7278602417806304E-001  0.7073309022742404E-001  0.7197910639560276E-001 -0.7992057090044675E-002  0.1770522321407318E-004
 0.9350724600000000E+000  0.1501776100000000E+001 -0.6633694908933067E-001  0.6462916754421860E-001  0.6566650870120985E-001 -0.6771484181441567E-002  0.6971983501546775E-005
 0.9405503300000000E+000  0.1501776100000000E+001 -0.6035158978652334E-001  0.5893705399833808E-001  0.5979653995278349E-001 -0.5708938904325640E-002  0.2474325328875374E-005
 0.9456996700000000E+000  0.1501776100000000E+001 -0.5479545774585711E-001  0.5362945981735958E-001  0.5433780236539979E-001 -0.4787505036297255E-002  0.7783051898143332E-006
 0.9505369100000000E+000  0.1501776100000000E+001 -0.4963680926205301E-001  0.4868090066193369E-001  0.4926119511750705E-001 -0.3991594968818718E-002  0.2126059828451423E-006
 0.9550781000000000E+000  0.1501776100000000E+001 -0.4484636492493876E-001  0.4406753168337061E-001  0.4453970018413263E-001 -0.3306930602262538E-002  0.4918141797874163E-007
 0.9593388200000000E+000  0.1501776100000000E+001 -0.4039713907937868E-001  0.3976707626622998E-001  0.4014826672725595E-001 -0.2720514469069988E-002  0.9337983717958604E-008
 0.9633341700000000E+000  0.1501776100000000E+001 -0.3626421528467666E-001  0.3575869298873575E-001  0.3606363432783648E-001 -0.2220572053773855E-002  0.1400202493181645E-008
 0.9670787100000000E+000  0.1501776100000000E+001 -0.3242460225817746E-001  0.3202291083236757E-001  0.3226422881675498E-001 -0.1796490645753967E-002  0.1585891143086843E-009
 0.9705864600000000E+000  0.1501776100000000E+001 -0.2885705218629406E-001  0.2854151933534765E-001  0.2873001523267957E-001 -0.1438743394085560E-002  0.1310577442307363E-010
 0.9738709000000000E+000  0.1501776100000000E+001 -0.2554190217593041E-001  0.2529747290848774E-001  0.2544236866818094E-001 -0.1138811223458987E-002  0.8322144458652139E-012
 0.9769449100000001E+000  0.1501776100000000E+001 -0.2246099571947135E-001  0.2227486617726811E-001  0.2238402033198170E-001 -0.8891090456491632E-003  0.5253861906382473E-013
 0.9798208200000000E+000  0.1501776100000000E+001 -0.1959751017245150E-001  0.1945881086832973E-001  0.1953890692597872E-001 -0.6829024111531140E-003  0.3495596335319891E-014
 0.9825103800000000E+000  0.1501776100000000E+001 -0.1693588055134090E-001  0.1683540092821753E-001  0.1689211252181496E-001 -0.5142341535731076E-003  0.1415297009521155E-015
 0.9850247900000000E+000  0.1501776100000000E+001 -0.1446167676175245E-001  0.1439162653003308E-001  0.1442976165004316E-001 -0.3778496256594310E-003  0.1357608699945556E-016
 0.9873746700000000E+000  0.1501776100000000E+001 -0.1216155207703365E-001  0.1211535327532784E-001  0.1213898105155653E-001 -0.2691297208503970E-003 -0.1264656676102798E-016
 0.9895701099999999E+000  0.1501776100000000E+001 -0.1002312315797935E-001  0.9995228955340812E-002  0.1000779144584974E-001 -0.1840237585722705E-003  0.1091553805518769E-016
 0.9916206800000000E+000  0.1501776100000000E+001 -0.8034899047295535E-002  0.8020633236314290E-002  0.8025046374962982E-002 -0.1189899423754878E-003 -0.8825610642068277E-017
 0.9935354199999999E+000  0.1501776100000000E+001 -0.6186237299882331E-002  0.6181647131056023E-002  0.6180396762613966E-002 -0.7094078662008302E-004  0.3929698939284316E-019
 0.9953228800000000E+000  0.1501776100000000E+001 -0.4467258544536725E-002  0.4468966423415064E-002  0.4464212849631646E-002 -0.3719148676418867E-004 -0.8630852959279699E-019
 0.9969911299999999E+000  0.1501776100000000E+001 -0.2868796423054448E-002  0.2873801069391459E-002  0.2867540373850639E-002 -0.1541404902370349E-004  0.3011909831421839E-016
 0.9985477800000000E+000  0.1501776100000000E+001 -0.1382343185804069E-002  0.1387546891063943E-002  0.1382051550185515E-002 -0.3595454404789097E-005 -0.5749623272655625E-016
 0.1000000000000000E+001  0.1501776100000000E+001 -0.2435406716969211E-019 -0.6666380854711916E-019 -0.2956441596248437E-019 -0.1852701110184904E-026 -0.7817856416423352E-023

 0.0000000000000000E+000  0.1511233200000000E+001 -0.1519699314776191E+001  0.1111961411034537E+001  0.1351952552786735E+001 -0.7384992612692676E-001  0.5932335307732975E-001
 0.5783680700000000E-002  0.1511233200000000E+001 -0.1518672265530064E+001  0.1111489043018516E+001  0.1350915879455792E+001 -0.7384775031014421E-001  0.5949476343566517E-001
 0.1192781000000000E-001  0.1511233200000000E+001 -0.1515312156726649E+001  0.1109942467438275E+001  0.1347523965454889E+001 -0.7384006361358590E-001  0.6005882637850261E-001
 0.1844960300000000E-001  0.1511233200000000E+001 -0.1509218279923564E+001  0.1107132399078458E+001  0.1341371141838462E+001 -0.7382389005941464E-001  0.6109471396745436E-001
 0.2536636600000000E-001  0.1511233200000000E+001 -0.1500050517334388E+001  0.1102891304655440E+001  0.1332111505868119E+001 -0.7379421168819134E-001  0.6268540053688806E-001
 0.3269537900000000E-001  0.1511233200000000E+001 -0.1487579759557183E+001  0.1097094141217139E+001  0.1319509245667911E+001 -0.7374378623883134E-001  0.6491430133785789E-001
 0.4045376700000000E-001  0.1511233200000000E+001 -0.1471736223528885E+001  0.1089678257892042E+001  0.1303486875948734E+001 -0.7366372609796627E-001  0.6786122694365328E-001
 0.4865834800000000E-001  0.1511233200000000E+001 -0.1452644464907343E+001  0.1080658028949943E+001  0.1284160192431473E+001 -0.7354521298465130E-001  0.7159810555044464E-001
 0.5732546900000000E-001  0.1511233200000000E+001 -0.1430634184874729E+001  0.1070130061662059E+001  0.1261849061454154E+001 -0.7338248113495716E-001  0.7618507172866754E-001
 0.6647082500000000E-001  0.1511233200000000E+001 -0.1406220644069728E+001  0.1058266786357169E+001  0.1237057875914327E+001 -0.7317674040584829E-001  0.8166749934670596E-001
 0.7610926000000000E-001  0.1511233200000000E+001 -0.1380056315596076E+001  0.1045299283182342E+001  0.1210427327434548E+001 -0.7294018308360387E-001  0.8807436270993924E-001
 0.8625455200000000E-001  0.1511233200000000E+001 -0.1352863348505175E+001  0.1031493065508641E+001  0.1182667081788581E+001 -0.7269889167827771E-001  0.9541799935491437E-001
 0.9691918300000001E-001  0.1511233200000000E+001 -0.1325361122391592E+001  0.1017122014841203E+001  0.1154483651905157E+001 -0.7249357375984432E-001  0.1036950293844298E+000
 0.1081141000000000E+000  0.1511233200000000E+001 -0.1298202894802768E+001  0.1002445287011989E+001  0.1126517484152458E+001 -0.7237762032267765E-001  0.1128879722633343E+000
 0.1198484800000000E+000  0.1511233200000000E+001 -0.1271931041289871E+001  0.9876902732128985E+000  0.1099298775827209E+001 -0.7241278446679555E-001  0.1229670402419551E+000
 0.1321294200000000E+000  0.1511233200000000E+001 -0.1246954308370347E+001  0.9730426810526999E+000  0.1073225479442699E+001 -0.7266344616326309E-001  0.1338915665918416E+000
 0.1449617600000000E+000  0.1511233200000000E+001 -0.1223544358149254E+001  0.9586427330848362E+000  0.1048560796637251E+001 -0.7319070143067713E-001  0.1456109065913904E+000
 0.1583477400000000E+000  0.1511233200000000E+001 -0.1201846725173690E+001  0.9445861851958764E+000  0.1025445361767874E+001 -0.7404734124978152E-001  0.1580643504477751E+000
 0.1722868300000000E+000  0.1511233200000000E+001 -0.1181899105513305E+001  0.9309278966394214E+000  0.1003917071233216E+001 -0.7527434759812912E-001  0.1711802596610267E+000
 0.1867754200000000E+000  0.1511233200000000E+001 -0.1163652016404285E+001  0.9176867031753707E+000  0.9839337004582136E+000 -0.7689901622331115E-001  0.1848741294921729E+000
 0.2018066600000000E+000  0.1511233200000000E+001 -0.1146987431479712E+001  0.9048501307221837E+000  0.9653939553628613E+000 -0.7893447123708085E-001  0.1990458751861204E+000
 0.2173702200000000E+000  0.1511233200000000E+001 -0.1131733537045309E+001  0.8923784842921867E+000  0.9481551832945802E+000 -0.8138011662780210E-001  0.2135761916613681E+000
 0.2334521800000000E+000  0.1511233200000000E+001 -0.1117674520782067E+001  0.8802077947379124E+000  0.9320466404726171E+000 -0.8422259207589385E-001  0.2283222936836604E+000
 0.2500348700000000E+000  0.1511233200000000E+001 -0.1104555765544271E+001  0.8682517381798003E+000  0.9168786354862388E+000 -0.8743683906664539E-001  0.2431130591050417E+000
 0.2670968500000000E+000  0.1511233200000000E+001 -0.1092085079412779E+001  0.8564025423718961E+000  0.9024479349744799E+000 -0.9098706254565790E-001  0.2577440820080831E+000
 0.2846128000000000E+000  0.1511233200000000E+001 -0.1079931448269593E+001  0.8445313874471136E+000  0.8885404973488285E+000 -0.9482742564508034E-001  0.2719729800093121E+000
 0.3025536600000000E+000  0.1511233200000000E+001 -0.1067722767559874E+001  0.8324885538183153E+000  0.8749321866405427E+000 -0.9890252912375815E-001  0.2855161030753599E+000
 0.3208866600000000E+000  0.1511233200000000E+001 -0.1055044983108518E+001  0.8201042182016586E+000  0.8613887866220933E+000 -0.1031476615243191E+000  0.2980475509083925E+000
 0.3395755000000000E+000  0.1511233200000000E+001 -0.1041445048389519E+001  0.8071905051171659E+000  0.8476661580752681E+000 -0.1074889866092000E+000  0.3092023066949163E+000
 0.3585805500000000E+000  0.1511233200000000E+001 -0.1026440653923188E+001  0.7935457518926011E+000  0.8335117585422857E+000 -0.1118437888583096E+000  0.3185851872563115E+000
 0.3778591900000000E+000  0.1511233200000000E+001 -0.1009539257316099E+001  0.7789617046776133E+000  0.8186685254501306E+000 -0.1161209738387623E+000  0.3257873297727547E+000
 0.3973661100000000E+000  0.1511233200000000E+001 -0.9902680312685896E+000  0.7632342683767442E+000  0.8028821644916427E+000 -0.1202219602863232E+000  0.3304109761084481E+000
 0.4170537000000000E+000  0.1511233200000000E+001 -0.9682138079578682E+000  0.7461776055961994E+000  0.7859122096963572E+000 -0.1240421690737908E+000  0.3321019017470042E+000
 0.4368725300000000E+000  0.1511233200000000E+001 -0.9430688002577862E+000  0.7276405478011481E+000  0.7675465261248746E+000 -0.1274732560038315E+000  0.3305863983606210E+000
 0.4567718400000000E+000  0.1511233200000000E+001 -0.9146744668296428E+000  0.7075233474176981E+000  0.7476179652147146E+000 -0.1304061663736029E+000  0.3257072844524409E+000
 0.4767000000000000E+000  0.1511233200000000E+001 -0.8830538149701881E+000  0.6857920489236736E+000  0.7260208693184709E+000 -0.1327350199937649E+000  0.3174519530059824E+000
 0.4966051100000000E+000  0.1511233200000000E+001 -0.8484229629834832E+000  0.6624874333620281E+000  0.7027243037312166E+000 -0.1343617405381103E+000  0.3059657664895304E+000
 0.5164355000000000E+000  0.1511233200000000E+001 -0.8111776559179851E+000  0.6377266741116560E+000  0.6777794731208046E+000 -0.1352011374134056E+000  0.2915469222420737E+000
 0.5361402700000000E+000  0.1511233200000000E+001 -0.7718563134106196E+000  0.6116969467025439E+000  0.6513194167508526E+000 -0.1351860661808468E+000  0.2746231325096058E+000
 0.5556698200000000E+000  0.1511233200000000E+001 -0.7310873637282722E+000  0.5846421004404221E+000  0.6235508023617349E+000 -0.1342721543464446E+000  0.2557147301704675E+000
 0.5749763200000000E+000  0.1511233200000000E+001 -0.6895317218980828E+000  0.5568448198071290E+000  0.5947392179263408E+000 -0.1324415531792774E+000  0.2353914355297964E+000
 0.5940141799999999E+000  0.1511233200000000E+001 -0.6478304195472733E+000  0.5286070808094360E+000  0.5651902665228968E+000 -0.1297052219432352E+000  0.2142300996069159E+000
 0.6127404500000000E+000  0.1511233200000000E+001 -0.6065643293243612E+000  0.5002316281547786E+000  0.5352292841881048E+000 -0.1261033856525589E+000  0.1927790677142886E+000
 0.6311151600000000E+000  0.1511233200000000E+001 -0.5662285845814087E+000  0.4720063352029558E+000  0.5051820919891313E+000 -0.1217040089607823E+000  0.1715320752546255E+000
 0.6491016200000000E+000  0.1511233200000000E+001 -0.5272208078087677E+000  0.4441923769663302E+000  0.4753584864770654E+000 -0.1165993519028361E+000  0.1509120889480872E+000
 0.6666666700000000E+000  0.1511233200000000E+001 -0.4898403247560864E+000  0.4170164084795645E+000  0.4460394453021279E+000 -0.1109009039612016E+000  0.1312638638057746E+000
 0.6837808000000000E+000  0.1511233200000000E+001 -0.4542950631183722E+000  0.3906665196593480E+000  0.4174684736209275E+000 -0.1047332116331347E+000  0.1128532820576084E+000
 0.7004183000000000E+000  0.1511233200000000E+001 -0.4207126141083216E+000  0.3652910866751141E+000  0.3898466263863643E+000 -0.9822715437863434E-001  0.9587117447044026E-001
 0.7165572700000000E+000  0.1511233200000000E+001 -0.3891533571799670E+000  0.3410000676454969E+000  0.3633309932841973E+000 -0.9151335397754064E-001  0.8044000141168922E-001
 0.7321796300000000E+000  0.1511233200000000E+001 -0.3596236688917649E+000  0.3178678497928533E+000  0.3380357735003334E+000 -0.8471624060400250E-001  0.6662188025883982E-001
 0.7472710500000000E+000  0.1511233200000000E+001 -0.3320883564733316E+000  0.2959371894954066E+000  0.3140353985793382E+000 -0.7794924011584699E-001  0.5442713054939886E-001
 0.7618208000000000E+000  0.1511233200000000E+001 -0.3064817589496959E+000  0.2752237700979936E+000  0.2913690563805237E+000 -0.7131134491515710E-001  0.4382276847881440E-001
 0.7758216500000000E+000  0.1511233200000000E+001 -0.2827170619584909E+000  0.2557208266200540E+000  0.2700458424648650E+000 -0.6488508004140189E-001  0.3474055801150035E-001
 0.7892696500000000E+000  0.1511233200000000E+001 -0.2606941156788927E+000  0.2374038132434290E+000  0.2500503353737537E+000 -0.5873584802353325E-001  0.2708463204754109E-001
 0.8021639100000000E+000  0.1511233200000000E+001 -0.2403056263396658E+000  0.2202347406583479E+000  0.2313480281887954E+000 -0.5291238560667606E-001  0.2073854744231710E-001
 0.8145064000000000E+000  0.1511233200000000E+001 -0.2214418605687944E+000  0.2041660287968614E+000  0.2138903196287421E+000 -0.4744804244934242E-001  0.1557178626280695E-001
 0.8263016600000000E+000  0.1511233200000000E+001 -0.2039942259544876E+000  0.1891439389025272E+000  0.1976190415075747E+000 -0.4236263541454830E-001  0.1144576594047860E-001
 0.8375565600000000E+000  0.1511233200000000E+001 -0.1878577055572963E+000  0.1751113587677016E+000  0.1824702168755942E+000 -0.3766454306119878E-001  0.8219276676387076E-002
 0.8482800500000000E+000  0.1511233200000000E+001 -0.1729324481950957E+000  0.1620100245962620E+000  0.1683771090218124E+000 -0.3335284794145882E-001  0.5753348316205447E-002
 0.8584829000000000E+000  0.1511233200000000E+001 -0.1591247007896982E+000  0.1497822098393622E+000  0.1552725834667185E+000 -0.2941936781808903E-001  0.3915478339870466E-002
 0.8681774200000000E+000  0.1511233200000000E+001 -0.1463472641861133E+000  0.1383719485947922E+000  0.1430908584830277E+000 -0.2585048080141803E-001  0.2583134946387822E-002
 0.8773772700000000E+000  0.1511233200000000E+001 -0.1345194767055136E+000  0.1277257403232549E+000  0.1317685988192998E+000 -0.2262865845635988E-001  0.1646433911395948E-002
 0.8860971700000000E+000  0.1511233200000000E+001 -0.1235671030762381E+000  0.1177930475539355E+000  0.1212457006771854E+000 -0.1973377221313651E-001  0.1009947921288293E-002
 0.8943527400000000E+000  0.1511233200000000E+001 -0.1134219238147494E+000  0.1085264032094195E+000  0.1114655875028414E+000 -0.1714410754888804E-001  0.5935807806593087E-003
 0.9021602500000000E+000  0.1511233200000000E+001 -0.1040213824253874E+000  0.9988146346396495E-001  0.1023753884571849E+000 -0.1483719504635168E-001  0.3325489505263494E-003
 0.9095365000000000E+000  0.1511233200000000E+001 -0.9530806482238698E-001  0.9181682329068774E-001  0.9392581876356798E-001 -0.1279042096600271E-001  0.1765363350196863E-003
 0.9164985600000000E+000  0.1511233200000000E+001 -0.8722937166113641E-001  0.8429394763637146E-001  0.8607114486239999E-001 -0.1098153248049160E-001  0.8818441688745597E-004
 0.9230637200000000E+000  0.1511233200000000E+001 -0.7973698295777699E-001  0.7727686811266067E-001  0.7876887600590070E-001 -0.9388965123682039E-002  0.4111279310655541E-004
 0.9292492700000000E+000  0.1511233200000000E+001 -0.7278657298912342E-001  0.7073208285708545E-001  0.7197964861691514E-001 -0.7992121917997934E-002  0.1771717049834185E-004
 0.9350724600000000E+000  0.1511233200000000E+001 -0.6633736927863529E-001  0.6462829096360284E-001  0.6566692434419348E-001 -0.6771530785963690E-002  0.6976676138212231E-005
 0.9405503300000000E+000  0.1511233200000000E+001 -0.6035190956737124E-001  0.5893629746909165E-001  0.5979685661918385E-001 -0.5708972072077828E-002  0.2475986869414545E-005
 0.9456996700000000E+000  0.1511233200000000E+001 -0.5479569948609900E-001  0.5362881215771452E-001  0.5433804198919318E-001 -0.4787528387469718E-002  0.7788267310395452E-006
 0.9505369100000000E+000  0.1511233200000000E+001 -0.4963699064238124E-001  0.4868035069868724E-001  0.4926137507269503E-001 -0.3991611217441647E-002  0.2127481768312293E-006
 0.9550781000000000E+000  0.1511233200000000E+001 -0.4484649987444088E-001  0.4406706856826249E-001  0.4453983418397143E-001 -0.3306941764793380E-002  0.4921425394681896E-007
 0.9593388200000000E+000  0.1511233200000000E+001 -0.4039723853125533E-001  0.3976668968760855E-001  0.4014836555383782E-001 -0.2720522029817673E-002  0.9344208372659596E-008
 0.9633341700000000E+000  0.1511233200000000E+001 -0.3626428778519972E-001  0.3575837330544186E-001  0.3606370642227306E-001 -0.2220577094681309E-002  0.1401134550684536E-008
 0.9670787100000000E+000  0.1511233200000000E+001 -0.3242465445708710E-001  0.3202264914865882E-001  0.3226428075611109E-001 -0.1796493947286268E-002  0.1586945128058276E-009
 0.9705864600000000E+000  0.1511233200000000E+001 -0.2885708923070520E-001  0.2854130753328245E-001  0.2873005211425169E-001 -0.1438745512899777E-002  0.1311448975448540E-010
 0.9738709000000000E+000  0.1511233200000000E+001 -0.2554192802623927E-001  0.2529730364948916E-001  0.2544239441853954E-001 -0.1138812551670527E-002  0.8327487172548550E-012
 0.9769449100000001E+000  0.1511233200000000E+001 -0.2246101340236620E-001  0.2227473288123687E-001  0.2238403795510344E-001 -0.8891098556606255E-003  0.5259088604620724E-013
 0.9798208200000000E+000  0.1511233200000000E+001 -0.1959752198275933E-001  0.1945870767876480E-001  0.1953891870164402E-001 -0.6829028892300316E-003  0.3486293899472958E-014
 0.9825103800000000E+000  0.1511233200000000E+001 -0.1693588821288190E-001  0.1683532266753693E-001  0.1689212016403398E-001 -0.5142344247706397E-003  0.1683175376231783E-015
 0.9850247900000000E+000  0.1511233200000000E+001 -0.1446168155505484E-001  0.1439156864973483E-001  0.1442976643307234E-001 -0.3778497721368924E-003 -0.4057215422222041E-017
 0.9873746700000000E+000  0.1511233200000000E+001 -0.1216155494050618E-001  0.1211531180336009E-001  0.1213898390989102E-001 -0.2691297951883978E-003  0.1150530930201205E-016
 0.9895701099999999E+000  0.1511233200000000E+001 -0.1002312476770597E-001  0.9995200443494607E-002  0.1000779305320572E-001 -0.1840237933400152E-003 -0.9546541859369765E-017
 0.9916206800000000E+000  0.1511233200000000E+001 -0.8034899879786258E-002  0.8020614708695445E-002  0.8025047206474747E-002 -0.1189899569165750E-003  0.7834915842151885E-017
 0.9935354199999999E+000  0.1511233200000000E+001 -0.6186237681210652E-002  0.6181636034654577E-002  0.6180397143598207E-002 -0.7094079179077565E-004 -0.1751630717368198E-018
 0.9953228800000000E+000  0.1511233200000000E+001 -0.4467258688621107E-002  0.4468960581668409E-002  0.4464212993622545E-002 -0.3719148818631267E-004 -0.3191597502899524E-019
 0.9969911299999999E+000  0.1511233200000000E+001 -0.2868796461334016E-002  0.2873798638979208E-002  0.2867540412114229E-002 -0.1541404926841584E-004 -0.2533054088363136E-016
 0.9985477800000000E+000  0.1511233200000000E+001 -0.1382343190099434E-002  0.1387546322157512E-002  0.1382051554479993E-002 -0.3595454418086762E-005  0.6121739402779945E-016
 0.1000000000000000E+001  0.1511233200000000E+001 -0.3409740712407227E-019 -0.8179094373525088E-019 -0.3282001093044437E-019 -0.1165691415121146E-026  0.5358487977766613E-023

 0.0000000000000000E+000  0.1520014100000000E+001 -0.1519832219891155E+001  0.1111828505961507E+001  0.1352083736026651E+001 -0.7384992612692676E-001  0.5935211700872112E-001
 0.5783680700000000E-002  0.1520014100000000E+001 -0.1518804813358534E+001  0.1111356442785795E+001  0.1351046691997653E+001 -0.7384775689443823E-001  0.5952361178163885E-001
 0.1192781000000000E-001  0.1520014100000000E+001 -0.1515443538240846E+001  0.1109810863498927E+001  0.1347653567257132E+001 -0.7384009158241896E-001  0.6008795259282618E-001
 0.1844960300000000E-001  0.1520014100000000E+001 -0.1509347556438529E+001  0.1107002598019711E+001  0.1341498555893977E+001 -0.7382395616471747E-001  0.6112435081821849E-001
 0.2536636600000000E-001  0.1520014100000000E+001 -0.1500176652597680E+001  0.1102764206275604E+001  0.1332235648671305E+001 -0.7379433352896352E-001  0.6271582237953652E-001
 0.3269537900000000E-001  0.1520014100000000E+001 -0.1487701673292306E+001  0.1096970701009691E+001  0.1319628978775791E+001 -0.7374398054153225E-001  0.6494582495284149E-001
 0.4045376700000000E-001  0.1520014100000000E+001 -0.1471852864790449E+001  0.1089559435691910E+001  0.1303601076968101E+001 -0.7366400644231438E-001  0.6789421066946878E-001
 0.4865834800000000E-001  0.1520014100000000E+001 -0.1452754898616017E+001  0.1080544729283517E+001  0.1284267838804310E+001 -0.7354558722837611E-001  0.7163294667040698E-001
 0.5732546900000000E-001  0.1520014100000000E+001 -0.1430737680199186E+001  0.1070023074589851E+001  0.1261949315746637E+001 -0.7338294900989703E-001  0.7622220236526885E-001
 0.6647082500000000E-001  0.1520014100000000E+001 -0.1406316750957706E+001  0.1058166738770101E+001  0.1237150158978375E+001 -0.7317729191030140E-001  0.8170738139877468E-001
 0.7610926000000000E-001  0.1520014100000000E+001 -0.1380144917062324E+001  0.1045206608828033E+001  0.1210511367130894E+001 -0.7294079827149158E-001  0.8811748255102371E-001
 0.8625455200000000E-001  0.1520014100000000E+001 -0.1352944681193478E+001  0.1031407997922285E+001  0.1182742929866317E+001 -0.7269954218066497E-001  0.9546486303997256E-001
 0.9691918300000001E-001  0.1520014100000000E+001 -0.1325435764828861E+001  0.1017044602356438E+001  0.1154551668517757E+001 -0.7249422592046501E-001  0.1037461589821582E+000
 0.1081141000000000E+000  0.1520014100000000E+001 -0.1298271729269720E+001  0.1002375424907640E+001  0.1126578295979829E+001 -0.7237823935978191E-001  0.1129439036929959E+000
 0.1198484800000000E+000  0.1520014100000000E+001 -0.1271995199359393E+001  0.9876277459363114E+000  0.1099353217895926E+001 -0.7241333879694425E-001  0.1230283227173155E+000
 0.1321294200000000E+000  0.1520014100000000E+001 -0.1247015111138167E+001  0.9729872074023247E+000  0.1073274531747821E+001 -0.7266391105604483E-001  0.1339587634700758E+000
 0.1449617600000000E+000  0.1520014100000000E+001 -0.1223603260306855E+001  0.9585940088123059E+000  0.1048605524828863E+001 -0.7319106146213991E-001  0.1456845972931130E+000
 0.1583477400000000E+000  0.1520014100000000E+001 -0.1201905268817912E+001  0.9445439193218536E+000  0.1025486868069400E+001 -0.7404759143166303E-001  0.1581451327818252E+000
 0.1722868300000000E+000  0.1520014100000000E+001 -0.1181958885812361E+001  0.9308918398419319E+000  0.1003956458100633E+001 -0.7527449340121573E-001  0.1712687518633691E+000
 0.1867754200000000E+000  0.1520014100000000E+001 -0.1163714658156716E+001  0.9176566677872156E+000  0.9839720467100654E+000 -0.7689907289758385E-001  0.1849709709155817E+000
 0.2018066600000000E+000  0.1520014100000000E+001 -0.1147054573345949E+001  0.9048260027597811E+000  0.9654323025248355E+000 -0.7893446284510156E-001  0.1991517244539882E+000
 0.2173702200000000E+000  0.1520014100000000E+001 -0.1131806818832281E+001  0.8923602280611207E+000  0.9481945289810627E+000 -0.8138007511407332E-001  0.2136917206220264E+000
 0.2334521800000000E+000  0.1520014100000000E+001 -0.1117755568415501E+001  0.8801954505268268E+000  0.9320879353335733E+000 -0.8422255655376125E-001  0.2284481751998866E+000
 0.2500348700000000E+000  0.1520014100000000E+001 -0.1104646167900135E+001  0.8682454131679016E+000  0.9169227803798178E+000 -0.8743685536986857E-001  0.2432499461611063E+000
 0.2670968500000000E+000  0.1520014100000000E+001 -0.1092186351116440E+001  0.8564023945907286E+000  0.9024957753538713E+000 -0.9098718298462460E-001  0.2578925753785011E+000
 0.2846128000000000E+000  0.1520014100000000E+001 -0.1080044972721887E+001  0.8445376022939615E+000  0.8885928122202927E+000 -0.9482770883271034E-001  0.2721335815233388E+000
 0.3025536600000000E+000  0.1520014100000000E+001 -0.1067849715747584E+001  0.8325013127374781E+000  0.8749896700240958E+000 -0.9890303969053059E-001  0.2856891523092943E+000
 0.3208866600000000E+000  0.1520014100000000E+001 -0.1055186206113743E+001  0.8201236594441794E+000  0.8614520201100735E+000 -0.1031484695129697E+000  0.2982331445428481E+000
 0.3395755000000000E+000  0.1520014100000000E+001 -0.1041600946517226E+001  0.8072166776138405E+000  0.8477355742991451E+000 -0.1074901663310767E+000  0.3094002031584346E+000
 0.3585805500000000E+000  0.1520014100000000E+001 -0.1026611032884795E+001  0.7935785649686686E+000  0.8335875970985149E+000 -0.1118454170012351E+000  0.3187947042300244E+000
 0.3778591900000000E+000  0.1520014100000000E+001 -0.1009723191907778E+001  0.7790008787291639E+000  0.8187507853107372E+000 -0.1161231266550171E+000  0.3260072487249575E+000
 0.3973661100000000E+000  0.1520014100000000E+001 -0.9904637668277446E+000  0.7632792940502524E+000  0.8029705597082015E+000 -0.1202247097621632E+000  0.3306394744316679E+000
 0.4170537000000000E+000  0.1520014100000000E+001 -0.9684187356622921E+000  0.7462277207559408E+000  0.7860061377716125E+000 -0.1240455781148330E+000  0.3323365368731585E+000
 0.4368725300000000E+000  0.1520014100000000E+001 -0.9432795380921944E+000  0.7276947412414816E+000  0.7676450594407846E+000 -0.1274773728617528E+000  0.3308241655623292E+000
 0.4567718400000000E+000  0.1520014100000000E+001 -0.9148870600902668E+000  0.7075803949377806E+000  0.7477198741439998E+000 -0.1304110187710979E+000  0.3259447585373541E+000
 0.4767000000000000E+000  0.1520014100000000E+001 -0.8832640406515376E+000  0.6858505811516733E+000  0.7261246806176703E+000 -0.1327406096330631E+000  0.3176855049588641E+000
 0.4966051100000000E+000  0.1520014100000000E+001 -0.8486266907920783E+000  0.6625460271778491E+000  0.7028283903744963E+000 -0.1343680388362360E+000  0.3061918250084714E+000
 0.5164355000000000E+000  0.1520014100000000E+001 -0.8113711987821551E+000  0.6377839533299510E+000  0.6778821641258518E+000 -0.1352080832932908E+000  0.2917622357518497E+000
 0.5361402700000000E+000  0.1520014100000000E+001 -0.7720367023401191E+000  0.6117516754875858E+000  0.6514191107515338E+000 -0.1351935665514348E+000  0.2748249863858463E+000
 0.5556698200000000E+000  0.1520014100000000E+001 -0.7312525050118679E+000  0.5846932554694597E+000  0.6236460683831263E+000 -0.1342800875335179E+000  0.2559010870238740E+000
 0.5749763200000000E+000  0.1520014100000000E+001 -0.6896804280404383E+000  0.5568916332390342E+000  0.5948288708808301E+000 -0.1324497751182234E+000  0.2355609874471181E+000
 0.5940141799999999E+000  0.1520014100000000E+001 -0.6479623347487149E+000  0.5286490530591635E+000  0.5652734113912620E+000 -0.1297135745278073E+000  0.2143822413402081E+000
 0.6127404500000000E+000  0.1520014100000000E+001 -0.6066797866205993E+000  0.5002685150168612E+000  0.5353053292810556E+000 -0.1261117063315706E+000  0.1929138126870187E+000
 0.6311151600000000E+000  0.1520014100000000E+001 -0.5663284336378540E+000  0.4720381168273843E+000  0.5052507363185909E+000 -0.1217121405372301E+000  0.1716499400239416E+000
 0.6491016200000000E+000  0.1520014100000000E+001 -0.5273062444357373E+000  0.4442192166703525E+000  0.4754196885142984E+000 -0.1166071515151847E+000  0.1510139685651064E+000
 0.6666666700000000E+000  0.1520014100000000E+001 -0.4899127416415510E+000  0.4170386082185829E+000  0.4460933806346185E+000 -0.1109082503905322E+000  0.1313509139639495E+000
 0.6837808000000000E+000  0.1520014100000000E+001 -0.4543559306448799E+000  0.3906844771252619E+000  0.4175154880197815E+000 -0.1047400103479911E+000  0.1129268170749146E+000
 0.7004183000000000E+000  0.1520014100000000E+001 -0.4207633923314720E+000  0.3653052570508298E+000  0.3898871891605247E+000 -0.9823334004577483E-001  0.9593258446827388E-001
 0.7165572700000000E+000  0.1520014100000000E+001 -0.3891954357685695E+000  0.3410109315401041E+000  0.3633656542721092E+000 -0.9151889049439733E-001  0.8049068854394852E-001
 0.7321796300000000E+000  0.1520014100000000E+001 -0.3596583298683129E+000  0.3178758877508432E+000  0.3380651256318519E+000 -0.8472111898348561E-001  0.6666321176630569E-001
 0.7472710500000000E+000  0.1520014100000000E+001 -0.3321167543936274E+000  0.2959428628107153E+000  0.3140600469294998E+000 -0.7795347475268637E-001  0.5446040573184227E-001
 0.7618208000000000E+000  0.1520014100000000E+001 -0.3065049137172810E+000  0.2752275072893774E+000  0.2913895938900697E+000 -0.7131496885732640E-001  0.4384919665705805E-001
 0.7758216500000000E+000  0.1520014100000000E+001 -0.2827358602954953E+000  0.2557230147464167E+000  0.2700628319709749E+000 -0.6488813987808432E-001  0.3476124485395176E-001
 0.7892696500000000E+000  0.1520014100000000E+001 -0.2607093182372991E+000  0.2374047932315810E+000  0.2500642973443923E+000 -0.5873839892178225E-001  0.2710057222733997E-001
 0.8021639100000000E+000  0.1520014100000000E+001 -0.2403178781615457E+000  0.2202348058293017E+000  0.2313594333483969E+000 -0.5291448688755453E-001  0.2075062201768255E-001
 0.8145064000000000E+000  0.1520014100000000E+001 -0.2214517032384772E+000  0.2041654258454230E+000  0.2138995855970691E+000 -0.4744975394106825E-001  0.1558076360352713E-001
 0.8263016600000000E+000  0.1520014100000000E+001 -0.2040021102982899E+000  0.1891428706702432E+000  0.1976265325967284E+000 -0.4236401468169157E-001  0.1145230538481714E-001
 0.8375565600000000E+000  0.1520014100000000E+001 -0.1878640040839828E+000  0.1751099882200213E+000  0.1824762462112095E+000 -0.3766564348997693E-001  0.8223934291365618E-002
 0.8482800500000000E+000  0.1520014100000000E+001 -0.1729374667680573E+000  0.1620084795041202E+000  0.1683819422527915E+000 -0.3335371758587332E-001  0.5756584306416811E-002
 0.8584829000000000E+000  0.1520014100000000E+001 -0.1591286892297064E+000  0.1497805877487321E+000  0.1552764434310820E+000 -0.2942004886908693E-001  0.3917665726335490E-002
 0.8681774200000000E+000  0.1520014100000000E+001 -0.1463504256587206E+000  0.1383703217525596E+000  0.1430939303133014E+000 -0.2585100952813105E-001  0.2584569164112678E-002
 0.8773772700000000E+000  0.1520014100000000E+001 -0.1345219758514019E+000  0.1277241603131298E+000  0.1317710350817176E+000 -0.2262906547465704E-001  0.1647342964241419E-002
 0.8860971700000000E+000  0.1520014100000000E+001 -0.1235690729393860E+000  0.1177915494786058E+000  0.1212476262707855E+000 -0.1973408296029649E-001  0.1010502735805709E-002
 0.8943527400000000E+000  0.1520014100000000E+001 -0.1134234716543743E+000  0.1085250093289762E+000  0.1114671041293847E+000 -0.1714434286522785E-001  0.5939053734574495E-003
 0.9021602500000000E+000  0.1520014100000000E+001 -0.1040225945422423E+000  0.9988018626197402E-001  0.1023765785754459E+000 -0.1483737179350323E-001  0.3327300476686226E-003
 0.9095365000000000E+000  0.1520014100000000E+001 -0.9530901052686422E-001  0.9181566798841051E-001  0.9392674899533206E-001 -0.1279055263198409E-001  0.1766321108510085E-003
 0.9164985600000000E+000  0.1520014100000000E+001 -0.8723010652127798E-001  0.8429291420343336E-001  0.8607186887632599E-001 -0.1098162974255786E-001  0.8823209641577630E-004
 0.9230637200000000E+000  0.1520014100000000E+001 -0.7973755144064588E-001  0.7727595284445458E-001  0.7876943691924450E-001 -0.9389036351441652E-002  0.4113495326807349E-004
 0.9292492700000000E+000  0.1520014100000000E+001 -0.7278701060849166E-001  0.7073127958780884E-001  0.7198008098162489E-001 -0.7992173611507261E-002  0.1772669341941518E-004
 0.9350724600000000E+000  0.1520014100000000E+001 -0.6633770433478482E-001  0.6462759198629658E-001  0.6566725577512371E-001 -0.6771567948104202E-002  0.6980416521448072E-005
 0.9405503300000000E+000  0.1520014100000000E+001 -0.6035216455794271E-001  0.5893569422059068E-001  0.5979710912631366E-001 -0.5708998519770849E-002  0.2477311236854698E-005
 0.9456996700000000E+000  0.1520014100000000E+001 -0.5479589224739222E-001  0.5362829572139900E-001  0.5433823306284716E-001 -0.4787547007468810E-002  0.7792424356100648E-006
 0.9505369100000000E+000  0.1520014100000000E+001 -0.4963713527304667E-001  0.4867991216486591E-001  0.4926151856696732E-001 -0.3991624173915947E-002  0.2128615150766055E-006
 0.9550781000000000E+000  0.1520014100000000E+001 -0.4484660748153663E-001  0.4406669928643289E-001  0.4453994103381619E-001 -0.3306950665661218E-002  0.4924042639126203E-007
 0.9593388200000000E+000  0.1520014100000000E+001 -0.4039731783288578E-001  0.3976638143522131E-001  0.4014844435686585E-001 -0.2720528058659826E-002  0.9349169882972219E-008
 0.9633341700000000E+000  0.1520014100000000E+001 -0.3626434559611693E-001  0.3575811839463950E-001  0.3606376390938225E-001 -0.2220581114231459E-002  0.1401877481018245E-008
 0.9670787100000000E+000  0.1520014100000000E+001 -0.3242469607974436E-001  0.3202244048601002E-001  0.3226432217180394E-001 -0.1796496579880334E-002  0.1587786029330209E-009
 0.9705864600000000E+000  0.1520014100000000E+001 -0.2885711876936421E-001  0.2854113864559259E-001  0.2873008152306523E-001 -0.1438747202410290E-002  0.1312142444536985E-010
 0.9738709000000000E+000  0.1520014100000000E+001 -0.2554194863887719E-001  0.2529716868503853E-001  0.2544241495147862E-001 -0.1138813610765877E-002  0.8332052023744033E-012
 0.9769449100000001E+000  0.1520014100000000E+001 -0.2246102750242760E-001  0.2227462659312529E-001  0.2238405200750275E-001 -0.8891105015510593E-003  0.5260322659312766E-013
 0.9798208200000000E+000  0.1520014100000000E+001 -0.1959753140010904E-001  0.1945862539708960E-001  0.1953892809137032E-001 -0.6829032704411245E-003  0.3496476877051754E-014
 0.9825103800000000E+000  0.1520014100000000E+001 -0.1693589432206977E-001  0.1683526026375987E-001  0.1689212625781482E-001 -0.5142346410194152E-003  0.1450064647796690E-015
 0.9850247900000000E+000  0.1520014100000000E+001 -0.1446168537715507E-001  0.1439152249694584E-001  0.1442977024698087E-001 -0.3778498889358643E-003  0.1112216895111799E-016
 0.9873746700000000E+000  0.1520014100000000E+001 -0.1216155722379143E-001  0.1211527873430716E-001  0.1213898618907926E-001 -0.2691298544644052E-003 -0.9553028645064908E-017
 0.9895701099999999E+000  0.1520014100000000E+001 -0.1002312605127488E-001  0.9995177708629160E-002  0.1000779433488438E-001 -0.1840238210632612E-003  0.8135657326883846E-017
 0.9916206800000000E+000  0.1520014100000000E+001 -0.8034900543600317E-002  0.8020599935085439E-002  0.8025047869508124E-002 -0.1189899685115299E-003 -0.6747333098314559E-017
 0.9935354199999999E+000  0.1520014100000000E+001 -0.6186237985275385E-002  0.6181627186573361E-002  0.6180397447388669E-002 -0.7094079591387660E-004  0.2479197743379898E-018
 0.9953228800000000E+000  0.1520014100000000E+001 -0.4467258803511565E-002  0.4468955923558715E-002  0.4464213108438339E-002 -0.3719148932039809E-004  0.1009709039137681E-018
 0.9969911299999999E+000  0.1520014100000000E+001 -0.2868796491857490E-002  0.2873796701009313E-002  0.2867540442625062E-002 -0.1541404946356729E-004  0.2084327369036661E-016
 0.9985477800000000E+000  0.1520014100000000E+001 -0.1382343193524475E-002  0.1387545868521941E-002  0.1382051557904379E-002 -0.3595454428668514E-005 -0.5948826007505856E-016
 0.1000000000000000E+001  0.1520014100000000E+001 -0.3490756644028951E-019 -0.9142628066060369E-019 -0.3131137957303419E-019 -0.7024558683459950E-027  0.1946325906858475E-022

 0.0000000000000000E+000  0.1528163500000000E+001 -0.1519936726977707E+001  0.1111723998907896E+001  0.1352186889480916E+001 -0.7384992612692676E-001  0.5937471969097655E-001
 0.5783680700000000E-002  0.1528163500000000E+001 -0.1518909039456660E+001  0.1111252175489854E+001  0.1351149553920054E+001 -0.7384776207068598E-001  0.5954628079815940E-001
 0.1192781000000000E-001  0.1528163500000000E+001 -0.1515546847090975E+001  0.1109707379788415E+001  0.1347755477006659E+001 -0.7384011357015946E-001  0.6011083996260927E-001
 0.1844960300000000E-001  0.1528163500000000E+001 -0.1509449209816874E+001  0.1106900532268745E+001  0.1341598745119879E+001 -0.7382400813359460E-001  0.6114763945438655E-001
 0.2536636600000000E-001  0.1528163500000000E+001 -0.1500275835557935E+001  0.1102664266154985E+001  0.1332333265279129E+001 -0.7379442931470340E-001  0.6273972787592720E-001
 0.3269537900000000E-001  0.1528163500000000E+001 -0.1487797536280000E+001  0.1096873637972049E+001  0.1319723127483222E+001 -0.7374413329414684E-001  0.6497059624287436E-001
 0.4045376700000000E-001  0.1528163500000000E+001 -0.1471944581336782E+001  0.1089466004573933E+001  0.1303690875137029E+001 -0.7366422683827514E-001  0.6792012934580602E-001
 0.4865834800000000E-001  0.1528163500000000E+001 -0.1452841733393371E+001  0.1080455641386130E+001  0.1284352482334518E+001 -0.7354588144603955E-001  0.7166032493274888E-001
 0.5732546900000000E-001  0.1528163500000000E+001 -0.1430819058523916E+001  0.1069938951151198E+001  0.1262028146146644E+001 -0.7338331683951649E-001  0.7625137979584863E-001
 0.6647082500000000E-001  0.1528163500000000E+001 -0.1406392318967259E+001  0.1058088072666759E+001  0.1237222720892959E+001 -0.7317772548990037E-001  0.8173872098622398E-001
 0.7610926000000000E-001  0.1528163500000000E+001 -0.1380214582822539E+001  0.1045133741012955E+001  0.1210577446644873E+001 -0.7294128192079460E-001  0.8815136652725375E-001
 0.8625455200000000E-001  0.1528163500000000E+001 -0.1353008630854509E+001  0.1031341111880179E+001  0.1182802567764080E+001 -0.7270005359698159E-001  0.9550168911724433E-001
 0.9691918300000001E-001  0.1528163500000000E+001 -0.1325494453375739E+001  0.1016983735924516E+001  0.1154605148093045E+001 -0.7249473864359103E-001  0.1037863374755656E+000
 0.1081141000000000E+000  0.1528163500000000E+001 -0.1298325850529691E+001  0.1002320495570218E+001  0.1126626110093274E+001 -0.7237872604395774E-001  0.1129878558262142E+000
 0.1198484800000000E+000  0.1528163500000000E+001 -0.1272045643172054E+001  0.9875785840395788E+000  0.1099396023218211E+001 -0.7241377461030570E-001  0.1230764801923988E+000
 0.1321294200000000E+000  0.1528163500000000E+001 -0.1247062916358386E+001  0.9729435916914868E+000  0.1073313098920245E+001 -0.7266427655415170E-001  0.1340115691426278E+000
 0.1449617600000000E+000  0.1528163500000000E+001 -0.1223649570835305E+001  0.9585556999353857E+000  0.1048640691824754E+001 -0.7319134451707153E-001  0.1457425066906508E+000
 0.1583477400000000E+000  0.1528163500000000E+001 -0.1201951297293537E+001  0.9445106883874465E+000  0.1025519501604695E+001 -0.7404778811997519E-001  0.1582086159418052E+000
 0.1722868300000000E+000  0.1528163500000000E+001 -0.1182005886632765E+001  0.9308634907418618E+000  0.1003987425065441E+001 -0.7527460802238439E-001  0.1713382949481849E+000
 0.1867754200000000E+000  0.1528163500000000E+001 -0.1163763909068218E+001  0.9176330529211506E+000  0.9840021954078970E+000 -0.7689911743952142E-001  0.1850470767687519E+000
 0.2018066600000000E+000  0.1528163500000000E+001 -0.1147107363070420E+001  0.9048070324949875E+000  0.9654624519446868E+000 -0.7893445622420001E-001  0.1992349111644963E+000
 0.2173702200000000E+000  0.1528163500000000E+001 -0.1131864437097471E+001  0.8923458743567205E+000  0.9482254636032712E+000 -0.8138004244354922E-001  0.2137825167883561E+000
 0.2334521800000000E+000  0.1528163500000000E+001 -0.1117819294168285E+001  0.8801857451249717E+000  0.9321204027392613E+000 -0.8422252858308955E-001  0.2285471103473104E+000
 0.2500348700000000E+000  0.1528163500000000E+001 -0.1104717251116548E+001  0.8682404404498889E+000  0.9169574890373642E+000 -0.8743686813238026E-001  0.2433575343304114E+000
 0.2670968500000000E+000  0.1528163500000000E+001 -0.1092265983570573E+001  0.8564022789716499E+000  0.9025333902135594E+000 -0.9098727760609554E-001  0.2580092897154609E+000
 0.2846128000000000E+000  0.1528163500000000E+001 -0.1080134243191143E+001  0.8445424897587267E+000  0.8886339460372880E+000 -0.9482793139484602E-001  0.2722598175310827E+000
 0.3025536600000000E+000  0.1528163500000000E+001 -0.1067949546149474E+001  0.8325113462138075E+000  0.8750348687809746E+000 -0.9890344100738230E-001  0.2858251780511882E+000
 0.3208866600000000E+000  0.1528163500000000E+001 -0.1055297266920425E+001  0.8201389479389366E+000  0.8615017414313153E+000 -0.1031491046555838E+000  0.2983790371870396E+000
 0.3395755000000000E+000  0.1528163500000000E+001 -0.1041723553730572E+001  0.8072372599231085E+000  0.8477901587052475E+000 -0.1074910937289184E+000  0.3095557739171039E+000
 0.3585805500000000E+000  0.1528163500000000E+001 -0.1026745034774182E+001  0.7936043701048370E+000  0.8336472333166992E+000 -0.1118466969550637E+000  0.3189594176460978E+000
 0.3778591900000000E+000  0.1528163500000000E+001 -0.1009867861593304E+001  0.7790316870918530E+000  0.8188154728077214E+000 -0.1161248191263115E+000  0.3261801474545541E+000
 0.3973661100000000E+000  0.1528163500000000E+001 -0.9906177245575020E+000  0.7633147052765679E+000  0.8030400738032274E+000 -0.1202268713613902E+000  0.3308191257213758E+000
 0.4170537000000000E+000  0.1528163500000000E+001 -0.9685799292041786E+000  0.7462671355618026E+000  0.7860800047109516E+000 -0.1240482583153505E+000  0.3325210199379151E+000
 0.4368725300000000E+000  0.1528163500000000E+001 -0.9434453063392798E+000  0.7277373643116868E+000  0.7677225496174602E+000 -0.1274806096164726E+000  0.3310111169804401E+000
 0.4567718400000000E+000  0.1528163500000000E+001 -0.9150542908436539E+000  0.7076252632953389E+000  0.7478000202619184E+000 -0.1304148338912320E+000  0.3261314837259796E+000
 0.4767000000000000E+000  0.1528163500000000E+001 -0.8834294102750992E+000  0.6858966175300857E+000  0.7262063236390354E+000 -0.1327450044680749E+000  0.3178691487028006E+000
 0.4966051100000000E+000  0.1528163500000000E+001 -0.8487869485168260E+000  0.6625921119805097E+000  0.7029102502283928E+000 -0.1343729909184817E+000  0.3063695773747666E+000
 0.5164355000000000E+000  0.1528163500000000E+001 -0.8115234427579749E+000  0.6378290038844047E+000  0.6779629261605564E+000 -0.1352135445998401E+000  0.2919315383952047E+000
 0.5361402700000000E+000  0.1528163500000000E+001 -0.7721785960904530E+000  0.6117947195758050E+000  0.6514975151333905E+000 -0.1351994638813230E+000  0.2749837035765119E+000
 0.5556698200000000E+000  0.1528163500000000E+001 -0.7313824011854814E+000  0.5847334881210654E+000  0.6237209894107267E+000 -0.1342863252063032E+000  0.2560476160681436E+000
 0.5749763200000000E+000  0.1528163500000000E+001 -0.6897973926972897E+000  0.5569284505344915E+000  0.5948993763870913E+000 -0.1324562398451337E+000  0.2356942997616333E+000
 0.5940141799999999E+000  0.1528163500000000E+001 -0.6480660885915389E+000  0.5286820621608419E+000  0.5653387974858147E+000 -0.1297201419785267E+000  0.2145018612775994E+000
 0.6127404500000000E+000  0.1528163500000000E+001 -0.6067705924323203E+000  0.5002975240109174E+000  0.5353651307519766E+000 -0.1261182486821331E+000  0.1930197513522504E+000
 0.6311151600000000E+000  0.1528163500000000E+001 -0.5664069606510199E+000  0.4720631102884121E+000  0.5053047166603482E+000 -0.1217185341765575E+000  0.1717426042829661E+000
 0.6491016200000000E+000  0.1528163500000000E+001 -0.5273734341004011E+000  0.4442403232358846E+000  0.4754678153157311E+000 -0.1166132841078565E+000  0.1510940629195314E+000
 0.6666666700000000E+000  0.1528163500000000E+001 -0.4899696901350819E+000  0.4170560655441710E+000  0.4461357922421022E+000 -0.1109140266224859E+000  0.1314193477981995E+000
 0.6837808000000000E+000  0.1528163500000000E+001 -0.4544037950912391E+000  0.3906985981287902E+000  0.4175524566004315E+000 -0.1047453558928125E+000  0.1129846243888923E+000
 0.7004183000000000E+000  0.1528163500000000E+001 -0.4208033215644184E+000  0.3653163998270780E+000  0.3899190840010280E+000 -0.9823820353805843E-001  0.9598085873359742E-001
 0.7165572700000000E+000  0.1528163500000000E+001 -0.3892285231086109E+000  0.3410194741425235E+000  0.3633929079470666E+000 -0.9152324355425780E-001  0.8053053256022288E-001
 0.7321796300000000E+000  0.1528163500000000E+001 -0.3596855838429644E+000  0.3178822081477629E+000  0.3380882045596048E+000 -0.8472495455237120E-001  0.6669570076014691E-001
 0.7472710500000000E+000  0.1528163500000000E+001 -0.3321390831767765E+000  0.2959473238023265E+000  0.3140794270380512E+000 -0.7795680415673123E-001  0.5448656140620568E-001
 0.7618208000000000E+000  0.1528163500000000E+001 -0.3065231195044359E+000  0.2752304458779561E+000  0.2914057415286944E+000 -0.7131781808861780E-001  0.4386996988437188E-001
 0.7758216500000000E+000  0.1528163500000000E+001 -0.2827506404836069E+000  0.2557247353128245E+000  0.2700761897856079E+000 -0.6489054557466636E-001  0.3477750494585383E-001
 0.7892696500000000E+000  0.1528163500000000E+001 -0.2607212710362615E+000  0.2374055638666299E+000  0.2500752746386576E+000 -0.5874040446481998E-001  0.2711310118018699E-001
 0.8021639100000000E+000  0.1528163500000000E+001 -0.2403275108352319E+000  0.2202348571795760E+000  0.2313684002907870E+000 -0.5291613892289214E-001  0.2076011246914901E-001
 0.8145064000000000E+000  0.1528163500000000E+001 -0.2214594416725844E+000  0.2041649518873873E+000  0.2139068705832701E+000 -0.4745109951189615E-001  0.1558781957451195E-001
 0.8263016600000000E+000  0.1528163500000000E+001 -0.2040083089956327E+000  0.1891420308936763E+000  0.1976324220945206E+000 -0.4236509905013797E-001  0.1145744516529121E-001
 0.8375565600000000E+000  0.1528163500000000E+001 -0.1878689559533850E+000  0.1751089107575605E+000  0.1824809864320863E+000 -0.3766650863188237E-001  0.8227594977334912E-002
 0.8482800500000000E+000  0.1528163500000000E+001 -0.1729414123071381E+000  0.1620072648140297E+000  0.1683857420718611E+000 -0.3335440128380841E-001  0.5759127630659889E-002
 0.8584829000000000E+000  0.1528163500000000E+001 -0.1591318248652535E+000  0.1497793125235508E+000  0.1552794780580483E+000 -0.2942058429521725E-001  0.3919384885646135E-002
 0.8681774200000000E+000  0.1528163500000000E+001 -0.1463529111302982E+000  0.1383690427929668E+000  0.1430963453084378E+000 -0.2585142519822540E-001  0.2585696367143303E-002
 0.8773772700000000E+000  0.1528163500000000E+001 -0.1345239406057258E+000  0.1277229181734999E+000  0.1317729503979330E+000 -0.2262938545940663E-001  0.1648057416150359E-002
 0.8860971700000000E+000  0.1528163500000000E+001 -0.1235706215788513E+000  0.1177903717555529E+000  0.1212491401065045E+000 -0.1973432725865610E-001  0.1010938778293046E-002
 0.8943527400000000E+000  0.1528163500000000E+001 -0.1134246885075054E+000  0.1085239135222055E+000  0.1114682964436791E+000 -0.1714452786181064E-001  0.5941604774613500E-003
 0.9021602500000000E+000  0.1528163500000000E+001 -0.1040235474588697E+000  0.9987918218501600E-001  0.1023775141975210E+000 -0.1483751074475889E-001  0.3328723747846456E-003
 0.9095365000000000E+000  0.1528163500000000E+001 -0.9530975399834130E-001  0.9181475974538926E-001  0.9392748030275098E-001 -0.1279065614196764E-001  0.1767073822289147E-003
 0.9164985600000000E+000  0.1528163500000000E+001 -0.8723068423438465E-001  0.8429210176988121E-001  0.8607243806258974E-001 -0.1098170620548513E-001  0.8826956816530204E-004
 0.9230637200000000E+000  0.1528163500000000E+001 -0.7973799835443587E-001  0.7727523330745743E-001  0.7876987788221178E-001 -0.9389092347264589E-002  0.4115236905922804E-004
 0.9292492700000000E+000  0.1528163500000000E+001 -0.7278735464292617E-001  0.7073064809966415E-001  0.7198042088509472E-001 -0.7992214250357805E-002  0.1773417750783146E-004
 0.9350724600000000E+000  0.1528163500000000E+001 -0.6633796773863325E-001  0.6462704248781109E-001  0.6566751632900336E-001 -0.6771597163063805E-002  0.6983356088892419E-005
 0.9405503300000000E+000  0.1528163500000000E+001 -0.6035236501802773E-001  0.5893521997955185E-001  0.5979730763404378E-001 -0.5709019311549308E-002  0.2478352054201887E-005
 0.9456996700000000E+000  0.1528163500000000E+001 -0.5479604378589430E-001  0.5362788972780000E-001  0.5433838327461624E-001 -0.4787561645506954E-002  0.7795691359245938E-006
 0.9505369100000000E+000  0.1528163500000000E+001 -0.4963724897371208E-001  0.4867956741420944E-001  0.4926163137426174E-001 -0.3991634359583976E-002  0.2129505867583612E-006
 0.9550781000000000E+000  0.1528163500000000E+001 -0.4484669207622111E-001  0.4406640897803403E-001  0.4454002503319152E-001 -0.3306957663026817E-002  0.4926099504928084E-007
 0.9593388200000000E+000  0.1528163500000000E+001 -0.4039738017533973E-001  0.3976613910486906E-001  0.4014850630734638E-001 -0.2720532798194577E-002  0.9353069026025019E-008
 0.9633341700000000E+000  0.1528163500000000E+001 -0.3626439104375397E-001  0.3575791799849967E-001  0.3606380910245974E-001 -0.2220584274171788E-002  0.1402461323051236E-008
 0.9670787100000000E+000  0.1528163500000000E+001 -0.3242472880107635E-001  0.3202227644757537E-001  0.3226435473043241E-001 -0.1796498649473618E-002  0.1588446177320163E-009
 0.9705864600000000E+000  0.1528163500000000E+001 -0.2885714199094155E-001  0.2854100587596960E-001  0.2873010464256557E-001 -0.1438748530605034E-002  0.1312688495639868E-010
 0.9738709000000000E+000  0.1528163500000000E+001 -0.2554196484332830E-001  0.2529706258391744E-001  0.2544243109327519E-001 -0.1138814443364580E-002  0.8335392178680201E-012
 0.9769449100000001E+000  0.1528163500000000E+001 -0.2246103858706778E-001  0.2227454303567953E-001  0.2238406305467375E-001 -0.8891110093122846E-003  0.5263840001942871E-013
 0.9798208200000000E+000  0.1528163500000000E+001 -0.1959753880347416E-001  0.1945856071210226E-001  0.1953893547301956E-001 -0.6829035701270545E-003  0.3492168369587058E-014
 0.9825103800000000E+000  0.1528163500000000E+001 -0.1693589912475197E-001  0.1683521120561015E-001  0.1689213104838494E-001 -0.5142348110216756E-003  0.1649185406907982E-015
 0.9850247900000000E+000  0.1528163500000000E+001 -0.1446168838186364E-001  0.1439148621436389E-001  0.1442977324524963E-001 -0.3778499807564617E-003 -0.1543349655534232E-017
 0.9873746700000000E+000  0.1528163500000000E+001 -0.1216155901877460E-001  0.1211525273738411E-001  0.1213898798084163E-001 -0.2691299010638012E-003  0.8226330388372008E-017
 0.9895701099999999E+000  0.1528163500000000E+001 -0.1002312706034032E-001  0.9995159835831238E-002  0.1000779534246377E-001 -0.1840238428576897E-003 -0.6663327906574361E-017
 0.9916206800000000E+000  0.1528163500000000E+001 -0.8034901065451358E-002  0.8020588320954801E-002  0.8025048390745500E-002 -0.1189899776268498E-003  0.5592284447449420E-017
 0.9935354199999999E+000  0.1528163500000000E+001 -0.6186238224312968E-002  0.6181620230739842E-002  0.6180397686210556E-002 -0.7094079915534708E-004 -0.2690998830857521E-018
 0.9953228800000000E+000  0.1528163500000000E+001 -0.4467258893831579E-002  0.4468952261631744E-002  0.4464213198699758E-002 -0.3719149021203504E-004 -0.1309813224973871E-018
 0.9969911299999999E+000  0.1528163500000000E+001 -0.2868796515853222E-002  0.2873795177491999E-002  0.2867540466610771E-002 -0.1541404961706701E-004 -0.1663762618637565E-016
 0.9985477800000000E+000  0.1528163500000000E+001 -0.1382343196217052E-002  0.1387545511901463E-002  0.1382051560596397E-002 -0.3595454437003070E-005  0.5349387634773977E-016
 0.1000000000000000E+001  0.1528163500000000E+001 -0.5323878010742802E-019 -0.1132317988416206E-018 -0.2946043110974102E-019 -0.2811328787329228E-027  0.2874912078828225E-022

 0.0000000000000000E+000  0.1535724000000000E+001 -0.1520017428183286E+001  0.1111643297727776E+001  0.1352266545597904E+001 -0.7384992612692676E-001  0.5939216450615455E-001
 0.5783680700000000E-002  0.1535724000000000E+001 -0.1518989523654298E+001  0.1111171659484457E+001  0.1351228984888867E+001 -0.7384776606712060E-001  0.5956377681111188E-001
 0.1192781000000000E-001  0.1535724000000000E+001 -0.1515626622896950E+001  0.1109627468977268E+001  0.1347834172619394E+001 -0.7384013054628524E-001  0.6012850450392400E-001
 0.1844960300000000E-001  0.1535724000000000E+001 -0.1509527707103211E+001  0.1106821716599864E+001  0.1341676111988388E+001 -0.7382404825738355E-001  0.6116561369939270E-001
 0.2536636600000000E-001  0.1535724000000000E+001 -0.1500352424949465E+001  0.1102587092177968E+001  0.1332408645347181E+001 -0.7379450326848448E-001  0.6275817822385910E-001
 0.3269537900000000E-001  0.1535724000000000E+001 -0.1487871561682400E+001  0.1096798686037403E+001  0.1319795829351182E+001 -0.7374425123096902E-001  0.6498971482577971E-001
 0.4045376700000000E-001  0.1535724000000000E+001 -0.1472015404495800E+001  0.1089393857627434E+001  0.1303760217183576E+001 -0.7366439700160228E-001  0.6794013350400968E-001
 0.4865834800000000E-001  0.1535724000000000E+001 -0.1452908786454229E+001  0.1080386848727726E+001  0.1284417843606788E+001 -0.7354610860660703E-001  0.7168145563171477E-001
 0.5732546900000000E-001  0.1535724000000000E+001 -0.1430881897705250E+001  0.1069873992500504E+001  0.1262089018156291E+001 -0.7338360083602756E-001  0.7627389913852443E-001
 0.6647082500000000E-001  0.1535724000000000E+001 -0.1406450671029510E+001  0.1058027328587416E+001  0.1237278752038454E+001 -0.7317806025286810E-001  0.8176290914560050E-001
 0.7610926000000000E-001  0.1535724000000000E+001 -0.1380268376806389E+001  0.1045077474722142E+001  0.1210628471784843E+001 -0.7294165534413206E-001  0.8817751853499783E-001
 0.8625455200000000E-001  0.1535724000000000E+001 -0.1353058010549029E+001  0.1031289464975458E+001  0.1182848618448356E+001 -0.7270044846115234E-001  0.9553011196165524E-001
 0.9691918300000001E-001  0.1535724000000000E+001 -0.1325539770167864E+001  0.1016936737522318E+001  0.1154646443140443E+001 -0.7249513451863236E-001  0.1038173478834320E+000
 0.1081141000000000E+000  0.1535724000000000E+001 -0.1298367640237363E+001  0.1002278081848604E+001  0.1126663030145507E+001 -0.7237910181573984E-001  0.1130217789585384E+000
 0.1198484800000000E+000  0.1535724000000000E+001 -0.1272084592967544E+001  0.9875406238949779E+000  0.1099429075401046E+001 -0.7241411110533043E-001  0.1231136493164319E+000
 0.1321294200000000E+000  0.1535724000000000E+001 -0.1247099828477534E+001  0.9729099141860599E+000  0.1073342878355067E+001 -0.7266455875834503E-001  0.1340523261578464E+000
 0.1449617600000000E+000  0.1535724000000000E+001 -0.1223685328628531E+001  0.9585261201716880E+000  0.1048667845614639E+001 -0.7319156306538145E-001  0.1457872033064191E+000
 0.1583477400000000E+000  0.1535724000000000E+001 -0.1201986837196877E+001  0.9444850295618884E+000  0.1025544699038312E+001 -0.7404793998206578E-001  0.1582576151027231E+000
 0.1722868300000000E+000  0.1535724000000000E+001 -0.1182042177344965E+001  0.9308416013824958E+000  0.1004011335560721E+001 -0.7527469651692417E-001  0.1713919720882804E+000
 0.1867754200000000E+000  0.1535724000000000E+001 -0.1163801937347923E+001  0.9176148190303944E+000  0.9840254740301707E+000 -0.7689915182151418E-001  0.1851058202493262E+000
 0.2018066600000000E+000  0.1535724000000000E+001 -0.1147148124197206E+001  0.9047923848552015E+000  0.9654857311283533E+000 -0.7893445109821101E-001  0.1992991211751690E+000
 0.2173702200000000E+000  0.1535724000000000E+001 -0.1131908927190526E+001  0.8923347913305690E+000  0.9482493491469539E+000 -0.8138001719879678E-001  0.2138526017007182E+000
 0.2334521800000000E+000  0.1535724000000000E+001 -0.1117868501102666E+001  0.8801782512613621E+000  0.9321454719659332E+000 -0.8422250696066864E-001  0.2286234793263790E+000
 0.2500348700000000E+000  0.1535724000000000E+001 -0.1104772140493708E+001  0.8682366009709123E+000  0.9169842890909270E+000 -0.8743687795326190E-001  0.2434405846722370E+000
 0.2670968500000000E+000  0.1535724000000000E+001 -0.1092327476158536E+001  0.8564021900422122E+000  0.9025624346620631E+000 -0.9098735062348802E-001  0.2580993872324412E+000
 0.2846128000000000E+000  0.1535724000000000E+001 -0.1080203180336996E+001  0.8445462642310775E+000  0.8886657081758453E+000 -0.9482810318900754E-001  0.2723572681762843E+000
 0.3025536600000000E+000  0.1535724000000000E+001 -0.1068026640450734E+001  0.8325190946102451E+000  0.8750697703752440E+000 -0.9890375081326767E-001  0.2859301894547163E+000
 0.3208866600000000E+000  0.1535724000000000E+001 -0.1055383036869845E+001  0.8201507546138769E+000  0.8615401360444750E+000 -0.1031495949961457E+000  0.2984916696288756E+000
 0.3395755000000000E+000  0.1535724000000000E+001 -0.1041818244089451E+001  0.8072531550283040E+000  0.8478323094888706E+000 -0.1074918097216437E+000  0.3096758823168228E+000
 0.3585805500000000E+000  0.1535724000000000E+001 -0.1026848529004743E+001  0.7936242990114947E+000  0.8336932862037978E+000 -0.1118476851640358E+000  0.3190865891641422E+000
 0.3778591900000000E+000  0.1535724000000000E+001 -0.1009979598776013E+001  0.7790554803796645E+000  0.8188654275523419E+000 -0.1161261258555461E+000  0.3263136433179780E+000
 0.3973661100000000E+000  0.1535724000000000E+001 -0.9907366392310907E+000  0.7633420538763979E+000  0.8030937570068324E+000 -0.1202285403293257E+000  0.3309578397965586E+000
 0.4170537000000000E+000  0.1535724000000000E+001 -0.9687044361122227E+000  0.7462975767047842E+000  0.7861370505414583E+000 -0.1240503277310554E+000  0.3326634689043509E+000
 0.4368725300000000E+000  0.1535724000000000E+001 -0.9435733495098942E+000  0.7277702837434263E+000  0.7677823945493821E+000 -0.1274831087942610E+000  0.3311554753514184E+000
 0.4567718400000000E+000  0.1535724000000000E+001 -0.9151834655031932E+000  0.7076599171845852E+000  0.7478619170973224E+000 -0.1304177796811672E+000  0.3262756699652942E+000
 0.4767000000000000E+000  0.1535724000000000E+001 -0.8835571480964548E+000  0.6859321737074571E+000  0.7262693770073632E+000 -0.1327483979188228E+000  0.3180109570151379E+000
 0.4966051100000000E+000  0.1535724000000000E+001 -0.8489107374203276E+000  0.6626277055489911E+000  0.7029734712302343E+000 -0.1343768146851483E+000  0.3065068368721985E+000
 0.5164355000000000E+000  0.1535724000000000E+001 -0.8116410403437250E+000  0.6378637984709791E+000  0.6780252991829478E+000 -0.1352177616009727E+000  0.2920622725748718E+000
 0.5361402700000000E+000  0.1535724000000000E+001 -0.7722881969822549E+000  0.6118279641576481E+000  0.6515580669407015E+000 -0.1352040175900643E+000  0.2751062625214345E+000
 0.5556698200000000E+000  0.1535724000000000E+001 -0.7314827326790579E+000  0.5847645609113363E+000  0.6237788504350572E+000 -0.1342911417347213E+000  0.2561607617817482E+000
 0.5749763200000000E+000  0.1535724000000000E+001 -0.6898877334894088E+000  0.5569568850948952E+000  0.5949538266215288E+000 -0.1324612317067250E+000  0.2357972378830403E+000
 0.5940141799999999E+000  0.1535724000000000E+001 -0.6481462232953313E+000  0.5287075551393151E+000  0.5653892933136888E+000 -0.1297252131602953E+000  0.2145942246748914E+000
 0.6127404500000000E+000  0.1535724000000000E+001 -0.6068407245182983E+000  0.5003199272775705E+000  0.5354113129633425E+000 -0.1261233004741835E+000  0.1931015489323512E+000
 0.6311151600000000E+000  0.1535724000000000E+001 -0.5664676075791796E+000  0.4720824120421169E+000  0.5053464027263098E+000 -0.1217234711238728E+000  0.1718141506425135E+000
 0.6491016200000000E+000  0.1535724000000000E+001 -0.5274253235595534E+000  0.4442566229420994E+000  0.4755049803553127E+000 -0.1166180194645436E+000  0.1511559025008216E+000
 0.6666666700000000E+000  0.1535724000000000E+001 -0.4900136692454249E+000  0.4170695468546516E+000  0.4461685432544290E+000 -0.1109184867885781E+000  0.1314721832148347E+000
 0.6837808000000000E+000  0.1535724000000000E+001 -0.4544407579477858E+000  0.3907095028025973E+000  0.4175810039223388E+000 -0.1047494834766982E+000  0.1130292544138924E+000
 0.7004183000000000E+000  0.1535724000000000E+001 -0.4208341557579904E+000  0.3653250044911762E+000  0.3899437129527200E+000 -0.9824195887977606E-001  0.9601812798333099E-001
 0.7165572700000000E+000  0.1535724000000000E+001 -0.3892540732620979E+000  0.3410260708152301E+000  0.3634139526992287E+000 -0.9152660474381191E-001  0.8056129277373539E-001
 0.7321796300000000E+000  0.1535724000000000E+001 -0.3597066290124400E+000  0.3178870887609724E+000  0.3381060253930518E+000 -0.8472791614406421E-001  0.6672078231220396E-001
 0.7472710500000000E+000  0.1535724000000000E+001 -0.3321563248503518E+000  0.2959507685563635E+000  0.3140943915526589E+000 -0.7795937490099981E-001  0.5450675328009758E-001
 0.7618208000000000E+000  0.1535724000000000E+001 -0.3065371772741382E+000  0.2752327150362155E+000  0.2914182099051598E+000 -0.7132001806008484E-001  0.4388600632078899E-001
 0.7758216500000000E+000  0.1535724000000000E+001 -0.2827620529704676E+000  0.2557260639359288E+000  0.2700865038814084E+000 -0.6489240306771314E-001  0.3479005716988939E-001
 0.7892696500000000E+000  0.1535724000000000E+001 -0.2607305002354400E+000  0.2374061589826527E+000  0.2500837505482955E+000 -0.5874195297977294E-001  0.2712277296936486E-001
 0.8021639100000000E+000  0.1535724000000000E+001 -0.2403349484893656E+000  0.2202348968955799E+000  0.2313753238760305E+000 -0.5291741448004311E-001  0.2076743858543405E-001
 0.8145064000000000E+000  0.1535724000000000E+001 -0.2214654166675318E+000  0.2041645859895062E+000  0.2139124954395066E+000 -0.4745213843749971E-001  0.1559326634527464E-001
 0.8263016600000000E+000  0.1535724000000000E+001 -0.2040130950844237E+000  0.1891413825349690E+000  0.1976369694337080E+000 -0.4236593629444064E-001  0.1146141271799515E-001
 0.8375565600000000E+000  0.1535724000000000E+001 -0.1878727793192564E+000  0.1751080788759911E+000  0.1824846463757981E+000 -0.3766717660699488E-001  0.8230420747527622E-002
 0.8482800500000000E+000  0.1535724000000000E+001 -0.1729444586573383E+000  0.1620063269772408E+000  0.1683886759077628E+000 -0.3335492916352652E-001  0.5761090867508977E-002
 0.8584829000000000E+000  0.1535724000000000E+001 -0.1591342458734248E+000  0.1497783279477183E+000  0.1552818210759171E+000 -0.2942099769307394E-001  0.3920711925682346E-002
 0.8681774200000000E+000  0.1535724000000000E+001 -0.1463548301393812E+000  0.1383680553345412E+000  0.1430982099022102E+000 -0.2585174613210449E-001  0.2586566463374985E-002
 0.8773772700000000E+000  0.1535724000000000E+001 -0.1345254575664977E+000  0.1277219591444557E+000  0.1317744291876001E+000 -0.2262963251481547E-001  0.1648608903622727E-002
 0.8860971700000000E+000  0.1535724000000000E+001 -0.1235718172577515E+000  0.1177894624628212E+000  0.1212503089136874E+000 -0.1973451587707682E-001  0.1011275358996953E-002
 0.8943527400000000E+000  0.1535724000000000E+001 -0.1134256280161862E+000  0.1085230674767660E+000  0.1114692170062261E+000 -0.1714467069393187E-001  0.5943573910360123E-003
 0.9021602500000000E+000  0.1535724000000000E+001 -0.1040242831849363E+000  0.9987840696335545E-001  0.1023782365707464E+000 -0.1483761802591145E-001  0.3329822359500992E-003
 0.9095365000000000E+000  0.1535724000000000E+001 -0.9531032801479646E-001  0.9181405851583996E-001  0.9392804492757602E-001 -0.1279073605950796E-001  0.1767654833840340E-003
 0.9164985600000000E+000  0.1535724000000000E+001 -0.8723113027171472E-001  0.8429147451319972E-001  0.8607287751653551E-001 -0.1098176524052080E-001  0.8829849210057268E-004
 0.9230637200000000E+000  0.1535724000000000E+001 -0.7973834340428482E-001  0.7727467777434291E-001  0.7877021833757766E-001 -0.9389135580097649E-002  0.4116581203050607E-004
 0.9292492700000000E+000  0.1535724000000000E+001 -0.7278762026197876E-001  0.7073016054706963E-001  0.7198068331473971E-001 -0.7992245626441775E-002  0.1773995433989736E-004
 0.9350724600000000E+000  0.1535724000000000E+001 -0.6633817110482595E-001  0.6462661823738711E-001  0.6566771749481598E-001 -0.6771619719057651E-002  0.6985625081742129E-005
 0.9405503300000000E+000  0.1535724000000000E+001 -0.6035251978702885E-001  0.5893485383338129E-001  0.5979746089568966E-001 -0.5709035364236937E-002  0.2479155438288985E-005
 0.9456996700000000E+000  0.1535724000000000E+001 -0.5479616078392963E-001  0.5362757627353475E-001  0.5433849924832190E-001 -0.4787572947069572E-002  0.7798213082714865E-006
 0.9505369100000000E+000  0.1535724000000000E+001 -0.4963733675827799E-001  0.4867930124379337E-001  0.4926171846908436E-001 -0.3991642223605728E-002  0.2130193390700652E-006
 0.9550781000000000E+000  0.1535724000000000E+001 -0.4484675738895722E-001  0.4406618484079870E-001  0.4454008988630895E-001 -0.3306963065459629E-002  0.4927687149889867E-007
 0.9593388200000000E+000  0.1535724000000000E+001 -0.4039742830783685E-001  0.3976595200995083E-001  0.4014855413721391E-001 -0.2720536457428655E-002  0.9356078711434301E-008
 0.9633341700000000E+000  0.1535724000000000E+001 -0.3626442613231454E-001  0.3575776327961246E-001  0.3606384399448349E-001 -0.2220586713852943E-002  0.1402911985690401E-008
 0.9670787100000000E+000  0.1535724000000000E+001 -0.3242475406408107E-001  0.3202214979925512E-001  0.3226437986781932E-001 -0.1796500247334398E-002  0.1588956303822884E-009
 0.9705864600000000E+000  0.1535724000000000E+001 -0.2885715991950799E-001  0.2854090336923462E-001  0.2873012249232189E-001 -0.1438749556057309E-002  0.1313108986117301E-010
 0.9738709000000000E+000  0.1535724000000000E+001 -0.2554197735421312E-001  0.2529698066701322E-001  0.2544244355578664E-001 -0.1138815086184498E-002  0.8338158791100247E-012
 0.9769449100000001E+000  0.1535724000000000E+001 -0.2246104714512490E-001  0.2227447852395938E-001  0.2238407158380231E-001 -0.8891114013367346E-003  0.5264440128906130E-013
 0.9798208200000000E+000  0.1535724000000000E+001 -0.1959754451934832E-001  0.1945851077113986E-001  0.1953894117212766E-001 -0.6829038015040935E-003  0.3497099323669547E-014
 0.9825103800000000E+000  0.1535724000000000E+001 -0.1693590283273095E-001  0.1683517332957320E-001  0.1689213474701261E-001 -0.5142349422746050E-003  0.1488563403802979E-015
 0.9850247900000000E+000  0.1535724000000000E+001 -0.1446169070169120E-001  0.1439145820188726E-001  0.1442977556010525E-001 -0.3778500516480838E-003  0.8601131565576484E-017
 0.9873746700000000E+000  0.1535724000000000E+001 -0.1216156040461643E-001  0.1211523266609634E-001  0.1213898936419678E-001 -0.2691299370416190E-003 -0.6149959377708375E-017
 0.9895701099999999E+000  0.1535724000000000E+001 -0.1002312783940327E-001  0.9995146036889705E-002  0.1000779612037943E-001 -0.1840238596844278E-003  0.5207626343249249E-017
 0.9916206800000000E+000  0.1535724000000000E+001 -0.8034901468353697E-002  0.8020579354104974E-002  0.8025048793173990E-002 -0.1189899846645711E-003 -0.4397551639882945E-017
 0.9935354199999999E+000  0.1535724000000000E+001 -0.6186238408865236E-002  0.6181614860392010E-002  0.6180397870596359E-002 -0.7094080165804922E-004  0.2501411481246571E-018
 0.9953228800000000E+000  0.1535724000000000E+001 -0.4467258963564409E-002  0.4468949434390097E-002  0.4464213268387265E-002 -0.3719149090053323E-004  0.1312400542234269E-018
 0.9969911299999999E+000  0.1535724000000000E+001 -0.2868796534379458E-002  0.2873794001239249E-002  0.2867540485129336E-002 -0.1541404973560160E-004  0.1269636081232780E-016
 0.9985477800000000E+000  0.1535724000000000E+001 -0.1382343198295887E-002  0.1387545236568384E-002  0.1382051562674837E-002 -0.3595454443422548E-005 -0.4442874153279169E-016
 0.1000000000000000E+001  0.1535724000000000E+001 -0.5805695286866118E-019 -0.1109283825719836E-018 -0.3417674133900913E-019  0.1493607574404756E-027  0.2893517231037391E-022

 0.0000000000000000E+000  0.1542735300000000E+001 -0.1520078262440410E+001  0.1111582463489878E+001  0.1352326592158855E+001 -0.7384992612692676E-001  0.5940530950319343E-001
 0.5783680700000000E-002  0.1542735300000000E+001 -0.1519050194311053E+001  0.1111110964853544E+001  0.1351288861714047E+001 -0.7384776907931058E-001  0.5957696038710121E-001
 0.1192781000000000E-001  0.1542735300000000E+001 -0.1515686759504008E+001  0.1109567230613969E+001  0.1347893495071340E+001 -0.7384014334152643E-001  0.6014181507075474E-001
 0.1844960300000000E-001  0.1542735300000000E+001 -0.1509586879848337E+001  0.1106762303882925E+001  0.1341734432723222E+001 -0.7382407849950735E-001  0.6117915763675005E-001
 0.2536636600000000E-001  0.1542735300000000E+001 -0.1500410159357813E+001  0.1102528917154320E+001  0.1332465468272566E+001 -0.7379455900905857E-001  0.6277208091859993E-001
 0.3269537900000000E-001  0.1542735300000000E+001 -0.1487927363140860E+001  0.1096742186229345E+001  0.1319850633243639E+001 -0.7374434012271359E-001  0.6500412105562586E-001
 0.4045376700000000E-001  0.1542735300000000E+001 -0.1472068791847055E+001  0.1089339472503293E+001  0.1303812488198993E+001 -0.7366452525804044E-001  0.6795520704261709E-001
 0.4865834800000000E-001  0.1542735300000000E+001 -0.1452959331620803E+001  0.1080334992377246E+001  0.1284467113646240E+001 -0.7354627982387957E-001  0.7169737805618961E-001
 0.5732546900000000E-001  0.1542735300000000E+001 -0.1430929266151979E+001  0.1069825026543226E+001  0.1262134903912950E+001 -0.7338381489293287E-001  0.7629086795551938E-001
 0.6647082500000000E-001  0.1542735300000000E+001 -0.1406494656791887E+001  0.1057981539877366E+001  0.1237320988483536E+001 -0.7317831257501832E-001  0.8178113548071789E-001
 0.7610926000000000E-001  0.1542735300000000E+001 -0.1380308926412804E+001  0.1045035061637942E+001  0.1210666934457622E+001 -0.7294193680705692E-001  0.8819722471396445E-001
 0.8625455200000000E-001  0.1542735300000000E+001 -0.1353095232415148E+001  0.1031250534203997E+001  0.1182883331163920E+001 -0.7270074608600538E-001  0.9555152932484462E-001
 0.9691918300000001E-001  0.1542735300000000E+001 -0.1325573929201797E+001  0.1016901310953543E+001  0.1154677570881905E+001 -0.7249543290650390E-001  0.1038407151160245E+000
 0.1081141000000000E+000  0.1542735300000000E+001 -0.1298399140372356E+001  0.1002246111313055E+001  0.1126690859877832E+001 -0.7237938505178812E-001  0.1130473411096558E+000
 0.1198484800000000E+000  0.1542735300000000E+001 -0.1272113952226313E+001  0.9875120105089963E+000  0.1099453989428966E+001 -0.7241436473724601E-001  0.1231416575543509E+000
 0.1321294200000000E+000  0.1542735300000000E+001 -0.1247127651615958E+001  0.9728845290452497E+000  0.1073365325308518E+001 -0.7266477146882561E-001  0.1340830381691414E+000
 0.1449617600000000E+000  0.1542735300000000E+001 -0.1223712281546837E+001  0.9585038238573543E+000  0.1048688313301168E+001 -0.7319172779498467E-001  0.1458208841866863E+000
 0.1583477400000000E+000  0.1542735300000000E+001 -0.1202013625815438E+001  0.9444656887659353E+000  0.1025563691983854E+001 -0.7404805444610361E-001  0.1582945384344978E+000
 0.1722868300000000E+000  0.1542735300000000E+001 -0.1182069531913864E+001  0.9308251019016661E+000  0.1004029358385633E+001 -0.7527476321626002E-001  0.1714324208905490E+000
 0.1867754200000000E+000  0.1542735300000000E+001 -0.1163830601748364E+001  0.9176010749197364E+000  0.9840430205355857E+000 -0.7689917773152052E-001  0.1851500873123949E+000
 0.2018066600000000E+000  0.1542735300000000E+001 -0.1147178848759863E+001  0.9047813439355541E+000  0.9655032780591776E+000 -0.7893444722648844E-001  0.1993475082378199E+000
 0.2173702200000000E+000  0.1542735300000000E+001 -0.1131942462915222E+001  0.8923264373004979E+000  0.9482673531764461E+000 -0.8137999815938056E-001  0.2139054167077418E+000
 0.2334521800000000E+000  0.1542735300000000E+001 -0.1117905592821260E+001  0.8801726026478686E+000  0.9321643683123130E+000 -0.8422249064784924E-001  0.2286810308654498E+000
 0.2500348700000000E+000  0.1542735300000000E+001 -0.1104813516304179E+001  0.8682337069755887E+000  0.9170044902366801E+000 -0.8743688533661817E-001  0.2435031724348092E+000
 0.2670968500000000E+000  0.1542735300000000E+001 -0.1092373830426223E+001  0.8564021232083572E+000  0.9025843277963066E+000 -0.9098740563669309E-001  0.2581672872321295E+000
 0.2846128000000000E+000  0.1542735300000000E+001 -0.1080255147623760E+001  0.8445491096990935E+000  0.8886896501478736E+000 -0.9482823265066823E-001  0.2724307113593455E+000
 0.3025536600000000E+000  0.1542735300000000E+001 -0.1068084758322550E+001  0.8325249357819458E+000  0.8750960792093182E+000 -0.9890398429717394E-001  0.2860093326996719E+000
 0.3208866600000000E+000  0.1542735300000000E+001 -0.1055447696609033E+001  0.8201596551802113E+000  0.8615690783687430E+000 -0.1031499645550591E+000  0.2985765587736414E+000
 0.3395755000000000E+000  0.1542735300000000E+001 -0.1041889630630068E+001  0.8072651378295791E+000  0.8478640837871451E+000 -0.1074923493647952E+000  0.3097664084018243E+000
 0.3585805500000000E+000  0.1542735300000000E+001 -0.1026926554861385E+001  0.7936393229759708E+000  0.8337280025966132E+000 -0.1118484299920340E+000  0.3191824413537667E+000
 0.3778591900000000E+000  0.1542735300000000E+001 -0.1010063841336762E+001  0.7790734178851907E+000  0.8189030859499066E+000 -0.1161271107740658E+000  0.3264142649953368E+000
 0.3973661100000000E+000  0.1542735300000000E+001 -0.9908262953258273E+000  0.7633626719945651E+000  0.8031342267563677E+000 -0.1202297982961894E+000  0.3310623972790224E+000
 0.4170537000000000E+000  0.1542735300000000E+001 -0.9687983104497602E+000  0.7463205265925335E+000  0.7861800558736094E+000 -0.1240518875521387E+000  0.3327708439906003E+000
 0.4368725300000000E+000  0.1542735300000000E+001 -0.9436698916539611E+000  0.7277951023020671E+000  0.7678275105993361E+000 -0.1274849925712096E+000  0.3312642917012947E+000
 0.4567718400000000E+000  0.1542735300000000E+001 -0.9152808618153048E+000  0.7076860435759529E+000  0.7479085804709094E+000 -0.1304200001201010E+000  0.3263843580362192E+000
 0.4767000000000000E+000  0.1542735300000000E+001 -0.8836534614866247E+000  0.6859589804544721E+000  0.7263169125524356E+000 -0.1327509558140514E+000  0.3181178534699899E+000
 0.4966051100000000E+000  0.1542735300000000E+001 -0.8490040731868412E+000  0.6626545404807467E+000  0.7030211332525238E+000 -0.1343796969644939E+000  0.3066103046532233E+000
 0.5164355000000000E+000  0.1542735300000000E+001 -0.8117297072145774E+000  0.6378900309248352E+000  0.6780723218452060E+000 -0.1352209403129485E+000  0.2921608212176142E+000
 0.5361402700000000E+000  0.1542735300000000E+001 -0.7723708333754877E+000  0.6118530278422493E+000  0.6516037163773563E+000 -0.1352074501232604E+000  0.2751986478864297E+000
 0.5556698200000000E+000  0.1542735300000000E+001 -0.7315583788540306E+000  0.5847879870057002E+000  0.6238224709791867E+000 -0.1342947723892940E+000  0.2562460504200639E+000
 0.5749763200000000E+000  0.1542735300000000E+001 -0.6899558456509759E+000  0.5569783219380691E+000  0.5949948754131221E+000 -0.1324649945312059E+000  0.2358748309423954E+000
 0.5940141799999999E+000  0.1542735300000000E+001 -0.6482066392469684E+000  0.5287267740583723E+000  0.5654273605246123E+000 -0.1297290357756975E+000  0.2146638454997671E+000
 0.6127404500000000E+000  0.1542735300000000E+001 -0.6068935979560526E+000  0.5003368166480421E+000  0.5354461278312052E+000 -0.1261271084690738E+000  0.1931632044281784E+000
 0.6311151600000000E+000  0.1542735300000000E+001 -0.5665133289634232E+000  0.4720969630317636E+000  0.5053778277161632E+000 -0.1217271925413660E+000  0.1718680781960837E+000
 0.6491016200000000E+000  0.1542735300000000E+001 -0.5274644418371701E+000  0.4442689106053059E+000  0.4755329967962113E+000 -0.1166215889140100E+000  0.1512025127665816E+000
 0.6666666700000000E+000  0.1542735300000000E+001 -0.4900468233641401E+000  0.4170797097081700E+000  0.4461932319007836E+000 -0.1109218487901562E+000  0.1315120060565196E+000
 0.6837808000000000E+000  0.1542735300000000E+001 -0.4544686222147981E+000  0.3907177231594042E+000  0.4176025234268271E+000 -0.1047525947696032E+000  0.1130628921420672E+000
 0.7004183000000000E+000  0.1542735300000000E+001 -0.4208573995184406E+000  0.3653314909380010E+000  0.3899622784844707E+000 -0.9824478957027345E-001  0.9604621741944482E-001
 0.7165572700000000E+000  0.1542735300000000E+001 -0.3892733334132623E+000  0.3410310435290797E+000  0.3634298162398046E+000 -0.9152913831867247E-001  0.8058447606208811E-001
 0.7321796300000000E+000  0.1542735300000000E+001 -0.3597224929746660E+000  0.3178907678417798E+000  0.3381194585923836E+000 -0.8473014850107184E-001  0.6673968545065241E-001
 0.7472710500000000E+000  0.1542735300000000E+001 -0.3321693215289349E+000  0.2959533652498393E+000  0.3141056715638897E+000 -0.7796131263889676E-001  0.5452197103012271E-001
 0.7618208000000000E+000  0.1542735300000000E+001 -0.3065477738055492E+000  0.2752344255502214E+000  0.2914276082757872E+000 -0.7132167631345716E-001  0.4389809215084697E-001
 0.7758216500000000E+000  0.1542735300000000E+001 -0.2827706554277828E+000  0.2557270654728850E+000  0.2700942783353781E+000 -0.6489380316671912E-001  0.3479951702654292E-001
 0.7892696500000000E+000  0.1542735300000000E+001 -0.2607374569106339E+000  0.2374066076082295E+000  0.2500901393797930E+000 -0.5874312017826073E-001  0.2713006194310292E-001
 0.8021639100000000E+000  0.1542735300000000E+001 -0.2403405547031807E+000  0.2202349268705653E+000  0.2313805425821049E+000 -0.5291837593086062E-001  0.2077295973441565E-001
 0.8145064000000000E+000  0.1542735300000000E+001 -0.2214699203487962E+000  0.2041643102234889E+000  0.2139167351888995E+000 -0.4745292152363538E-001  0.1559737113791365E-001
 0.8263016600000000E+000  0.1542735300000000E+001 -0.2040167025956968E+000  0.1891408938597184E+000  0.1976403969801886E+000 -0.4236656736124066E-001  0.1146440272109272E-001
 0.8375565600000000E+000  0.1542735300000000E+001 -0.1878756611602942E+000  0.1751074518689374E+000  0.1824874050341577E+000 -0.3766768008625233E-001  0.8232550273265303E-002
 0.8482800500000000E+000  0.1542735300000000E+001 -0.1729467548141547E+000  0.1620056201064428E+000  0.1683908872557773E+000 -0.3335532704578742E-001  0.5762570371542214E-002
 0.8584829000000000E+000  0.1542735300000000E+001 -0.1591360706757781E+000  0.1497775858478719E+000  0.1552835870929227E+000 -0.2942130928504303E-001  0.3921711983572925E-002
 0.8681774200000000E+000  0.1542735300000000E+001 -0.1463562765604452E+000  0.1383673110623973E+000  0.1430996153079985E+000 -0.2585198803004424E-001  0.2587222165050015E-002
 0.8773772700000000E+000  0.1542735300000000E+001 -0.1345266009460690E+000  0.1277212363010809E+000  0.1317755437961028E+000 -0.2262981872767592E-001  0.1649024500958425E-002
 0.8860971700000000E+000  0.1542735300000000E+001 -0.1235727184744434E+000  0.1177887771078707E+000  0.1212511898762284E+000 -0.1973465804389334E-001  0.1011529003002093E-002
 0.8943527400000000E+000  0.1542735300000000E+001 -0.1134263361482001E+000  0.1085224297936953E+000  0.1114699108579481E+000 -0.1714477835011322E-001  0.5945057826972118E-003
 0.9021602500000000E+000  0.1542735300000000E+001 -0.1040248377193574E+000  0.9987782266256007E-001  0.1023787810407550E+000 -0.1483769888625465E-001  0.3330650257144701E-003
 0.9095365000000000E+000  0.1542735300000000E+001 -0.9531076066387731E-001  0.9181352998515563E-001  0.9392847049794394E-001 -0.1279079629513390E-001  0.1768092674360176E-003
 0.9164985600000000E+000  0.1542735300000000E+001 -0.8723146645944035E-001  0.8429100173791654E-001  0.8607320874220872E-001 -0.1098180973646381E-001  0.8832028863367841E-004
 0.9230637200000000E+000  0.1542735300000000E+001 -0.7973860347520781E-001  0.7727425905893275E-001  0.7877047494553800E-001 -0.9389168165541134E-002  0.4117594237644347E-004
 0.9292492700000000E+000  0.1542735300000000E+001 -0.7278782046405986E-001  0.7072979307016997E-001  0.7198088111289892E-001 -0.7992269275187508E-002  0.1774430763211187E-004
 0.9350724600000000E+000  0.1542735300000000E+001 -0.6633832438557437E-001  0.6462629847271192E-001  0.6566786911709546E-001 -0.6771636719915710E-002  0.6987334941081859E-005
 0.9405503300000000E+000  0.1542735300000000E+001 -0.6035263643908437E-001  0.5893457786306437E-001  0.5979757641162405E-001 -0.5709047463424006E-002  0.2479760848448286E-005
 0.9456996700000000E+000  0.1542735300000000E+001 -0.5479624896728304E-001  0.5362734001811442E-001  0.5433858665962032E-001 -0.4787581465244535E-002  0.7800113386852226E-006
 0.9505369100000000E+000  0.1542735300000000E+001 -0.4963740292290780E-001  0.4867910062706732E-001  0.4926178411384323E-001 -0.3991648150844736E-002  0.2130711488439577E-006
 0.9550781000000000E+000  0.1542735300000000E+001 -0.4484680661617900E-001  0.4406601590520762E-001  0.4454013876710874E-001 -0.3306967137356984E-002  0.4928883550357149E-007
 0.9593388200000000E+000  0.1542735300000000E+001 -0.4039746458602683E-001  0.3976581099376611E-001  0.4014859018730722E-001 -0.2720539215448445E-002  0.9358346687772853E-008
 0.9633341700000000E+000  0.1542735300000000E+001 -0.3626445257908059E-001  0.3575764666575713E-001  0.3606387029311676E-001 -0.2220588552676307E-002  0.1403251581862846E-008
 0.9670787100000000E+000  0.1542735300000000E+001 -0.3242477310517341E-001  0.3202205434261955E-001  0.3226439881423169E-001 -0.1796501451664787E-002  0.1589340251873550E-009
 0.9705864600000000E+000  0.1542735300000000E+001 -0.2885717343252378E-001  0.2854082610847355E-001  0.2873013594593733E-001 -0.1438750328954971E-002  0.1313426633553376E-010
 0.9738709000000000E+000  0.1542735300000000E+001 -0.2554198678384272E-001  0.2529691892510668E-001  0.2544245294895656E-001 -0.1138815570686716E-002  0.8340107509383766E-012
 0.9769449100000001E+000  0.1542735300000000E+001 -0.2246105359545145E-001  0.2227442990058857E-001  0.2238407801232498E-001 -0.8891116968110761E-003  0.5266551094325069E-013
 0.9798208200000000E+000  0.1542735300000000E+001 -0.1959754882748140E-001  0.1945847312995468E-001  0.1953894546762394E-001 -0.6829039758963781E-003  0.3495564113793091E-014
 0.9825103800000000E+000  0.1542735300000000E+001 -0.1693590562748544E-001  0.1683514478188999E-001  0.1689213753471890E-001 -0.5142350412019875E-003  0.1611628017255178E-015
 0.9850247900000000E+000  0.1542735300000000E+001 -0.1446169245017677E-001  0.1439143708850359E-001  0.1442977730484339E-001 -0.3778501050802185E-003  0.9620306501974490E-018
 0.9873746700000000E+000  0.1542735300000000E+001 -0.1216156144914412E-001  0.1211521753809534E-001  0.1213899040685025E-001 -0.2691299641586939E-003  0.4764649758284394E-017
 0.9895701099999999E+000  0.1542735300000000E+001 -0.1002312842659346E-001  0.9995135636442210E-002  0.1000779670670487E-001 -0.1840238723670221E-003 -0.3743069148702309E-017
 0.9916206800000000E+000  0.1542735300000000E+001 -0.8034901772026580E-002  0.8020572595669606E-002  0.8025049096489769E-002 -0.1189899899690508E-003  0.3190642234973937E-017
 0.9935354199999999E+000  0.1542735300000000E+001 -0.6186238547964772E-002  0.6181610812690106E-002  0.6180398009570376E-002 -0.7094080354448720E-004 -0.2020681684814271E-018
 0.9953228800000000E+000  0.1542735300000000E+001 -0.4467259016122972E-002  0.4468947303460360E-002  0.4464213320911731E-002 -0.3719149141954285E-004 -0.1101768048593038E-018
 0.9969911299999999E+000  0.1542735300000000E+001 -0.2868796548342927E-002  0.2873793114681091E-002  0.2867540499086971E-002 -0.1541404982501343E-004 -0.9003538423681082E-017
 0.9985477800000000E+000  0.1542735300000000E+001 -0.1382343199862742E-002  0.1387545029046842E-002  0.1382051564241367E-002 -0.3595454448271242E-005  0.3339732172225040E-016
 0.1000000000000000E+001  0.1542735300000000E+001 -0.5991121795636705E-019 -0.1065239594483452E-018 -0.2749200277986061E-019  0.4333603920290822E-027  0.3452994253393482E-022

 0.0000000000000000E+000  0.1549235300000000E+001 -0.1520122606522219E+001  0.1111538119422126E+001  0.1352370362124565E+001 -0.7384992612692676E-001  0.5941488846949314E-001
 0.5783680700000000E-002  0.1549235300000000E+001 -0.1519094419130925E+001  0.1111066722559870E+001  0.1351332507946016E+001 -0.7384777127477454E-001  0.5958656746673831E-001
 0.1192781000000000E-001  0.1549235300000000E+001 -0.1515730595010885E+001  0.1109523320940939E+001  0.1347936737177351E+001 -0.7384015266746602E-001  0.6015151469145474E-001
 0.1844960300000000E-001  0.1549235300000000E+001 -0.1509630012717512E+001  0.1106718996107558E+001  0.1341776944600453E+001 -0.7382410054180019E-001  0.6118902731982951E-001
 0.2536636600000000E-001  0.1549235300000000E+001 -0.1500452243708086E+001  0.1102486511656256E+001  0.1332506888283681E+001 -0.7379459963621639E-001  0.6278221203646112E-001
 0.3269537900000000E-001  0.1549235300000000E+001 -0.1487968038413321E+001  0.1096701001955634E+001  0.1319890581434459E+001 -0.7374440491258798E-001  0.6501461911148274E-001
 0.4045376700000000E-001  0.1549235300000000E+001 -0.1472107707295263E+001  0.1089299829813908E+001  0.1303850589998883E+001 -0.7366461873956222E-001  0.6796619138287510E-001
 0.4865834800000000E-001  0.1549235300000000E+001 -0.1452996175196045E+001  0.1080297193124402E+001  0.1284503027836252E+001 -0.7354640461831843E-001  0.7170898100170042E-001
 0.5732546900000000E-001  0.1549235300000000E+001 -0.1430963793998733E+001  0.1069789334321537E+001  0.1262168351089453E+001 -0.7338397091215014E-001  0.7630323343635718E-001
 0.6647082500000000E-001  0.1549235300000000E+001 -0.1406526718780863E+001  0.1057948163771764E+001  0.1237351775466934E+001 -0.7317849648509009E-001  0.8179441735283273E-001
 0.7610926000000000E-001  0.1549235300000000E+001 -0.1380338483577097E+001  0.1045004146231430E+001  0.1210694970538673E+001 -0.7294214195759029E-001  0.8821158499708889E-001
 0.8625455200000000E-001  0.1549235300000000E+001 -0.1353122363795744E+001  0.1031222157235799E+001  0.1182908633719643E+001 -0.7270096301716129E-001  0.9556713661058701E-001
 0.9691918300000001E-001  0.1549235300000000E+001 -0.1325598827912589E+001  0.1016875488348199E+001  0.1154700260191731E+001 -0.7249565039439219E-001  0.1038577433518823E+000
 0.1081141000000000E+000  0.1549235300000000E+001 -0.1298422100865689E+001  0.1002222807926229E+001  0.1126711145135779E+001 -0.7237959149633465E-001  0.1130659688852888E+000
 0.1198484800000000E+000  0.1549235300000000E+001 -0.1272135352115590E+001  0.9874911542313377E+000  0.1099472149321773E+001 -0.7241454960427159E-001  0.1231620679244699E+000
 0.1321294200000000E+000  0.1549235300000000E+001 -0.1247147931734970E+001  0.9728660258881870E+000  0.1073381686865358E+001 -0.7266492650911451E-001  0.1341054189458917E+000
 0.1449617600000000E+000  0.1549235300000000E+001 -0.1223731927298661E+001  0.9584875721728373E+000  0.1048703232105106E+001 -0.7319184786274842E-001  0.1458454285905365E+000
 0.1583477400000000E+000  0.1549235300000000E+001 -0.1202033151776831E+001  0.9444515913651625E+000  0.1025577535801514E+001 -0.7404813787576459E-001  0.1583214458818442E+000
 0.1722868300000000E+000  0.1549235300000000E+001 -0.1182089470401394E+001  0.9308130755270262E+000  0.1004042495050834E+001 -0.7527481183033616E-001  0.1714618976880526E+000
 0.1867754200000000E+000  0.1549235300000000E+001 -0.1163851495024080E+001  0.9175910569170769E+000  0.9840558099956956E+000 -0.7689919661391625E-001  0.1851823469036842E+000
 0.2018066600000000E+000  0.1549235300000000E+001 -0.1147201243801250E+001  0.9047732962689842E+000  0.9655160678305863E+000 -0.7893444440012332E-001  0.1993827706067124E+000
 0.2173702200000000E+000  0.1549235300000000E+001 -0.1131966907207148E+001  0.8923203480923770E+000  0.9482804761484325E+000 -0.8137998427583994E-001  0.2139439063825422E+000
 0.2334521800000000E+000  0.1549235300000000E+001 -0.1117932629377835E+001  0.8801684854147906E+000  0.9321781417405617E+000 -0.8422247874965205E-001  0.2287229728673366E+000
 0.2500348700000000E+000  0.1549235300000000E+001 -0.1104843675972215E+001  0.8682315976016023E+000  0.9170192148115796E+000 -0.8743689070784942E-001  0.2435487853277592E+000
 0.2670968500000000E+000  0.1549235300000000E+001 -0.1092407619498248E+001  0.8564020746009127E+000  0.9026002857801866E+000 -0.9098744572200379E-001  0.2582167723504686E+000
 0.2846128000000000E+000  0.1549235300000000E+001 -0.1080293028835190E+001  0.8445511839577488E+000  0.8887071016975389E+000 -0.9482832699764497E-001  0.2724842372165951E+000
 0.3025536600000000E+000  0.1549235300000000E+001 -0.1068127123736903E+001  0.8325291937485739E+000  0.8751152561910059E+000 -0.9890415446185309E-001  0.2860670138461467E+000
 0.3208866600000000E+000  0.1549235300000000E+001 -0.1055494831678723E+001  0.8201661433369426E+000  0.8615901751932410E+000 -0.1031502339007028E+000  0.2986384288374972E+000
 0.3395755000000000E+000  0.1549235300000000E+001 -0.1041941670391501E+001  0.8072738728857577E+000  0.8478872451979300E+000 -0.1074927426811544E+000  0.3098323881783243E+000
 0.3585805500000000E+000  0.1549235300000000E+001 -0.1026983435740492E+001  0.7936502750519049E+000  0.8337533089254813E+000 -0.1118489728648898E+000  0.3192523044659275E+000
 0.3778591900000000E+000  0.1549235300000000E+001 -0.1010125255397719E+001  0.7790864940019225E+000  0.8189305371832281E+000 -0.1161278286477073E+000  0.3264876058616376E+000
 0.3973661100000000E+000  0.1549235300000000E+001 -0.9908916571100477E+000  0.7633777023924215E+000  0.8031637276888584E+000 -0.1202307151957081E+000  0.3311386082789340E+000
 0.4170537000000000E+000  0.1549235300000000E+001 -0.9688667485123421E+000  0.7463372569893738E+000  0.7862114054893354E+000 -0.1240530244767492E+000  0.3328491100070764E+000
 0.4368725300000000E+000  0.1549235300000000E+001 -0.9437402755051144E+000  0.7278131950971140E+000  0.7678603991638493E+000 -0.1274863656336394E+000  0.3313436093393461E+000
 0.4567718400000000E+000  0.1549235300000000E+001 -0.9153518689631489E+000  0.7077050898894605E+000  0.7479425972314878E+000 -0.1304216185845271E+000  0.3264635829679443E+000
 0.4767000000000000E+000  0.1549235300000000E+001 -0.8837236793638786E+000  0.6859785228055156E+000  0.7263515652585121E+000 -0.1327528202615327E+000  0.3181957729295791E+000
 0.4966051100000000E+000  0.1549235300000000E+001 -0.8490721201177869E+000  0.6626741033757692E+000  0.7030558782124117E+000 -0.1343817978677902E+000  0.3066857250120319E+000
 0.5164355000000000E+000  0.1549235300000000E+001 -0.8117943498856736E+000  0.6379091545517609E+000  0.6781066006812312E+000 -0.1352232572980041E+000  0.2922326557371462E+000
 0.5361402700000000E+000  0.1549235300000000E+001 -0.7724310789319145E+000  0.6118712993289696E+000  0.6516369940315512E+000 -0.1352099521290703E+000  0.2752659894572090E+000
 0.5556698200000000E+000  0.1549235300000000E+001 -0.7316135275200201E+000  0.5848050645563336E+000  0.6238542694231933E+000 -0.1342974188135652E+000  0.2563082185007035E+000
 0.5749763200000000E+000  0.1549235300000000E+001 -0.6900055010030823E+000  0.5569939491883491E+000  0.5950247988823076E+000 -0.1324677372985011E+000  0.2359313889847112E+000
 0.5940141799999999E+000  0.1549235300000000E+001 -0.6482506831452003E+000  0.5287407843212394E+000  0.5654551102609831E+000 -0.1297318221253127E+000  0.2147145918926571E+000
 0.6127404500000000E+000  0.1549235300000000E+001 -0.6069321426056571E+000  0.5003491285778786E+000  0.5354715064767366E+000 -0.1261298841590773E+000  0.1932081443088897E+000
 0.6311151600000000E+000  0.1549235300000000E+001 -0.5665466591941732E+000  0.4721075702249884E+000  0.5054007350492002E+000 -0.1217299051195430E+000  0.1719073847322298E+000
 0.6491016200000000E+000  0.1549235300000000E+001 -0.5274929580111252E+000  0.4442778678122908E+000  0.4755534192528821E+000 -0.1166241907151201E+000  0.1512364854290489E+000
 0.6666666700000000E+000  0.1549235300000000E+001 -0.4900709914321621E+000  0.4170871179396084E+000  0.4462112283977737E+000 -0.1109242993738342E+000  0.1315410311989786E+000
 0.6837808000000000E+000  0.1549235300000000E+001 -0.4544889338747056E+000  0.3907237153470930E+000  0.4176182096634884E+000 -0.1047548626028457E+000  0.1130874089052946E+000
 0.7004183000000000E+000  0.1549235300000000E+001 -0.4208743428190297E+000  0.3653362191598903E+000  0.3899758113527340E+000 -0.9824685286406126E-001  0.9606669007497461E-001
 0.7165572700000000E+000  0.1549235300000000E+001 -0.3892873727197257E+000  0.3410346683051242E+000  0.3634413794588398E+000 -0.9153098503758858E-001  0.8060137273632823E-001
 0.7321796300000000E+000  0.1549235300000000E+001 -0.3597340565590471E+000  0.3178934496292934E+000  0.3381292502106938E+000 -0.8473177565642827E-001  0.6675346247779991E-001
 0.7472710500000000E+000  0.1549235300000000E+001 -0.3321787949866039E+000  0.2959552580461945E+000  0.3141138936338371E+000 -0.7796272504207606E-001  0.5453306195640412E-001
 0.7618208000000000E+000  0.1549235300000000E+001 -0.3065554976882201E+000  0.2752356723863469E+000  0.2914344587565998E+000 -0.7132288499759211E-001  0.4390690040807410E-001
 0.7758216500000000E+000  0.1549235300000000E+001 -0.2827769257621061E+000  0.2557277955221955E+000  0.2700999451038166E+000 -0.6489482368074392E-001  0.3480641139574325E-001
 0.7892696500000000E+000  0.1549235300000000E+001 -0.2607425275944744E+000  0.2374069346340385E+000  0.2500947961447059E+000 -0.5874397093085785E-001  0.2713537412777502E-001
 0.8021639100000000E+000  0.1549235300000000E+001 -0.2403446410146740E+000  0.2202349487399339E+000  0.2313843464309317E+000 -0.5291907671462940E-001  0.2077698350621874E-001
 0.8145064000000000E+000  0.1549235300000000E+001 -0.2214732030155986E+000  0.2041641092386496E+000  0.2139198254725450E+000 -0.4745349229866011E-001  0.1560036266179579E-001
 0.8263016600000000E+000  0.1549235300000000E+001 -0.2040193320432070E+000  0.1891405376868441E+000  0.1976428952506990E+000 -0.4236702733102905E-001  0.1146658178776362E-001
 0.8375565600000000E+000  0.1549235300000000E+001 -0.1878777616703364E+000  0.1751069948677484E+000  0.1824894157568438E+000 -0.3766804705932397E-001  0.8234102230083706E-002
 0.8482800500000000E+000  0.1549235300000000E+001 -0.1729484284249528E+000  0.1620051048940276E+000  0.1683924990503629E+000 -0.3335561705108271E-001  0.5763648600430982E-002
 0.8584829000000000E+000  0.1549235300000000E+001 -0.1591374007233233E+000  0.1497770449579205E+000  0.1552848742928143E+000 -0.2942153639514027E-001  0.3922440800098449E-002
 0.8681774200000000E+000  0.1549235300000000E+001 -0.1463573308130486E+000  0.1383667685893444E+000  0.1431006396654585E+000 -0.2585216434180958E-001  0.2587700021877743E-002
 0.8773772700000000E+000  0.1549235300000000E+001 -0.1345274343185632E+000  0.1277207094471319E+000  0.1317763561981070E+000 -0.2262995445204498E-001  0.1649327375551686E-002
 0.8860971700000000E+000  0.1549235300000000E+001 -0.1235733753406326E+000  0.1177882775783765E+000  0.1212518319797560E+000 -0.1973476166435629E-001  0.1011713850432329E-002
 0.8943527400000000E+000  0.1549235300000000E+001 -0.1134268522804498E+000  0.1085219650109523E+000  0.1114704165817465E+000 -0.1714485681682991E-001  0.5946139253857265E-003
 0.9021602500000000E+000  0.1549235300000000E+001 -0.1040252418990452E+000  0.9987739678856242E-001  0.1023791778848340E+000 -0.1483775782235473E-001  0.3331253598748736E-003
 0.9095365000000000E+000  0.1549235300000000E+001 -0.9531107600533821E-001  0.9181314476019224E-001  0.9392878067998359E-001 -0.1279084019858150E-001  0.1768411755870839E-003
 0.9164985600000000E+000  0.1549235300000000E+001 -0.8723171149355367E-001  0.8429065715115640E-001  0.8607345015966639E-001 -0.1098184216781681E-001  0.8833617308675805E-004
 0.9230637200000000E+000  0.1549235300000000E+001 -0.7973879303053098E-001  0.7727395387447368E-001  0.7877066197684066E-001 -0.9389191915770416E-002  0.4118332495978111E-004
 0.9292492700000000E+000  0.1549235300000000E+001 -0.7278796638322388E-001  0.7072952523154964E-001  0.7198102527993912E-001 -0.7992286511797668E-002  0.1774748012897853E-004
 0.9350724600000000E+000  0.1549235300000000E+001 -0.6633843610558754E-001  0.6462606540969382E-001  0.6566797962831757E-001 -0.6771649111140060E-002  0.6988581012998769E-005
 0.9405503300000000E+000  0.1549235300000000E+001 -0.6035272146189091E-001  0.5893437672002269E-001  0.5979766060635854E-001 -0.5709056282015965E-002  0.2480202044744077E-005
 0.9456996700000000E+000  0.1549235300000000E+001 -0.5479631324040152E-001  0.5362716782165787E-001  0.5433865037002009E-001 -0.4787587673782240E-002  0.7801498243640798E-006
 0.9505369100000000E+000  0.1549235300000000E+001 -0.4963745114748298E-001  0.4867895440618883E-001  0.4926183195950643E-001 -0.3991652470956134E-002  0.2131089055083168E-006
 0.9550781000000000E+000  0.1549235300000000E+001 -0.4484684249578350E-001  0.4406589277538421E-001  0.4454017439422106E-001 -0.3306970105187478E-002  0.4929755434745675E-007
 0.9593388200000000E+000  0.1549235300000000E+001 -0.4039749102762859E-001  0.3976570821321838E-001  0.4014861646265912E-001 -0.2720541225649227E-002  0.9359999511282286E-008
 0.9633341700000000E+000  0.1549235300000000E+001 -0.3626447185497673E-001  0.3575756167102671E-001  0.3606388946104531E-001 -0.2220589892914124E-002  0.1403499074345010E-008
 0.9670787100000000E+000  0.1549235300000000E+001 -0.3242478698339252E-001  0.3202198476847538E-001  0.3226441262344269E-001 -0.1796502329448064E-002  0.1589620424981130E-009
 0.9705864600000000E+000  0.1549235300000000E+001 -0.2885718328156745E-001  0.2854076979651204E-001  0.2873014575168668E-001 -0.1438750892285728E-002  0.1313657714629608E-010
 0.9738709000000000E+000  0.1549235300000000E+001 -0.2554199365668428E-001  0.2529687392416011E-001  0.2544245979522428E-001 -0.1138815923818851E-002  0.8341623165442435E-012
 0.9769449100000001E+000  0.1549235300000000E+001 -0.2246105829680961E-001  0.2227439446116685E-001  0.2238408269779129E-001 -0.8891119121692979E-003  0.5266905591718973E-013
 0.9798208200000000E+000  0.1549235300000000E+001 -0.1959755196748904E-001  0.1945844569496359E-001  0.1953894859842120E-001 -0.6829041030034111E-003  0.3497543575110422E-014
 0.9825103800000000E+000  0.1549235300000000E+001 -0.1693590766445821E-001  0.1683512397474944E-001  0.1689213956655455E-001 -0.5142351133060310E-003  0.1527862958252752E-015
 0.9850247900000000E+000  0.1549235300000000E+001 -0.1446169372457036E-001  0.1439142169989502E-001  0.1442977857650565E-001 -0.3778501440247365E-003  0.6153862090523314E-017
 0.9873746700000000E+000  0.1549235300000000E+001 -0.1216156221045395E-001  0.1211520651196704E-001  0.1213899116679402E-001 -0.2691299839232198E-003 -0.2695518940515670E-017
 0.9895701099999999E+000  0.1549235300000000E+001 -0.1002312885457023E-001  0.9995128056018038E-002  0.1000779713405139E-001 -0.1840238816108481E-003  0.2341792621876029E-017
 0.9916206800000000E+000  0.1549235300000000E+001 -0.8034901993360244E-002  0.8020567669746594E-002  0.8025049317563123E-002 -0.1189899938353448E-003 -0.1996582251050000E-017
 0.9935354199999999E+000  0.1549235300000000E+001 -0.6186238649348240E-002  0.6181607862501290E-002  0.6180398110862392E-002 -0.7094080491951133E-004  0.1352597783871831E-018
 0.9953228800000000E+000  0.1549235300000000E+001 -0.4467259054430583E-002  0.4468945750320542E-002  0.4464213359194442E-002 -0.3719149179792020E-004  0.7531717114346051E-019
 0.9969911299999999E+000  0.1549235300000000E+001 -0.2868796558520280E-002  0.2873792468507664E-002  0.2867540509260106E-002 -0.1541404989021253E-004  0.5544879892873869E-017
 0.9985477800000000E+000  0.1549235300000000E+001 -0.1382343201004750E-002  0.1387544877794238E-002  0.1382051565383158E-002 -0.3595454451795403E-005 -0.2135691852000137E-016
 0.1000000000000000E+001  0.1549235300000000E+001 -0.4394050080205303E-019 -0.9728975062898084E-019 -0.2778996318291345E-019  0.5959879359045384E-027  0.3104709117262208E-022

 0.0000000000000000E+000  0.1555259100000000E+001 -0.1520153337995052E+001  0.1111507387959084E+001  0.1352400695752047E+001 -0.7384992612692676E-001  0.5942152550408224E-001
 0.5783680700000000E-002  0.1555259100000000E+001 -0.1519125067948386E+001  0.1111036061633545E+001  0.1351362755819313E+001 -0.7384777279617311E-001  0.5959322398050437E-001
 0.1192781000000000E-001  0.1555259100000000E+001 -0.1515760974012237E+001  0.1109492890544347E+001  0.1347966704969580E+001 -0.7384015913009748E-001  0.6015823532510312E-001
 0.1844960300000000E-001  0.1555259100000000E+001 -0.1509659904751362E+001  0.1106688982868143E+001  0.1341806406305314E+001 -0.7382411581653915E-001  0.6119586578638821E-001
 0.2536636600000000E-001  0.1555259100000000E+001 -0.1500481409060415E+001  0.1102457123756485E+001  0.1332535593268559E+001 -0.7379462778981034E-001  0.6278923164617099E-001
 0.3269537900000000E-001  0.1555259100000000E+001 -0.1487996227198969E+001  0.1096672460444424E+001  0.1319918266373761E+001 -0.7374444981038644E-001  0.6502189296567165E-001
 0.4045376700000000E-001  0.1555259100000000E+001 -0.1472134676431369E+001  0.1089272356716587E+001  0.1303876995300162E+001 -0.7366468352006529E-001  0.6797380217475844E-001
 0.4865834800000000E-001  0.1555259100000000E+001 -0.1453021708421177E+001  0.1080270997635799E+001  0.1284527917023770E+001 -0.7354649109808917E-001  0.7171702041456555E-001
 0.5732546900000000E-001  0.1555259100000000E+001 -0.1430987722314448E+001  0.1069764599117960E+001  0.1262191530530669E+001 -0.7338407903021016E-001  0.7631180119779167E-001
 0.6647082500000000E-001  0.1555259100000000E+001 -0.1406548938146563E+001  0.1057925033747784E+001  0.1237373111288168E+001 -0.7317862393119917E-001  0.8180362006858179E-001
 0.7610926000000000E-001  0.1555259100000000E+001 -0.1380358966992920E+001  0.1044982721575684E+001  0.1210714399883374E+001 -0.7294228412323463E-001  0.8822153493041193E-001
 0.8625455200000000E-001  0.1555259100000000E+001 -0.1353141166045476E+001  0.1031202491809343E+001  0.1182926168639111E+001 -0.7270111334688263E-001  0.9557795057960296E-001
 0.9691918300000001E-001  0.1555259100000000E+001 -0.1325616082835395E+001  0.1016857593171397E+001  0.1154715984051212E+001 -0.7249580111021058E-001  0.1038695418874633E+000
 0.1081141000000000E+000  0.1555259100000000E+001 -0.1298438012529871E+001  0.1002206658627395E+001  0.1126725202919407E+001 -0.7237973455951438E-001  0.1130788757370529E+000
 0.1198484800000000E+000  0.1555259100000000E+001 -0.1272150182220749E+001  0.9874767008222775E+000  0.1099484734171983E+001 -0.7241467771467128E-001  0.1231762099386921E+000
 0.1321294200000000E+000  0.1555259100000000E+001 -0.1247161985792774E+001  0.9728532032198197E+000  0.1073393025424935E+001 -0.7266503395000351E-001  0.1341209262688421E+000
 0.1449617600000000E+000  0.1555259100000000E+001 -0.1223745541707919E+001  0.9584763097902307E+000  0.1048713570803387E+001 -0.7319193106801118E-001  0.1458624351203583E+000
 0.1583477400000000E+000  0.1555259100000000E+001 -0.1202046683155212E+001  0.9444418219062378E+000  0.1025587129509835E+001 -0.7404819569102157E-001  0.1583400898153091E+000
 0.1722868300000000E+000  0.1555259100000000E+001 -0.1182103287663191E+001  0.9308047412868364E+000  0.1004051598686285E+001 -0.7527484551841521E-001  0.1714823220028441E+000
 0.1867754200000000E+000  0.1555259100000000E+001 -0.1163865973980633E+001  0.9175841144718483E+000  0.9840646730098969E+000 -0.7689920969774766E-001  0.1852046995306563E+000
 0.2018066600000000E+000  0.1555259100000000E+001 -0.1147216763538833E+001  0.9047677192585756E+000  0.9655249310611210E+000 -0.7893444243933984E-001  0.1994072040178025E+000
 0.2173702200000000E+000  0.1555259100000000E+001 -0.1131983847173372E+001  0.8923161282877847E+000  0.9482895702978240E+000 -0.8137997465171017E-001  0.2139705762093718E+000
 0.2334521800000000E+000  0.1555259100000000E+001 -0.1117951365934474E+001  0.8801656321890893E+000  0.9321876866797063E+000 -0.8422247050034158E-001  0.2287520350950970E+000
 0.2500348700000000E+000  0.1555259100000000E+001 -0.1104864577063951E+001  0.8682301358328626E+000  0.9170294189349607E+000 -0.8743689442492521E-001  0.2435803914802793E+000
 0.2670968500000000E+000  0.1555259100000000E+001 -0.1092431036070172E+001  0.8564020409692039E+000  0.9026113447157245E+000 -0.9098747349432594E-001  0.2582510620258239E+000
 0.2846128000000000E+000  0.1555259100000000E+001 -0.1080319281663926E+001  0.8445526215182623E+000  0.8887191957585436E+000 -0.9482839237146284E-001  0.2725213272822601E+000
 0.3025536600000000E+000  0.1555259100000000E+001 -0.1068156484637452E+001  0.8325321446896620E+000  0.8751285460898546E+000 -0.9890427237537064E-001  0.2861069837853006E+000
 0.3208866600000000E+000  0.1555259100000000E+001 -0.1055527498591955E+001  0.8201706398993548E+000  0.8616047956892021E+000 -0.1031504205446829E+000  0.2986813020617877E+000
 0.3395755000000000E+000  0.1555259100000000E+001 -0.1041977737015538E+001  0.8072799266792925E+000  0.8479032966323171E+000 -0.1074930152351255E+000  0.3098781099056165E+000
 0.3585805500000000E+000  0.1555259100000000E+001 -0.1027022858114500E+001  0.7936578653983627E+000  0.8337708470004345E+000 -0.1118493490602892E+000  0.3193007179113257E+000
 0.3778591900000000E+000  0.1555259100000000E+001 -0.1010167820174398E+001  0.7790955564889860E+000  0.8189495619149474E+000 -0.1161283261182124E+000  0.3265384300243475E+000
 0.3973661100000000E+000  0.1555259100000000E+001 -0.9909369585523240E+000  0.7633881193873057E+000  0.8031841731136236E+000 -0.1202313505917846E+000  0.3311914221025015E+000
 0.4170537000000000E+000  0.1555259100000000E+001 -0.9689141826106049E+000  0.7463488522691766E+000  0.7862331322991489E+000 -0.1240538123521627E+000  0.3329033485849268E+000
 0.4368725300000000E+000  0.1555259100000000E+001 -0.9437890586425083E+000  0.7278257346803803E+000  0.7678831926874893E+000 -0.1274873171559283E+000  0.3313985772284669E+000
 0.4567718400000000E+000  0.1555259100000000E+001 -0.9154010843889760E+000  0.7077182903802064E+000  0.7479661727700943E+000 -0.1304227401751034E+000  0.3265184870054006E+000
 0.4767000000000000E+000  0.1555259100000000E+001 -0.8837723478597626E+000  0.6859920671132034E+000  0.7263755816166114E+000 -0.1327541123241030E+000  0.3182497724897319E+000
 0.4966051100000000E+000  0.1555259100000000E+001 -0.8491192838706272E+000  0.6626876619205099E+000  0.7030799585344223E+000 -0.1343832538004990E+000  0.3067379927224713E+000
 0.5164355000000000E+000  0.1555259100000000E+001 -0.8118391539382039E+000  0.6379224086229748E+000  0.6781303579323047E+000 -0.1352248629815050E+000  0.2922824383193853E+000
 0.5361402700000000E+000  0.1555259100000000E+001 -0.7724728350380546E+000  0.6118839627552846E+000  0.6516600573451150E+000 -0.1352116860372938E+000  0.2753126581567819E+000
 0.5556698200000000E+000  0.1555259100000000E+001 -0.7316517506252934E+000  0.5848169004371512E+000  0.6238763074693965E+000 -0.1342992528077619E+000  0.2563513016273758E+000
 0.5749763200000000E+000  0.1555259100000000E+001 -0.6900399163604022E+000  0.5570047798439155E+000  0.5950455373593184E+000 -0.1324696380606631E+000  0.2359705839880696E+000
 0.5940141799999999E+000  0.1555259100000000E+001 -0.6482812089255686E+000  0.5287504942336363E+000  0.5654743421123033E+000 -0.1297337530904152E+000  0.2147497590773747E+000
 0.6127404500000000E+000  0.1555259100000000E+001 -0.6069588566546261E+000  0.5003576613831661E+000  0.5354890949334294E+000 -0.1261318077357136E+000  0.1932392872865001E+000
 0.6311151600000000E+000  0.1555259100000000E+001 -0.5665697590094956E+000  0.4721149215024253E+000  0.5054166106712200E+000 -0.1217317849568768E+000  0.1719346235755387E+000
 0.6491016200000000E+000  0.1555259100000000E+001 -0.5275127211601952E+000  0.4442840755253240E+000  0.4755675726629128E+000 -0.1166259937801034E+000  0.1512600277433335E+000
 0.6666666700000000E+000  0.1555259100000000E+001 -0.4900877409291231E+000  0.4170922521114162E+000  0.4462237004522460E+000 -0.1109259976407178E+000  0.1315611447949719E+000
 0.6837808000000000E+000  0.1555259100000000E+001 -0.4545030105632128E+000  0.3907278681212323E+000  0.4176290805705629E+000 -0.1047564342191230E+000  0.1131043981656442E+000
 0.7004183000000000E+000  0.1555259100000000E+001 -0.4208860849980360E+000  0.3653394959458504E+000  0.3899851898659440E+000 -0.9824828273018263E-001  0.9608087678597736E-001
 0.7165572700000000E+000  0.1555259100000000E+001 -0.3892971022594134E+000  0.3410371803596669E+000  0.3634493929203738E+000 -0.9153226481353163E-001  0.8061308134336564E-001
 0.7321796300000000E+000  0.1555259100000000E+001 -0.3597420703024594E+000  0.3178953081625739E+000  0.3381360358895462E+000 -0.8473290327173078E-001  0.6676300924282752E-001
 0.7472710500000000E+000  0.1555259100000000E+001 -0.3321853601894168E+000  0.2959565697886052E+000  0.3141195915700024E+000 -0.7796370383180168E-001  0.5454074733950968E-001
 0.7618208000000000E+000  0.1555259100000000E+001 -0.3065608503807430E+000  0.2752365364658761E+000  0.2914392061499743E+000 -0.7132372260846964E-001  0.4391300399214894E-001
 0.7758216500000000E+000  0.1555259100000000E+001 -0.2827812711108462E+000  0.2557283014613615E+000  0.2701038721639322E+000 -0.6489553088888173E-001  0.3481118874468066E-001
 0.7892696500000000E+000  0.1555259100000000E+001 -0.2607460415646479E+000  0.2374071612744015E+000  0.2500980232599677E+000 -0.5874456049405899E-001  0.2713905510648432E-001
 0.8021639100000000E+000  0.1555259100000000E+001 -0.2403474728035400E+000  0.2202349639056158E+000  0.2313869824688308E+000 -0.5291956234962172E-001  0.2077977169010292E-001
 0.8145064000000000E+000  0.1555259100000000E+001 -0.2214754778736815E+000  0.2041639699663738E+000  0.2139219670073417E+000 -0.4745388783810851E-001  0.1560243556331643E-001
 0.8263016600000000E+000  0.1555259100000000E+001 -0.2040211542192627E+000  0.1891402908698686E+000  0.1976446265206516E+000 -0.4236734608317193E-001  0.1146809171153139E-001
 0.8375565600000000E+000  0.1555259100000000E+001 -0.1878792172940289E+000  0.1751066781775212E+000  0.1824908091580666E+000 -0.3766830136557281E-001  0.8235177611703103E-002
 0.8482800500000000E+000  0.1555259100000000E+001 -0.1729495882100567E+000  0.1620047478640901E+000  0.1683936159972340E+000 -0.3335581801952263E-001  0.5764395724215186E-002
 0.8584829000000000E+000  0.1555259100000000E+001 -0.1591383224222629E+000  0.1497766701338815E+000  0.1552857662987805E+000 -0.2942169377804126E-001  0.3922945808459453E-002
 0.8681774200000000E+000  0.1555259100000000E+001 -0.1463580613894041E+000  0.1383663926683566E+000  0.1431013495248942E+000 -0.2585228652223649E-001  0.2588031135488922E-002
 0.8773772700000000E+000  0.1555259100000000E+001 -0.1345280118281909E+000  0.1277203443500358E+000  0.1317769191755338E+000 -0.2263004850609190E-001  0.1649537241062822E-002
 0.8860971700000000E+000  0.1555259100000000E+001 -0.1235738305343122E+000  0.1177879314167269E+000  0.1212522769431895E+000 -0.1973483347098928E-001  0.1011841933209896E-002
 0.8943527400000000E+000  0.1555259100000000E+001 -0.1134272099480980E+000  0.1085216429281967E+000  0.1114707670365531E+000 -0.1714491119241697E-001  0.5946888584790548E-003
 0.9021602500000000E+000  0.1555259100000000E+001 -0.1040255219858066E+000  0.9987710166881246E-001  0.1023794528881807E+000 -0.1483779866363773E-001  0.3331671659149320E-003
 0.9095365000000000E+000  0.1555259100000000E+001 -0.9531129452910789E-001  0.9181287780936802E-001  0.9392899562839475E-001 -0.1279087062257132E-001  0.1768632849755116E-003
 0.9164985600000000E+000  0.1555259100000000E+001 -0.8723188129591918E-001  0.8429041836169801E-001  0.8607361745577757E-001 -0.1098186464191218E-001  0.8834717952364466E-004
 0.9230637200000000E+000  0.1555259100000000E+001 -0.7973892438740525E-001  0.7727374238988527E-001  0.7877079158463232E-001 -0.9389208374056818E-002  0.4118844039144464E-004
 0.9292492700000000E+000  0.1555259100000000E+001 -0.7278806750130952E-001  0.7072933962671465E-001  0.7198112518384830E-001 -0.7992298456308378E-002  0.1774967836661896E-004
 0.9350724600000000E+000  0.1555259100000000E+001 -0.6633851352452620E-001  0.6462590390347242E-001  0.6566805620959607E-001 -0.6771657697922384E-002  0.6989444421110716E-005
 0.9405503300000000E+000  0.1555259100000000E+001 -0.6035278038035806E-001  0.5893423733351650E-001  0.5979771895099412E-001 -0.5709062393057551E-002  0.2480507751102051E-005
 0.9456996700000000E+000  0.1555259100000000E+001 -0.5479635777988490E-001  0.5362704849436710E-001  0.5433869451955491E-001 -0.4787591976125925E-002  0.7802457814418977E-006
 0.9505369100000000E+000  0.1555259100000000E+001 -0.4963748456575915E-001  0.4867885307927265E-001  0.4926186511520717E-001 -0.3991655464671677E-002  0.2131350671440959E-006
 0.9550781000000000E+000  0.1555259100000000E+001 -0.4484686735933346E-001  0.4406580744993636E-001  0.4454019908280100E-001 -0.3306972161809586E-002  0.4930359563098448E-007
 0.9593388200000000E+000  0.1555259100000000E+001 -0.4039750935090472E-001  0.3976563698925228E-001  0.4014863467072876E-001 -0.2720542618660607E-002  0.9361144738120364E-008
 0.9633341700000000E+000  0.1555259100000000E+001 -0.3626448521261995E-001  0.3575750277213175E-001  0.3606390274387005E-001 -0.2220590821660014E-002  0.1403670555497282E-008
 0.9670787100000000E+000  0.1555259100000000E+001 -0.3242479660059840E-001  0.3202193655560894E-001  0.3226442219282796E-001 -0.1796502937726098E-002  0.1589814323531139E-009
 0.9705864600000000E+000  0.1555259100000000E+001 -0.2885719010666975E-001  0.2854073077395864E-001  0.2873015254678725E-001 -0.1438751282657275E-002  0.1313817975826022E-010
 0.9738709000000000E+000  0.1555259100000000E+001 -0.2554199841936403E-001  0.2529684273981464E-001  0.2544246453948914E-001 -0.1138816168528974E-002  0.8342613688990956E-012
 0.9769449100000001E+000  0.1555259100000000E+001 -0.2246106155471412E-001  0.2227436990268060E-001  0.2238408594468321E-001 -0.8891120614063391E-003  0.5267861451763770E-013
 0.9798208200000000E+000  0.1555259100000000E+001 -0.1959755414342296E-001  0.1945842668331503E-001  0.1953895076797258E-001 -0.6829041910851011E-003  0.3497326023819327E-014
 0.9825103800000000E+000  0.1555259100000000E+001 -0.1693590907602101E-001  0.1683510955600819E-001  0.1689214097455747E-001 -0.5142351632722881E-003  0.1574104065676958E-015
 0.9850247900000000E+000  0.1555259100000000E+001 -0.1446169460768794E-001  0.1439141103603842E-001  0.1442977945773051E-001 -0.3778501710123315E-003  0.3325839563597568E-017
 0.9873746700000000E+000  0.1555259100000000E+001 -0.1216156273801940E-001  0.1211519887118096E-001  0.1213899169341284E-001 -0.2691299976195633E-003  0.1385849029252685E-017
 0.9895701099999999E+000  0.1555259100000000E+001 -0.1002312915114558E-001  0.9995122803005506E-002  0.1000779743018999E-001 -0.1840238880166064E-003 -0.9745740887429212E-018
 0.9916206800000000E+000  0.1555259100000000E+001 -0.8034902146737990E-002  0.8020564256226562E-002  0.8025049470760498E-002 -0.1189899965146387E-003  0.8411383149941386E-018
 0.9935354199999999E+000  0.1555259100000000E+001 -0.6186238719604034E-002  0.6181605818106018E-002  0.6180398181054789E-002 -0.7094080587247327E-004 -0.5935145303225057E-019
 0.9953228800000000E+000  0.1555259100000000E+001 -0.4467259080976638E-002  0.4468944674040275E-002  0.4464213385723269E-002 -0.3719149206020717E-004 -0.3342211784878131E-019
 0.9969911299999999E+000  0.1555259100000000E+001 -0.2868796565572886E-002  0.2873792020727755E-002  0.2867540516309768E-002 -0.1541404993545271E-004 -0.2311792117778062E-017
 0.9985477800000000E+000  0.1555259100000000E+001 -0.1382343201796135E-002  0.1387544772981258E-002  0.1382051566174381E-002 -0.3595454454241705E-005  0.9118388323336033E-017
 0.1000000000000000E+001  0.1555259100000000E+001 -0.5777396604535316E-019 -0.1013971025958670E-018 -0.2932137813307344E-019  0.6476178545074949E-027  0.2949895383840052E-022

 0.0000000000000000E+000  0.1560840200000000E+001 -0.1520172907545252E+001  0.1111487818415180E+001  0.1352420011970516E+001 -0.7384992612692676E-001  0.5942575131186002E-001
 0.5783680700000000E-002  0.1560840200000000E+001 -0.1519144584862568E+001  0.1111016537008928E+001  0.1351382017428581E+001 -0.7384777376494088E-001  0.5959746219074946E-001
 0.1192781000000000E-001  0.1560840200000000E+001 -0.1515780319104082E+001  0.1109473512725976E+001  0.1347985788220212E+001 -0.7384016324525186E-001  0.6016251436072946E-001
 0.1844960300000000E-001  0.1560840200000000E+001 -0.1509678939736325E+001  0.1106669870704073E+001  0.1341825167274283E+001 -0.7382412554290749E-001  0.6120021984670543E-001
 0.2536636600000000E-001  0.1560840200000000E+001 -0.1500499981286155E+001  0.1102438409820920E+001  0.1332553872350978E+001 -0.7379464571695023E-001  0.6279370104110087E-001
 0.3269537900000000E-001  0.1560840200000000E+001 -0.1488014177536610E+001  0.1096654285504299E+001  0.1319935895882394E+001 -0.7374447839962224E-001  0.6502652423921357E-001
 0.4045376700000000E-001  0.1560840200000000E+001 -0.1472151850084545E+001  0.1089254862159426E+001  0.1303893809925954E+001 -0.7366472476990277E-001  0.6797864797819535E-001
 0.4865834800000000E-001  0.1560840200000000E+001 -0.1453037967674471E+001  0.1080254316676979E+001  0.1284543766179577E+001 -0.7354654616528497E-001  0.7172213912333676E-001
 0.5732546900000000E-001  0.1560840200000000E+001 -0.1431002959550635E+001  0.1069748848083897E+001  0.1262206290913144E+001 -0.7338414787597781E-001  0.7631725630938592E-001
 0.6647082500000000E-001  0.1560840200000000E+001 -0.1406563087114498E+001  0.1057910304903538E+001  0.1237386697649458E+001 -0.7317870508450158E-001  0.8180947946014241E-001
 0.7610926000000000E-001  0.1560840200000000E+001 -0.1380372010501486E+001  0.1044969078715982E+001  0.1210726772199952E+001 -0.7294237464956256E-001  0.8822787008166554E-001
 0.8625455200000000E-001  0.1560840200000000E+001 -0.1353153138983342E+001  0.1031189969226489E+001  0.1182937334588825E+001 -0.7270120907195689E-001  0.9558483587094337E-001
 0.9691918300000001E-001  0.1560840200000000E+001 -0.1325627070433140E+001  0.1016846197876359E+001  0.1154725996724132E+001 -0.7249589708126288E-001  0.1038770540639609E+000
 0.1081141000000000E+000  0.1560840200000000E+001 -0.1298448144739087E+001  0.1002196375093722E+001  0.1126734154643591E+001 -0.7237982565770736E-001  0.1130870935941407E+000
 0.1198484800000000E+000  0.1560840200000000E+001 -0.1272159625691644E+001  0.9874674972116050E+000  0.1099492747941550E+001 -0.7241475929145778E-001  0.1231852142446978E+000
 0.1321294200000000E+000  0.1560840200000000E+001 -0.1247170935074243E+001  0.9728450380402696E+000  0.1073400245565868E+001 -0.7266510236508732E-001  0.1341307998947759E+000
 0.1449617600000000E+000  0.1560840200000000E+001 -0.1223754211017356E+001  0.9584691381722075E+000  0.1048720154240749E+001 -0.7319198405053375E-001  0.1458732633280045E+000
 0.1583477400000000E+000  0.1560840200000000E+001 -0.1202055299585575E+001  0.9444356009507109E+000  0.1025593238543844E+001 -0.7404823250584250E-001  0.1583519606057916E+000
 0.1722868300000000E+000  0.1560840200000000E+001 -0.1182112086138901E+001  0.9307994342454219E+000  0.1004057395645956E+001 -0.7527486696959944E-001  0.1714953264242055E+000
 0.1867754200000000E+000  0.1560840200000000E+001 -0.1163875193820061E+001  0.9175796936913667E+000  0.9840703167438837E+000 -0.7689921802852645E-001  0.1852189317881013E+000
 0.2018066600000000E+000  0.1560840200000000E+001 -0.1147226646148794E+001  0.9047641679529362E+000  0.9655305749331223E+000 -0.7893444118985590E-001  0.1994227612119208E+000
 0.2173702200000000E+000  0.1560840200000000E+001 -0.1131994634194922E+001  0.8923134412178791E+000  0.9482953612184107E+000 -0.8137996852207033E-001  0.2139875574571868E+000
 0.2334521800000000E+000  0.1560840200000000E+001 -0.1117963297048967E+001  0.8801638153260763E+000  0.9321937646631580E+000 -0.8422246524571912E-001  0.2287705397439008E+000
 0.2500348700000000E+000  0.1560840200000000E+001 -0.1104877886599263E+001  0.8682292050229881E+000  0.9170359166890608E+000 -0.8743689678966296E-001  0.2436005160422189E+000
 0.2670968500000000E+000  0.1560840200000000E+001 -0.1092445947536272E+001  0.8564020195759995E+000  0.9026183868205344E+000 -0.9098749117621811E-001  0.2582728954251350E+000
 0.2846128000000000E+000  0.1560840200000000E+001 -0.1080335999367272E+001  0.8445535369669285E+000  0.8887268970440544E+000 -0.9482843399636011E-001  0.2725449439749084E+000
 0.3025536600000000E+000  0.1560840200000000E+001 -0.1068175181712810E+001  0.8325340238554363E+000  0.8751370089065126E+000 -0.9890434745553145E-001  0.2861324344269808E+000
 0.3208866600000000E+000  0.1560840200000000E+001 -0.1055548301135852E+001  0.8201735033246437E+000  0.8616141058625991E+000 -0.1031505393900319E+000  0.2987086016063114E+000
 0.3395755000000000E+000  0.1560840200000000E+001 -0.1042000704743153E+001  0.8072837817698483E+000  0.8479135180720980E+000 -0.1074931887852999E+000  0.3099072235144973E+000
 0.3585805500000000E+000  0.1560840200000000E+001 -0.1027047963073536E+001  0.7936626989989005E+000  0.8337820151902170E+000 -0.1118495886064803E+000  0.3193315457877179E+000
 0.3778591900000000E+000  0.1560840200000000E+001 -0.1010194926532374E+001  0.7791013275926222E+000  0.8189616768759926E+000 -0.1161286428894858E+000  0.3265707932619186E+000
 0.3973661100000000E+000  0.1560840200000000E+001 -0.9909658079388831E+000  0.7633947530926737E+000  0.8031971928474926E+000 -0.1202317551912428E+000  0.3312250525924236E+000
 0.4170537000000000E+000  0.1560840200000000E+001 -0.9689443903640255E+000  0.7463562363591849E+000  0.7862469680959442E+000 -0.1240543140478767E+000  0.3329378865943508E+000
 0.4368725300000000E+000  0.1560840200000000E+001 -0.9438201256931542E+000  0.7278337201505932E+000  0.7678977078386139E+000 -0.1274879230597413E+000  0.3314335798763327E+000
 0.4567718400000000E+000  0.1560840200000000E+001 -0.9154324268579549E+000  0.7077266967523556E+000  0.7479811859655430E+000 -0.1304234543765974E+000  0.3265534491619941E+000
 0.4767000000000000E+000  0.1560840200000000E+001 -0.8838033420707737E+000  0.6860006924471311E+000  0.7263908755626595E+000 -0.1327549350807904E+000  0.3182841587871139E+000
 0.4966051100000000E+000  0.1560840200000000E+001 -0.8491493197766679E+000  0.6626962963203022E+000  0.7030952932249172E+000 -0.1343841809086886E+000  0.3067712762282949E+000
 0.5164355000000000E+000  0.1560840200000000E+001 -0.8118676870059961E+000  0.6379308491149280E+000  0.6781454868783638E+000 -0.1352258854502600E+000  0.2923141392907841E+000
 0.5361402700000000E+000  0.1560840200000000E+001 -0.7724994269235499E+000  0.6118920270901215E+000  0.6516747443567456E+000 -0.1352127901589570E+000  0.2753423761625440E+000
 0.5556698200000000E+000  0.1560840200000000E+001 -0.7316760924097868E+000  0.5848244377464924E+000  0.6238903415391938E+000 -0.1343004206636280E+000  0.2563787362737006E+000
 0.5749763200000000E+000  0.1560840200000000E+001 -0.6900618330801724E+000  0.5570116769770326E+000  0.5950587438022604E+000 -0.1324708484338330E+000  0.2359955426080242E+000
 0.5940141799999999E+000  0.1560840200000000E+001 -0.6483006484916828E+000  0.5287566776296960E+000  0.5654865890721118E+000 -0.1297349826963083E+000  0.2147721527251427E+000
 0.6127404500000000E+000  0.1560840200000000E+001 -0.6069758686746581E+000  0.5003630951545331E+000  0.5355002953187870E+000 -0.1261330326362187E+000  0.1932591182837731E+000
 0.6311151600000000E+000  0.1560840200000000E+001 -0.5665844692928438E+000  0.4721196028413001E+000  0.5054267202700512E+000 -0.1217329820039768E+000  0.1719519684108618E+000
 0.6491016200000000E+000  0.1560840200000000E+001 -0.5275253065052704E+000  0.4442880286151301E+000  0.4755765855135336E+000 -0.1166271419386518E+000  0.1512750186458036E+000
 0.6666666700000000E+000  0.1560840200000000E+001 -0.4900984070711196E+000  0.4170955215510600E+000  0.4462316425827102E+000 -0.1109270790642995E+000  0.1315739523293294E+000
 0.6837808000000000E+000  0.1560840200000000E+001 -0.4545119745851544E+000  0.3907305125949771E+000  0.4176360030677954E+000 -0.1047574349924939E+000  0.1131152161807290E+000
 0.7004183000000000E+000  0.1560840200000000E+001 -0.4208935623557373E+000  0.3653415825844050E+000  0.3899911619934607E+000 -0.9824919323839031E-001  0.9608991020777670E-001
 0.7165572700000000E+000  0.1560840200000000E+001 -0.3893032979403735E+000  0.3410387800158578E+000  0.3634544957774102E+000 -0.9153307974605926E-001  0.8062053678584538E-001
 0.7321796300000000E+000  0.1560840200000000E+001 -0.3597471733512310E+000  0.3178964916581828E+000  0.3381403568950443E+000 -0.8473362131045231E-001  0.6676908810405645E-001
 0.7472710500000000E+000  0.1560840200000000E+001 -0.3321895408046747E+000  0.2959574050915104E+000  0.3141232199058475E+000 -0.7796432710074169E-001  0.5454564095109791E-001
 0.7618208000000000E+000  0.1560840200000000E+001 -0.3065642588732332E+000  0.2752370867017822E+000  0.2914422291880238E+000 -0.7132425597722120E-001  0.4391689038820191E-001
 0.7758216500000000E+000  0.1560840200000000E+001 -0.2827840381345522E+000  0.2557286236384817E+000  0.2701063728233642E+000 -0.6489598121972645E-001  0.3481423066198196E-001
 0.7892696500000000E+000  0.1560840200000000E+001 -0.2607482791762477E+000  0.2374073055988039E+000  0.2501000782049077E+000 -0.5874493591113016E-001  0.2714139891546446E-001
 0.8021639100000000E+000  0.1560840200000000E+001 -0.2403492760125622E+000  0.2202349735671390E+000  0.2313886610261728E+000 -0.5291987158761929E-001  0.2078154701945396E-001
 0.8145064000000000E+000  0.1560840200000000E+001 -0.2214769264395236E+000  0.2041638812852689E+000  0.2139233306751528E+000 -0.4745413970550285E-001  0.1560375544479711E-001
 0.8263016600000000E+000  0.1560840200000000E+001 -0.2040223145268836E+000  0.1891401337069695E+000  0.1976457289411146E+000 -0.4236754905443959E-001  0.1146905312489064E-001
 0.8375565600000000E+000  0.1560840200000000E+001 -0.1878801441898754E+000  0.1751064765212302E+000  0.1824916964321104E+000 -0.3766846329949398E-001  0.8235862337542353E-002
 0.8482800500000000E+000  0.1560840200000000E+001 -0.1729503267236243E+000  0.1620045205206600E+000  0.1683943272325465E+000 -0.3335594598948966E-001  0.5764871438012070E-002
 0.8584829000000000E+000  0.1560840200000000E+001 -0.1591389093292491E+000  0.1497764314597497E+000  0.1552863342981388E+000 -0.2942179399406970E-001  0.3923267360242247E-002
 0.8681774200000000E+000  0.1560840200000000E+001 -0.1463585265952246E+000  0.1383661532957726E+000  0.1431018015388211E+000 -0.2585236432244699E-001  0.2588241963658113E-002
 0.8773772700000000E+000  0.1560840200000000E+001 -0.1345283795659094E+000  0.1277201118698008E+000  0.1317772776596211E+000 -0.2263010839634659E-001  0.1649670867380614E-002
 0.8860971700000000E+000  0.1560840200000000E+001 -0.1235741203852223E+000  0.1177877109939886E+000  0.1212525602798268E+000 -0.1973487919484233E-001  0.1011923486419055E-002
 0.8943527400000000E+000  0.1560840200000000E+001 -0.1134274376977213E+000  0.1085214378380999E+000  0.1114709901932922E+000 -0.1714494581678403E-001  0.5947365700185099E-003
 0.9021602500000000E+000  0.1560840200000000E+001 -0.1040257003346147E+000  0.9987691374783123E-001  0.1023796280000536E+000 -0.1483782466983956E-001  0.3331937847045567E-003
 0.9095365000000000E+000  0.1560840200000000E+001 -0.9531143367679303E-001  0.9181270782536317E-001  0.9392913249942302E-001 -0.1279088999541723E-001  0.1768773624760446E-003
 0.9164985600000000E+000  0.1560840200000000E+001 -0.8723198941958331E-001  0.8429026630983179E-001  0.8607372398355262E-001 -0.1098187895255740E-001  0.8835418754098265E-004
 0.9230637200000000E+000  0.1560840200000000E+001 -0.7973900803040114E-001  0.7727360772475314E-001  0.7877087411387867E-001 -0.9389218854059099E-002  0.4119169748583370E-004
 0.9292492700000000E+000  0.1560840200000000E+001 -0.7278813188937870E-001  0.7072922144084111E-001  0.7198118879877650E-001 -0.7992306062108637E-002  0.1775107802601234E-004
 0.9350724600000000E+000  0.1560840200000000E+001 -0.6633856282187847E-001  0.6462580106268202E-001  0.6566810497355884E-001 -0.6771663165649314E-002  0.6989994168949171E-005
 0.9405503300000000E+000  0.1560840200000000E+001 -0.6035281789732018E-001  0.5893414857771118E-001  0.5979775610256269E-001 -0.5709066284328141E-002  0.2480702399841841E-005
 0.9456996700000000E+000  0.1560840200000000E+001 -0.5479638614086704E-001  0.5362697251149262E-001  0.5433872263223316E-001 -0.4787594715687899E-002  0.7803068790115496E-006
 0.9505369100000000E+000  0.1560840200000000E+001 -0.4963750584519058E-001  0.4867878855833419E-001  0.4926188622744097E-001 -0.3991657370950390E-002  0.2131517247242639E-006
 0.9550781000000000E+000  0.1560840200000000E+001 -0.4484688319145134E-001  0.4406575311810468E-001  0.4454021480350494E-001 -0.3306973471384055E-002  0.4930744222724737E-007
 0.9593388200000000E+000  0.1560840200000000E+001 -0.4039752101843463E-001  0.3976559163668789E-001  0.4014864626489976E-001 -0.2720543505674012E-002  0.9361873930889856E-008
 0.9633341700000000E+000  0.1560840200000000E+001 -0.3626449371823191E-001  0.3575746526768344E-001  0.3606391120184057E-001 -0.2220591413047608E-002  0.1403779743054484E-008
 0.9670787100000000E+000  0.1560840200000000E+001 -0.3242480272444889E-001  0.3202190585559713E-001  0.3226442828622821E-001 -0.1796503325052582E-002  0.1589937864891167E-009
 0.9705864600000000E+000  0.1560840200000000E+001 -0.2885719445262035E-001  0.2854070592597069E-001  0.2873015687363393E-001 -0.1438751531229738E-002  0.1313919965021789E-010
 0.9738709000000000E+000  0.1560840200000000E+001 -0.2554200145204671E-001  0.2529682288288191E-001  0.2544246756044596E-001 -0.1138816324350312E-002  0.8343266578963045E-012
 0.9769449100000001E+000  0.1560840200000000E+001 -0.2246106362921646E-001  0.2227435426482681E-001  0.2238408801217320E-001 -0.8891121564345053E-003  0.5268209230802525E-013
 0.9798208200000000E+000  0.1560840200000000E+001 -0.1959755552897004E-001  0.1945841457746409E-001  0.1953895214945555E-001 -0.6829042471721966E-003  0.3497692008873955E-014
 0.9825103800000000E+000  0.1560840200000000E+001 -0.1693590997484737E-001  0.1683510037473481E-001  0.1689214187111706E-001 -0.5142351950890630E-003  0.1565404758137460E-015
 0.9850247900000000E+000  0.1560840200000000E+001 -0.1446169517002164E-001  0.1439140424572299E-001  0.1442978001885901E-001 -0.3778501881971557E-003  0.3864175211270290E-017
 0.9873746700000000E+000  0.1560840200000000E+001 -0.1216156307395178E-001  0.1211519400583537E-001  0.1213899202874245E-001 -0.2691300063409553E-003  0.6063818236089140E-018
 0.9895701099999999E+000  0.1560840200000000E+001 -0.1002312933999275E-001  0.9995119458099236E-002  0.1000779761875905E-001 -0.1840238920955904E-003 -0.3437241136963743E-018
 0.9916206800000000E+000  0.1560840200000000E+001 -0.8034902244402745E-002  0.8020562082634708E-002  0.8025049568310389E-002 -0.1189899982207931E-003  0.2991915986508490E-018
 0.9935354199999999E+000  0.1560840200000000E+001 -0.6186238764340100E-002  0.6181604516317381E-002  0.6180398225750490E-002 -0.7094080647938770E-004 -0.2009174130287417E-019
 0.9953228800000000E+000  0.1560840200000000E+001 -0.4467259097880100E-002  0.4468943988708959E-002  0.4464213402615752E-002 -0.3719149222731806E-004 -0.1125854622231436E-019
 0.9969911299999999E+000  0.1560840200000000E+001 -0.2868796570063698E-002  0.2873791735598908E-002  0.2867540520798712E-002 -0.1541404996430866E-004 -0.8315911447940117E-018
 0.9985477800000000E+000  0.1560840200000000E+001 -0.1382343202300057E-002  0.1387544706241285E-002  0.1382051566678206E-002 -0.3595454455796302E-005  0.3161023387714470E-017
 0.1000000000000000E+001  0.1560840200000000E+001 -0.4269352847898712E-019 -0.6587950837008110E-019 -0.2718202773254905E-019  0.6871942059001983E-027  0.2105397596552541E-022

 0.0000000000000000E+000  0.1566009500000000E+001 -0.1520183390758960E+001  0.1111477335204915E+001  0.1352430359481026E+001 -0.7384992612692676E-001  0.5942801484264987E-001
 0.5783680700000000E-002  0.1566009500000000E+001 -0.1519155039879113E+001  0.1111006077862126E+001  0.1351392335684970E+001 -0.7384777428388542E-001  0.5959973236486951E-001
 0.1192781000000000E-001  0.1566009500000000E+001 -0.1515790682075281E+001  0.1109463132223995E+001  0.1347996010929954E+001 -0.7384016544963633E-001  0.6016480640279735E-001
 0.1844960300000000E-001  0.1566009500000000E+001 -0.1509689136583151E+001  0.1106659632514313E+001  0.1341835217337939E+001 -0.7382413075307911E-001  0.6120255207544541E-001
 0.2536636600000000E-001  0.1566009500000000E+001 -0.1500509930232859E+001  0.1102428384963769E+001  0.1332563664268485E+001 -0.7379465532007279E-001  0.6279609504837108E-001
 0.3269537900000000E-001  0.1566009500000000E+001 -0.1488023793338139E+001  0.1096644549388741E+001  0.1319945339824193E+001 -0.7374449371417116E-001  0.6502900495614798E-001
 0.4045376700000000E-001  0.1566009500000000E+001 -0.1472161049817001E+001  0.1089245490526508E+001  0.1303902817336762E+001 -0.7366474686643674E-001  0.6798124360729854E-001
 0.4865834800000000E-001  0.1566009500000000E+001 -0.1453046677564458E+001  0.1080245380889440E+001  0.1284552256390927E+001 -0.7354657566346202E-001  0.7172488093327968E-001
 0.5732546900000000E-001  0.1566009500000000E+001 -0.1431011121948543E+001  0.1069740410456523E+001  0.1262214197872747E+001 -0.7338418475503442E-001  0.7632017831251191E-001
 0.6647082500000000E-001  0.1566009500000000E+001 -0.1406570666530586E+001  0.1057902414860969E+001  0.1237393975691467E+001 -0.7317874855645144E-001  0.8181261801483598E-001
 0.7610926000000000E-001  0.1566009500000000E+001 -0.1380378997727342E+001  0.1044961770430955E+001  0.1210733399885124E+001 -0.7294242314246778E-001  0.8823126347615484E-001
 0.8625455200000000E-001  0.1566009500000000E+001 -0.1353159552709377E+001  0.1031183261067132E+001  0.1182943316031284E+001 -0.7270126034975603E-001  0.9558852394736987E-001
 0.9691918300000001E-001  0.1566009500000000E+001 -0.1325632956317457E+001  0.1016840093596238E+001  0.1154731360364909E+001 -0.7249594849086674E-001  0.1038810779313362E+000
 0.1081141000000000E+000  0.1566009500000000E+001 -0.1298453572396286E+001  0.1002190866373307E+001  0.1126738949942981E+001 -0.7237987445705804E-001  0.1130914954600566E+000
 0.1198484800000000E+000  0.1566009500000000E+001 -0.1272164684395244E+001  0.9874625669933849E+000  0.1099497040787112E+001 -0.7241480299041433E-001  0.1231900373739161E+000
 0.1321294200000000E+000  0.1566009500000000E+001 -0.1247175729042650E+001  0.9728406640957018E+000  0.1073404113272147E+001 -0.7266513901360198E-001  0.1341360886788515E+000
 0.1449617600000000E+000  0.1566009500000000E+001 -0.1223758855005145E+001  0.9584652964636634E+000  0.1048723680871221E+001 -0.7319201243213458E-001  0.1458790634397222E+000
 0.1583477400000000E+000  0.1566009500000000E+001 -0.1202059915244747E+001  0.9444322684965171E+000  0.1025596511041202E+001 -0.7404825222670891E-001  0.1583583191860159E+000
 0.1722868300000000E+000  0.1566009500000000E+001 -0.1182116799317041E+001  0.9307965913590853E+000  0.1004060500968204E+001 -0.7527487846043110E-001  0.1715022922467970E+000
 0.1867754200000000E+000  0.1566009500000000E+001 -0.1163880132719173E+001  0.9175773255589453E+000  0.9840733399846423E+000 -0.7689922249095490E-001  0.1852265553191475E+000
 0.2018066600000000E+000  0.1566009500000000E+001 -0.1147231940090602E+001  0.9047622655822318E+000  0.9655335982478961E+000 -0.7893444052024087E-001  0.1994310944697102E+000
 0.2173702200000000E+000  0.1566009500000000E+001 -0.1132000412627956E+001  0.8923120018026918E+000  0.9482984633060829E+000 -0.8137996523814037E-001  0.2139966535415907E+000
 0.2334521800000000E+000  0.1566009500000000E+001 -0.1117969688373669E+001  0.8801628420658848E+000  0.9321970205287208E+000 -0.8422246243038121E-001  0.2287804518797811E+000
 0.2500348700000000E+000  0.1566009500000000E+001 -0.1104885016350340E+001  0.8682287064077782E+000  0.9170393974239991E+000 -0.8743689805570481E-001  0.2436112959375398E+000
 0.2670968500000000E+000  0.1566009500000000E+001 -0.1092453935455720E+001  0.8564020081232904E+000  0.9026221591630063E+000 -0.9098750064717774E-001  0.2582845907251109E+000
 0.2846128000000000E+000  0.1566009500000000E+001 -0.1080344954912363E+001  0.8445540273706943E+000  0.8887310225098898E+000 -0.9482845629292731E-001  0.2725575945762915E+000
 0.3025536600000000E+000  0.1566009500000000E+001 -0.1068185197644589E+001  0.8325350305156881E+000  0.8751415423270699E+000 -0.9890438767324307E-001  0.2861460674787923E+000
 0.3208866600000000E+000  0.1566009500000000E+001 -0.1055559445018788E+001  0.8201750372495078E+000  0.8616190932176357E+000 -0.1031506030517417E+000  0.2987232251337114E+000
 0.3395755000000000E+000  0.1566009500000000E+001 -0.1042013008581758E+001  0.8072858469305849E+000  0.8479189936015753E+000 -0.1074932817512166E+000  0.3099228188696826E+000
 0.3585805500000000E+000  0.1566009500000000E+001 -0.1027061411907357E+001  0.7936652883523312E+000  0.8337879979065006E+000 -0.1118497169251690E+000  0.3193480595241103E+000
 0.3778591900000000E+000  0.1566009500000000E+001 -0.1010209447605411E+001  0.7791044191750808E+000  0.8189681667939768E+000 -0.1161288125762719E+000  0.3265881295516300E+000
 0.3973661100000000E+000  0.1566009500000000E+001 -0.9909812628446054E+000  0.7633983067822357E+000  0.8032041674711793E+000 -0.1202319719261743E+000  0.3312430678174906E+000
 0.4170537000000000E+000  0.1566009500000000E+001 -0.9689605730322948E+000  0.7463601920423381E+000  0.7862543799044165E+000 -0.1240545827958797E+000  0.3329563880478683E+000
 0.4368725300000000E+000  0.1566009500000000E+001 -0.9438367687552890E+000  0.7278379980049139E+000  0.7679054835959634E+000 -0.1274882476307023E+000  0.3314523303021448E+000
 0.4567718400000000E+000  0.1566009500000000E+001 -0.9154492175039641E+000  0.7077312000929371E+000  0.7479892285406470E+000 -0.1304238369614187E+000  0.3265721779511065E+000
 0.4767000000000000E+000  0.1566009500000000E+001 -0.8838199461656661E+000  0.6860053130903931E+000  0.7263990685459891E+000 -0.1327553758175582E+000  0.3183025791276173E+000
 0.4966051100000000E+000  0.1566009500000000E+001 -0.8491654104860797E+000  0.6627009218200014E+000  0.7031035080387242E+000 -0.1343846775456287E+000  0.3067891058258757E+000
 0.5164355000000000E+000  0.1566009500000000E+001 -0.8118829725957292E+000  0.6379353707332115E+000  0.6781535914719558E+000 -0.1352264331710638E+000  0.2923311211323315E+000
 0.5361402700000000E+000  0.1566009500000000E+001 -0.7725136725531775E+000  0.6118963471921997E+000  0.6516826121974226E+000 -0.1352133816205585E+000  0.2753582957264632E+000
 0.5556698200000000E+000  0.1566009500000000E+001 -0.7316891325818268E+000  0.5848284755098255E+000  0.6238978595862177E+000 -0.1343010462670970E+000  0.2563934326339105E+000
 0.5749763200000000E+000  0.1566009500000000E+001 -0.6900735740660492E+000  0.5570153717860709E+000  0.5950658184748036E+000 -0.1324714968134026E+000  0.2360089125530636E+000
 0.5940141799999999E+000  0.1566009500000000E+001 -0.6483110623939893E+000  0.5287599900786423E+000  0.5654931497346687E+000 -0.1297356413785730E+000  0.2147841486111503E+000
 0.6127404500000000E+000  0.1566009500000000E+001 -0.6069849820792569E+000  0.5003660060201639E+000  0.5355062953180514E+000 -0.1261336887977024E+000  0.1932697413614656E+000
 0.6311151600000000E+000  0.1566009500000000E+001 -0.5665923496088076E+000  0.4721221106218391E+000  0.5054321359242234E+000 -0.1217336232444839E+000  0.1719612596630896E+000
 0.6491016200000000E+000  0.1566009500000000E+001 -0.5275320484564032E+000  0.4442901462681541E+000  0.4755814136321076E+000 -0.1166277569898724E+000  0.1512830489152660E+000
 0.6666666700000000E+000  0.1566009500000000E+001 -0.4901041208813043E+000  0.4170972729705517E+000  0.4462358971121821E+000 -0.1109276583661351E+000  0.1315808129938853E+000
 0.6837808000000000E+000  0.1566009500000000E+001 -0.4545167765553179E+000  0.3907319292200742E+000  0.4176397113784518E+000 -0.1047579710907676E+000  0.1131210110898271E+000
 0.7004183000000000E+000  0.1566009500000000E+001 -0.4208975679129619E+000  0.3653427003785409E+000  0.3899943611923301E+000 -0.9824968098256874E-001  0.9609474914306990E-001
 0.7165572700000000E+000  0.1566009500000000E+001 -0.3893066169018531E+000  0.3410396369359266E+000  0.3634572293113553E+000 -0.9153351629146038E-001  0.8062453043152173E-001
 0.7321796300000000E+000  0.1566009500000000E+001 -0.3597499069918024E+000  0.3178971256440112E+000  0.3381426715958190E+000 -0.8473400595107368E-001  0.6677234434867686E-001
 0.7472710500000000E+000  0.1566009500000000E+001 -0.3321917803020626E+000  0.2959578525537246E+000  0.3141251635490824E+000 -0.7796466097449271E-001  0.5454826228945420E-001
 0.7618208000000000E+000  0.1566009500000000E+001 -0.3065660847501560E+000  0.2752373814567761E+000  0.2914438485792630E+000 -0.7132454169276427E-001  0.4391897219075999E-001
 0.7758216500000000E+000  0.1566009500000000E+001 -0.2827855203828543E+000  0.2557287962253105E+000  0.2701077123824890E+000 -0.6489622245316375E-001  0.3481586010387353E-001
 0.7892696500000000E+000  0.1566009500000000E+001 -0.2607494778246884E+000  0.2374073829124904E+000  0.2501011790006967E+000 -0.5874513701450135E-001  0.2714265440406412E-001
 0.8021639100000000E+000  0.1566009500000000E+001 -0.2403502419574224E+000  0.2202349787440493E+000  0.2313895601966644E+000 -0.5292003724001652E-001  0.2078249799349850E-001
 0.8145064000000000E+000  0.1566009500000000E+001 -0.2214777024074049E+000  0.2041638337817143E+000  0.2139240611643688E+000 -0.4745427462551820E-001  0.1560446245212596E-001
 0.8263016600000000E+000  0.1566009500000000E+001 -0.2040229360796151E+000  0.1891400495189700E+000  0.1976463194846238E+000 -0.4236765778173397E-001  0.1146956811448673E-001
 0.8375565600000000E+000  0.1566009500000000E+001 -0.1878806407080841E+000  0.1751063684989851E+000  0.1824921717256191E+000 -0.3766855004389658E-001  0.8236229116497127E-002
 0.8482800500000000E+000  0.1566009500000000E+001 -0.1729507223290174E+000  0.1620043987383440E+000  0.1683947082254991E+000 -0.3335601454010010E-001  0.5765126257646063E-002
 0.8584829000000000E+000  0.1566009500000000E+001 -0.1591392237220191E+000  0.1497763036078280E+000  0.1552866385624769E+000 -0.2942184767748354E-001  0.3923439601649591E-002
 0.8681774200000000E+000  0.1566009500000000E+001 -0.1463587757952111E+000  0.1383660250697201E+000  0.1431020436721921E+000 -0.2585240599819552E-001  0.2588354895089578E-002
 0.8773772700000000E+000  0.1566009500000000E+001 -0.1345285765543338E+000  0.1277199873358416E+000  0.1317774696910810E+000 -0.2263014047813152E-001  0.1649742445089494E-002
 0.8860971700000000E+000  0.1566009500000000E+001 -0.1235742756514125E+000  0.1177875929189697E+000  0.1212527120564702E+000 -0.1973490368800890E-001  0.1011967170829915E-002
 0.8943527400000000E+000  0.1566009500000000E+001 -0.1134275596976662E+000  0.1085213279764322E+000  0.1114711097329368E+000 -0.1714496436421385E-001  0.5947621269393901E-003
 0.9021602500000000E+000  0.1566009500000000E+001 -0.1040257958716925E+000  0.9987681308326159E-001  0.1023797218031826E+000 -0.1483783860072189E-001  0.3332080431804323E-003
 0.9095365000000000E+000  0.1566009500000000E+001 -0.9531150821475812E-001  0.9181261676920872E-001  0.9392920581783828E-001 -0.1279090037296981E-001  0.1768849031486399E-003
 0.9164985600000000E+000  0.1566009500000000E+001 -0.8723204733872696E-001  0.8429018485949399E-001  0.8607378104781771E-001 -0.1098188661841191E-001  0.8835794141297245E-004
 0.9230637200000000E+000  0.1566009500000000E+001 -0.7973905283584780E-001  0.7727353558806541E-001  0.7877091832271739E-001 -0.9389224467932143E-002  0.4119344216035251E-004
 0.9292492700000000E+000  0.1566009500000000E+001 -0.7278816638043593E-001  0.7072915813168601E-001  0.7198122287568154E-001 -0.7992310136342795E-002  0.1775182775833718E-004
 0.9350724600000000E+000  0.1566009500000000E+001 -0.6633858922921429E-001  0.6462574597350670E-001  0.6566813109517143E-001 -0.6771666094570945E-002  0.6990288643121397E-005
 0.9405503300000000E+000  0.1566009500000000E+001 -0.6035283799419680E-001  0.5893410103350992E-001  0.5979777600370731E-001 -0.5709068368781738E-002  0.2480806664015998E-005
 0.9456996700000000E+000  0.1566009500000000E+001 -0.5479640133311660E-001  0.5362693180942765E-001  0.5433873769147272E-001 -0.4787596183200305E-002  0.7803396060973258E-006
 0.9505369100000000E+000  0.1566009500000000E+001 -0.4963751724403349E-001  0.4867875399613643E-001  0.4926189753672044E-001 -0.3991658392094129E-002  0.2131606474058315E-006
 0.9550781000000000E+000  0.1566009500000000E+001 -0.4484689167230766E-001  0.4406572401395130E-001  0.4454022322467970E-001 -0.3306974172888565E-002  0.4930950266813724E-007
 0.9593388200000000E+000  0.1566009500000000E+001 -0.4039752726842809E-001  0.3976556734249815E-001  0.4014865247559674E-001 -0.2720543980823396E-002  0.9362264526915954E-008
 0.9633341700000000E+000  0.1566009500000000E+001 -0.3626449827446741E-001  0.3575744517752771E-001  0.3606391573255575E-001 -0.2220591729837867E-002  0.1403838230716351E-008
 0.9670787100000000E+000  0.1566009500000000E+001 -0.3242480600483630E-001  0.3202188941040236E-001  0.3226443155030424E-001 -0.1796503532532636E-002  0.1590004081194105E-009
 0.9705864600000000E+000  0.1566009500000000E+001 -0.2885719678063292E-001  0.2854069261555284E-001  0.2873015919141299E-001 -0.1438751664383007E-002  0.1313974601500025E-010
 0.9738709000000000E+000  0.1566009500000000E+001 -0.2554200307657585E-001  0.2529681224604137E-001  0.2544246917869390E-001 -0.1138816407819484E-002  0.8343626729108527E-012
 0.9769449100000001E+000  0.1566009500000000E+001 -0.2246106474047342E-001  0.2227434588803621E-001  0.2238408911967386E-001 -0.8891122073386636E-003  0.5268286136156078E-013
 0.9798208200000000E+000  0.1566009500000000E+001 -0.1959755627117171E-001  0.1945840809267429E-001  0.1953895288948018E-001 -0.6829042772168662E-003  0.3498141263009106E-014
 0.9825103800000000E+000  0.1566009500000000E+001 -0.1693591045632543E-001  0.1683509545656410E-001  0.1689214235138087E-001 -0.5142352121328082E-003  0.1544218434003716E-015
 0.9850247900000000E+000  0.1566009500000000E+001 -0.1446169547124928E-001  0.1439140060832515E-001  0.1442978031944106E-001 -0.3778501974028710E-003  0.5169731318081104E-017
 0.9873746700000000E+000  0.1566009500000000E+001 -0.1216156325390203E-001  0.1211519139959483E-001  0.1213899220836981E-001 -0.2691300110129165E-003 -0.1277367061807167E-017
 0.9895701099999999E+000  0.1566009500000000E+001 -0.1002312944115322E-001  0.9995117666319256E-002  0.1000779771977055E-001 -0.1840238942806589E-003  0.1186997495841173E-017
 0.9916206800000000E+000  0.1566009500000000E+001 -0.8034902296719220E-002  0.8020560918298031E-002  0.8025049620565326E-002 -0.1189899991348412E-003 -0.1010420176236076E-017
 0.9935354199999999E+000  0.1566009500000000E+001 -0.6186238788304067E-002  0.6181603818983457E-002  0.6180398249692833E-002 -0.7094080680462751E-004  0.6932510940913290E-019
 0.9953228800000000E+000  0.1566009500000000E+001 -0.4467259106934854E-002  0.4468943621594913E-002  0.4464213411664618E-002 -0.3719149231695262E-004  0.3884308090151221E-019
 0.9969911299999999E+000  0.1566009500000000E+001 -0.2868796572469309E-002  0.2873791582862057E-002  0.2867540523203324E-002 -0.1541404997982891E-004  0.2796131127393830E-017
 0.9985477800000000E+000  0.1566009500000000E+001 -0.1382343202569998E-002  0.1387544670491251E-002  0.1382051566948097E-002 -0.3595454456626616E-005 -0.1081016796267677E-016
 0.1000000000000000E+001  0.1566009500000000E+001 -0.3348681772502747E-019 -0.5282424292213285E-019 -0.2574819492786908E-019  0.5093266848067112E-027  0.9202222845120781E-023

 0.0000000000000000E+000  0.1570796300000000E+001 -0.1520186542791402E+001  0.1111474183173593E+001  0.1352433470711509E+001 -0.7384992612692673E-001  0.5942869540180996E-001
 0.5783680700000000E-002  0.1570796300000000E+001 -0.1519158183433304E+001  0.1111002933066125E+001  0.1351395438119433E+001 -0.7384777443991679E-001  0.5960041492143259E-001
 0.1192781000000000E-001  0.1570796300000000E+001 -0.1515793797953530E+001  0.1109460011074756E+001  0.1347999084635773E+001 -0.7384016611242943E-001  0.6016549553424251E-001
 0.1844960300000000E-001  0.1570796300000000E+001 -0.1509692202511635E+001  0.1106656554155221E+001  0.1341838239133114E+001 -0.7382413231962343E-001  0.6120325328953550E-001
 0.2536636600000000E-001  0.1570796300000000E+001 -0.1500512921623531E+001  0.1102425370749058E+001  0.1332566608445172E+001 -0.7379465820744781E-001  0.6279681483698102E-001
 0.3269537900000000E-001  0.1570796300000000E+001 -0.1488026684559837E+001  0.1096641621992165E+001  0.1319948179372794E+001 -0.7374449831880420E-001  0.6502975081515208E-001
 0.4045376700000000E-001  0.1570796300000000E+001 -0.1472163815936503E+001  0.1089242672721604E+001  0.1303905525630866E+001 -0.7366475351021409E-001  0.6798202401615555E-001
 0.4865834800000000E-001  0.1570796300000000E+001 -0.1453049296399916E+001  0.1080242694133228E+001  0.1284554809175545E+001 -0.7354658453269830E-001  0.7172570529333711E-001
 0.5732546900000000E-001  0.1570796300000000E+001 -0.1431013576166179E+001  0.1069737873485433E+001  0.1262216575287673E+001 -0.7338419584348843E-001  0.7632105685004685E-001
 0.6647082500000000E-001  0.1570796300000000E+001 -0.1406572945459596E+001  0.1057900042535604E+001  0.1237396164006238E+001 -0.7317876162720065E-001  0.8181356166150623E-001
 0.7610926000000000E-001  0.1570796300000000E+001 -0.1380381098599093E+001  0.1044959573025973E+001  0.1210735392653640E+001 -0.7294243772287784E-001  0.8823228374386875E-001
 0.8625455200000000E-001  0.1570796300000000E+001 -0.1353161481143721E+001  0.1031181244105094E+001  0.1182945114490720E+001 -0.7270127576750872E-001  0.9558963281526531E-001
 0.9691918300000001E-001  0.1570796300000000E+001 -0.1325634726042737E+001  0.1016838258205453E+001  0.1154732973066914E+001 -0.7249596394825475E-001  0.1038822877594850E+000
 0.1081141000000000E+000  0.1570796300000000E+001 -0.1298455204343932E+001  0.1002189210052015E+001  0.1126740391759140E+001 -0.7237988912962245E-001  0.1130928189388759E+000
 0.1198484800000000E+000  0.1570796300000000E+001 -0.1272166205407596E+001  0.9874610846125530E+000  0.1099498331528232E+001 -0.7241481612943960E-001  0.1231914875117286E+000
 0.1321294200000000E+000  0.1570796300000000E+001 -0.1247177170455565E+001  0.9728393489715376E+000  0.1073405276184795E+001 -0.7266515003276208E-001  0.1341376788228330E+000
 0.1449617600000000E+000  0.1570796300000000E+001 -0.1223760251322422E+001  0.9584641413684754E+000  0.1048724741231155E+001 -0.7319202096566801E-001  0.1458808073223512E+000
 0.1583477400000000E+000  0.1570796300000000E+001 -0.1202061303044090E+001  0.9444312665201647E+000  0.1025597494989859E+001 -0.7404825815620200E-001  0.1583602309812735E+000
 0.1722868300000000E+000  0.1570796300000000E+001 -0.1182118216437703E+001  0.9307957365822463E+000  0.1004061434651612E+001 -0.7527488191538012E-001  0.1715043866197720E+000
 0.1867754200000000E+000  0.1570796300000000E+001 -0.1163881617708405E+001  0.9175766135273908E+000  0.9840742489882603E+000 -0.7689922383265359E-001  0.1852288474438693E+000
 0.2018066600000000E+000  0.1570796300000000E+001 -0.1147233531832453E+001  0.9047616935922322E+000  0.9655345072737802E+000 -0.7893444031886764E-001  0.1994335999870749E+000
 0.2173702200000000E+000  0.1570796300000000E+001 -0.1132002150044784E+001  0.8923115690105414E+000  0.9482993960170082E+000 -0.8137996425070128E-001  0.2139993884178890E+000
 0.2334521800000000E+000  0.1570796300000000E+001 -0.1117971610072934E+001  0.8801625494336897E+000  0.9321979994768558E+000 -0.8422246158381573E-001  0.2287834321191088E+000
 0.2500348700000000E+000  0.1570796300000000E+001 -0.1104887160078131E+001  0.8682285564884382E+000  0.9170404439848920E+000 -0.8743689843627277E-001  0.2436145370881559E+000
 0.2670968500000000E+000  0.1570796300000000E+001 -0.1092456337216725E+001  0.8564020046807633E+000  0.9026232934033548E+000 -0.9098750349470784E-001  0.2582881071139841E+000
 0.2846128000000000E+000  0.1570796300000000E+001 -0.1080347647619249E+001  0.8445541748234301E+000  0.8887322629262668E+000 -0.9482846299672944E-001  0.2725613982009075E+000
 0.3025536600000000E+000  0.1570796300000000E+001 -0.1068188209190185E+001  0.8325353331938370E+000  0.8751429054062957E+000 -0.9890439976540241E-001  0.2861501665039723E+000
 0.3208866600000000E+000  0.1570796300000000E+001 -0.1055562795720149E+001  0.8201754984634438E+000  0.8616205927851655E+000 -0.1031506221928288E+000  0.2987276219743996E+000
 0.3395755000000000E+000  0.1570796300000000E+001 -0.1042016708063958E+001  0.8072864678749178E+000  0.8479206399530563E+000 -0.1074933097032393E+000  0.3099275079209872E+000
 0.3585805500000000E+000  0.1570796300000000E+001 -0.1027065455673988E+001  0.7936660669098998E+000  0.8337897967590260E+000 -0.1118497555067730E+000  0.3193530247178774E+000
 0.3778591900000000E+000  0.1570796300000000E+001 -0.1010213813781725E+001  0.7791053487424282E+000  0.8189701181525039E+000 -0.1161288635961138E+000  0.3265933420763075E+000
 0.3973661100000000E+000  0.1570796300000000E+001 -0.9909859098153072E+000  0.7633993752960053E+000  0.8032062645720313E+000 -0.1202320370921079E+000  0.3312484844915752E+000
 0.4170537000000000E+000  0.1570796300000000E+001 -0.9689654388359444E+000  0.7463613814279585E+000  0.7862566084592900E+000 -0.1240546636007453E+000  0.3329619509291399E+000
 0.4368725300000000E+000  0.1570796300000000E+001 -0.9438417729980048E+000  0.7278392842615348E+000  0.7679078215843704E+000 -0.1274883452200541E+000  0.3314579680525366E+000
 0.4567718400000000E+000  0.1570796300000000E+001 -0.9154542661274910E+000  0.7077325541492814E+000  0.7479916467570579E+000 -0.1304239519940261E+000  0.3265778092032766E+000
 0.4767000000000000E+000  0.1570796300000000E+001 -0.8838249386990632E+000  0.6860067024175903E+000  0.7264015319880434E+000 -0.1327555083349594E+000  0.3183081176417983E+000
 0.4966051100000000E+000  0.1570796300000000E+001 -0.8491702486534524E+000  0.6627023126073966E+000  0.7031059780451986E+000 -0.1343848268707874E+000  0.3067944667204506E+000
 0.5164355000000000E+000  0.1570796300000000E+001 -0.8118875686755972E+000  0.6379367302851963E+000  0.6781560283373739E+000 -0.1352265978558462E+000  0.2923362271273996E+000
 0.5361402700000000E+000  0.1570796300000000E+001 -0.7725179559318155E+000  0.6118976461517337E+000  0.6516849778755581E+000 -0.1352135594570922E+000  0.2753630823189173E+000
 0.5556698200000000E+000  0.1570796300000000E+001 -0.7316930534966558E+000  0.5848296895751298E+000  0.6239001200877913E+000 -0.1343012343692227E+000  0.2563978514363166E+000
 0.5749763200000000E+000  0.1570796300000000E+001 -0.6900771043349941E+000  0.5570164827313636E+000  0.5950679456619521E+000 -0.1324716917637156E+000  0.2360129325321612E+000
 0.5940141799999999E+000  0.1570796300000000E+001 -0.6483141936298529E+000  0.5287609860556142E+000  0.5654951223689232E+000 -0.1297358394266299E+000  0.2147877554421388E+000
 0.6127404500000000E+000  0.1570796300000000E+001 -0.6069877222773036E+000  0.5003668812490798E+000  0.5355080993720522E+000 -0.1261338860878049E+000  0.1932729354213594E+000
 0.6311151600000000E+000  0.1570796300000000E+001 -0.5665947190391498E+000  0.4721228646514741E+000  0.5054337642777597E+000 -0.1217338160482082E+000  0.1719640532755625E+000
 0.6491016200000000E+000  0.1570796300000000E+001 -0.5275340756020496E+000  0.4442907829948925E+000  0.4755828653262999E+000 -0.1166279419191293E+000  0.1512854633821059E+000
 0.6666666700000000E+000  0.1570796300000000E+001 -0.4901058388855903E+000  0.4170977995790787E+000  0.4462371763408651E+000 -0.1109278325464557E+000  0.1315828757911555E+000
 0.6837808000000000E+000  0.1570796300000000E+001 -0.4545182203885342E+000  0.3907323551636803E+000  0.4176408263716455E+000 -0.1047581322808838E+000  0.1131227534432759E+000
 0.7004183000000000E+000  0.1570796300000000E+001 -0.4208987722823612E+000  0.3653430364708009E+000  0.3899953231076061E+000 -0.9824982763386170E-001  0.9609620406187315E-001
 0.7165572700000000E+000  0.1570796300000000E+001 -0.3893076148276506E+000  0.3410398945897373E+000  0.3634580512124493E+000 -0.9153364754862202E-001  0.8062573119599264E-001
 0.7321796300000000E+000  0.1570796300000000E+001 -0.3597507289254898E+000  0.3178973162670803E+000  0.3381433675641460E+000 -0.8473412160184123E-001  0.6677332339834774E-001
 0.7472710500000000E+000  0.1570796300000000E+001 -0.3321924536589773E+000  0.2959579870939155E+000  0.3141257479497871E+000 -0.7796476136101831E-001  0.5454905044191703E-001
 0.7618208000000000E+000  0.1570796300000000E+001 -0.3065666337417796E+000  0.2752374700818866E+000  0.2914443354857451E+000 -0.7132462759941476E-001  0.4391959812137109E-001
 0.7758216500000000E+000  0.1570796300000000E+001 -0.2827859660541781E+000  0.2557288481176913E+000  0.2701081151507865E+000 -0.6489629498525454E-001  0.3481635002376633E-001
 0.7892696500000000E+000  0.1570796300000000E+001 -0.2607498382249659E+000  0.2374074061588006E+000  0.2501015099792104E+000 -0.5874519748058192E-001  0.2714303188806981E-001
 0.8021639100000000E+000  0.1570796300000000E+001 -0.2403505323899394E+000  0.2202349803007986E+000  0.2313898305518891E+000 -0.5292008704696959E-001  0.2078278391977512E-001
 0.8145064000000000E+000  0.1570796300000000E+001 -0.2214779357189893E+000  0.2041638194989017E+000  0.2139242808017398E+000 -0.4745431519210094E-001  0.1560467502555616E-001
 0.8263016600000000E+000  0.1570796300000000E+001 -0.2040231229628025E+000  0.1891400242061671E+000  0.1976464970441847E+000 -0.4236769047290151E-001  0.1146972295450471E-001
 0.8375565600000000E+000  0.1570796300000000E+001 -0.1878807899968627E+000  0.1751063360198946E+000  0.1824923146327189E+000 -0.3766857612543078E-001  0.8236339394499135E-002
 0.8482800500000000E+000  0.1570796300000000E+001 -0.1729508412761438E+000  0.1620043621219907E+000  0.1683948227790749E+000 -0.3335603515127944E-001  0.5765202873230415E-002
 0.8584829000000000E+000  0.1570796300000000E+001 -0.1591393182508085E+000  0.1497762651665187E+000  0.1552867300459345E+000 -0.2942186381852300E-001  0.3923491388747124E-002
 0.8681774200000000E+000  0.1570796300000000E+001 -0.1463588507223904E+000  0.1383659865159209E+000  0.1431021164746426E+000 -0.2585241852887596E-001  0.2588388849690953E-002
 0.8773772700000000E+000  0.1570796300000000E+001 -0.1345286357829956E+000  0.1277199498921491E+000  0.1317775274293267E+000 -0.2263015012418470E-001  0.1649763966038221E-002
 0.8860971700000000E+000  0.1570796300000000E+001 -0.1235743223354033E+000  0.1177875574172947E+000  0.1212527576912556E+000 -0.1973491105238500E-001  0.1011980305220776E-002
 0.8943527400000000E+000  0.1570796300000000E+001 -0.1134275963794625E+000  0.1085212949442739E+000  0.1114711456749926E+000 -0.1714496994088017E-001  0.5947698110185440E-003
 0.9021602500000000E+000  0.1570796300000000E+001 -0.1040258245968759E+000  0.9987678281640226E-001  0.1023797500070184E+000 -0.1483784278932739E-001  0.3332123302079336E-003
 0.9095365000000000E+000  0.1570796300000000E+001 -0.9531153062612287E-001  0.9181258939131839E-001  0.9392922786252017E-001 -0.1279090349319322E-001  0.1768871703658197E-003
 0.9164985600000000E+000  0.1570796300000000E+001 -0.8723206475329984E-001  0.8429016036979112E-001  0.8607379820535371E-001 -0.1098188892330735E-001  0.8835907007100648E-004
 0.9230637200000000E+000  0.1570796300000000E+001 -0.7973906630751793E-001  0.7727351389870359E-001  0.7877093161500509E-001 -0.9389226155857088E-002  0.4119396672283503E-004
 0.9292492700000000E+000  0.1570796300000000E+001 -0.7278817675087336E-001  0.7072913909650289E-001  0.7198123312159566E-001 -0.7992311361343650E-002  0.1775205317652630E-004
 0.9350724600000000E+000  0.1570796300000000E+001 -0.6633859716911550E-001  0.6462572940982914E-001  0.6566813894916422E-001 -0.6771666975210075E-002  0.6990377181157298E-005
 0.9405503300000000E+000  0.1570796300000000E+001 -0.6035284403672985E-001  0.5893408673838405E-001  0.5979778198738957E-001 -0.5709068995514253E-002  0.2480838012584145E-005
 0.9456996700000000E+000  0.1570796300000000E+001 -0.5479640590097368E-001  0.5362691957152993E-001  0.5433874221933772E-001 -0.4787596624436832E-002  0.7803494459750753E-006
 0.9505369100000000E+000  0.1570796300000000E+001 -0.4963752067132583E-001  0.4867874360431455E-001  0.4926190093708375E-001 -0.3991658699120804E-002  0.2131633301333167E-006
 0.9550781000000000E+000  0.1570796300000000E+001 -0.4484689422224822E-001  0.4406571526320158E-001  0.4454022575667579E-001 -0.3306974383809182E-002  0.4931012216382001E-007
 0.9593388200000000E+000  0.1570796300000000E+001 -0.4039752914761459E-001  0.3976556003796203E-001  0.4014865434296794E-001 -0.2720544123685719E-002  0.9362381960089451E-008
 0.9633341700000000E+000  0.1570796300000000E+001 -0.3626449964439136E-001  0.3575743913702014E-001  0.3606391709480646E-001 -0.2220591825086314E-002  0.1403855813709722E-008
 0.9670787100000000E+000  0.1570796300000000E+001 -0.3242480699115074E-001  0.3202188446582603E-001  0.3226443253171436E-001 -0.1796503594914828E-002  0.1590023948413596E-009
 0.9705864600000000E+000  0.1570796300000000E+001 -0.2885719748059674E-001  0.2854068861350963E-001  0.2873015988829989E-001 -0.1438751704417547E-002  0.1313991028445127E-010
 0.9738709000000000E+000  0.1570796300000000E+001 -0.2554200356502334E-001  0.2529680904786236E-001  0.2544246966525285E-001 -0.1138816432915839E-002  0.8343724529590748E-012
 0.9769449100000001E+000  0.1570796300000000E+001 -0.2246106507459543E-001  0.2227434336938566E-001  0.2238408945266648E-001 -0.8891122226440917E-003  0.5268420781450899E-013
 0.9798208200000000E+000  0.1570796300000000E+001 -0.1959755649432991E-001  0.1945840614288896E-001  0.1953895311198383E-001 -0.6829042862507509E-003  0.3498044844200535E-014
 0.9825103800000000E+000  0.1570796300000000E+001 -0.1693591060109182E-001  0.1683509397781377E-001  0.1689214249578219E-001 -0.5142352172577738E-003  0.1554554450556710E-015
 0.9850247900000000E+000  0.1570796300000000E+001 -0.1446169556181964E-001  0.1439139951466552E-001  0.1442978040981732E-001 -0.3778502001710781E-003  0.4537137572173580E-017
 0.9873746700000000E+000  0.1570796300000000E+001 -0.1216156330800776E-001  0.1211519061597347E-001  0.1213899226237847E-001 -0.2691300124178124E-003 -0.3632728878417852E-018
 0.9895701099999999E+000  0.1570796300000000E+001 -0.1002312947156912E-001  0.9995117127582403E-002  0.1000779775014167E-001 -0.1840238949377241E-003  0.4451532247228195E-018
 0.9916206800000000E+000  0.1570796300000000E+001 -0.8034902312449240E-002  0.8020560568216227E-002  0.8025049636276841E-002 -0.1189899994097975E-003 -0.3749308480500944E-018
 0.9935354199999999E+000  0.1570796300000000E+001 -0.6186238795509348E-002  0.6181603609315627E-002  0.6180398256891604E-002 -0.7094080690258982E-004  0.2514534639997496E-019
 0.9953228800000000E+000  0.1570796300000000E+001 -0.4467259109657357E-002  0.4468943511213963E-002  0.4464213414385355E-002 -0.3719149234405053E-004  0.1398814201573194E-019
 0.9969911299999999E+000  0.1570796300000000E+001 -0.2868796573192601E-002  0.2873791536937748E-002  0.2867540523926310E-002 -0.1541404998457970E-004  0.1043354726277666E-017
 0.9985477800000000E+000  0.1570796300000000E+001 -0.1382343202651165E-002  0.1387544659743359E-002  0.1382051567029247E-002 -0.3595454456875293E-005 -0.3978274668361872E-017
 0.1000000000000000E+001  0.1570796300000000E+001  0.6645246637359455E-020  0.9917056073146634E-020  0.2989710160601161E-020 -0.2488194021150993E-028 -0.6026624761023054E-024

