 0.0000000000000000E+000  0.0000000000000000E+000 -0.1936466738358899E+001  0.1543218507835339E+001  0.1543219858394053E+001 -0.6792412197764045E-002  0.0000000000000000E+000
 0.2777777800000000E-003  0.0000000000000000E+000 -0.1936461020331621E+001  0.1543212918870104E+001  0.1543214268986579E+001 -0.6792100684421422E-002 -0.1601327119558012E-150
 0.8333333300000000E-003  0.0000000000000000E+000 -0.1936415468703708E+001  0.1543168401965119E+001  0.1543169750660554E+001 -0.6789688466708432E-002 -0.2553718970930669E-150
 0.1666666700000000E-002  0.0000000000000000E+000 -0.1936264637202919E+001  0.1543021106219705E+001  0.1543022453465941E+001 -0.6782582384761074E-002 -0.4333278092105061E-150
 0.2777777800000000E-002  0.0000000000000000E+000 -0.1935924711879181E+001  0.1542689822124420E+001  0.1542691165696864E+001 -0.6771686418338915E-002 -0.6328030815795618E-150
 0.4166666700000000E-002  0.0000000000000000E+000 -0.1935324364672427E+001  0.1542107280391330E+001  0.1542108633832665E+001 -0.6770926607151157E-002 -0.6511927634575115E-150
 0.5833333300000000E-002  0.0000000000000000E+000 -0.1934444311039472E+001  0.1541260474580891E+001  0.1541261889779876E+001 -0.6817250640107174E-002 -0.4548805398724986E-150
 0.7777777800000000E-002  0.0000000000000000E+000 -0.1933332381667739E+001  0.1540206583059366E+001  0.1540208133464647E+001 -0.6968577305254595E-002 -0.2117025169282129E-150
 0.1000000000000000E-001  0.0000000000000000E+000 -0.1932071982367422E+001  0.1539041937690424E+001  0.1539043623375774E+001 -0.7284868590718714E-002  0.3627783592680881E-151
 0.1250000000000000E-001  0.0000000000000000E+000 -0.1930730379808257E+001  0.1537850129200133E+001  0.1537851854432975E+001 -0.7807205358993436E-002  0.1305966321418620E-150
 0.1527777800000000E-001  0.0000000000000000E+000 -0.1929328832272650E+001  0.1536671626916813E+001  0.1536673286786427E+001 -0.8551183699840297E-002  0.2317051172536265E-151
 0.1833333300000000E-001  0.0000000000000000E+000 -0.1927843311567472E+001  0.1535504155189494E+001  0.1535505695707543E+001 -0.9513629338066191E-002 -0.1032682028067085E-150
 0.2166666700000000E-001  0.0000000000000000E+000 -0.1926219117885923E+001  0.1534317166568986E+001  0.1534318579659077E+001 -0.1068258213337515E-001 -0.9891560535470627E-151
 0.2527777800000000E-001  0.0000000000000000E+000 -0.1924384771825368E+001  0.1533065678514621E+001  0.1533066977287264E+001 -0.1204435744901501E-001  0.3665518162099739E-151
 0.2916666700000000E-001  0.0000000000000000E+000 -0.1922260543202699E+001  0.1531698773549169E+001  0.1531699975863243E+001 -0.1358692337708392E-001  0.4397669269385462E-151
 0.3333333300000000E-001  0.0000000000000000E+000 -0.1919762471144211E+001  0.1530163574914032E+001  0.1530164697022884E+001 -0.1530089698869965E-001  0.5776043700914095E-151
 0.3777777800000000E-001  0.0000000000000000E+000 -0.1916803803204421E+001  0.1528406594181013E+001  0.1528407649488739E+001 -0.1717943503881450E-001  0.3996585216600120E-150
 0.4250000000000000E-001  0.0000000000000000E+000 -0.1913295306410278E+001  0.1526373871595312E+001  0.1526374871087421E+001 -0.1921774307340405E-001  0.7052647855456329E-150
 0.4750000000000000E-001  0.0000000000000000E+000 -0.1909145235385347E+001  0.1524010680153115E+001  0.1524011633073328E+001 -0.2141254051806381E-001  0.4988456803761394E-150
 0.5277777800000000E-001  0.0000000000000000E+000 -0.1904259358801461E+001  0.1521261172417561E+001  0.1521262086752993E+001 -0.2376158505657009E-001  0.1428614040593089E-150
 0.5833333300000000E-001  0.0000000000000000E+000 -0.1898541203077869E+001  0.1518068119915253E+001  0.1518069002591860E+001 -0.2626328488357369E-001  0.6349259728785071E-151
 0.6416666700000000E-001  0.0000000000000000E+000 -0.1891892577228969E+001  0.1514372801068051E+001  0.1514373657841610E+001 -0.2891638910764038E-001  0.3098989938782304E-150
 0.7027777800000000E-001  0.0000000000000000E+000 -0.1884214415825537E+001  0.1510115062983585E+001  0.1510115898024091E+001 -0.3171973198963045E-001  0.4570023511386807E-150
 0.7666666699999999E-001  0.0000000000000000E+000 -0.1875407911313158E+001  0.1505233542659233E+001  0.1505234357837820E+001 -0.3467202605412965E-001  0.1465423054347438E-149
 0.8333333300000000E-001  0.0000000000000000E+000 -0.1865375948006980E+001  0.1499666058350134E+001  0.1499666852271467E+001 -0.3777167962713627E-001  0.9874553489468961E-150
 0.9027777800000000E-001  0.0000000000000000E+000 -0.1854024780580854E+001  0.1493350147792499E+001  0.1493350914677354E+001 -0.4101663985021020E-001  0.1637601351483372E-151
 0.9750000000000000E-001  0.0000000000000000E+000 -0.1841265943152834E+001  0.1486223759345819E+001  0.1486224487952475E+001 -0.4440424502857506E-001 -0.4144617096350905E-150
 0.1050000000000000E+000  0.0000000000000000E+000 -0.1827018287323733E+001  0.1478226058440825E+001  0.1478226731299896E+001 -0.4793109476449459E-001 -0.5559003618966554E-151
 0.1127777800000000E+000  0.0000000000000000E+000 -0.1811210106251713E+001  0.1469298348399297E+001  0.1469298941692945E+001 -0.5159292521558555E-001  0.1021451592048476E-150
 0.1208333300000000E+000  0.0000000000000000E+000 -0.1793781264354942E+001  0.1459385086762733E+001  0.1459385571165979E+001 -0.5538448773354652E-001 -0.4692943321110268E-150
 0.1291666700000000E+000  0.0000000000000000E+000 -0.1774685082668526E+001  0.1448434881665109E+001  0.1448435224351374E+001 -0.5929946204263174E-001 -0.4018588731149962E-150
 0.1377777800000000E+000  0.0000000000000000E+000 -0.1753890235939219E+001  0.1436401638407709E+001  0.1436401806201375E+001 -0.6333032594932052E-001  0.6269596430477703E-151
 0.1466666700000000E+000  0.0000000000000000E+000 -0.1731381997520302E+001  0.1423245495832389E+001  0.1423245459196843E+001 -0.6746830088694689E-001  0.2584577149417384E-150
 0.1558333300000000E+000  0.0000000000000000E+000 -0.1707163324137375E+001  0.1408933843970678E+001  0.1408933581247708E+001 -0.7170325195172153E-001  0.2374147509544194E-151
 0.1652777800000000E+000  0.0000000000000000E+000 -0.1681255186416063E+001  0.1393442078016498E+001  0.1393441579169450E+001 -0.7602364594937963E-001  0.4180719094578526E-151
 0.1750000000000000E+000  0.0000000000000000E+000 -0.1653696663843149E+001  0.1376754379536740E+001  0.1376753648693378E+001 -0.8041646589231713E-001 -0.5488259054369055E-151
 0.1850000000000000E+000  0.0000000000000000E+000 -0.1624544100788058E+001  0.1358864080304418E+001  0.1358863136635566E+001 -0.8486720171956616E-001 -0.1505665875659946E-150
 0.1952777800000000E+000  0.0000000000000000E+000 -0.1593870024735766E+001  0.1339773986535822E+001  0.1339772863389053E+001 -0.8935980211135786E-001  0.4072606696553825E-151
 0.2058333300000000E+000  0.0000000000000000E+000 -0.1561761483417653E+001  0.1319496411918992E+001  0.1319495154492584E+001 -0.9387665606971486E-001  0.2324957161404185E-150
 0.2166666700000000E+000  0.0000000000000000E+000 -0.1528317868524223E+001  0.1298052899586260E+001  0.1298051561661594E+001 -0.9839860150605083E-001  0.5099223071326985E-151
 0.2277777800000000E+000  0.0000000000000000E+000 -0.1493648797105969E+001  0.1275473939433307E+001  0.1275472579721814E+001 -0.1029048967841203E+000 -0.5595854747147768E-150
 0.2391666700000000E+000  0.0000000000000000E+000 -0.1457871404732599E+001  0.1251798217452984E+001  0.1251796895989760E+001 -0.1073732606162623E+000 -0.2459343440364201E-150
 0.2508333300000000E+000  0.0000000000000000E+000 -0.1421107968615755E+001  0.1227071938998926E+001  0.1227070713838998E+001 -0.1117798710453476E+000 -0.1883071659618560E-150
 0.2627777800000000E+000  0.0000000000000000E+000 -0.1383483290498694E+001  0.1201347822020289E+001  0.1201346746355019E+001 -0.1160994136681553E+000 -0.1308804265714964E-150
 0.2750000000000000E+000  0.0000000000000000E+000 -0.1345122623100124E+001  0.1174684259784714E+001  0.1174683379541133E+001 -0.1203050952957349E+000 -0.1124962135099742E-152
 0.2875000000000000E+000  0.0000000000000000E+000 -0.1306149395794385E+001  0.1147144141167117E+001  0.1147143493164939E+001 -0.1243687219508334E+000  0.7539432497297969E-151
 0.3002777800000000E+000  0.0000000000000000E+000 -0.1266683578035983E+001  0.1118793901912461E+001  0.1118793512670552E+001 -0.1282607518426948E+000 -0.1734709032356848E-153
 0.3133333300000000E+000  0.0000000000000000E+000 -0.1226840234462323E+001  0.1089702520357904E+001  0.1089702405628388E+001 -0.1319503828710540E+000 -0.6362329292755831E-151
 0.3266666700000000E+000  0.0000000000000000E+000 -0.1186728285539922E+001  0.1059940480757479E+001  0.1059940645804816E+001 -0.1354056734376899E+000  0.3002133805911559E-151
 0.3402777800000000E+000  0.0000000000000000E+000 -0.1146449918111325E+001  0.1029579061523808E+001  0.1029579502074489E+001 -0.1385936611290650E+000  0.9120362324959300E-152
 0.3541666700000000E+000  0.0000000000000000E+000 -0.1106099863692973E+001  0.9986894060743220E+000  0.9986901097861747E+000 -0.1414805529059813E+000 -0.9812984803642282E-151
 0.3683333300000000E+000  0.0000000000000000E+000 -0.1065765296573417E+001  0.9673419648168787E+000  0.9673429130617360E+000 -0.1440319236171938E+000 -0.7424164070164241E-151
 0.3827777800000000E+000  0.0000000000000000E+000 -0.1025525660422819E+001  0.9356058219034086E+000  0.9356069916542324E+000 -0.1462129815886759E+000 -0.2239918686989034E-151
 0.3975000000000000E+000  0.0000000000000000E+000 -0.9854530175615739E+000  0.9035483925350887E+000  0.9035497581738527E+000 -0.1479888635371057E+000 -0.5801348469058517E-151
 0.4125000000000000E+000  0.0000000000000000E+000 -0.9456121459910365E+000  0.8712349117151691E+000  0.8712364466331376E+000 -0.1493250087944121E+000 -0.1136884067795979E-150
 0.4277777800000000E+000  0.0000000000000000E+000 -0.9060610504765645E+000  0.8387282574423912E+000  0.8387299353568541E+000 -0.1501875766437339E+000 -0.3218323165309534E-151
 0.4433333300000000E+000  0.0000000000000000E+000 -0.8668514308469030E+000  0.8060887670406938E+000  0.8060905630045692E+000 -0.1505439360018485E+000  0.2852288808769815E-150
 0.4591666700000000E+000  0.0000000000000000E+000 -0.8280290976648139E+000  0.7733740428280779E+000  0.7733759339453187E+000 -0.1503632208383685E+000  0.3427884364670193E-150
 0.4752777800000000E+000  0.0000000000000000E+000 -0.7896346832453279E+000  0.7406390482131592E+000  0.7406410140945595E+000 -0.1496169517380776E+000 -0.8321181246697411E-151
 0.4916666700000000E+000  0.0000000000000000E+000 -0.7517040058366669E+000  0.7079359621414006E+000  0.7079379851475059E+000 -0.1482797244887784E+000 -0.1079585766618057E-150
 0.5083333300000000E+000  0.0000000000000000E+000 -0.7142687142929720E+000  0.6753143208835685E+000  0.6753163862016557E+000 -0.1463299626835988E+000 -0.4218501963986390E-151
 0.5247222200000000E+000  0.0000000000000000E+000 -0.6785488946906801E+000  0.6438754861643610E+000  0.6438775809404222E+000 -0.1438446602781960E+000  0.1669755486757412E-150
 0.5408333300000000E+000  0.0000000000000000E+000 -0.6444618138494865E+000  0.6135968824198067E+000  0.6135989972529068E+000 -0.1408679428508372E+000  0.1505687976594474E-150
 0.5566666700000000E+000  0.0000000000000000E+000 -0.6119279825040829E+000  0.5844524277726428E+000  0.5844545560449029E+000 -0.1374456324913740E+000 -0.1911826315499650E-150
 0.5722222200000000E+000  0.0000000000000000E+000 -0.5808716001650606E+000  0.5564136363223030E+000  0.5564157736235347E+000 -0.1336246916229853E+000 -0.1065506912112615E-150
 0.5875000000000000E+000  0.0000000000000000E+000 -0.5512205615091280E+000  0.5294502812808620E+000  0.5294524249257081E+000 -0.1294526571386853E+000  0.3571312455774527E-152
 0.6025000000000000E+000  0.0000000000000000E+000 -0.5229066157618816E+000  0.5035311402207929E+000  0.5035332888502747E+000 -0.1249771307741046E+000  0.5874368999169937E-151
 0.6172222200000000E+000  0.0000000000000000E+000 -0.4958652177385684E+000  0.4786244040537397E+000  0.4786265573109411E+000 -0.1202452744535958E+000  0.4627472147126162E-151
 0.6316666700000000E+000  0.0000000000000000E+000 -0.4700354064509109E+000  0.4546980524614672E+000  0.4547002107306499E+000 -0.1153033510734499E+000 -0.8898328120572582E-151
 0.6458333300000000E+000  0.0000000000000000E+000 -0.4453597187879409E+000  0.4317202084083566E+000  0.4317223726074171E+000 -0.1101963224542564E+000 -0.3965174652987205E-151
 0.6597222200000000E+000  0.0000000000000000E+000 -0.4217838902150390E+000  0.4096592447432540E+000  0.4096614161605235E+000 -0.1049674548305332E+000  0.3788789246729771E-151
 0.6733333300000000E+000  0.0000000000000000E+000 -0.3992567952674434E+000  0.3884840676330938E+000  0.3884862478005566E+000 -0.9965802188855094E-001  0.5483280782652448E-151
 0.6866666700000000E+000  0.0000000000000000E+000 -0.3777301787468426E+000  0.3681641638976994E+000  0.3681663544939646E+000 -0.9430701441775169E-001  0.3758995283092583E-151
 0.6997222200000000E+000  0.0000000000000000E+000 -0.3571585593305824E+000  0.3486697731224209E+000  0.3486719758997225E+000 -0.8895093788681284E-001 -0.1836174793649531E-150
 0.7125000000000000E+000  0.0000000000000000E+000 -0.3374989467999195E+000  0.3299718512635921E+000  0.3299740679941826E+000 -0.8362361109948528E-001 -0.2216209948307946E-150
 0.7250000000000000E+000  0.0000000000000000E+000 -0.3187107917661987E+000  0.3120422253742292E+000  0.3120444578121193E+000 -0.7835606898424946E-001  0.2661419638966585E-151
 0.7372222200000000E+000  0.0000000000000000E+000 -0.3007557707631854E+000  0.2948535672514693E+000  0.2948558171063962E+000 -0.7317646537776419E-001 -0.2598701594202926E-150
 0.7491666700000000E+000  0.0000000000000000E+000 -0.2835976467686716E+000  0.2783794161644745E+000  0.2783816850854114E+000 -0.6811003368323947E-001 -0.1036854204281569E-150
 0.7608333300000000E+000  0.0000000000000000E+000 -0.2672021952850109E+000  0.2625942453576510E+000  0.2625965349236603E+000 -0.6317910278228722E-001  0.3163475985145094E-150
 0.7722222200000000E+000  0.0000000000000000E+000 -0.2515369833118531E+000  0.2474733701772335E+000  0.2474756818940941E+000 -0.5840310050920452E-001 -0.2643220579130162E-150
 0.7833333300000000E+000  0.0000000000000000E+000 -0.2365713565190345E+000  0.2329930415171722E+000  0.2329953768181743E+000 -0.5379864646716043E-001  0.7985780619905131E-151
 0.7941666700000000E+000  0.0000000000000000E+000 -0.2222762663653847E+000  0.2191303722160800E+000  0.2191327324660943E+000 -0.4937962015333142E-001  0.4877288801134732E-150
 0.8047222200000000E+000  0.0000000000000000E+000 -0.2086242415268404E+000  0.2058633915083550E+000  0.2058657780101123E+000 -0.4515729234487589E-001 -0.8625888656353557E-151
 0.8149999999999999E+000  0.0000000000000000E+000 -0.1955892082944032E+000  0.1931709430791367E+000  0.1931733570813358E+000 -0.4114042545050665E-001 -0.3137979708136175E-150
 0.8250000000000000E+000  0.0000000000000000E+000 -0.1831465006504918E+000  0.1810327585336612E+000  0.1810352012400682E+000 -0.3733544445204265E-001 -0.7075918486970265E-151
 0.8347222200000000E+000  0.0000000000000000E+000 -0.1712727333684306E+000  0.1694293902033645E+000  0.1694318627828075E+000 -0.3374657412278245E-001  0.7156901657859766E-151
 0.8441666700000000E+000  0.0000000000000000E+000 -0.1599457339210811E+000  0.1583421942719438E+000  0.1583446978688565E+000 -0.3037600026814341E-001  0.2295399419428456E-150
 0.8533333300000000E+000  0.0000000000000000E+000 -0.1491445261205285E+000  0.1477533587519763E+000  0.1477558944971883E+000 -0.2722404913821701E-001  0.6469891880260164E-150
 0.8622222200000000E+000  0.0000000000000000E+000 -0.1388491872878113E+000  0.1376458024015011E+000  0.1376483714235525E+000 -0.2428933010138397E-001  0.4419692430422258E-150
 0.8708333300000000E+000  0.0000000000000000E+000 -0.1290408761563985E+000  0.1280032363062947E+000  0.1280058397427787E+000 -0.2156892727237614E-001  0.7448356779564075E-150
 0.8791666700000000E+000  0.0000000000000000E+000 -0.1197017232552930E+000  0.1188100866204810E+000  0.1188127256298694E+000 -0.1905854799882518E-001  0.5249049190022003E-150
 0.8872222200000000E+000  0.0000000000000000E+000 -0.1108148398736303E+000  0.1100515302251281E+000  0.1100542059987755E+000 -0.1675270011432249E-001 -0.6212342754107948E-151
 0.8950000000000000E+000  0.0000000000000000E+000 -0.1023641958008699E+000  0.1017133980802697E+000  0.1017161118552430E+000 -0.1464482832697275E-001 -0.6460308481450910E-150
 0.9025000000000000E+000  0.0000000000000000E+000 -0.9433465578859414E-001  0.9378223214165216E-001  0.9378498521394486E-001 -0.1272748593052770E-001  0.8632436393087903E-151
 0.9097222200000000E+000  0.0000000000000000E+000 -0.8671189687403734E-001  0.8624522246535520E-001  0.8624801620421957E-001 -0.1099246787740718E-001  0.2871159083779273E-150
 0.9166666700000000E+000  0.0000000000000000E+000 -0.7948237337478135E-001  0.7909018908167824E-001  0.7909302494520863E-001 -0.9430948939113828E-002 -0.9626698019458205E-150
 0.9233333300000000E+000  0.0000000000000000E+000 -0.7263332501333654E-001  0.7230560472136606E-001  0.7230848427343706E-001 -0.8033622179115405E-002 -0.4114355020446402E-150
 0.9297222200000000E+000  0.0000000000000000E+000 -0.6615267325759162E-001  0.6588050520244888E-001  0.6588343013215908E-001 -0.6790805148110410E-002  0.1461090020921531E-149
 0.9358333300000000E+000  0.0000000000000000E+000 -0.6002906453484738E-001  0.5980454376625786E-001  0.5980751590957984E-001 -0.5692568222108248E-002  0.2170163346066784E-149
 0.9416666700000000E+000  0.0000000000000000E+000 -0.5425179206891609E-001  0.5406792388061928E-001  0.5407094524578963E-001 -0.4728829465552898E-002  0.2297599562615895E-149
 0.9472222200000000E+000  0.0000000000000000E+000 -0.4881082044640379E-001  0.4866143277013180E-001  0.4866450556698799E-001 -0.3889459991743812E-002 -0.2693642396366945E-150
 0.9525000000000000E+000  0.0000000000000000E+000 -0.4369669300846998E-001  0.4357635757842473E-001  0.4357948425395971E-001 -0.3164361399263951E-002 -0.1682099316845201E-149
 0.9575000000000000E+000  0.0000000000000000E+000 -0.3890057873682655E-001  0.3880453918494895E-001  0.3880772246550660E-001 -0.2543557509606972E-002 -0.1035954671898846E-149
 0.9622222200000000E+000  0.0000000000000000E+000 -0.3441421255625730E-001  0.3433831933136450E-001  0.3434156227470674E-001 -0.2017261480736597E-002  0.7256611239577553E-150
 0.9666666700000000E+000  0.0000000000000000E+000 -0.3022987683042800E-001  0.3017052792831930E-001  0.3017383398834888E-001 -0.1575942588218481E-002 -0.3612555038972102E-150
 0.9708333300000000E+000  0.0000000000000000E+000 -0.2634042132614970E-001  0.2629450806890085E-001  0.2629788117671534E-001 -0.1210389449204444E-002 -0.5702714613689920E-150
 0.9747222200000000E+000  0.0000000000000000E+000 -0.2273918121321708E-001  0.2270403888614471E-001  0.2270748355524373E-001 -0.9117564061453690E-003  0.3286130480768607E-149
 0.9783333300000000E+000  0.0000000000000000E+000 -0.1942002755903682E-001  0.1939338989339837E-001  0.1939691135603100E-001 -0.6716171000925041E-003 -0.8282669158458181E-150
 0.9816666700000000E+000  0.0000000000000000E+000 -0.1637730697273426E-001  0.1635726438577845E-001  0.1636086877619619E-001 -0.4820020196201121E-003 -0.4467730073459654E-149
 0.9847222200000000E+000  0.0000000000000000E+000 -0.1360587473220851E-001  0.1359083562352325E-001  0.1359453022770254E-001 -0.3354382710174249E-003 -0.2019287771666223E-149
 0.9875000000000000E+000  0.0000000000000000E+000 -0.1110101945468589E-001  0.1108967438529837E-001  0.1109346799529422E-001 -0.2249778788761594E-003  0.4590511039525526E-150
 0.9900000000000000E+000  0.0000000000000000E+000 -0.8858516231532812E-002  0.8849804333216370E-002  0.8853707758581618E-002 -0.1442292225791355E-003  0.1351397730884216E-149
 0.9922222200000000E+000  0.0000000000000000E+000 -0.6874580844176539E-002  0.6867658270548786E-002  0.6871685076851551E-002 -0.8737908024433845E-004  0.6430542813052256E-150
 0.9941666700000000E+000  0.0000000000000000E+000 -0.5145861554451309E-002  0.5140072113640400E-002  0.5144239079300284E-002 -0.4921356191220831E-004 -0.4947100924740080E-151
 0.9958333300000000E+000  0.0000000000000000E+000 -0.3669467187604350E-002  0.3664312813272029E-002  0.3668642172325348E-002 -0.2513627498832154E-004 -0.1460549050163232E-150
 0.9972222200000000E+000  0.0000000000000000E+000 -0.2442898514513773E-002  0.2438071563000551E-002  0.2442532866327005E-002 -0.1118168508701299E-004 -0.3694264072376161E-151
 0.9983333300000000E+000  0.0000000000000000E+000 -0.1464104829840558E-002  0.1459331697051834E-002  0.1463973490394475E-002 -0.4028278625833533E-005  0.9779480505016145E-151
 0.9991666700000000E+000  0.0000000000000000E+000 -0.7314351400825194E-003  0.7275831776643071E-003  0.7314023606264107E-003 -0.1007591371363758E-005  0.1576562401792715E-150
 0.9997222200000000E+000  0.0000000000000000E+000 -0.2436785442762340E-003  0.2411594358688016E-003  0.2436749060938175E-003 -0.1119966719022648E-006  0.3888830027155292E-151
 0.1000000000000000E+001  0.0000000000000000E+000  0.1205434192951624E-027 -0.2236602913195048E-027  0.5783848862462419E-028  0.8369615197492923E-039  0.2283076232601399E-177

 0.0000000000000000E+000  0.1047197600000000E+000 -0.1936507683547011E+001  0.1543177561949154E+001  0.1543259064439397E+001 -0.6792412197764048E-002  0.1577292791197491E-002
 0.2777777800000000E-003  0.1047197600000000E+000 -0.1936501929328255E+001  0.1543172000685303E+001  0.1543253435276899E+001 -0.6792100745792958E-002  0.1578502144124594E-002
 0.8333333300000000E-003  0.1047197600000000E+000 -0.1936456090683466E+001  0.1543127704183740E+001  0.1543208601341497E+001 -0.6789689008989007E-002  0.1588172030860590E-002
 0.1666666700000000E-002  0.1047197600000000E+000 -0.1936304326249758E+001  0.1542981134725827E+001  0.1543060273883967E+001 -0.6782584424117780E-002  0.1620654680569174E-002
 0.2777777800000000E-002  0.1047197600000000E+000 -0.1935962398318734E+001  0.1542651467569765E+001  0.1542726748374430E+001 -0.6771691320654763E-002  0.1696554639606652E-002
 0.4166666700000000E-002  0.1047197600000000E+000 -0.1935358863378956E+001  0.1542071712690577E+001  0.1542140553655382E+001 -0.6770935000950792E-002  0.1840359898961146E-002
 0.5833333300000000E-002  0.1047197600000000E+000 -0.1934474991407540E+001  0.1541228826774041E+001  0.1541289127758863E+001 -0.6817261161949326E-002  0.2076275636265301E-002
 0.7777777800000000E-002  0.1047197600000000E+000 -0.1933359826073326E+001  0.1540179595924849E+001  0.1540230674364142E+001 -0.6968586888801944E-002  0.2423501915196599E-002
 0.1000000000000000E-001  0.1047197600000000E+000 -0.1932098160212149E+001  0.1539019840994041E+001  0.1539062559844526E+001 -0.7284874488027180E-002  0.2893308996920431E-002
 0.1250000000000000E-001  0.1047197600000000E+000 -0.1930758344981950E+001  0.1537832833539789E+001  0.1537869015057332E+001 -0.7807206837356184E-002  0.3489208655722468E-002
 0.1527777800000000E-001  0.1047197600000000E+000 -0.1929362344740977E+001  0.1536659046526125E+001  0.1536690795909877E+001 -0.8551182277350588E-002  0.4209272002197346E-002
 0.1833333300000000E-001  0.1047197600000000E+000 -0.1927886652381239E+001  0.1535496470732753E+001  0.1535525736484057E+001 -0.9513628337118043E-002  0.5048748634867315E-002
 0.2166666700000000E-001  0.1047197600000000E+000 -0.1926277095277230E+001  0.1534314968907222E+001  0.1534343357447619E+001 -0.1068258645414920E-001  0.6001890354488197E-002
 0.2527777800000000E-001  0.1047197600000000E+000 -0.1924462816981955E+001  0.1533070022551044E+001  0.1533098781624037E+001 -0.1204437379344775E-001  0.7062839582912075E-002
 0.2916666700000000E-001  0.1047197600000000E+000 -0.1922364818669809E+001  0.1531711185520652E+001  0.1531741264979394E+001 -0.1358696081775977E-001  0.8225878365046459E-002
 0.3333333300000000E-001  0.1047197600000000E+000 -0.1919899956187191E+001  0.1530186040844836E+001  0.1530218171824544E+001 -0.1530096775915533E-001  0.9485335199323255E-002
 0.3777777800000000E-001  0.1047197600000000E+000 -0.1916982343891150E+001  0.1528441541258388E+001  0.1528476308399286E+001 -0.1717955548081701E-001  0.1083535233792540E-001
 0.4250000000000000E-001  0.1047197600000000E+000 -0.1913523626099510E+001  0.1526424144784686E+001  0.1526462045924381E+001 -0.1921793471698708E-001  0.1226960816356107E-001
 0.4750000000000000E-001  0.1047197600000000E+000 -0.1909432902724641E+001  0.1524079512156905E+001  0.1524121007792206E+001 -0.2141283128445065E-001  0.1378104801697414E-001
 0.5277777800000000E-001  0.1047197600000000E+000 -0.1904616709395745E+001  0.1521352143473700E+001  0.1521397700072091E+001 -0.2376201057252324E-001  0.1536163511817904E-001
 0.5833333300000000E-001  0.1047197600000000E+000 -0.1898979210535733E+001  0.1518185103703121E+001  0.1518235234492222E+001 -0.2626388988710166E-001  0.1700213522691485E-001
 0.6416666700000000E-001  0.1047197600000000E+000 -0.1892422669616539E+001  0.1514519893345645E+001  0.1514575199170039E+001 -0.2891722891295831E-001  0.1869194153712759E-001
 0.7027777800000000E-001  0.1047197600000000E+000 -0.1884848234707051E+001  0.1510296490222951E+001  0.1510357701969178E+001 -0.3172087396497506E-001  0.2041894250510402E-001
 0.7666666699999999E-001  0.1047197600000000E+000 -0.1876157013462289E+001  0.1505453549114959E+001  0.1505521572226144E+001 -0.3467355105287902E-001  0.2216944840362353E-001
 0.8333333300000000E-001  0.1047197600000000E+000 -0.1866251453108118E+001  0.1499928771250034E+001  0.1500004731888152E+001 -0.3777368329869216E-001  0.2392817858868469E-001
 0.9027777800000000E-001  0.1047197600000000E+000 -0.1855036973188288E+001  0.1493659422186250E+001  0.1493744713714486E+001 -0.4101923374781502E-001  0.2567832542147454E-001
 0.9750000000000000E-001  0.1047197600000000E+000 -0.1842423842008421E+001  0.1486583006041703E+001  0.1486679333599466E+001 -0.4440755742394541E-001  0.2740169752152741E-001
 0.1050000000000000E+000  0.1047197600000000E+000 -0.1828329201032002E+001  0.1478638060852094E+001  0.1478747481013397E+001 -0.4793527108160409E-001  0.2907895508019688E-001
 0.1127777800000000E+000  0.1047197600000000E+000 -0.1812679198801506E+001  0.1469765076208733E+001  0.1469890027992822E+001 -0.5159812800261045E-001  0.3068993296749657E-001
 0.1208333300000000E+000  0.1047197600000000E+000 -0.1795411157648975E+001  0.1459907516298683E+001  0.1460050839292884E+001 -0.5539089610783514E-001  0.3221404835173602E-001
 0.1291666700000000E+000  0.1047197600000000E+000 -0.1776475526292854E+001  0.1449012834819486E+001  0.1449177770146304E+001 -0.5930727057950910E-001  0.3363079439429020E-001
 0.1377777800000000E+000  0.1047197600000000E+000 -0.1755837870229250E+001  0.1437033651441483E+001  0.1437223821142946E+001 -0.6333974299264974E-001  0.3492027127458858E-001
 0.1466666700000000E+000  0.1047197600000000E+000 -0.1733480237065187E+001  0.1423928730732074E+001  0.1424148092492797E+001 -0.6747954633543231E-001  0.3606377575764834E-001
 0.1558333300000000E+000  0.1047197600000000E+000 -0.1709402376929366E+001  0.1409664051686802E+001  0.1409916826472071E+001 -0.7171655456855636E-001  0.3704437369742500E-001
 0.1652777800000000E+000  0.1047197600000000E+000 -0.1683622218369269E+001  0.1394213621518431E+001  0.1394504194180108E+001 -0.7603924031298152E-001  0.3784745618756612E-001
 0.1750000000000000E+000  0.1047197600000000E+000 -0.1656176103656399E+001  0.1377560319655242E+001  0.1377893114075432E+001 -0.8043458907896721E-001  0.3846121880219040E-001
 0.1850000000000000E+000  0.1047197600000000E+000 -0.1627118072338087E+001  0.1359696324172763E+001  0.1360075657925246E+001 -0.8488808987321013E-001  0.3887705907345347E-001
 0.1952777800000000E+000  0.1047197600000000E+000 -0.1596518880011009E+001  0.1340623492627500E+001  0.1341053417449732E+001 -0.8938368698519225E-001  0.3908984349110777E-001
 0.2058333300000000E+000  0.1047197600000000E+000 -0.1564464403092979E+001  0.1320353442078735E+001  0.1320837578778626E+001 -0.9390376163104799E-001  0.3909804223270629E-001
 0.2166666700000000E+000  0.1047197600000000E+000 -0.1531053492106909E+001  0.1298907304650128E+001  0.1299448682110262E+001 -0.9842914065983333E-001  0.3890371933144443E-001
 0.2277777800000000E+000  0.1047197600000000E+000 -0.1496395843490250E+001  0.1276315462664889E+001  0.1276916369827111E+001 -0.1029390681764645E+000  0.3851238428294119E-001
 0.2391666700000000E+000  0.1047197600000000E+000 -0.1460609248424713E+001  0.1252616799193496E+001  0.1253278659297708E+001 -0.1074112455108104E+000  0.3793271734913294E-001
 0.2508333300000000E+000  0.1047197600000000E+000 -0.1423817142432273E+001  0.1227858006504823E+001  0.1228581279841825E+001 -0.1118218301466454E+000  0.3717619374254506E-001
 0.2627777800000000E+000  0.1047197600000000E+000 -0.1386145894419088E+001  0.1202092550215240E+001  0.1202876670660432E+001 -0.1161454838147849E+000  0.3625662787431538E-001
 0.2750000000000000E+000  0.1047197600000000E+000 -0.1347722628427698E+001  0.1175379792085927E+001  0.1176223139170982E+001 -0.1203553858696743E+000  0.3518967914962640E-001
 0.2875000000000000E+000  0.1047197600000000E+000 -0.1308672841926686E+001  0.1147783762351534E+001  0.1148683669659586E+001 -0.1244233109561069E+000  0.3399233112651229E-001
 0.3002777800000000E+000  0.1047197600000000E+000 -0.1269118667632496E+001  0.1119372159529926E+001  0.1120324956823117E+001 -0.1283196815578794E+000  0.3268238866801307E-001
 0.3133333300000000E+000  0.1047197600000000E+000 -0.1229177338225889E+001  0.1090215294259391E+001  0.1091216379835639E+001 -0.1320136550846164E+000  0.3127800466653450E-001
 0.3266666700000000E+000  0.1047197600000000E+000 -0.1188959871481144E+001  0.1060385003218334E+001  0.1061428941667491E+001 -0.1354732443375549E+000  0.2979725102727853E-001
 0.3402777800000000E+000  0.1047197600000000E+000 -0.1148570423286357E+001  0.1029953893547822E+001  0.1031034532839822E+001 -0.1386654359365738E+000  0.2825776177469148E-001
 0.3541666700000000E+000  0.1047197600000000E+000 -0.1108105524672840E+001  0.9989943757650737E+000  0.1000104978245861E+001 -0.1415563804940677E+000  0.2667642680111200E-001
 0.3683333300000000E+000  0.1047197600000000E+000 -0.1067653955743967E+001  0.9675780758488923E+000  0.9687114570451829E+000 -0.1441115913306784E+000  0.2506916589086994E-001
 0.3827777800000000E+000  0.1047197600000000E+000 -0.1027296561365822E+001  0.9357751392093688E+000  0.9369238094873896E+000 -0.1462962106059418E+000  0.2345075597020782E-001
 0.3975000000000000E+000  0.1047197600000000E+000 -0.9871066019438285E+000  0.9036539130760740E+000  0.9048102175001527E+000 -0.1480753050921159E+000  0.2183473094129737E-001
 0.4125000000000000E+000  0.1047197600000000E+000 -0.9471498594972585E+000  0.8712804262699342E+000  0.8724366792259696E+000 -0.1494142416740581E+000  0.2023331765913584E-001
 0.4277777800000000E+000  0.1047197600000000E+000 -0.9074851647305122E+000  0.8387182096162606E+000  0.8398668212961951E+000 -0.1502791063230797E+000  0.1865742816975652E-001
 0.4433333300000000E+000  0.1047197600000000E+000 -0.8681648846757286E+000  0.8060281139498542E+000  0.8071617067996388E+000 -0.1506371958140151E+000  0.1711668289324259E-001
 0.4591666700000000E+000  0.1047197600000000E+000 -0.8292353591703405E+000  0.7732681209782902E+000  0.7743796347676244E+000 -0.1504575755412647E+000  0.1561945766953074E-001
 0.4752777800000000E+000  0.1047197600000000E+000 -0.7907376336332340E+000  0.7404934475728633E+000  0.7415762325087308E+000 -0.1497117037802643E+000  0.1417296180710973E-001
 0.4916666700000000E+000  0.1047197600000000E+000 -0.7527078430546194E+000  0.7077564097695841E+000  0.7088043072340424E+000 -0.1483741232292987E+000  0.1278331629841894E-001
 0.5083333300000000E+000  0.1047197600000000E+000 -0.7151778755071873E+000  0.6751065755064433E+000  0.6761139866510419E+000 -0.1464232167023924E+000  0.1145565144468163E-001
 0.5247222200000000E+000  0.1047197600000000E+000 -0.6793708502384762E+000  0.6436458873943858E+000  0.6446093804275939E+000 -0.1439360295797482E+000  0.1023415379175470E-001
 0.5408333300000000E+000  0.1047197600000000E+000 -0.6452035853381577E+000  0.6133510865496561E+000  0.6142681911440362E+000 -0.1409567532693132E+000  0.9113791161495792E-002
 0.5566666700000000E+000  0.1047197600000000E+000 -0.6125961444571983E+000  0.5841954271122505E+000  0.5850645184751576E+000 -0.1375312859740728E+000  0.8089164053638983E-002
 0.5722222200000000E+000  0.1047197600000000E+000 -0.5814722927363178E+000  0.5561497920287621E+000  0.5569699805708915E+000 -0.1337066737277982E+000  0.7154719006160989E-002
 0.5875000000000000E+000  0.1047197600000000E+000 -0.5517595086961392E+000  0.5291833642717251E+000  0.5299543922107951E+000 -0.1295305417047197E+000  0.6304891071101395E-002
 0.6025000000000000E+000  0.1047197600000000E+000 -0.5233891465826808E+000  0.5032643764511187E+000  0.5039865226838743E+000 -0.1250505818890225E+000  0.5534208224778853E-002
 0.6172222200000000E+000  0.1047197600000000E+000 -0.4962962879593678E+000  0.4783605214362745E+000  0.4790345146959018E+000 -0.1203140458795659E+000  0.4837354581021435E-002
 0.6316666700000000E+000  0.1047197600000000E+000 -0.4704196199532387E+000  0.4544393276353085E+000  0.4550662680564679E+000 -0.1153672834010939E+000  0.4209211163138199E-002
 0.6458333300000000E+000  0.1047197600000000E+000 -0.4457013481171258E+000  0.4314685121170043E+000  0.4320498011048995E+000 -0.1102553383161462E+000  0.3644880087143916E-002
 0.6597222200000000E+000  0.1047197600000000E+000 -0.4220868957216821E+000  0.4094160850941360E+000  0.4099533627589977E+000 -0.1050215524893466E+000  0.3139691264521132E-002
 0.6733333300000000E+000  0.1047197600000000E+000 -0.3995248432371370E+000  0.3882506307209327E+000  0.3887457208640969E+000 -0.9970726761706365E-001  0.2689206041446839E-002
 0.6866666700000000E+000  0.1047197600000000E+000 -0.3779666582237841E+000  0.3679413516129619E+000  0.3683962133664538E+000 -0.9435153399889011E-001  0.2289210087519252E-002
 0.6997222200000000E+000  0.1047197600000000E+000 -0.3573665980237427E+000  0.3484582379968009E+000  0.3488749238973152E+000 -0.8899090762353831E-001  0.1935706022945394E-002
 0.7125000000000000E+000  0.1047197600000000E+000 -0.3376814259233161E+000  0.3297720284666116E+000  0.3301526480721573E+000 -0.8365924862033937E-001  0.1624900325243094E-002
 0.7250000000000000E+000  0.1047197600000000E+000 -0.3188703602636966E+000  0.3118543618324606E+000  0.3122010507787333E+000 -0.7838762418573614E-001  0.1353193366765743E-002
 0.7372222200000000E+000  0.1047197600000000E+000 -0.3008948587881061E+000  0.2946777481134413E+000  0.2949926417856529E+000 -0.7320421171454808E-001  0.1117166451387402E-002
 0.7491666700000000E+000  0.1047197600000000E+000 -0.2837184786106504E+000  0.2782155887338521E+000  0.2785008002022764E+000 -0.6813426002430796E-001  0.9135708839352653E-003
 0.7608333300000000E+000  0.1047197600000000E+000 -0.2673068018688657E+000  0.2624422406194203E+000  0.2626998424831719E+000 -0.6320010600022928E-001  0.7393189199658870E-003
 0.7722222200000000E+000  0.1047197600000000E+000 -0.2516272141575329E+000  0.2473329221978433E+000  0.2475649316479404E+000 -0.5842117888082746E-001  0.5914746800171585E-003
 0.7833333300000000E+000  0.1047197600000000E+000 -0.2366488914008356E+000  0.2328638047449529E+000  0.2330721717956692E+000 -0.5381409399202490E-001  0.4672493720055965E-003
 0.7941666700000000E+000  0.1047197600000000E+000 -0.2223426265215410E+000  0.2190119369640650E+000  0.2191985352072993E+000 -0.4939272178453626E-001  0.3639969826247017E-003
 0.8047222200000000E+000  0.1047197600000000E+000 -0.2086808005475864E+000  0.2057552976715006E+000  0.2059219174404823E+000 -0.4516832015007176E-001  0.2792135668003105E-003
 0.8149999999999999E+000  0.1047197600000000E+000 -0.1956372025622685E+000  0.1930726923475430E+000  0.1932210357443962E+000 -0.4114963564212910E-001  0.2105377371348573E-003
 0.8250000000000000E+000  0.1047197600000000E+000 -0.1831870394625025E+000  0.1809438250955252E+000  0.1810755028787567E+000 -0.3734307525812696E-001  0.1557545896647012E-003
 0.8347222200000000E+000  0.1047197600000000E+000 -0.1713068086238896E+000  0.1693492301680644E+000  0.1694657600368196E+000 -0.3375284440179621E-001  0.1128006017780192E-003
 0.8441666700000000E+000  0.1047197600000000E+000 -0.1599742294055293E+000  0.1582702538850516E+000  0.1583730600164078E+000 -0.3038110879128874E-001  0.7977035545349399E-004
 0.8533333300000000E+000  0.1047197600000000E+000 -0.1491682263934518E+000  0.1476890814731520E+000  0.1477794951614628E+000 -0.2722817445120488E-001  0.5492410896408100E-004
 0.8622222200000000E+000  0.1047197600000000E+000 -0.1388687861022256E+000  0.1375886350364582E+000  0.1376678960980149E+000 -0.2429263085888762E-001  0.3669494038443327E-004
 0.8708333300000000E+000  0.1047197600000000E+000 -0.1290569844815199E+000  0.1279526341636928E+000  0.1280218931431183E+000 -0.2157154296906528E-001  0.2369524061484100E-004
 0.8791666700000000E+000  0.1047197600000000E+000 -0.1197148768352605E+000  0.1187655178787956E+000  0.1188258387538177E+000 -0.1906059999628688E-001  0.1472066255624366E-004
 0.8872222200000000E+000  0.1047197600000000E+000 -0.1108255063654888E+000  0.1100124795116831E+000  0.1100648428942872E+000 -0.1675429289155966E-001  0.8750911728903464E-005
 0.8950000000000000E+000  0.1047197600000000E+000 -0.1023727814509642E+000  0.1016793694251108E+000  0.1017246760228206E+000 -0.1464605087332011E-001  0.4946030196104499E-005
 0.9025000000000000E+000  0.1047197600000000E+000 -0.9434151169852023E-001  0.9375275127938100E-001  0.9379182566822689E-001 -0.1272841322579734E-001  0.2637717585419183E-005
 0.9097222200000000E+000  0.1047197600000000E+000 -0.8671732482764510E-001  0.8621983862909308E-001  0.8625343314729476E-001 -0.1099316239814187E-001  0.1315237214002276E-005
 0.9166666700000000E+000  0.1047197600000000E+000 -0.7948663124973637E-001  0.7906847632232507E-001  0.7909727506125501E-001 -0.9431462148613377E-002  0.6064611188954311E-006
 0.9233333300000000E+000  0.1047197600000000E+000 -0.7263663179261456E-001  0.7228716279135654E-001  0.7231178565030390E-001 -0.8033995965781290E-002  0.2551620140489202E-006
 0.9297222200000000E+000  0.1047197600000000E+000 -0.6615521363544646E-001  0.6586496011365946E-001  0.6588596679768867E-001 -0.6791073181832258E-002  0.9636577671392107E-007
 0.9358333300000000E+000  0.1047197600000000E+000 -0.6003099315241007E-001  0.5979154799833196E-001  0.5980944201299602E-001 -0.5692757212081279E-002  0.3201257806863646E-007
 0.9416666700000000E+000  0.1047197600000000E+000 -0.5425323737654713E-001  0.5405715634109697E-001  0.5407238887787557E-001 -0.4728960303891790E-002  0.9120412020847836E-008
 0.9472222200000000E+000  0.1047197600000000E+000 -0.4881188821951333E-001  0.4865259850033569E-001  0.4866557224316263E-001 -0.3889548777305722E-002  0.2158393322846625E-008
 0.9525000000000000E+000  0.1047197600000000E+000 -0.4369746952281924E-001  0.4356918728412656E-001  0.4358026006429288E-001 -0.3164420338286011E-002  0.4073721926603591E-009
 0.9575000000000000E+000  0.1047197600000000E+000 -0.3890113363062037E-001  0.3879878856980776E-001  0.3880827691739027E-001 -0.2543595696326421E-002  0.5822648023196561E-010
 0.9622222200000000E+000  0.1047197600000000E+000 -0.3441460138826769E-001  0.3433376829802844E-001  0.3434195083618012E-001 -0.2017285562254062E-002  0.5924983544230188E-011
 0.9666666700000000E+000  0.1047197600000000E+000 -0.3023014335503501E-001  0.3016697965364507E-001  0.3017410035195588E-001 -0.1575957321604359E-002  0.4110550631777177E-012
 0.9708333300000000E+000  0.1047197600000000E+000 -0.2634059950353190E-001  0.2629178796543136E-001  0.2629805926132684E-001 -0.1210398160178672E-002  0.2234124005133486E-013
 0.9747222200000000E+000  0.1047197600000000E+000 -0.2273929696967792E-001  0.2270199349048292E-001  0.2270759926019488E-001 -0.9117613595229897E-003  0.1455773636997854E-014
 0.9783333300000000E+000  0.1047197600000000E+000 -0.1942010031859427E-001  0.1939188566629703E-001  0.1939698408819260E-001 -0.6716197931613821E-003  0.8620246411719862E-016
 0.9816666700000000E+000  0.1047197600000000E+000 -0.1637735097491875E-001  0.1635618646039412E-001  0.1636091276452675E-001 -0.4820034092365311E-003  0.2699266494290647E-017
 0.9847222200000000E+000  0.1047197600000000E+000 -0.1360590015491317E-001  0.1359008649617961E-001  0.1359455564380867E-001 -0.3354389451556406E-003 -0.3064767605126809E-018
 0.9875000000000000E+000  0.1047197600000000E+000 -0.1110103335800530E-001  0.1108917257334504E-001  0.1109348189568986E-001 -0.2249781825890992E-003  0.5425118776546469E-018
 0.9900000000000000E+000  0.1047197600000000E+000 -0.8858523340308271E-002  0.8849482991260118E-002  0.8853714866171572E-002 -0.1442293475715619E-003 -0.6708481626927271E-018
 0.9922222200000000E+000  0.1047197600000000E+000 -0.6874584184811165E-002  0.6867463784107439E-002  0.6871688417056221E-002 -0.8737912617676018E-004  0.6125098712703566E-018
 0.9941666700000000E+000  0.1047197600000000E+000 -0.5145862962253182E-002  0.5139962670410165E-002  0.5144240486967182E-002 -0.4921357649816956E-004  0.3596582031539748E-017
 0.9958333300000000E+000  0.1047197600000000E+000 -0.3669467700174549E-002  0.3664256955749075E-002  0.3668642684860643E-002 -0.2513627879689434E-004 -0.1000026439731693E-017
 0.9972222200000000E+000  0.1047197600000000E+000 -0.2442898666267478E-002  0.2438046730587212E-002  0.2442533018073854E-002 -0.1118168584124273E-004 -0.1429506687162957E-017
 0.9983333300000000E+000  0.1047197600000000E+000 -0.1464104862598835E-002  0.1459322755430896E-002  0.1463973523151867E-002 -0.4028278723780886E-005 -0.3402587212654870E-017
 0.9991666700000000E+000  0.1047197600000000E+000 -0.7314351441752897E-003  0.7275809419290030E-003  0.7314023647191261E-003 -0.1007591377494244E-005 -0.9392618868838447E-017
 0.9997222200000000E+000  0.1047197600000000E+000 -0.2436785444277750E-003  0.2411591874214304E-003  0.2436749062453583E-003 -0.1119966719781348E-006 -0.2121859380139419E-018
 0.1000000000000000E+001  0.1047197600000000E+000 -0.3357161341047024E-027  0.4888741563981073E-027  0.4251372109297793E-027  0.9316557993180571E-039  0.2627894703583043E-040

 0.0000000000000000E+000  0.2058284800000000E+000 -0.1936623287852224E+001  0.1543061956673825E+001  0.1543369759194755E+001 -0.6792412197764048E-002  0.3083997439076289E-002
 0.2777777800000000E-003  0.2058284800000000E+000 -0.1936617431443169E+001  0.1543056473631790E+001  0.1543364017781973E+001 -0.6792100919045712E-002  0.3086362068319617E-002
 0.8333333300000000E-003  0.2058284800000000E+000 -0.1936570782377188E+001  0.1543012799494071E+001  0.1543318292708018E+001 -0.6789690539856986E-002  0.3105269452363224E-002
 0.1666666700000000E-002  0.2058284800000000E+000 -0.1936416383711402E+001  0.1542868280881679E+001  0.1543167056252980E+001 -0.6782590181277226E-002  0.3168782335927884E-002
 0.2777777800000000E-002  0.2058284800000000E+000 -0.1936068801201961E+001  0.1542543179495097E+001  0.1542827212375020E+001 -0.6771705160118421E-002  0.3317188792383746E-002
 0.4166666700000000E-002  0.2058284800000000E+000 -0.1935456265317119E+001  0.1541971293744648E+001  0.1542230675414334E+001 -0.6770958697285356E-002  0.3598371011439648E-002
 0.5833333300000000E-002  0.2058284800000000E+000 -0.1934561611714873E+001  0.1541139475968946E+001  0.1541366030129210E+001 -0.6817290866282138E-002  0.4059660382114492E-002
 0.7777777800000000E-002  0.2058284800000000E+000 -0.1933437308951883E+001  0.1540103404436276E+001  0.1540294314338305E+001 -0.6968613944477133E-002  0.4738606315541791E-002
 0.1000000000000000E-001  0.2058284800000000E+000 -0.1932172066236543E+001  0.1538957457013146E+001  0.1539116022534705E+001 -0.7284891136803927E-002  0.5657260924647414E-002
 0.1250000000000000E-001  0.2058284800000000E+000 -0.1930837297138623E+001  0.1537784004157662E+001  0.1537917463501470E+001 -0.7807211010112303E-002  0.6822517739524647E-002
 0.1527777800000000E-001  0.2058284800000000E+000 -0.1929456960627233E+001  0.1536623529326818E+001  0.1536740228356505E+001 -0.8551178259329136E-002  0.8230647674372971E-002
 0.1833333300000000E-001  0.2058284800000000E+000 -0.1928009023095065E+001  0.1535474775960150E+001  0.1535582317678041E+001 -0.9513625507454672E-002  0.9872424699352182E-002
 0.2166666700000000E-001  0.2058284800000000E+000 -0.1926440804570595E+001  0.1534308765707870E+001  0.1534413315744290E+001 -0.1068259864658471E-001  0.1173669668153809E-001
 0.2527777800000000E-001  0.2058284800000000E+000 -0.1924683214571464E+001  0.1533082291603910E+001  0.1533188584625104E+001 -0.1204441992920630E-001  0.1381212756493649E-001
 0.2916666700000000E-001  0.2058284800000000E+000 -0.1922659330432336E+001  0.1531746240590199E+001  0.1531857859076088E+001 -0.1358706651280227E-001  0.1608768909066200E-001
 0.3333333300000000E-001  0.2058284800000000E+000 -0.1920288330832278E+001  0.1530249497592367E+001  0.1530369192317209E+001 -0.1530116755744916E-001  0.1855248290258044E-001
 0.3777777800000000E-001  0.2058284800000000E+000 -0.1917486801812477E+001  0.1528540266588570E+001  0.1528670235989652E+001 -0.1717989553219495E-001  0.2119528877171382E-001
 0.4250000000000000E-001  0.2058284800000000E+000 -0.1914168898399852E+001  0.1526566193329943E+001  0.1526708310134036E+001 -0.1921847583191279E-001  0.2400402324946699E-001
 0.4750000000000000E-001  0.2058284800000000E+000 -0.1910246152249920E+001  0.1524274044570699E+001  0.1524430042525156E+001 -0.2141365233869693E-001  0.2696521232108705E-001
 0.5277777800000000E-001  0.2058284800000000E+000 -0.1905627322700351E+001  0.1521609316603060E+001  0.1521780954190490E+001 -0.2376321223046973E-001  0.3006349990710344E-001
 0.5833333300000000E-001  0.2058284800000000E+000 -0.1900218448068052E+001  0.1518515921976837E+001  0.1518705137336540E+001 -0.2626559858818760E-001  0.3328121797496641E-001
 0.6416666700000000E-001  0.2058284800000000E+000 -0.1893923161877937E+001  0.1514936011602267E+001  0.1515145078710159E+001 -0.2891960103187759E-001  0.3659803012365682E-001
 0.7027777800000000E-001  0.2058284800000000E+000 -0.1886643314864499E+001  0.1510809959875229E+001  0.1511041651875304E+001 -0.3172410001569432E-001  0.3999065327744923E-001
 0.7666666699999999E-001  0.2058284800000000E+000 -0.1878279884579295E+001  0.1506076502688945E+001  0.1506334264529861E+001 -0.3467785976903335E-001  0.4343268822251958E-001
 0.8333333300000000E-001  0.2058284800000000E+000 -0.1868734196858076E+001  0.1500673043726495E+001  0.1500961172505976E+001 -0.3777934538268603E-001  0.4689456324674898E-001
 0.9027777800000000E-001  0.2058284800000000E+000 -0.1857909420686800E+001  0.1494536112671865E+001  0.1494859940543115E+001 -0.4102656505367297E-001  0.5034362336105029E-001
 0.9750000000000000E-001  0.2058284800000000E+000 -0.1845712341204025E+001  0.1487601988603013E+001  0.1487968059404199E+001 -0.4441692131696225E-001  0.5374437247764216E-001
 0.1050000000000000E+000  0.2058284800000000E+000 -0.1832055332430249E+001  0.1479807460178403E+001  0.1480223687654960E+001 -0.4794707972314610E-001  0.5705889673297399E-001
 0.1127777800000000E+000  0.2058284800000000E+000 -0.1816858505200533E+001  0.1471090729899757E+001  0.1471566522350405E+001 -0.5161284232563493E-001  0.6024746459373118E-001
 0.1208333300000000E+000  0.2058284800000000E+000 -0.1800051965673809E+001  0.1461392451601654E+001  0.1461938785670530E+001 -0.5540902429207766E-001  0.6326930188189445E-001
 0.1291666700000000E+000  0.2058284800000000E+000 -0.1781577948308031E+001  0.1450656793734020E+001  0.1451286220006924E+001 -0.5932936493618330E-001  0.6608354967219332E-001
 0.1377777800000000E+000  0.2058284800000000E+000 -0.1761393065288200E+001  0.1438832697428000E+001  0.1439559260154791E+001 -0.6336639518867124E-001  0.6865031267987361E-001
 0.1466666700000000E+000  0.2058284800000000E+000 -0.1739470014432734E+001  0.1425874974782599E+001  0.1426714033688782E+001 -0.6751138110381526E-001  0.7093184319085363E-001
 0.1558333300000000E+000  0.2058284800000000E+000 -0.1715799192502493E+001  0.1411745526625024E+001  0.1412713471806856E+001 -0.7175422203600383E-001  0.7289371137384953E-001
 0.1652777800000000E+000  0.2058284800000000E+000 -0.1690389598734619E+001  0.1396414329779467E+001  0.1397528190600441E+001 -0.7608340727781031E-001  0.7450596187061853E-001
 0.1750000000000000E+000  0.2058284800000000E+000 -0.1663269489247237E+001  0.1379860465545768E+001  0.1381137420433630E+001 -0.8048592950003235E-001  0.7574413189634989E-001
 0.1850000000000000E+000  0.2058284800000000E+000 -0.1634486047118137E+001  0.1362072732107399E+001  0.1363529539173926E+001 -0.8494727501688881E-001  0.7659011513809000E-001
 0.1952777800000000E+000  0.2058284800000000E+000 -0.1604104711944632E+001  0.1343050195307120E+001  0.1344702568507448E+001 -0.8945137548007050E-001  0.7703276639749729E-001
 0.2058333300000000E+000  0.2058284800000000E+000 -0.1572207800022358E+001  0.1322802411186464E+001  0.1324664375522591E+001 -0.9398058970108722E-001  0.7706823561212918E-001
 0.2166666700000000E+000  0.2058284800000000E+000 -0.1538892460104823E+001  0.1301349284647473E+001  0.1303432547932722E+001 -0.9851571270478320E-001  0.7669999983144807E-001
 0.2277777800000000E+000  0.2058284800000000E+000 -0.1504268529323106E+001  0.1278720860559355E+001  0.1281034236462868E+001 -0.1030359476004309E+000  0.7593859992362582E-001
 0.2391666700000000E+000  0.2058284800000000E+000 -0.1468455659117915E+001  0.1254956580208548E+001  0.1257505499095364E+001 -0.1075189457874848E+000  0.7480110469759048E-001
 0.2508333300000000E+000  0.2058284800000000E+000 -0.1431580650600037E+001  0.1230104547045448E+001  0.1232890679611071E+001 -0.1119408057702096E+000  0.7331035281987375E-001
 0.2627777800000000E+000  0.2058284800000000E+000 -0.1393774464600334E+001  0.1204220404775253E+001  0.1207241419473008E+001 -0.1162761209204037E+000  0.7149401823203511E-001
 0.2750000000000000E+000  0.2058284800000000E+000 -0.1355169728905568E+001  0.1177366341116522E+001  0.1180615802364273E+001 -0.1204979920881501E+000  0.6938358625200931E-001
 0.2875000000000000E+000  0.2058284800000000E+000 -0.1315898032353815E+001  0.1149609716881016E+001  0.1153077126691428E+001 -0.1245781043672000E+000  0.6701326992932688E-001
 0.3002777800000000E+000  0.2058284800000000E+000 -0.1276087879488811E+001  0.1121021912135556E+001  0.1124692884254247E+001 -0.1284867784674240E+000  0.6441896080612308E-001
 0.3133333300000000E+000  0.2058284800000000E+000 -0.1235862882453446E+001  0.1091677115492066E+001  0.1095533667308960E+001 -0.1321930566455679E+000  0.6163724211608957E-001
 0.3266666700000000E+000  0.2058284800000000E+000 -0.1195340219124349E+001  0.1061651091500812E+001  0.1065672033845081E+001 -0.1356648222112625E+000  0.5870449717281898E-001
 0.3402777800000000E+000  0.2058284800000000E+000 -0.1154629814268121E+001  0.1031020295842485E+001  0.1035181696197059E+001 -0.1388689172432373E+000  0.5565617033370868E-001
 0.3541666700000000E+000  0.2058284800000000E+000 -0.1113833454624109E+001  0.9998607973229877E+000  0.1004136494772631E+001 -0.1417713327248452E+000  0.5252613875810937E-001
 0.3683333300000000E+000  0.2058284800000000E+000 -0.1073044592760179E+001  0.9682476034759426E+000  0.9726097514507773E+000 -0.1443374078313270E+000  0.4934625323981198E-001
 0.3827777800000000E+000  0.2058284800000000E+000 -0.1032348132840799E+001  0.9362538996855251E+000  0.9406735172472419E+000 -0.1465320975854330E+000  0.4614599330798333E-001
 0.3975000000000000E+000  0.2058284800000000E+000 -0.9918207886310898E+000  0.9039506902471743E+000  0.9083982040583393E+000 -0.1483202710526765E+000  0.4295227316026983E-001
 0.4125000000000000E+000  0.2058284800000000E+000 -0.9515312192753801E+000  0.8714062545051355E+000  0.8758520184360150E+000 -0.1496670904319531E+000  0.3978932441406460E-001
 0.4277777800000000E+000  0.2058284800000000E+000 -0.9115406063575988E+000  0.8386859617759213E+000  0.8431007432533894E+000 -0.1505384346430607E+000  0.3667869359492331E-001
 0.4433333300000000E+000  0.2058284800000000E+000 -0.8719032010989320E+000  0.8058520967530075E+000  0.8102075228546995E+000 -0.1509013967794472E+000  0.3363930263311585E-001
 0.4591666700000000E+000  0.2058284800000000E+000 -0.8326668242499218E+000  0.7729636877683249E+000  0.7772326462138210E+000 -0.1507248486867080E+000  0.3068755704623418E-001
 0.4752777800000000E+000  0.2058284800000000E+000 -0.7938736644858740E+000  0.7400766368307832E+000  0.7442336299667331E+000 -0.1499800728463485E+000  0.2783751482910293E-001
 0.4916666700000000E+000  0.2058284800000000E+000 -0.7555607218252466E+000  0.7072436129534303E+000  0.7112650633933114E+000 -0.1486414622667501E+000  0.2510105450411951E-001
 0.5083333300000000E+000  0.2058284800000000E+000 -0.7177605271668338E+000  0.6745142378270670E+000  0.6783787469092822E+000 -0.1466872849186624E+000  0.2248807982588192E-001
 0.5247222200000000E+000  0.2058284800000000E+000 -0.6817048076098028E+000  0.6429920497374716E+000  0.6466866059422589E+000 -0.1441947333206582E+000  0.2008528654205694E-001
 0.5408333300000000E+000  0.2058284800000000E+000 -0.6473090480194554E+000  0.6126518173611466E+000  0.6161671037755649E+000 -0.1412081856848935E+000  0.1788246947557059E-001
 0.5566666700000000E+000  0.2058284800000000E+000 -0.6144919932335050E+000  0.5834648854649618E+000  0.5867948287959127E+000 -0.1377737560438578E+000  0.1586874640825237E-001
 0.5722222200000000E+000  0.2058284800000000E+000 -0.5831761341299706E+000  0.5554003277292338E+000  0.5585416704258970E+000 -0.1339387274135013E+000  0.1403297480232127E-001
 0.5875000000000000E+000  0.2058284800000000E+000 -0.5532877338387834E+000  0.5284256396847071E+000  0.5313775399941110E+000 -0.1297509751088189E+000  0.1236402785326335E-001
 0.6025000000000000E+000  0.2058284800000000E+000 -0.5247569973141419E+000  0.5025074995832473E+000  0.5052711643993929E+000 -0.1252584467645025E+000  0.1085099519908463E-001
 0.6172222200000000E+000  0.2058284800000000E+000 -0.4975179234534752E+000  0.4776121826985534E+000  0.4801905330380487E+000 -0.1205086479457921E+000  0.9483302637439796E-002
 0.6316666700000000E+000  0.2058284800000000E+000 -0.4715081814432869E+000  0.4537059353357045E+000  0.4561033047237907E+000 -0.1155481742270081E+000  0.8250787989777457E-002
 0.6458333300000000E+000  0.2058284800000000E+000 -0.4466690205712036E+000  0.4307553233063786E+000  0.4329771885225166E+000 -0.1104223017095036E+000  0.7143744750526137E-002
 0.6597222200000000E+000  0.2058284800000000E+000 -0.4229449649303374E+000  0.4087273298295293E+000  0.4107800710504331E+000 -0.1051745862852576E+000  0.6152931846581377E-002
 0.6733333300000000E+000  0.2058284800000000E+000 -0.4002837495483694E+000  0.3875896283860772E+000  0.3894803185766257E+000 -0.9984656204904986E-001  0.5269577809412051E-002
 0.6866666700000000E+000  0.2058284800000000E+000 -0.3786360461822974E+000  0.3673106188862176E+000  0.3690468389092790E+000 -0.9447744758395719E-001  0.4485364263688265E-002
 0.6997222200000000E+000  0.2058284800000000E+000 -0.3579553630921300E+000  0.3478595881248774E+000  0.3494492666674631E+000 -0.8910394166708357E-001  0.3792409274923795E-002
 0.7125000000000000E+000  0.2058284800000000E+000 -0.3381977579239521E+000  0.3292066622348880E+000  0.3306579370779180E+000 -0.8376002115197657E-001  0.3183239812657382E-002
 0.7250000000000000E+000  0.2058284800000000E+000 -0.3193217848655853E+000  0.3113229502038490E+000  0.3126440504022948E+000 -0.7847684429324013E-001  0.2650770641523198E-002
 0.7372222200000000E+000  0.2058284800000000E+000 -0.3012882767078967E+000  0.2941805072131391E+000  0.2953796529928007E+000 -0.7328265487380227E-001  0.2188277580134677E-002
 0.7491666700000000E+000  0.2058284800000000E+000 -0.2840602031024070E+000  0.2777523475624027E+000  0.2788376665607872E+000 -0.6820274504271089E-001  0.1789374958643018E-002
 0.7608333300000000E+000  0.2058284800000000E+000 -0.2676025948786783E+000  0.2620125018759726E+000  0.2629919603454981E+000 -0.6325947404596174E-001  0.1447996941932689E-002
 0.7722222200000000E+000  0.2058284800000000E+000 -0.2518823208469816E+000  0.2469359170323769E+000  0.2478172633503289E+000 -0.5847227481816072E-001  0.1158378936393067E-002
 0.7833333300000000E+000  0.2058284800000000E+000 -0.2368680737281130E+000  0.2324985415315746E+000  0.2332892618114518E+000 -0.5385775032260520E-001  0.9150475654626023E-003
 0.7941666700000000E+000  0.2058284800000000E+000 -0.2225301954703969E+000  0.2186772449085519E+000  0.2193845282319415E+000 -0.4942974517674481E-001  0.7128116709681602E-003
 0.8047222200000000E+000  0.2058284800000000E+000 -0.2088406473762747E+000  0.2054498654110943E+000  0.2060805782399518E+000 -0.4519948060529387E-001  0.5467604521242145E-003
 0.8149999999999999E+000  0.2058284800000000E+000 -0.1957728287234954E+000  0.1927951022917685E+000  0.1933557699679131E+000 -0.4117565812338505E-001  0.4122640295590825E-003
 0.8250000000000000E+000  0.2058284800000000E+000 -0.1833015855681844E+000  0.1806925834966167E+000  0.1811893788126515E+000 -0.3736463369814973E-001  0.3049808018472740E-003
 0.8347222200000000E+000  0.2058284800000000E+000 -0.1714030821318295E+000  0.1691227935775672E+000  0.1695615306447001E+000 -0.3377055781580005E-001  0.2208667578230844E-003
 0.8441666700000000E+000  0.2058284800000000E+000 -0.1600547311201023E+000  0.1580670522029959E+000  0.1584531850665525E+000 -0.3039553927652463E-001  0.1561884071676662E-003
 0.8533333300000000E+000  0.2058284800000000E+000 -0.1492351758066170E+000  0.1475075377928625E+000  0.1478461632192920E+000 -0.2723982682332710E-001  0.1075374091788105E-003
 0.8622222200000000E+000  0.2058284800000000E+000 -0.1389241453763055E+000  0.1374271828270344E+000  0.1377230459747224E+000 -0.2430195362235183E-001  0.7184439426506451E-004
 0.8708333300000000E+000  0.2058284800000000E+000 -0.1291024812791786E+000  0.1278097317087151E+000  0.1280672348256483E+000 -0.2157893040581417E-001  0.4639153848884179E-004
 0.8791666700000000E+000  0.2058284800000000E+000 -0.1197520258111057E+000  0.1186396604946792E+000  0.1188628734836642E+000 -0.1906639508775558E-001  0.2882018033332024E-004
 0.8872222200000000E+000  0.2058284800000000E+000 -0.1108556294449294E+000  0.1099022095519241E+000  0.1100948823995221E+000 -0.1675879086946801E-001  0.1713227342719705E-004
 0.8950000000000000E+000  0.2058284800000000E+000 -0.1023970267841793E+000  0.1015832845298202E+000  0.1017488606964956E+000 -0.1464950316991778E-001  0.9683033469530301E-005
 0.9025000000000000E+000  0.2058284800000000E+000 -0.9436087143698257E-001  0.9366951079376952E-001  0.9381114176678779E-001 -0.1273103166774664E-001  0.5163884361090235E-005
 0.9097222200000000E+000  0.2058284800000000E+000 -0.8673265164535919E-001  0.8614816859761422E-001  0.8626872887720198E-001 -0.1099512347157810E-001  0.2574817004389576E-005
 0.9166666700000000E+000  0.2058284800000000E+000 -0.7949865367800493E-001  0.7900717315148990E-001  0.7910927558319746E-001 -0.9432911216064472E-002  0.1187243472987589E-005
 0.9233333300000000E+000  0.2058284800000000E+000 -0.7264596841389272E-001  0.7223509569126445E-001  0.7232110701892655E-001 -0.8035051335104315E-002  0.4995142018452005E-006
 0.9297222200000000E+000  0.2058284800000000E+000 -0.6616238612276473E-001  0.6582107262716919E-001  0.6589312880420986E-001 -0.6791829941966656E-002  0.1886470615021328E-006
 0.9358333300000000E+000  0.2058284800000000E+000 -0.6003643825530770E-001  0.5975485855012273E-001  0.5981488001798044E-001 -0.5693290789010160E-002  0.6266768420688473E-007
 0.9416666700000000E+000  0.2058284800000000E+000 -0.5425731784682189E-001  0.5402675809218570E-001  0.5407646461784404E-001 -0.4729329692940859E-002  0.1785391986300158E-007
 0.9472222200000000E+000  0.2058284800000000E+000 -0.4881490275345433E-001  0.4862765849026772E-001  0.4866858368033982E-001 -0.3889799436255862E-002  0.4225189258154004E-008
 0.9525000000000000E+000  0.2058284800000000E+000 -0.4369966173794811E-001  0.4354894508329123E-001  0.4358245029193248E-001 -0.3164586731933954E-002  0.7974504996194502E-009
 0.9575000000000000E+000  0.2058284800000000E+000 -0.3890270015492609E-001  0.3878255437910905E-001  0.3880984219416311E-001 -0.2543703501624662E-002  0.1139803598736987E-009
 0.9622222200000000E+000  0.2058284800000000E+000 -0.3441569908875305E-001  0.3432092067854411E-001  0.3434304777293289E-001 -0.2017353546211879E-002  0.1159829942508094E-010
 0.9666666700000000E+000  0.2058284800000000E+000 -0.3023089576513801E-001  0.3015696290395708E-001  0.3017485230755499E-001 -0.1575998914658757E-002  0.8046484641461484E-012
 0.9708333300000000E+000  0.2058284800000000E+000 -0.2634110250138216E-001  0.2628410918042540E-001  0.2629856199728635E-001 -0.1210422751471901E-002  0.4373372680602734E-013
 0.9747222200000000E+000  0.2058284800000000E+000 -0.2273962374987898E-001  0.2269621941591086E-001  0.2270792589498523E-001 -0.9117753429338319E-003  0.2849506744022720E-014
 0.9783333300000000E+000  0.2058284800000000E+000 -0.1942030571748232E-001  0.1938763930586689E-001  0.1939718940974303E-001 -0.6716273956670716E-003  0.1690945533470170E-015
 0.9816666700000000E+000  0.2058284800000000E+000 -0.1637747519171971E-001  0.1635314353795131E-001  0.1636103694221855E-001 -0.4820073320922874E-003  0.4719881123674241E-017
 0.9847222200000000E+000  0.2058284800000000E+000 -0.1360597192217217E-001  0.1358797175672648E-001  0.1359462739244034E-001 -0.3354408482261773E-003  0.2921442221772082E-018
 0.9875000000000000E+000  0.2058284800000000E+000 -0.1110107260640758E-001  0.1108775599206102E-001  0.1109352113583846E-001 -0.2249790399587937E-003 -0.2864406664733355E-018
 0.9900000000000000E+000  0.2058284800000000E+000 -0.8858543408001629E-002  0.8848575865690147E-002  0.8853734930518321E-002 -0.1442297004196136E-003  0.4293809236442196E-018
 0.9922222200000000E+000  0.2058284800000000E+000 -0.6874593615231675E-002  0.6866914763125348E-002  0.6871697846263000E-002 -0.8737925584177052E-004 -0.6846518202569475E-018
 0.9941666700000000E+000  0.2058284800000000E+000 -0.5145866936393807E-002  0.5139653720356869E-002  0.5144244460726783E-002 -0.4921361767360052E-004  0.1341954409811265E-018
 0.9958333300000000E+000  0.2058284800000000E+000 -0.3669469147128793E-002  0.3664099274193633E-002  0.3668644131716365E-002 -0.2513628954829809E-004  0.2004050760487521E-017
 0.9972222200000000E+000  0.2058284800000000E+000 -0.2442899094658736E-002  0.2437976630579315E-002  0.2442533446445758E-002 -0.1118168797039504E-004  0.3734688186461455E-017
 0.9983333300000000E+000  0.2058284800000000E+000 -0.1464104955073395E-002  0.1459297513919899E-002  0.1463973615623930E-002 -0.4028279000280349E-005  0.4611347940733180E-017
 0.9991666700000000E+000  0.2058284800000000E+000 -0.7314351557289203E-003  0.7275746306197144E-003  0.7314023762726015E-003 -0.1007591394801323E-005  0.6075273541261696E-017
 0.9997222200000000E+000  0.2058284800000000E+000 -0.2436785448555669E-003  0.2411584860734998E-003  0.2436749066731482E-003 -0.1119966721919239E-006 -0.2521558431069559E-018
 0.1000000000000000E+001  0.2058284800000000E+000 -0.1526941968326984E-027  0.2920965510764905E-028  0.2037139551673273E-027  0.5824142131683685E-039  0.1056059003081419E-040

 0.0000000000000000E+000  0.3033261900000000E+000 -0.1936801179715476E+001  0.1542884064192337E+001  0.1543540098356645E+001 -0.6792412197764048E-002  0.4507253400505115E-002
 0.2777777800000000E-003  0.3033261900000000E+000 -0.1936795166034263E+001  0.1542878701548020E+001  0.1543534184195187E+001 -0.6792101185579532E-002  0.4510709400553365E-002
 0.8333333300000000E-003  0.3033261900000000E+000 -0.1936747269720033E+001  0.1542835985340600E+001  0.1543487087695415E+001 -0.6789692894964953E-002  0.4538343305188094E-002
 0.1666666700000000E-002  0.3033261900000000E+000 -0.1936588816933860E+001  0.1542694623327077E+001  0.1543331374413125E+001 -0.6782599038221260E-002  0.4631170056281066E-002
 0.2777777800000000E-002  0.3033261900000000E+000 -0.1936232531917692E+001  0.1542376549308640E+001  0.1542981806828962E+001 -0.6771726451327182E-002  0.4848073009601680E-002
 0.4166666700000000E-002  0.3033261900000000E+000 -0.1935606143299740E+001  0.1541816774852828E+001  0.1542369353607129E+001 -0.6770995153434335E-002  0.5259036644153692E-002
 0.5833333300000000E-002  0.3033261900000000E+000 -0.1934694896158956E+001  0.1541001991040119E+001  0.1541484364303672E+001 -0.6817336566628225E-002  0.5933245413213262E-002
 0.7777777800000000E-002  0.3033261900000000E+000 -0.1933556529744800E+001  0.1539986170421856E+001  0.1540392238344600E+001 -0.6968655570540499E-002  0.6925597026626286E-002
 0.1000000000000000E-001  0.3033261900000000E+000 -0.1932285780512140E+001  0.1538861469794790E+001  0.1539198284141110E+001 -0.7284916751033216E-002  0.8268356340687085E-002
 0.1250000000000000E-001  0.3033261900000000E+000 -0.1930958775836923E+001  0.1537708873075255E+001  0.1537992008236620E+001 -0.7807217427352013E-002  0.9971658844925891E-002
 0.1527777800000000E-001  0.3033261900000000E+000 -0.1929602547100069E+001  0.1536568880506807E+001  0.1536816287468667E+001 -0.8551172070959998E-002  0.1203014951697834E-001
 0.1833333300000000E-001  0.3033261900000000E+000 -0.1928197334641466E+001  0.1535441394932915E+001  0.1535669379916709E+001 -0.9513621142270905E-002  0.1443048450037845E-001
 0.2166666700000000E-001  0.3033261900000000E+000 -0.1926692767486857E+001  0.1534299223507116E+001  0.1534520970372674E+001 -0.1068261738777536E-001  0.1715656111533977E-001
 0.2527777800000000E-001  0.3033261900000000E+000 -0.1925022493065641E+001  0.1533101181378721E+001  0.1533326793590080E+001 -0.1204449088972263E-001  0.2019207552075549E-001
 0.2916666700000000E-001  0.3033261900000000E+000 -0.1923112815855808E+001  0.1531800213570325E+001  0.1532037328242421E+001 -0.1358722911159130E-001  0.2352125250362325E-001
 0.3333333300000000E-001  0.3033261900000000E+000 -0.1920886537582186E+001  0.1530347219191901E+001  0.1530601698367480E+001 -0.1530147496153224E-001  0.2712859550749341E-001
 0.3777777800000000E-001  0.3033261900000000E+000 -0.1918264117917803E+001  0.1528692344082252E+001  0.1528968871970524E+001 -0.1718041878687234E-001  0.3099823416634876E-001
 0.4250000000000000E-001  0.3033261900000000E+000 -0.1915163672871989E+001  0.1526785085448529E+001  0.1527087650698414E+001 -0.1921930857691599E-001  0.3511313722217705E-001
 0.4750000000000000E-001  0.3033261900000000E+000 -0.1911500606755659E+001  0.1524573944903924E+001  0.1524906237039202E+001 -0.2141491607127818E-001  0.3945434043836290E-001
 0.5277777800000000E-001  0.3033261900000000E+000 -0.1907187269942715E+001  0.1522005995445592E+001  0.1522371752159161E+001 -0.2376506207033984E-001  0.4400021936199500E-001
 0.5833333300000000E-001  0.3033261900000000E+000 -0.1902132795776066E+001  0.1519026509863186E+001  0.1519429845926272E+001 -0.2626822946242427E-001  0.4872584245357141E-001
 0.6416666700000000E-001  0.3033261900000000E+000 -0.1896243180769232E+001  0.1515578708792531E+001  0.1516024448476109E+001 -0.2892325414580390E-001  0.5360241989906365E-001
 0.7027777800000000E-001  0.3033261900000000E+000 -0.1889421651660059E+001  0.1511603658195524E+001  0.1512097684366731E+001 -0.3172906941301878E-001  0.5859685320373031E-001
 0.7666666699999999E-001  0.3033261900000000E+000 -0.1881569311444053E+001  0.1507040310490506E+001  0.1507589935703189E+001 -0.3468449872572126E-001  0.6367142983640144E-001
 0.8333333300000000E-001  0.3033261900000000E+000 -0.1872586100644189E+001  0.1501825709475542E+001  0.1502440066439175E+001 -0.3778807231513842E-001  0.6878366959531651E-001
 0.9027777800000000E-001  0.3033261900000000E+000 -0.1862372055718656E+001  0.1495895350174625E+001  0.1496585791362622E+001 -0.4103786857681154E-001  0.7388637267454957E-001
 0.9750000000000000E-001  0.3033261900000000E+000 -0.1850828890639561E+001  0.1489183714892236E+001  0.1489964202948954E+001 -0.4443136404997761E-001  0.7892788465877142E-001
 0.1050000000000000E+000  0.3033261900000000E+000 -0.1837861851361243E+001  0.1481624967832980E+001  0.1482512430988179E+001 -0.4796530044417237E-001  0.8385262687112367E-001
 0.1127777800000000E+000  0.3033261900000000E+000 -0.1823381843059062E+001  0.1473153825692693E+001  0.1474168445267565E+001 -0.5163555609826768E-001  0.8860189476478467E-001
 0.1208333300000000E+000  0.3033261900000000E+000 -0.1807307788832078E+001  0.1463706603888811E+001  0.1464871995660753E+001 -0.5543702024923312E-001  0.9311493239990236E-001
 0.1291666700000000E+000  0.3033261900000000E+000 -0.1789569006608197E+001  0.1453222342190636E+001  0.1454565592346247E+001 -0.5936350155987243E-001  0.9733030667884644E-001
 0.1377777800000000E+000  0.3033261900000000E+000 -0.1770107837134237E+001  0.1441644179690200E+001  0.1443195694532432E+001 -0.6340759295493364E-001  0.1011874542795657E+000
 0.1466666700000000E+000  0.3033261900000000E+000 -0.1748881879354839E+001  0.1428920633877334E+001  0.1430713773911702E+001 -0.6756061270011254E-001  0.1046284769207964E+000
 0.1558333300000000E+000  0.3033261900000000E+000 -0.1725866232354528E+001  0.1415007050979060E+001  0.1417077526318291E+001 -0.7181250034052364E-001  0.1075999654563044E+000
 0.1652777800000000E+000  0.3033261900000000E+000 -0.1701055106258428E+001  0.1399866873152368E+001  0.1402251898857345E+001 -0.7615177161268136E-001  0.1100548504771227E+000
 0.1750000000000000E+000  0.3033261900000000E+000 -0.1674463192364787E+001  0.1383472971831955E+001  0.1386210195693738E+001 -0.8056543056945635E-001  0.1119540829522511E+000
 0.1850000000000000E+000  0.3033261900000000E+000 -0.1646126013991649E+001  0.1365808573843108E+001  0.1368934818778519E+001 -0.8503895924203789E-001  0.1132681072869152E+000
 0.1952777800000000E+000  0.3033261900000000E+000 -0.1616099824393204E+001  0.1346868104563242E+001  0.1350417980176229E+001 -0.8955626914638065E-001  0.1139779492785153E+000
 0.2058333300000000E+000  0.3033261900000000E+000 -0.1584460641462363E+001  0.1326657660320807E+001  0.1330662119260390E+001 -0.9409968337308833E-001  0.1140758821386868E+000
 0.2166666700000000E+000  0.3033261900000000E+000 -0.1551302426123456E+001  0.1305195051919987E+001  0.1309679977160811E+001 -0.9864994620777889E-001  0.1135656051442003E+000
 0.2277777800000000E+000  0.3033261900000000E+000 -0.1516734952323842E+001  0.1282509700297393E+001  0.1287494604511008E+001 -0.1031861954502034E+000  0.1124619310889423E+000
 0.2391666700000000E+000  0.3033261900000000E+000 -0.1480880752399510E+001  0.1258641910489463E+001  0.1264138832755336E+001 -0.1076860030794927E+000  0.1107900111745291E+000
 0.2508333300000000E+000  0.3033261900000000E+000 -0.1443872101971102E+001  0.1233642069344649E+001  0.1239654728642267E+001 -0.1121253740038716E+000  0.1085841730176697E+000
 0.2627777800000000E+000  0.3033261900000000E+000 -0.1405847555799945E+001  0.1207569378941716E+001  0.1214092633537930E+001 -0.1164787934341199E+000  0.1058864489922961E+000
 0.2750000000000000E+000  0.3033261900000000E+000 -0.1366948910126826E+001  0.1180490657171842E+001  0.1187510286449341E+001 -0.1207192384307719E+000  0.1027449377101128E+000
 0.2875000000000000E+000  0.3033261900000000E+000 -0.1327317929895582E+001  0.1152478721461031E+001  0.1159971535111758E+001 -0.1248182533892797E+000  0.9921205859794567E-001
 0.3002777800000000E+000  0.3033261900000000E+000 -0.1287093764388857E+001  0.1123610971947485E+001  0.1131545220116003E+001 -0.1287459996925636E+000  0.9534285493699841E-001
 0.3133333300000000E+000  0.3033261900000000E+000 -0.1246410661232856E+001  0.1093967917649924E+001  0.1102303966044699E+001 -0.1324713399350808E+000  0.9119340028182779E-001
 0.3266666700000000E+000  0.3033261900000000E+000 -0.1205396029676642E+001  0.1063631696620451E+001  0.1072322918835432E+001 -0.1359619560046304E+000  0.8681936640403538E-001
 0.3402777800000000E+000  0.3033261900000000E+000 -0.1164169326282113E+001  0.1032684975631007E+001  0.1041678805102420E+001 -0.1391844657360707E+000  0.8227484373648675E-001
 0.3541666700000000E+000  0.3033261900000000E+000 -0.1122840965154460E+001  0.1001209690405872E+001  0.1010448781054622E+001 -0.1421046130005393E+000  0.7761135362157028E-001
 0.3683333300000000E+000  0.3033261900000000E+000 -0.1081512009164245E+001  0.9692862326787142E+000  0.9787096733713636E+000 -0.1446874678654460E+000  0.7287713789138711E-001
 0.3827777800000000E+000  0.3033261900000000E+000 -0.1040273914238125E+001  0.9369925888668997E+000  0.9465371280307778E+000 -0.1468976965748454E+000  0.6811664060527818E-001
 0.3975000000000000E+000  0.3033261900000000E+000 -0.9992089098411625E+000  0.9044039208005482E+000  0.9140051616205827E+000 -0.1486998634366868E+000  0.6337023176503224E-001
 0.4125000000000000E+000  0.3033261900000000E+000 -0.9583901954950561E+000  0.8715919914320360E+000  0.8811855293151275E+000 -0.1500588153991531E+000  0.5867405785959126E-001
 0.4277777800000000E+000  0.3033261900000000E+000 -0.9178826115252464E+000  0.8386249789655936E+000  0.8481474583463805E+000 -0.1509401126982159E+000  0.5406007093846867E-001
 0.4433333300000000E+000  0.3033261900000000E+000 -0.8777432944361211E+000  0.8055673220018753E+000  0.8149573984256133E+000 -0.1513105351051133E+000  0.4955615514996416E-001
 0.4591666700000000E+000  0.3033261900000000E+000 -0.8380222895370418E+000  0.7724795829008323E+000  0.7816787812175430E+000 -0.1511386568943343E+000  0.4518632477731742E-001
 0.4752777800000000E+000  0.3033261900000000E+000 -0.7987634635099264E+000  0.7394186252298356E+000  0.7483720912257407E+000 -0.1503954904608026E+000  0.4097101057339059E-001
 0.4916666700000000E+000  0.3033261900000000E+000 -0.7600050500049639E+000  0.7064375590927614E+000  0.7150947029975360E+000 -0.1490551990858779E+000  0.3692734157256936E-001
 0.5083333300000000E+000  0.3033261900000000E+000 -0.7217804638481352E+000  0.6735859833038343E+000  0.6819010189622033E+000 -0.1470958748768540E+000  0.3306947694621173E-001
 0.5247222200000000E+000  0.3033261900000000E+000 -0.6853347985004499E+000  0.6419697609811232E+000  0.6499151715394889E+000 -0.1445949424302299E+000  0.2952478494080639E-001
 0.5408333300000000E+000  0.3033261900000000E+000 -0.6505812858944137E+000  0.6115605004914292E+000  0.6191167473568649E+000 -0.1415970700954541E+000  0.2627749342242569E-001
 0.5566666700000000E+000  0.3033261900000000E+000 -0.6174364709664503E+000  0.5823265083869392E+000  0.5894810370731756E+000 -0.1381487066794028E+000  0.2331094067390632E-001
 0.5722222200000000E+000  0.3033261900000000E+000 -0.5858207401981759E+000  0.5542339959191640E+000  0.5609802977729975E+000 -0.1342975024786751E+000  0.2060818204420814E-001
 0.5875000000000000E+000  0.3033261900000000E+000 -0.5556583658508809E+000  0.5272478020295198E+000  0.5335845410984539E+000 -0.1300917202582238E+000  0.1815238651386103E-001
 0.6025000000000000E+000  0.3033261900000000E+000 -0.5268776829828032E+000  0.5013321683690026E+000  0.5072623829020149E+000 -0.1255797034551037E+000  0.1592712128164326E-001
 0.6172222200000000E+000  0.3033261900000000E+000 -0.4994109391230363E+000  0.4764511564194736E+000  0.4819815337687314E+000 -0.1208093506658477E+000  0.1391651717437463E-001
 0.6316666700000000E+000  0.3033261900000000E+000 -0.4731941649411683E+000  0.4525690170810636E+000  0.4577092419064548E+000 -0.1158276377743614E+000  0.1210537019053900E-001
 0.6458333300000000E+000  0.3033261900000000E+000 -0.4481670770850842E+000  0.4296505299005353E+000  0.4344127039028653E+000 -0.1106801999711714E+000  0.1047919659840815E-001
 0.6597222200000000E+000  0.3033261900000000E+000 -0.4242727639431749E+000  0.4076610891027876E+000  0.4120592154291182E+000 -0.1054109239032608E+000  0.9024239269319599E-002
 0.6733333300000000E+000  0.3033261900000000E+000 -0.4014576151045403E+000  0.3865669627835731E+000  0.3906164944045381E+000 -0.1000616408086868E+000  0.7727466843405110E-002
 0.6866666700000000E+000  0.3033261900000000E+000 -0.3796710396164356E+000  0.3663353150622292E+000  0.3700527592183431E+000 -0.9467182897190884E-001  0.6576543495226438E-002
 0.6997222200000000E+000  0.3033261900000000E+000 -0.3588653602797163E+000  0.3469343522191039E+000  0.3503369287522164E+000 -0.8927840731642719E-001  0.5559799383163375E-002
 0.7125000000000000E+000  0.3033261900000000E+000 -0.3389955206757044E+000  0.3283332616307795E+000  0.3314386075403997E+000 -0.8391553243407548E-001  0.4666185910394848E-002
 0.7250000000000000E+000  0.3033261900000000E+000 -0.3200190286627961E+000  0.3105023418767188E+000  0.3133282610165892E+000 -0.7861450255618140E-001  0.3885241102872147E-002
 0.7372222200000000E+000  0.3033261900000000E+000 -0.3018957343778028E+000  0.2934129538467367E+000  0.2959772047783382E+000 -0.7340366325380715E-001  0.3207047310185278E-002
 0.7491666700000000E+000  0.3033261900000000E+000 -0.2845876854121007E+000  0.2770375221261150E+000  0.2793576410877173E+000 -0.6830837280310210E-001  0.2622195566394746E-002
 0.7608333300000000E+000  0.3033261900000000E+000 -0.2680590486982738E+000  0.2613495813350601E+000  0.2634427372850134E+000 -0.6335102417191858E-001  0.2121756040530937E-002
 0.7722222200000000E+000  0.3033261900000000E+000 -0.2522758844786425E+000  0.2463236665237211E+000  0.2482065425044003E+000 -0.5855105520414248E-001  0.1697248964558251E-002
 0.7833333300000000E+000  0.3033261900000000E+000 -0.2372061305097154E+000  0.2319353891971310E+000  0.2336240895357228E+000 -0.5392504901111052E-001  0.1340628419862384E-002
 0.7941666700000000E+000  0.3033261900000000E+000 -0.2228194250550726E+000  0.2181613486849358E+000  0.2196713266807294E+000 -0.4948680961536719E-001  0.1044267873965667E-002
 0.8047222200000000E+000  0.3033261900000000E+000 -0.2090870752919779E+000  0.2049791720500075E+000  0.2063251771828814E+000 -0.4524750099163737E-001  0.8009563844877550E-003
 0.8149999999999999E+000  0.3033261900000000E+000 -0.1959818736978127E+000  0.1923673997922616E+000  0.1935634399538350E+000 -0.4121575456262373E-001  0.6038985280602064E-003
 0.8250000000000000E+000  0.3033261900000000E+000 -0.1834781052164927E+000  0.1803055469492343E+000  0.1813648656547468E+000 -0.3739784703969938E-001  0.4467244249620804E-003
 0.8347222200000000E+000  0.3033261900000000E+000 -0.1715514165284822E+000  0.1687740254478000E+000  0.1697090902257203E+000 -0.3379784374019704E-001  0.3235027478548364E-003
 0.8441666700000000E+000  0.3033261900000000E+000 -0.1601787444111634E+000  0.1577541173819497E+000  0.1585766181670074E+000 -0.3041776529209261E-001  0.2287591311550582E-003
 0.8533333300000000E+000  0.3033261900000000E+000 -0.1493382959193241E+000  0.1472279937352971E+000  0.1479488500355997E+000 -0.2725777178358070E-001  0.1574971517368052E-003
 0.8622222200000000E+000  0.3033261900000000E+000 -0.1390094015324758E+000  0.1371786056170783E+000  0.1378079797064099E+000 -0.2431630929460595E-001  0.1052181980965186E-003
 0.8708333300000000E+000  0.3033261900000000E+000 -0.1291725396415777E+000  0.1275897379302165E+000  0.1281370543798982E+000 -0.2159030475646641E-001  0.6793957382430455E-004
 0.8791666700000000E+000  0.3033261900000000E+000 -0.1198092229879451E+000  0.1184459257143046E+000  0.1189198947937342E+000 -0.1907531684381751E-001  0.4220539198699741E-004
 0.8872222200000000E+000  0.3033261900000000E+000 -0.1109020040564617E+000  0.1097324834247396E+000  0.1101411283725998E+000 -0.1676571504054993E-001  0.2508848753414843E-004
 0.8950000000000000E+000  0.3033261900000000E+000 -0.1024343489280626E+000  0.1014354032344961E+000  0.1017860894805632E+000 -0.1465481717723406E-001  0.1417947362637293E-004
 0.9025000000000000E+000  0.3033261900000000E+000 -0.9439067028815160E-001  0.9354140667862944E-001  0.9384087345770027E-001 -0.1273506184039323E-001  0.7561627044329039E-005
 0.9097222200000000E+000  0.3033261900000000E+000 -0.8675624107825423E-001  0.8603787766237278E-001  0.8629227047012906E-001 -0.1099814164502660E-001  0.3770300696681964E-005
 0.9166666700000000E+000  0.3033261900000000E+000 -0.7951715602412419E-001  0.7891284050601789E-001  0.7912774422027795E-001 -0.9435141249876586E-002  0.1738445286492103E-005
 0.9233333300000000E+000  0.3033261900000000E+000 -0.7266033643100066E-001  0.7215497915884768E-001  0.7233545156665545E-001 -0.8036675396980657E-002  0.7314108122985621E-006
 0.9297222200000000E+000  0.3033261900000000E+000 -0.6617342316041584E-001  0.6575354496572625E-001  0.6590414971563850E-001 -0.6792994427843258E-002  0.2762208836151638E-006
 0.9358333300000000E+000  0.3033261900000000E+000 -0.6004481677685162E-001  0.5969840818498688E-001  0.5982324761874198E-001 -0.5694111808315186E-002  0.9175793331064203E-007
 0.9416666700000000E+000  0.3033261900000000E+000 -0.5426359630171513E-001  0.5397998879790711E-001  0.5408273579495085E-001 -0.4729898052291272E-002  0.2614132575496317E-007
 0.9472222200000000E+000  0.3033261900000000E+000 -0.4881954092142335E-001  0.4858928799204775E-001  0.4867321708392137E-001 -0.3890185098426818E-002  0.6186353770451575E-008
 0.9525000000000000E+000  0.3033261900000000E+000 -0.4370303457575220E-001  0.4351780291845143E-001  0.4358582007203941E-001 -0.3164842736320361E-002  0.1167581943099404E-008
 0.9575000000000000E+000  0.3033261900000000E+000 -0.3890511026825377E-001  0.3875757892020549E-001  0.3881225038823048E-001 -0.2543869360781064E-002  0.1668819087400270E-009
 0.9622222200000000E+000  0.3033261900000000E+000 -0.3441738787261167E-001  0.3430115559748665E-001  0.3434473538184870E-001 -0.2017458137655759E-002  0.1698126339402933E-010
 0.9666666700000000E+000  0.3033261900000000E+000 -0.3023205330610457E-001  0.3014155310280965E-001  0.3017600914931149E-001 -0.1576062903231056E-002  0.1178095112795782E-011
 0.9708333300000000E+000  0.3033261900000000E+000 -0.2634187632304974E-001  0.2627229623951515E-001  0.2629933541606446E-001 -0.1210460583204814E-002  0.6403146669193497E-013
 0.9747222200000000E+000  0.3033261900000000E+000 -0.2274012646828830E-001  0.2268733673385622E-001  0.2270842838969830E-001 -0.9117968550165891E-003  0.4172047179936940E-014
 0.9783333300000000E+000  0.3033261900000000E+000 -0.1942062169964172E-001  0.1938110686391801E-001  0.1939750527292888E-001 -0.6716390912437384E-003  0.2475528357156298E-015
 0.9816666700000000E+000  0.3033261900000000E+000 -0.1637766628314712E-001  0.1634846244548139E-001  0.1636122797348208E-001 -0.4820133669036212E-003  0.6953784573319909E-017
 0.9847222200000000E+000  0.3033261900000000E+000 -0.1360608232607768E-001  0.1358471855204514E-001  0.1359473776769045E-001 -0.3354437758381136E-003  0.3491228446720535E-018
 0.9875000000000000E+000  0.3033261900000000E+000 -0.1110113298430165E-001  0.1108557680424601E-001  0.1109358150103548E-001 -0.2249803588977208E-003 -0.2621216177011076E-018
 0.9900000000000000E+000  0.3033261900000000E+000 -0.8858574279087299E-002  0.8847180398644074E-002  0.8853765796455743E-002 -0.1442302432232751E-003  0.2726269464959913E-018
 0.9922222200000000E+000  0.3033261900000000E+000 -0.6874608122459365E-002  0.6866070183833204E-002  0.6871712351623557E-002 -0.8737945531139834E-004  0.8994329868916864E-020
 0.9941666700000000E+000  0.3033261900000000E+000 -0.5145873049977700E-002  0.5139178451560805E-002  0.5144250573724531E-002 -0.4921368101554814E-004 -0.3780255643816215E-017
 0.9958333300000000E+000  0.3033261900000000E+000 -0.3669471373035647E-002  0.3663856707239537E-002  0.3668646357471663E-002 -0.2513630608763059E-004 -0.1147674601843428E-018
 0.9972222200000000E+000  0.3033261900000000E+000 -0.2442899753669522E-002  0.2437868793369755E-002  0.2442534105426773E-002 -0.1118169124575705E-004  0.3486264099622478E-017
 0.9983333300000000E+000  0.3033261900000000E+000 -0.1464105097330532E-002  0.1459258684058598E-002  0.1463973757877225E-002 -0.4028279425630232E-005  0.5944311771304794E-017
 0.9991666700000000E+000  0.3033261900000000E+000 -0.7314351735023082E-003  0.7275649217221316E-003  0.7314023940457499E-003 -0.1007591421425055E-005  0.4218417746716620E-017
 0.9997222200000000E+000  0.3033261900000000E+000 -0.2436785455136554E-003  0.2411574071665817E-003  0.2436749073312336E-003 -0.1119966725210306E-006 -0.3980363523454770E-018
 0.1000000000000000E+001  0.3033261900000000E+000 -0.3573570805455956E-027  0.4292849305467118E-027  0.5152772531037006E-029 -0.1582214584586901E-039  0.5177648065071388E-040

 0.0000000000000000E+000  0.3972128600000000E+000 -0.1937027844973136E+001  0.1542657398718891E+001  0.1543757143867665E+001 -0.6792412197764048E-002  0.5837519762747673E-002
 0.2777777800000000E-003  0.3972128600000000E+000 -0.1937021630861542E+001  0.1542652189535653E+001  0.1543751009562695E+001 -0.6792101525071238E-002  0.5841995930085722E-002
 0.8333333300000000E-003  0.3972128600000000E+000 -0.1936972145032727E+001  0.1542610694320119E+001  0.1543702165377699E+001 -0.6789695894741599E-002  0.5877787025780337E-002
 0.1666666700000000E-002  0.3972128600000000E+000 -0.1936808525597854E+001  0.1542473355713645E+001  0.1543540747023948E+001 -0.6782610319686876E-002  0.5998015280902807E-002
 0.2777777800000000E-002  0.3972128600000000E+000 -0.1936441149886781E+001  0.1542164238572087E+001  0.1543178787981318E+001 -0.6771753571309293E-002  0.6278946875365528E-002
 0.4166666700000000E-002  0.3972128600000000E+000 -0.1935797106815372E+001  0.1541619900088746E+001  0.1542546051818029E+001 -0.6771041591235711E-002  0.6811229375104229E-002
 0.5833333300000000E-002  0.3972128600000000E+000 -0.1934864711752282E+001  0.1540826824657396E+001  0.1541635137130214E+001 -0.6817394781531907E-002  0.7684482436501987E-002
 0.7777777800000000E-002  0.3972128600000000E+000 -0.1933708420565702E+001  0.1539836809712901E+001  0.1540517001556109E+001 -0.6968708596670928E-002  0.8969838219754731E-002
 0.1000000000000000E-001  0.3972128600000000E+000 -0.1932430650760858E+001  0.1538739180937815E+001  0.1539303087925243E+001 -0.7284949379324239E-002  0.1070914313198286E-001
 0.1250000000000000E-001  0.3972128600000000E+000 -0.1931113538324999E+001  0.1537613155661323E+001  0.1538086977722938E+001 -0.7807225597251677E-002  0.1291562389545608E-001
 0.1527777800000000E-001  0.3972128600000000E+000 -0.1929788034879835E+001  0.1536499256632969E+001  0.1536913186892764E+001 -0.8551164176168101E-002  0.1558250178573647E-001
 0.1833333300000000E-001  0.3972128600000000E+000 -0.1928437289634777E+001  0.1535398866106684E+001  0.1535780303893638E+001 -0.9513615560823363E-002  0.1869272589392766E-001
 0.2166666700000000E-001  0.3972128600000000E+000 -0.1927013894961807E+001  0.1534287070123014E+001  0.1534658146210553E+001 -0.1068264123076031E-001  0.2222576539523368E-001
 0.2527777800000000E-001  0.3972128600000000E+000 -0.1925455022863044E+001  0.1533125267282768E+001  0.1533502931428239E+001 -0.1204458124668313E-001  0.2616094129197716E-001
 0.2916666700000000E-001  0.3972128600000000E+000 -0.1923691146798755E+001  0.1531869036833263E+001  0.1532266098697146E+001 -0.1358743621092093E-001  0.3047839053767114E-001
 0.3333333300000000E-001  0.3972128600000000E+000 -0.1921649770880906E+001  0.1530471863436648E+001  0.1530898155365187E+001 -0.1530186656596990E-001  0.3515875971776130E-001
 0.3777777800000000E-001  0.3972128600000000E+000 -0.1919256414829610E+001  0.1528886396327772E+001  0.1529349774012166E+001 -0.1718108547280712E-001  0.4018237418347739E-001
 0.4250000000000000E-001  0.3972128600000000E+000 -0.1916434414928126E+001  0.1527064534018912E+001  0.1527571682266536E+001 -0.1922036977078513E-001  0.4552822719150491E-001
 0.4750000000000000E-001  0.3972128600000000E+000 -0.1913104343150273E+001  0.1524957047275954E+001  0.1525514140840627E+001 -0.2141652679782392E-001  0.5117297996511704E-001
 0.5277777800000000E-001  0.3972128600000000E+000 -0.1909183428945507E+001  0.1522513096375249E+001  0.1523126377999985E+001 -0.2376742036071963E-001  0.5709000789180621E-001
 0.5833333300000000E-001  0.3972128600000000E+000 -0.1904585130934536E+001  0.1519679787912849E+001  0.1520356115803079E+001 -0.2627158432405640E-001  0.6324853520408237E-001
 0.6416666700000000E-001  0.3972128600000000E+000 -0.1899218919784983E+001  0.1516401830057272E+001  0.1517149232420585E+001 -0.2892791392969683E-001  0.6961287434182735E-001
 0.7027777800000000E-001  0.3972128600000000E+000 -0.1892990316593443E+001  0.1512621317974116E+001  0.1513449577984594E+001 -0.3173541033387161E-001  0.7614177332401399E-001
 0.7666666699999999E-001  0.3972128600000000E+000 -0.1885801189102478E+001  0.1508277648317190E+001  0.1509198930076596E+001 -0.3469297321336597E-001  0.8278792665333695E-001
 0.8333333300000000E-001  0.3972128600000000E+000 -0.1877550354463157E+001  0.1503307588068280E+001  0.1504337101097896E+001 -0.3779921679111466E-001  0.8949765817052044E-001
 0.9027777800000000E-001  0.3972128600000000E+000 -0.1868134494323445E+001  0.1497645497651627E+001  0.1498802184714459E+001 -0.4105231018739614E-001  0.9621084366006880E-001
 0.9750000000000000E-001  0.3972128600000000E+000 -0.1857449434739950E+001  0.1491223739424341E+001  0.1492530958589605E+001 -0.4444982583178261E-001  0.1028610992486687E+000
 0.1050000000000000E+000  0.3972128600000000E+000 -0.1845391778220285E+001  0.1483973267833600E+001  0.1485459426416379E+001 -0.4798860439459667E-001  0.1093763095659638E+000
 0.1127777800000000E+000  0.3972128600000000E+000 -0.1831860923534389E+001  0.1475824432630065E+001  0.1477523517344164E+001 -0.5166462364184057E-001  0.1156795140986585E+000
 0.1208333300000000E+000  0.3972128600000000E+000 -0.1816761469780194E+001  0.1466708010337804E+001  0.1468659947179880E+001 -0.5547286966267949E-001  0.1216901809197718E+000
 0.1291666700000000E+000  0.3972128600000000E+000 -0.1800005832166451E+001  0.1456556385300187E+001  0.1458807158642300E+001 -0.5940724210904885E-001  0.1273259206419970E+000
 0.1377777800000000E+000  0.3972128600000000E+000 -0.1781517303179280E+001  0.1445305055247943E+001  0.1447906510623949E+001 -0.6346041553410313E-001  0.1325044925107768E+000
 0.1466666700000000E+000  0.3972128600000000E+000 -0.1761232948139193E+001  0.1432894132706317E+001  0.1435903405067801E+001 -0.6762377720187826E-001  0.1371462212861092E+000
 0.1558333300000000E+000  0.3972128600000000E+000 -0.1739106682397629E+001  0.1419270097434921E+001  0.1422748616320092E+001 -0.7188731997193827E-001  0.1411765423461220E+000
 0.1652777800000000E+000  0.3972128600000000E+000 -0.1715111869738688E+001  0.1404387442523748E+001  0.1408399502647391E+001 -0.7623959480397091E-001  0.1445286720860816E+000
 0.1750000000000000E+000  0.3972128600000000E+000 -0.1689243737734955E+001  0.1388210434643619E+001  0.1392821346201104E+001 -0.8066762101212045E-001  0.1471461270257392E+000
 0.1850000000000000E+000  0.3972128600000000E+000 -0.1661520765338076E+001  0.1370714492197934E+001  0.1375988379485200E+001 -0.8515687500278228E-001  0.1489850175162088E+000
 0.1952777800000000E+000  0.3972128600000000E+000 -0.1631985488699798E+001  0.1351887461360570E+001  0.1357884804651631E+001 -0.8969124144180261E-001  0.1500158417813802E+000
 0.2058333300000000E+000  0.3972128600000000E+000 -0.1600704238440734E+001  0.1331730467886314E+001  0.1338505524967368E+001 -0.9425299565605505E-001  0.1502246924920504E+000
 0.2166666700000000E+000  0.3972128600000000E+000 -0.1567765742253666E+001  0.1310258249629366E+001  0.1317856516174317E+001 -0.9882281402330577E-001  0.1496137509705434E+000
 0.2277777800000000E+000  0.3972128600000000E+000 -0.1533279100066915E+001  0.1287499223781673E+001  0.1295955086291361E+001 -0.1033797469779457E+000  0.1482010341473032E+000
 0.2391666700000000E+000  0.3972128600000000E+000 -0.1497370523780478E+001  0.1263494801413640E+001  0.1272829543976485E+001 -0.1079012604395811E+000  0.1460194191735552E+000
 0.2508333300000000E+000  0.3972128600000000E+000 -0.1460179837233959E+001  0.1238298494640189E+001  0.1248518774504660E+001 -0.1123632346957803E+000  0.1431150454570197E+000
 0.2627777800000000E+000  0.3972128600000000E+000 -0.1421856317187043E+001  0.1211974441257984E+001  0.1223071326297117E+001 -0.1167400115179683E+000  0.1395452133022490E+000
 0.2750000000000000E+000  0.3972128600000000E+000 -0.1382554835549605E+001  0.1184595905950766E+001  0.1196544505810743E+001 -0.1210044045890353E+000  0.1353759941646928E+000
 0.2875000000000000E+000  0.3972128600000000E+000 -0.1342431722943617E+001  0.1156243300914137E+001  0.1169002998171346E+001 -0.1251277735789512E+000  0.1306796638225900E+000
 0.3002777800000000E+000  0.3972128600000000E+000 -0.1301641359764644E+001  0.1127002380533122E+001  0.1140517609735531E+001 -0.1290800717940375E+000  0.1255321952152121E+000
 0.3133333300000000E+000  0.3972128600000000E+000 -0.1260333161638034E+001  0.1096962382002280E+001  0.1111163884952428E+001 -0.1328299283756827E+000  0.1200109100757331E+000
 0.3266666700000000E+000  0.3972128600000000E+000 -0.1218649047183990E+001  0.1066214187987712E+001  0.1081020652096722E+001 -0.1363447646722073E+000  0.1141923848730411E+000
 0.3402777800000000E+000  0.3972128600000000E+000 -0.1176721886110344E+001  0.1034848920124372E+001  0.1050168890243378E+001 -0.1395909095950083E+000  0.1081507420688078E+000
 0.3541666700000000E+000  0.3972128600000000E+000 -0.1134674116612966E+001  0.1002956427585211E+001  0.1018690394679188E+001 -0.1425337896622415E+000  0.1019562482261965E+000
 0.3683333300000000E+000  0.3972128600000000E+000 -0.1092617286990090E+001  0.9706242888358870E+000  0.9866668546428097E+000 -0.1451381302420422E+000  0.9567432904515870E-001
 0.3827777800000000E+000  0.3972128600000000E+000 -0.1050651759943639E+001  0.9379368229497940E+000  0.9541788615758711E+000 -0.1473682284344518E+000  0.8936488046501853E-001
 0.3975000000000000E+000  0.3972128600000000E+000 -0.1008867147704021E+001  0.9049746015020956E+000  0.9213053485405636E+000 -0.1491882595787926E+000  0.8308193235611813E-001
 0.4125000000000000E+000  0.3972128600000000E+000 -0.9673426185148046E+000  0.8718138483610809E+000  0.8881228693762308E+000 -0.1505626687264850E+000  0.7687350210170295E-001
 0.4277777800000000E+000  0.3972128600000000E+000 -0.9261477218177907E+000  0.8385262684990669E+000  0.8547052696261711E+000 -0.1514566101945544E+000  0.7078169749300918E-001
 0.4433333300000000E+000  0.3972128600000000E+000 -0.8853432151557392E+000  0.8051789348592823E+000  0.8211233943448695E+000 -0.1518364649482793E+000  0.6484295381552825E-001
 0.4591666700000000E+000  0.3972128600000000E+000 -0.8449818506020483E+000  0.7718342125402692E+000  0.7874448209105573E+000 -0.1516704287676573E+000  0.5908836500278564E-001
 0.4752777800000000E+000  0.3972128600000000E+000 -0.8051094584834095E+000  0.7385500113615655E+000  0.7537339191664246E+000 -0.1509291708175779E+000  0.5354412670917637E-001
 0.4916666700000000E+000  0.3972128600000000E+000 -0.7657656435906756E+000  0.7053798101586943E+000  0.7200516838107993E+000 -0.1495865628669572E+000  0.4823196629696688E-001
 0.5083333300000000E+000  0.3972128600000000E+000 -0.7269847357337080E+000  0.6723729814691251E+000  0.6864558765904711E+000 -0.1476204745282166E+000  0.4316963024149528E-001
 0.5247222200000000E+000  0.3972128600000000E+000 -0.6900290604726386E+000  0.6406381083795870E+000  0.6540865029664934E+000 -0.1451086362877967E+000  0.3852313977217309E-001
 0.5408333300000000E+000  0.3972128600000000E+000 -0.6548085978873749E+000  0.6101425462981093E+000  0.6229244871317196E+000 -0.1420960908728198E+000  0.3427057118525570E-001
 0.5566666700000000E+000  0.3972128600000000E+000 -0.6212367693285937E+000  0.5808505510859583E+000  0.5929459178886540E+000 -0.1386297182844688E+000  0.3038903153358017E-001
 0.5722222200000000E+000  0.3972128600000000E+000 -0.5892310116990477E+000  0.5527245473557193E+000  0.5641234255201697E+000 -0.1347576413529904E+000  0.2685543685726726E-001
 0.5875000000000000E+000  0.3972128600000000E+000 -0.5587128364009630E+000  0.5257258832229106E+000  0.5364270581518731E+000 -0.1305286209388185E+000  0.2364701138344990E-001
 0.6025000000000000E+000  0.3972128600000000E+000 -0.5296080084626629E+000  0.4998156173175925E+000  0.5098252041954257E+000 -0.1259915089990770E+000  0.2074163915066286E-001
 0.6172222200000000E+000  0.3972128600000000E+000 -0.5018463866799739E+000  0.4749549341854613E+000  0.4842851390940313E+000 -0.1211947088077343E+000  0.1811806043695011E-001
 0.6316666700000000E+000  0.3972128600000000E+000 -0.4753617816962445E+000  0.4511055036802217E+000  0.4597735142834862E+000 -0.1161856843124145E+000  0.1575598627039556E-001
 0.6458333300000000E+000  0.3972128600000000E+000 -0.4500918455566338E+000  0.4282298045758365E+000  0.4362568060454990E+000 -0.1110105312452798E+000  0.1363615418994268E-001
 0.6597222200000000E+000  0.3972128600000000E+000 -0.4259777424769807E+000  0.4062911923211979E+000  0.4137014958184723E+000 -0.1057135601474474E+000  0.1174032239462848E-001
 0.6733333300000000E+000  0.3972128600000000E+000 -0.4029640669361209E+000  0.3852541382364523E+000  0.3920744199280412E+000 -0.1003369827453261E+000  0.1005125648386545E-001
 0.6866666700000000E+000  0.3972128600000000E+000 -0.3809985499956471E+000  0.3650842317349430E+000  0.3713428682829002E+000 -0.9492060951682922E-001  0.8552679662500734E-002
 0.6997222200000000E+000  0.3972128600000000E+000 -0.3600319447550279E+000  0.3457483065511364E+000  0.3514748028524117E+000 -0.8950164061027996E-001  0.7229225435899080E-002
 0.7125000000000000E+000  0.3972128600000000E+000 -0.3400177243982810E+000  0.3272143611466101E+000  0.3324388569456606E+000 -0.8411446182655974E-001  0.6066371924066284E-002
 0.7250000000000000E+000  0.3972128600000000E+000 -0.3209120198119882E+000  0.3094516706969072E+000  0.3142045239073617E+000 -0.7879054947413280E-001  0.5050390550873495E-002
 0.7372222200000000E+000  0.3972128600000000E+000 -0.3026733914032270E+000  0.2924307218250305E+000  0.2967421564994111E+000 -0.7355837814493929E-001  0.4168285764860893E-002
 0.7491666700000000E+000  0.3972128600000000E+000 -0.2852626795171883E+000  0.2761231986788671E+000  0.2800230122903894E+000 -0.6844338937954543E-001  0.3407744295422220E-002
 0.7608333300000000E+000  0.3972128600000000E+000 -0.2686429225302375E+000  0.2605020149694576E+000  0.2640193397134208E+000 -0.6346801788368729E-001  0.2757093056616561E-002
 0.7722222200000000E+000  0.3972128600000000E+000 -0.2527791266095126E+000  0.2455411918901302E+000  0.2487043001820879E+000 -0.5865170636826948E-001  0.2205258281651658E-002
 0.7833333300000000E+000  0.3972128600000000E+000 -0.2376382472127256E+000  0.2312159219984889E+000  0.2340520752630907E+000 -0.5401101117569956E-001  0.1741741884049481E-002
 0.7941666700000000E+000  0.3972128600000000E+000 -0.2231890086739138E+000  0.2175024701795660E+000  0.2200378018485712E+000 -0.4955968310666554E-001  0.1356600514611789E-002
 0.8047222200000000E+000  0.3972128600000000E+000 -0.2094018700315163E+000  0.2043782035523188E+000  0.2066376346008577E+000 -0.4530881172282908E-001  0.1040438833992088E-002
 0.8149999999999999E+000  0.3972128600000000E+000 -0.1962488382223064E+000  0.1918214687256640E+000  0.1938286481449628E+000 -0.4126693774191663E-001  0.7844079163728441E-003
 0.8250000000000000E+000  0.3972128600000000E+000 -0.1837034728599509E+000  0.1798116444812456E+000  0.1815889146016401E+000 -0.3744023559703775E-001  0.5802170130200637E-003
 0.8347222200000000E+000  0.3972128600000000E+000 -0.1717407525361051E+000  0.1683290570455569E+000  0.1698974373061819E+000 -0.3383266091530151E-001  0.4201493929698505E-003
 0.8441666700000000E+000  0.3972128600000000E+000 -0.1603370004449299E+000  0.1573549467231718E+000  0.1587341339177507E+000 -0.3044612094106448E-001  0.2970853677053861E-003
 0.8533333300000000E+000  0.3972128600000000E+000 -0.1494698619250963E+000  0.1468714803953635E+000  0.1480798633365144E+000 -0.2728066190063208E-001  0.2045287964497888E-003
 0.8622222200000000E+000  0.3972128600000000E+000 -0.1391181546189933E+000  0.1368616376131735E+000  0.1379163216097880E+000 -0.2433461814430720E-001  0.1366322666689706E-003
 0.8708333300000000E+000  0.3972128600000000E+000 -0.1292618904140771E+000  0.1273092589692205E+000  0.1282261006636997E+000 -0.2160480918580674E-001  0.8822008296999587E-004
 0.8791666700000000E+000  0.3972128600000000E+000 -0.1198821590057228E+000  0.1181989581783106E+000  0.1189926066124319E+000 -0.1908669220956402E-001  0.5480198097372770E-004
 0.8872222200000000E+000  0.3972128600000000E+000 -0.1109611306935242E+000  0.1095161471064183E+000  0.1102000910413747E+000 -0.1677454234769596E-001  0.3257525334397344E-004
 0.8950000000000000E+000  0.3972128600000000E+000 -0.1024819274453967E+000  0.1012469307233939E+000  0.1018335490115641E+000 -0.1466159097729717E-001  0.1841024849340416E-004
 0.9025000000000000E+000  0.3972128600000000E+000 -0.9442865343386923E-001  0.9337815524446895E-001  0.9387877101698344E-001 -0.1274019858414793E-001  0.9817527657617535E-005
 0.9097222200000000E+000  0.3972128600000000E+000 -0.8678630608638033E-001  0.8589733842956425E-001  0.8632227451822620E-001 -0.1100198815254476E-001  0.4894983548095521E-005
 0.9166666700000000E+000  0.3972128600000000E+000 -0.7954073516858105E-001  0.7879264509614162E-001  0.7915128041429538E-001 -0.9437983065803112E-002  0.2256968978932945E-005
 0.9233333300000000E+000  0.3972128600000000E+000 -0.7267864524313698E-001  0.7205290401107503E-001  0.7235373047719773E-001 -0.8038744837580280E-002  0.9495462574130284E-006
 0.9297222200000000E+000  0.3972128600000000E+000 -0.6618748630023472E-001  0.6566751393500064E-001  0.6591819231070756E-001 -0.6794478155264625E-002  0.3585933666850712E-006
 0.9358333300000000E+000  0.3972128600000000E+000 -0.6005549177059251E-001  0.5962649327855914E-001  0.5983390870011900E-001 -0.5695157843225698E-002  0.1191190163388285E-006
 0.9416666700000000E+000  0.3972128600000000E+000 -0.5427159514522432E-001  0.5392040960409695E-001  0.5409072536741841E-001 -0.4730622141260688E-002  0.3393575425212667E-007
 0.9472222200000000E+000  0.3972128600000000E+000 -0.4882544971049212E-001  0.4854040976018451E-001  0.4867911980393520E-001 -0.3890676407813166E-002  0.8030779775241869E-008
 0.9525000000000000E+000  0.3972128600000000E+000 -0.4370733120791599E-001  0.4347813372034995E-001  0.4359011280930936E-001 -0.3165168856211433E-002  0.1515667828020482E-008
 0.9575000000000000E+000  0.3972128600000000E+000 -0.3890818037664257E-001  0.3872576576462899E-001  0.3881531805192643E-001 -0.2544080638519538E-002  0.2166308569132209E-009
 0.9622222200000000E+000  0.3972128600000000E+000 -0.3441953905078434E-001  0.3427597985058999E-001  0.3434688506344723E-001 -0.2017591366166228E-002  0.2204329616719367E-010
 0.9666666700000000E+000  0.3972128600000000E+000 -0.3023352774584763E-001  0.3012192524457514E-001  0.3017748269845626E-001 -0.1576144409734388E-002  0.1529272801763694E-011
 0.9708333300000000E+000  0.3972128600000000E+000 -0.2634286197119886E-001  0.2625725001826036E-001  0.2630032055105198E-001 -0.1210508770970482E-002  0.8311918582758296E-013
 0.9747222200000000E+000  0.3972128600000000E+000 -0.2274076678960200E-001  0.2267602293907175E-001  0.2270906842609251E-001 -0.9118242553219538E-003  0.5415932633802982E-014
 0.9783333300000000E+000  0.3972128600000000E+000 -0.1942102416585245E-001  0.1937278662940326E-001  0.1939790758760562E-001 -0.6716539878878826E-003  0.3210645124200396E-015
 0.9816666700000000E+000  0.3972128600000000E+000 -0.1637790967335079E-001  0.1634250028088417E-001  0.1636147128705685E-001 -0.4820210533506524E-003  0.9465141648463223E-017
 0.9847222200000000E+000  0.3972128600000000E+000 -0.1360622294458637E-001  0.1358057506845886E-001  0.1359487834970184E-001 -0.3354475046603757E-003 -0.2300688324947227E-018
 0.9875000000000000E+000  0.3972128600000000E+000 -0.1110120988550268E-001  0.1108280126725719E-001  0.1109365838606481E-001 -0.2249820387845058E-003  0.6582559501237024E-018
 0.9900000000000000E+000  0.3972128600000000E+000 -0.8858613598312750E-002  0.8845403058381027E-002  0.8853805109124103E-002 -0.1442309345701605E-003 -0.8092872020517905E-018
 0.9922222200000000E+000  0.3972128600000000E+000 -0.6874626599652313E-002  0.6864994485566417E-002  0.6871730826438427E-002 -0.8737970936686754E-004  0.7684352444464460E-018
 0.9941666700000000E+000  0.3972128600000000E+000 -0.5145880836552269E-002  0.5138573126430414E-002  0.5144258359552555E-002 -0.4921376169114687E-004  0.4168079188843663E-017
 0.9958333300000000E+000  0.3972128600000000E+000 -0.3669474208060887E-002  0.3663547762618759E-002  0.3668649192303872E-002 -0.2513632715295459E-004 -0.1982397760096232E-017
 0.9972222200000000E+000  0.3972128600000000E+000 -0.2442900593017603E-002  0.2437731446927536E-002  0.2442534944736937E-002 -0.1118169541741881E-004 -0.1307325699334595E-017
 0.9983333300000000E+000  0.3972128600000000E+000 -0.1464105278516040E-002  0.1459209228570269E-002  0.1463973939057839E-002 -0.4028279967376741E-005  0.9109820042371818E-018
 0.9991666700000000E+000  0.3972128600000000E+000 -0.7314351961393432E-003  0.7275525560272508E-003  0.7314024166824799E-003 -0.1007591455334725E-005 -0.5447477955351736E-017
 0.9997222200000000E+000  0.3972128600000000E+000 -0.2436785463518284E-003  0.2411560330215403E-003  0.2436749081694025E-003 -0.1119966729399880E-006  0.3156696298812064E-019
 0.1000000000000000E+001  0.3972128600000000E+000 -0.3553924110825698E-028 -0.5802942667193826E-028  0.3875829767308548E-027  0.3309518967851470E-038 -0.1699059220928632E-040

 0.0000000000000000E+000  0.4874885200000000E+000 -0.1937289598918045E+001  0.1542395644893050E+001  0.1544007794064875E+001 -0.6792412197764048E-002  0.7068304754378581E-002
 0.2777777800000000E-003  0.4874885200000000E+000 -0.1937283153295321E+001  0.1542390613002037E+001  0.1544001405493246E+001 -0.6792101916951810E-002  0.7073724911737817E-002
 0.8333333300000000E-003  0.4874885200000000E+000 -0.1937231831466257E+001  0.1542350528383197E+001  0.1543950542726142E+001 -0.6789699357442629E-002  0.7117064099516191E-002
 0.1666666700000000E-002  0.4874885200000000E+000 -0.1937062244180498E+001  0.1542217837913163E+001  0.1543782534999020E+001 -0.6782623342231505E-002  0.7262647907527699E-002
 0.2777777800000000E-002  0.4874885200000000E+000 -0.1936682057844730E+001  0.1541919068108620E+001  0.1543406263794036E+001 -0.6771784877391858E-002  0.7602828168025877E-002
 0.4166666700000000E-002  0.4874885200000000E+000 -0.1936017622242025E+001  0.1541392560852656E+001  0.1542750100835644E+001 -0.6771095198690376E-002  0.8247375722786455E-002
 0.5833333300000000E-002  0.4874885200000000E+000 -0.1935060798697754E+001  0.1540624560157980E+001  0.1541809242451713E+001 -0.6817461986967667E-002  0.9304828310529279E-002
 0.7777777800000000E-002  0.4874885200000000E+000 -0.1933883800625334E+001  0.1539664349198576E+001  0.1540661065991732E+001 -0.6968769813671460E-002  0.1086136038119561E-001
 0.1000000000000000E-001  0.4874885200000000E+000 -0.1932597917430309E+001  0.1538597982755102E+001  0.1539424099237437E+001 -0.7284987046429521E-002  0.1296772361416637E-001
 0.1250000000000000E-001  0.4874885200000000E+000 -0.1931292227211805E+001  0.1537502638240331E+001  0.1538196630042103E+001 -0.7807235022372377E-002  0.1564007301369527E-001
 0.1527777800000000E-001  0.4874885200000000E+000 -0.1930002216303739E+001  0.1536418865947851E+001  0.1537025068415117E+001 -0.8551155045575753E-002  0.1887041992748238E-001
 0.1833333300000000E-001  0.4874885200000000E+000 -0.1928714409089486E+001  0.1535349759527231E+001  0.1535908387517230E+001 -0.9513609088085453E-002  0.2263844222854272E-001
 0.2166666700000000E-001  0.4874885200000000E+000 -0.1927384849758567E+001  0.1534273042053443E+001  0.1534816564520432E+001 -0.1068266871349424E-001  0.2691973509372673E-001
 0.2527777800000000E-001  0.4874885200000000E+000 -0.1925954830871701E+001  0.1533153105185050E+001  0.1533706385721761E+001 -0.1204468550838701E-001  0.3168987264758277E-001
 0.2916666700000000E-001  0.4874885200000000E+000 -0.1924359720220433E+001  0.1531948586801436E+001  0.1532530417067340E+001 -0.1358767525790651E-001  0.3692560282755059E-001
 0.3333333300000000E-001  0.4874885200000000E+000 -0.1922532573142535E+001  0.1530615984207039E+001  0.1531240789868843E+001 -0.1530231867679045E-001  0.4260450236740467E-001
 0.3777777800000000E-001  0.4874885200000000E+000 -0.1920404928138963E+001  0.1529110878536951E+001  0.1529790183537169E+001 -0.1718185531810909E-001  0.4870399277130059E-001
 0.4250000000000000E-001  0.4874885200000000E+000 -0.1917906395352239E+001  0.1527388000933631E+001  0.1528131603646755E+001 -0.1922159542212511E-001  0.5520013128755560E-001
 0.4750000000000000E-001  0.4874885200000000E+000 -0.1914963846493381E+001  0.1525400825689591E+001  0.1526217761035745E+001 -0.2141838757950748E-001  0.6206640416653064E-001
 0.5277777800000000E-001  0.4874885200000000E+000 -0.1911500580310741E+001  0.1523101034982844E+001  0.1524000414302729E+001 -0.2377014549231139E-001  0.6927256001922254E-001
 0.5833333300000000E-001  0.4874885200000000E+000 -0.1907435601611835E+001  0.1520437997316933E+001  0.1521429803531254E+001 -0.2627546224911009E-001  0.7678352925686981E-001
 0.6416666700000000E-001  0.4874885200000000E+000 -0.1902683068742729E+001  0.1517358318487281E+001  0.1518454213228442E+001 -0.2893330215039991E-001  0.8455844368027417E-001
 0.7027777800000000E-001  0.4874885200000000E+000 -0.1897151950857030E+001  0.1513805497937052E+001  0.1515019677087203E+001 -0.3174274547777731E-001  0.9254975483645306E-001
 0.7666666699999999E-001  0.4874885200000000E+000 -0.1890745904634060E+001  0.1509719693476973E+001  0.1511069809504042E+001 -0.3470278096754223E-001  0.1007025145827570E+000
 0.8333333300000000E-001  0.4874885200000000E+000 -0.1883363428850745E+001  0.1505037624159263E+001  0.1506545775106670E+001 -0.3781212123666950E-001  0.1089538260394849E+000
 0.9027777800000000E-001  0.4874885200000000E+000 -0.1874898326161974E+001  0.1499692620091310E+001  0.1501386386660175E+001 -0.4106904198820420E-001  0.1172325493160119E+000
 0.9750000000000000E-001  0.4874885200000000E+000 -0.1865240552736759E+001  0.1493614860716789E+001  0.1495528352196076E+001 -0.4447122865781532E-001  0.1254593003163170E+000
 0.1050000000000000E+000  0.4874885200000000E+000 -0.1854277487265324E+001  0.1486731813887507E+001  0.1488906663048156E+001 -0.4801563894412834E-001  0.1335468463109019E+000
 0.1127777800000000E+000  0.4874885200000000E+000 -0.1841895701339437E+001  0.1478968924401589E+001  0.1481455149753491E+001 -0.5169836863563953E-001  0.1414009409213738E+000
 0.1208333300000000E+000  0.4874885200000000E+000 -0.1827983281940757E+001  0.1470250587898175E+001  0.1473107222487702E+001 -0.5551451925414731E-001  0.1489216612976863E+000
 0.1291666700000000E+000  0.4874885200000000E+000 -0.1812432597521859E+001  0.1460501356402619E+001  0.1463796732104003E+001 -0.5945809936596765E-001  0.1560053461954103E+000
 0.1377777800000000E+000  0.4874885200000000E+000 -0.1795143762154738E+001  0.1449647562079176E+001  0.1453459126315097E+001 -0.6352188168626673E-001  0.1625469846261564E+000
 0.1466666700000000E+000  0.4874885200000000E+000 -0.1776028249685294E+001  0.1437619057257594E+001  0.1442032620239990E+001 -0.6769733686220086E-001  0.1684432363601554E+000
 0.1558333300000000E+000  0.4874885200000000E+000 -0.1755012963810677E+001  0.1424351318423286E+001  0.1429459640661022E+001 -0.7197452253553228E-001  0.1735957533030740E+000
 0.1652777800000000E+000  0.4874885200000000E+000 -0.1732044092023575E+001  0.1409787558893105E+001  0.1415688243518668E+001 -0.7634203275384047E-001  0.1779148066324089E+000
 0.1750000000000000E+000  0.4874885200000000E+000 -0.1707090928009019E+001  0.1393881038464545E+001  0.1400673734801668E+001 -0.8078690576003271E-001  0.1813228577735489E+000
 0.1850000000000000E+000  0.4874885200000000E+000 -0.1680148727550983E+001  0.1376597044827388E+001  0.1384380057595772E+001 -0.8529461140624615E-001  0.1837579471702517E+000
 0.1952777800000000E+000  0.4874885200000000E+000 -0.1651240871028083E+001  0.1357914766770180E+001  0.1366781214884918E+001 -0.8984900174735355E-001  0.1851764983683790E+000
 0.2058333300000000E+000  0.4874885200000000E+000 -0.1620419716225769E+001  0.1337828685461021E+001  0.1347862427613711E+001 -0.9443229372406116E-001  0.1855553617769341E+000
 0.2166666700000000E+000  0.4874885200000000E+000 -0.1587765945582312E+001  0.1316349331577729E+001  0.1327620920203190E+001 -0.9902508048186343E-001  0.1848928740777984E+000
 0.2277777800000000E+000  0.4874885200000000E+000 -0.1553386829557261E+001  0.1293503617492467E+001  0.1306066541248440E+001 -0.1036063053247901E+000  0.1832088332711377E+000
 0.2391666700000000E+000  0.4874885200000000E+000 -0.1517412786063277E+001  0.1269334231730120E+001  0.1283221719556629E+001 -0.1081533042910521E+000  0.1805433914572110E+000
 0.2508333300000000E+000  0.4874885200000000E+000 -0.1479993264545015E+001  0.1243898636682515E+001  0.1259121223015538E+001 -0.1126418055314270E+000  0.1769549842887316E+000
 0.2627777800000000E+000  0.4874885200000000E+000 -0.1441291632662282E+001  0.1217267311610734E+001  0.1233811320769375E+001 -0.1170459765209694E+000  0.1725174718849531E+000
 0.2750000000000000E+000  0.4874885200000000E+000 -0.1401480154473146E+001  0.1189521839899974E+001  0.1207348844146927E+001 -0.1213384335940052E+000  0.1673168034004871E+000
 0.2875000000000000E+000  0.4874885200000000E+000 -0.1360734610948837E+001  0.1160752425421245E+001  0.1179799681406225E+001 -0.1254903147739427E+000  0.1614474000611044E+000
 0.3002777800000000E+000  0.4874885200000000E+000 -0.1319229700106287E+001  0.1131055549435306E+001  0.1151237320169179E+001 -0.1294713254346925E+000  0.1550086064015118E+000
 0.3133333300000000E+000  0.4874885200000000E+000 -0.1277134976364195E+001  0.1100531583394075E+001  0.1121741217424325E+001 -0.1332498184140710E+000  0.1481013795052990E+000
 0.3266666700000000E+000  0.4874885200000000E+000 -0.1234611476064500E+001  0.1069282470718422E+001  0.1091395075500853E+001 -0.1367929085799621E+000  0.1408253668248372E+000
 0.3402777800000000E+000  0.4874885200000000E+000 -0.1191809562208732E+001  0.1037409917959666E+001  0.1060285441055895E+001 -0.1400665867658300E+000  0.1332765522775782E+000
 0.3541666700000000E+000  0.4874885200000000E+000 -0.1148867157620461E+001  0.1005013563898221E+001  0.1028500118855655E+001 -0.1430359097592193E+000  0.1255453744126426E+000
 0.3683333300000000E+000  0.4874885200000000E+000 -0.1105909111818921E+001  0.9721897572462141E+000  0.9961270300161036E+000 -0.1456652027186460E+000  0.1177154458226560E+000
 0.3827777800000000E+000  0.4874885200000000E+000 -0.1063046888454841E+001  0.9390304258905645E+000  0.9632530358300895E+000 -0.1479183352753352E+000  0.1098627079372371E+000
 0.3975000000000000E+000  0.4874885200000000E+000 -0.1020379113212382E+001  0.9056225255817937E+000  0.9299632347530160E+000 -0.1497590332094048E+000  0.1020550740966494E+000
 0.4125000000000000E+000  0.4874885200000000E+000 -0.9779920658748058E+000  0.8720474328829620E+000  0.8963401330411133E+000 -0.1511512777102325E+000  0.9435234078129884E-001
 0.4277777800000000E+000  0.4874885200000000E+000 -0.9359607443675874E+000  0.8383808174963352E+000  0.8624632435591513E+000 -0.1520597550501750E+000  0.8680642568407418E-001
 0.4433333300000000E+000  0.4874885200000000E+000 -0.8943499460527607E+000  0.8046926042602788E+000  0.8284087486471137E+000 -0.1524503866979367E+000  0.7946177701446348E-001
 0.4591666700000000E+000  0.4874885200000000E+000 -0.8532153038373695E+000  0.7710469928986540E+000  0.7942492090577302E+000 -0.1522909326530729E+000  0.7235589538947312E-001
 0.4752777800000000E+000  0.4874885200000000E+000 -0.8126046080628122E+000  0.7375028197917020E+000  0.7600536201450485E+000 -0.1515516672798395E+000  0.6551998419890095E-001
 0.4916666700000000E+000  0.4874885200000000E+000 -0.7725587079676748E+000  0.7041136923108628E+000  0.7258872473758663E+000 -0.1502061275951991E+000  0.5897957045622429E-001
 0.5083333300000000E+000  0.4874885200000000E+000 -0.7331126430596442E+000  0.6709284239385607E+000  0.6918117820670004E+000 -0.1482319286260121E+000  0.5275518179675627E-001
 0.5247222200000000E+000  0.4874885200000000E+000 -0.6955488968340813E+000  0.6390583756277182E+000  0.6589860097841083E+000 -0.1457071687351693E+000  0.4704926590031531E-001
 0.5408333300000000E+000  0.4874885200000000E+000 -0.6597731092990178E+000  0.6084656638325923E+000  0.6273922474288903E+000 -0.1426773294766588E+000  0.4183303635142099E-001
 0.5566666700000000E+000  0.4874885200000000E+000 -0.6256946072707127E+000  0.5791096094163951E+000  0.5970073526643617E+000 -0.1391897951896386E+000  0.3707682218246505E-001
 0.5722222200000000E+000  0.4874885200000000E+000 -0.5932270167287785E+000  0.5509480664288056E+000  0.5678042387274069E+000 -0.1352932406670748E+000  0.3275099294245463E-001
 0.5875000000000000E+000  0.4874885200000000E+000 -0.5622883248611480E+000  0.5239382032073643E+000  0.5397528558585065E+000 -0.1310370080641204E+000  0.2882653723922485E-001
 0.6025000000000000E+000  0.4874885200000000E+000 -0.5328010495262718E+000  0.4980372939331362E+000  0.5128211994733142E+000 -0.1264705423750310E+000  0.2527546010366319E-001
 0.6172222200000000E+000  0.4874885200000000E+000 -0.5046920580732611E+000  0.4732031240092452E+000  0.4869759224432007E+000 -0.1216428350463083E+000  0.2207099220674534E-001
 0.6316666700000000E+000  0.4874885200000000E+000 -0.4778924023962778E+000  0.4493943308899716E+000  0.4621828772955370E+000 -0.1166019184549777E+000  0.1918770181893924E-001
 0.6458333300000000E+000  0.4874885200000000E+000 -0.4523371862616656E+000  0.4265707040257460E+000  0.4384076087639557E+000 -0.1113944243091326E+000  0.1660153825877502E-001
 0.6597222200000000E+000  0.4874885200000000E+000 -0.4279652131801665E+000  0.4046932269305359E+000  0.4156155677719733E+000 -0.1060651560465583E+000  0.1428980342587175E-001
 0.6733333300000000E+000  0.4874885200000000E+000 -0.4047188869495593E+000  0.3837242895642233E+000  0.3937724912829755E+000 -0.1006567673578123E+000  0.1223111739763060E-001
 0.6866666700000000E+000  0.4874885200000000E+000 -0.3825439006190572E+000  0.3636276645847404E+000  0.3728445240135654E+000 -0.9520945409317129E-001  0.1040534225997950E-001
 0.6997222200000000E+000  0.4874885200000000E+000 -0.3613891089040052E+000  0.3443686082326594E+000  0.3527984576231918E+000 -0.8976074211975324E-001  0.8793511441357090E-002
 0.7125000000000000E+000  0.4874885200000000E+000 -0.3412062135632697E+000  0.3259137575130682E+000  0.3336017456910430E+000 -0.8434528215038314E-001  0.7377738778805259E-002
 0.7250000000000000E+000  0.4874885200000000E+000 -0.3219496923932029E+000  0.3082312198239318E+000  0.3152227073858761E+000 -0.7899475570385450E-001  0.6141146910265269E-002
 0.7372222200000000E+000  0.4874885200000000E+000 -0.3035765623876822E+000  0.2912904876956232E+000  0.2976305379809661E+000 -0.7373778537840700E-001  0.5067786275712545E-002
 0.7491666700000000E+000  0.4874885200000000E+000 -0.2860462234152154E+000  0.2750624063668141E+000  0.2807953639933185E+000 -0.6859990743911167E-001  0.4142567016615510E-002
 0.7608333300000000E+000  0.4874885200000000E+000 -0.2693203708930831E+000  0.2595191886939030E+000  0.2646883375822026E+000 -0.6360360303380665E-001  0.3351202470253271E-002
 0.7722222200000000E+000  0.4874885200000000E+000 -0.2533627597995655E+000  0.2446342782270177E+000  0.2492815644307184E+000 -0.5876831851905672E-001  0.2680155055555815E-002
 0.7833333300000000E+000  0.4874885200000000E+000 -0.2381391823019304E+000  0.2303823987549532E+000  0.2345482166167292E+000 -0.5411057723392303E-001  0.2116603853487103E-002
 0.7941666700000000E+000  0.4874885200000000E+000 -0.2236172827517708E+000  0.2167394430492058E+000  0.2204624711955188E+000 -0.4964406640031513E-001  0.1648416077054519E-002
 0.8047222200000000E+000  0.4874885200000000E+000 -0.2097665199683040E+000  0.2036824910923923E+000  0.2069995757372639E+000 -0.4537978757604505E-001  0.1264136333015562E-002
 0.8149999999999999E+000  0.4874885200000000E+000 -0.1965579762423854E+000  0.1911896775183197E+000  0.1941357518432737E+000 -0.4132617476514313E-001  0.9529825400312190E-003
 0.8250000000000000E+000  0.4874885200000000E+000 -0.1839643589180996E+000  0.1792402345531527E+000  0.1818482740164176E+000 -0.3748928246892586E-001  0.7048584324416676E-003
 0.8347222200000000E+000  0.4874885200000000E+000 -0.1719598628725560E+000  0.1678143991301159E+000  0.1701154032807492E+000 -0.3387293799761704E-001  0.5103713059437985E-003
 0.8441666700000000E+000  0.4874885200000000E+000 -0.1605200926345096E+000  0.1568933718900859E+000  0.1589163698014019E+000 -0.3047891620266858E-001  0.3608587331136955E-003
 0.8533333300000000E+000  0.4874885200000000E+000 -0.1496220365729952E+000  0.1464593225496376E+000  0.1482313988669984E+000 -0.2730713055837406E-001  0.2484197084500172E-003
 0.8622222200000000E+000  0.4874885200000000E+000 -0.1392439133340092E+000  0.1364952701248841E+000  0.1380416049888738E+000 -0.2435578531378873E-001  0.1659443534325317E-003
 0.8708333300000000E+000  0.4874885200000000E+000 -0.1293651906049310E+000  0.1269851252606933E+000  0.1283290489430535E+000 -0.2162157503846709E-001  0.1071411037785298E-003
 0.8791666700000000E+000  0.4874885200000000E+000 -0.1199664651470257E+000  0.1179135974675892E+000  0.1190766536885239E+000 -0.1909983897957817E-001  0.6655275451124932E-004
 0.8872222200000000E+000  0.4874885200000000E+000 -0.1110294624115842E+000  0.1092662153200958E+000  0.1102682333239061E+000 -0.1678474271940794E-001  0.3955853857579924E-004
 0.8950000000000000E+000  0.4874885200000000E+000 -0.1025369042267590E+000  0.1010292176188303E+000  0.1018883883457269E+000 -0.1466941733089332E-001  0.2235610586742285E-004
 0.9025000000000000E+000  0.4874885200000000E+000 -0.9447253634456505E-001  0.9318959755950756E-001  0.9392255507464733E-001 -0.1274613274702391E-001  0.1192131068813370E-004
 0.9097222200000000E+000  0.4874885200000000E+000 -0.8682103637217646E-001  0.8573502997374413E-001  0.8635693440218851E-001 -0.1100643126793751E-001  0.5943738129695270E-005
 0.9166666700000000E+000  0.4874885200000000E+000 -0.7956796993498014E-001  0.7865384398255068E-001  0.7917846558242496E-001 -0.9441265312261405E-002  0.2740448682135263E-005
 0.9233333300000000E+000  0.4874885200000000E+000 -0.7269979035598052E-001  0.7193503726628110E-001  0.7237484106304129E-001 -0.8041134777763092E-002  0.1152924513110973E-005
 0.9297222200000000E+000  0.4874885200000000E+000 -0.6620372650927085E-001  0.6556818017470759E-001  0.6593440879859332E-001 -0.6796191526095102E-002  0.4353881369148976E-006
 0.9358333300000000E+000  0.4874885200000000E+000 -0.6006781831368926E-001  0.5954346328248324E-001  0.5984621918081619E-001 -0.5696365686879565E-002  0.1446258387164371E-006
 0.9416666700000000E+000  0.4874885200000000E+000 -0.5428083084286410E-001  0.5385162542464000E-001  0.5409995036179115E-001 -0.4731458182377452E-002  0.4120154925200626E-007
 0.9472222200000000E+000  0.4874885200000000E+000 -0.4883227174555026E-001  0.4848398231238726E-001  0.4868593483266452E-001 -0.3891243646095768E-002  0.9750025506946556E-008
 0.9525000000000000E+000  0.4874885200000000E+000 -0.4371229164956552E-001  0.4343233934532701E-001  0.4359506875471791E-001 -0.3165545356979659E-002  0.1840114258912445E-008
 0.9575000000000000E+000  0.4874885200000000E+000 -0.3891172464008890E-001  0.3868904161354926E-001  0.3881885949331896E-001 -0.2544324545086865E-002  0.2629993092362251E-009
 0.9622222200000000E+000  0.4874885200000000E+000 -0.3442202236604579E-001  0.3424691849267981E-001  0.3434936665116727E-001 -0.2017745164243388E-002  0.2676120136018598E-010
 0.9666666700000000E+000  0.4874885200000000E+000 -0.3023522978065956E-001  0.3009926853000912E-001  0.3017918370524422E-001 -0.1576238497360439E-002  0.1856572042940736E-011
 0.9708333300000000E+000  0.4874885200000000E+000 -0.2634399973390567E-001  0.2623988226422642E-001  0.2630145772142251E-001 -0.1210564395433278E-002  0.1009097021658536E-012
 0.9747222200000000E+000  0.4874885200000000E+000 -0.2274150591523126E-001  0.2266296369025271E-001  0.2270980722284698E-001 -0.9118558835787221E-003  0.6574897164244368E-014
 0.9783333300000000E+000  0.4874885200000000E+000 -0.1942148872617881E-001  0.1936318288857513E-001  0.1939837197302228E-001 -0.6716711828366523E-003  0.3902142841534420E-015
 0.9816666700000000E+000  0.4874885200000000E+000 -0.1637819061089846E-001  0.1633561843598481E-001  0.1636175213615553E-001 -0.4820299255688492E-003  0.1078515246719214E-016
 0.9847222200000000E+000  0.4874885200000000E+000 -0.1360638525431394E-001  0.1357579247446069E-001  0.1359504061730262E-001 -0.3354518086747278E-003  0.8423079881898945E-018
 0.9875000000000000E+000  0.4874885200000000E+000 -0.1110129864844641E-001  0.1107959763509883E-001  0.1109374713034254E-001 -0.2249839777880657E-003 -0.9082893115947774E-018
 0.9900000000000000E+000  0.4874885200000000E+000 -0.8858658982125822E-002  0.8843351591277046E-002  0.8853850485368756E-002 -0.1442317325503083E-003  0.1258387276375952E-017
 0.9922222200000000E+000  0.4874885200000000E+000 -0.6874647926674974E-002  0.6863752881021937E-002  0.6871752150716235E-002 -0.8738000260662430E-004 -0.1568968939346144E-017
 0.9941666700000000E+000  0.4874885200000000E+000 -0.5145889824064239E-002  0.5137874442493988E-002  0.5144267346202840E-002 -0.4921385480950387E-004 -0.2714507679517530E-017
 0.9958333300000000E+000  0.4874885200000000E+000 -0.3669477480331460E-002  0.3663191170115852E-002  0.3668652464351644E-002 -0.2513635146718315E-004  0.1796208798214434E-017
 0.9972222200000000E+000  0.4874885200000000E+000 -0.2442901561817180E-002  0.2437572917932945E-002  0.2442535913492748E-002 -0.1118170023247122E-004 -0.3128211147443894E-017
 0.9983333300000000E+000  0.4874885200000000E+000 -0.1464105487645430E-002  0.1459152145720931E-002  0.1463974148181582E-002 -0.4028280592675543E-005 -0.2002904593041090E-017
 0.9991666700000000E+000  0.4874885200000000E+000 -0.7314352222676376E-003  0.7275382832129535E-003  0.7314024428104218E-003 -0.1007591494473820E-005  0.3513870613087905E-017
 0.9997222200000000E+000  0.4874885200000000E+000 -0.2436785473192712E-003  0.2411544469467978E-003  0.2436749091368404E-003 -0.1119966734237564E-006  0.4259765714790893E-018
 0.1000000000000000E+001  0.4874885200000000E+000 -0.3139219480240245E-027  0.5061741292988132E-027  0.2574012221968322E-027 -0.1701368086960230E-039 -0.3748712495464771E-041

 0.0000000000000000E+000  0.5741531400000000E+000 -0.1937573363323487E+001  0.1542111880864480E+001  0.1544279527288504E+001 -0.6792412197764048E-002  0.8195856443455657E-002
 0.2777777800000000E-003  0.5741531400000000E+000 -0.1937566666657614E+001  0.1542107041264604E+001  0.1544272863015947E+001 -0.6792102341584248E-002  0.8202141529256132E-002
 0.8333333300000000E-003  0.5741531400000000E+000 -0.1937513353930071E+001  0.1542068486573508E+001  0.1544219811505341E+001 -0.6789703109557442E-002  0.8252396646786299E-002
 0.1666666700000000E-002  0.5741531400000000E+000 -0.1937337295289047E+001  0.1541940837387052E+001  0.1544044658940601E+001 -0.6782637453359350E-002  0.8421212574929456E-002
 0.2777777800000000E-002  0.5741531400000000E+000 -0.1936943217413605E+001  0.1541653289741846E+001  0.1543652869109768E+001 -0.6771818801203414E-002  0.8815680429850002E-002
 0.4166666700000000E-002  0.5741531400000000E+000 -0.1936256668329917E+001  0.1541146120034383E+001  0.1542971304621712E+001 -0.6771153290775404E-002  0.9563095906792125E-002
 0.5833333300000000E-002  0.5741531400000000E+000 -0.1935273353948454E+001  0.1540405309623941E+001  0.1541997978620385E+001 -0.6817534817719660E-002  0.1078933939232019E-001
 0.7777777800000000E-002  0.5741531400000000E+000 -0.1934073898960725E+001  0.1539477413059859E+001  0.1540817229280772E+001 -0.6968836156760682E-002  0.1259438833856034E-001
 0.1000000000000000E-001  0.5741531400000000E+000 -0.1932779212864176E+001  0.1538444937332188E+001  0.1539555266188982E+001 -0.7285027866140330E-002  0.1503719394163309E-001
 0.1250000000000000E-001  0.5741531400000000E+000 -0.1931485903665405E+001  0.1537382848577724E+001  0.1538315480052023E+001 -0.7807245228493416E-002  0.1813666369907013E-001
 0.1527777800000000E-001  0.5741531400000000E+000 -0.1930234382933992E+001  0.1536331728829887E+001  0.1537146335690075E+001 -0.8551145130630747E-002  0.2188381043849838E-001
 0.1833333300000000E-001  0.5741531400000000E+000 -0.1929014853437289E+001  0.1535296530633453E+001  0.1536047227166881E+001 -0.9513602037981024E-002  0.2625547787993776E-001
 0.2166666700000000E-001  0.5741531400000000E+000 -0.1927787137533534E+001  0.1534257842345201E+001  0.1534988312597782E+001 -0.1068269844501508E-001  0.3122394127993581E-001
 0.2527777800000000E-001  0.5741531400000000E+000 -0.1926497056081364E+001  0.1533183312107524E+001  0.1533927008343627E+001 -0.1204479843665691E-001  0.3676165231575946E-001
 0.2916666700000000E-001  0.5741531400000000E+000 -0.1925085380236652E+001  0.1532034913833374E+001  0.1532817123355207E+001 -0.1358793426964409E-001  0.4284266047227622E-001
 0.3333333300000000E-001  0.5741531400000000E+000 -0.1923491331154072E+001  0.1530772443505006E+001  0.1531612581801098E+001 -0.1530280866402165E-001  0.4944224768734864E-001
 0.3777777800000000E-001  0.5741531400000000E+000 -0.1921653187523481E+001  0.1529354710780806E+001  0.1530268285622999E+001 -0.1718268984082853E-001  0.5653581819679136E-001
 0.4250000000000000E-001  0.5741531400000000E+000 -0.1919507663654056E+001  0.1527739590760377E+001  0.1528739775949969E+001 -0.1922292435249316E-001  0.6409751986340803E-001
 0.4750000000000000E-001  0.5741531400000000E+000 -0.1916988872820252E+001  0.1525883591074698E+001  0.1526982510117838E+001 -0.2142040568547632E-001  0.7209885584126609E-001
 0.5277777800000000E-001  0.5741531400000000E+000 -0.1914027237143296E+001  0.1523741266187885E+001  0.1524951110104015E+001 -0.2377310191341052E-001  0.8050732442278698E-001
 0.5833333300000000E-001  0.5741531400000000E+000 -0.1910548469527591E+001  0.1521264616922684E+001  0.1522598701714345E+001 -0.2627967076215021E-001  0.8928513354846056E-001
 0.6416666700000000E-001  0.5741531400000000E+000 -0.1906472672077280E+001  0.1518402532956472E+001  0.1519876375090278E+001 -0.2893915204142502E-001  0.9838799876274276E-001
 0.7027777800000000E-001  0.5741531400000000E+000 -0.1901713584266306E+001  0.1515100311017901E+001  0.1516732773079591E+001 -0.3175071273471657E-001  0.1077640151150903E+000
 0.7666666699999999E-001  0.5741531400000000E+000 -0.1896177992615828E+001  0.1511299254495968E+001  0.1513113790053724E+001 -0.3471343940711059E-001  0.1173526700480187E+000
 0.8333333300000000E-001  0.5741531400000000E+000 -0.1889765364128763E+001  0.1506936387194695E+001  0.1508962390006319E+001 -0.3782615306302098E-001  0.1270840017396042E+000
 0.9027777800000000E-001  0.5741531400000000E+000 -0.1882367751914082E+001  0.1501944297680815E+001  0.1504218536241086E+001 -0.4108724718689936E-001  0.1368780005027963E+000
 0.9750000000000000E-001  0.5741531400000000E+000 -0.1873870078936299E+001  0.1496251165415626E+001  0.1498819255869431E+001 -0.4449453253756013E-001  0.1466443027149488E+000
 0.1050000000000000E+000  0.5741531400000000E+000 -0.1864150877523272E+001  0.1489780997634812E+001  0.1492698838922788E+001 -0.4804509710701090E-001  0.1562823121439436E+000
 0.1127777800000000E+000  0.5741531400000000E+000 -0.1853083620284159E+001  0.1482454145078740E+001  0.1485789207915627E+001 -0.5173516865013936E-001  0.1656818218148334E+000
 0.1208333300000000E+000  0.5741531400000000E+000 -0.1840538762966408E+001  0.1474188157712966E+001  0.1478020488162370E+001 -0.5555997836625559E-001  0.1747242443481909E+000
 0.1291666700000000E+000  0.5741531400000000E+000 -0.1826386480965856E+001  0.1464898959452748E+001  0.1469321737306685E+001 -0.5951365780151834E-001  0.1832846133904013E+000
 0.1377777800000000E+000  0.5741531400000000E+000 -0.1810500403878553E+001  0.1454502548766458E+001  0.1459622016852465E+001 -0.6358909113113234E-001  0.1912342267973667E+000
 0.1466666700000000E+000  0.5741531400000000E+000 -0.1792761906200841E+001  0.1442916963169660E+001  0.1448851564435035E+001 -0.6777784426924566E-001  0.1984442028462511E+000
 0.1558333300000000E+000  0.5741531400000000E+000 -0.1773065248370741E+001  0.1430064757346321E+001  0.1436943326733116E+001 -0.7207004941401482E-001  0.2047895950730719E+000
 0.1652777800000000E+000  0.5741531400000000E+000 -0.1751322913958668E+001  0.1415875651750295E+001  0.1423834582637292E+001 -0.7645435069406457E-001  0.2101540979656393E+000
 0.1750000000000000E+000  0.5741531400000000E+000 -0.1727471215090039E+001  0.1400289509150838E+001  0.1409468875679342E+001 -0.8091780886813062E-001  0.2144348997456142E+000
 0.1850000000000000E+000  0.5741531400000000E+000 -0.1701475122103467E+001  0.1383259081142883E+001  0.1393797829033659E+001 -0.8544588692915203E-001  0.2175474924361326E+000
 0.1952777800000000E+000  0.5741531400000000E+000 -0.1673332357879290E+001  0.1364752668437030E+001  0.1376783072097695E+001 -0.9002239978320020E-001  0.2194298724452093E+000
 0.2058333300000000E+000  0.5741531400000000E+000 -0.1643075937158489E+001  0.1344756247766885E+001  0.1358397952142516E+001 -0.9462949707338152E-001  0.2200458189541965E+000
 0.2166666700000000E+000  0.5741531400000000E+000 -0.1610774738598302E+001  0.1323274828553652E+001  0.1338628874501856E+001 -0.9924767550314578E-001  0.2193868689404198E+000
 0.2277777800000000E+000  0.5741531400000000E+000 -0.1576532369290836E+001  0.1300333177455537E+001  0.1317476420643246E+001 -0.1038557539855353E+000  0.2174727698696594E+000
 0.2391666700000000E+000  0.5741531400000000E+000 -0.1540483644888964E+001  0.1275975353690419E+001  0.1294955708893794E+001 -0.1084309178065659E+000  0.2143503548642622E+000
 0.2508333300000000E+000  0.5741531400000000E+000 -0.1502789737276972E+001  0.1250263583421374E+001  0.1271096417975167E+001 -0.1129487190223524E+000  0.2100909660207912E+000
 0.2627777800000000E+000  0.5741531400000000E+000 -0.1463631797459010E+001  0.1223276136874348E+001  0.1245942064006699E+001 -0.1173831243560505E+000  0.2047866724659196E+000
 0.2750000000000000E+000  0.5741531400000000E+000 -0.1423204332544703E+001  0.1195104863051397E+001  0.1219549021788447E+001 -0.1217065243767201E+000  0.1985457282736804E+000
 0.2875000000000000E+000  0.5741531400000000E+000 -0.1381708091441132E+001  0.1165852030461108E+001  0.1191984848829384E+001 -0.1258898055697099E+000  0.1914875960671017E+000
 0.3002777800000000E+000  0.5741531400000000E+000 -0.1339343799553910E+001  0.1135627267246465E+001  0.1163326553177933E+001 -0.1299023943468805E+000  0.1837380462653599E+000
 0.3133333300000000E+000  0.5741531400000000E+000 -0.1296306648151913E+001  0.1104544480324512E+001  0.1133658625136869E+001 -0.1337123352818840E+000  0.1754246110658734E+000
 0.3266666700000000E+000  0.5741531400000000E+000 -0.1252781775554652E+001  0.1072718918868557E+001  0.1103070947097690E+001 -0.1372864039566503E+000  0.1666726234063368E+000
 0.3402777800000000E+000  0.5741531400000000E+000 -0.1208941319329103E+001  0.1040264863296275E+001  0.1071657033870282E+001 -0.1405902194421071E+000  0.1576020795920156E+000
 0.3541666700000000E+000  0.5741531400000000E+000 -0.1164942177538145E+001  0.1007293412848303E+001  0.1039512116422407E+001 -0.1435884341793943E+000  0.1483252089680090E+000
 0.3683333300000000E+000  0.5741531400000000E+000 -0.1120925198484504E+001  0.9739110130384240E+000  0.1006731719066285E+001 -0.1462449375065341E+000  0.1389448885941914E+000
 0.3827777800000000E+000  0.5741531400000000E+000 -0.1077014907761482E+001  0.9402181847962670E+000  0.9734102545007736E+000 -0.1485231350106729E+000  0.1295536769624753E+000
 0.3975000000000000E+000  0.5741531400000000E+000 -0.1033320263446062E+001  0.9063089334334138E+000  0.9396401509035179E+000 -0.1503862655235896E+000  0.1202335005695636E+000
 0.4125000000000000E+000  0.5741531400000000E+000 -0.9899354437051507E+000  0.8722701709665822E+000  0.9055108999779717E+000 -0.1517978085362351E+000  0.1110557018951030E+000
 0.4277777800000000E+000  0.5741531400000000E+000 -0.9469412629281141E+000  0.8381816754735755E+000  0.8711085809556257E+000 -0.1527219445845586E+000  0.1020814956927219E+000
 0.4433333300000000E+000  0.5741531400000000E+000 -0.9044066123608731E+000  0.8041161732382471E+000  0.8365154834893405E+000 -0.1531240989664055E+000  0.9336262970033045E-001
 0.4591666700000000E+000  0.5741531400000000E+000 -0.8623898371053159E+000  0.7701394971193802E+000  0.8018098025346999E+000 -0.1529715614061085E+000  0.8494216788262504E-001
 0.4752777800000000E+000  0.5741531400000000E+000 -0.8209403723266193E+000  0.7363110966703489E+000  0.7670657035663812E+000 -0.1522341805914944E+000  0.7685540736018759E-001
 0.4916666700000000E+000  0.5741531400000000E+000 -0.7800999091027919E+000  0.7026843160389148E+000  0.7323531745212374E+000 -0.1508851332241543E+000  0.6913073793751436E-001
 0.5083333300000000E+000  0.5741531400000000E+000 -0.7399037518156524E+000  0.6693069675893141E+000  0.6977382085249093E+000 -0.1489017613725062E+000  0.6179054499714042E-001
 0.5247222200000000E+000  0.5741531400000000E+000 -0.7016565121003467E+000  0.6372929460365087E+000  0.6644005000937552E+000 -0.1463625805467739E+000  0.5507125752774380E-001
 0.5408333300000000E+000  0.5741531400000000E+000 -0.6652583339514350E+000  0.6065982742002133E+000  0.6323236584712622E+000 -0.1433135557910897E+000  0.4893645707708173E-001
 0.5566666700000000E+000  0.5741531400000000E+000 -0.6306134527389720E+000  0.5771766019000631E+000  0.6014851615128847E+000 -0.1398026258102438E+000  0.4334911482047693E-001
 0.5722222200000000E+000  0.5741531400000000E+000 -0.5976308259024055E+000  0.5489805846056049E+000  0.5718580264325144E+000 -0.1358790712541829E+000  0.3827263139618221E-001
 0.5875000000000000E+000  0.5741531400000000E+000 -0.5662241776449141E+000  0.5219626787392119E+000  0.5434119083393681E+000 -0.1315928717184042E+000  0.3367146595921719E-001
 0.6025000000000000E+000  0.5741531400000000E+000 -0.5363121403556766E+000  0.4960759255637088E+000  0.5161142027451326E+000 -0.1269941220239261E+000  0.2951155387130001E-001
 0.6172222200000000E+000  0.5741531400000000E+000 -0.5078180356638472E+000  0.4712743350439916E+000  0.4899307290601628E+000 -0.1221324576671785E+000  0.2576050752120317E-001
 0.6316666700000000E+000  0.5741531400000000E+000 -0.4806696726577903E+000  0.4475131977072431E+000  0.4648263300631891E+000 -0.1170565330073932E+000  0.2238770811628450E-001
 0.6458333300000000E+000  0.5741531400000000E+000 -0.4547991815995371E+000  0.4247493517010141E+000  0.4407654110479379E+000 -0.1118135657467843E+000  0.1936432238395291E-001
 0.6597222200000000E+000  0.5741531400000000E+000 -0.4301426293452381E+000  0.4029411912111369E+000  0.4177121893360602E+000 -0.1064488976998890E+000  0.1666324008063269E-001
 0.6733333300000000E+000  0.5741531400000000E+000 -0.4066398948639029E+000  0.3820488451173061E+000  0.3956311058152589E+000 -0.1010056647411946E+000  0.1425900906954274E-001
 0.6866666700000000E+000  0.5741531400000000E+000 -0.3842343345829570E+000  0.3620341214359570E+000  0.3744869706094794E+000 -0.9552448255915905E-001  0.1212772555955400E-001
 0.6997222200000000E+000  0.5741531400000000E+000 -0.3628726368757331E+000  0.3428605778498691E+000  0.3542452238001227E+000 -0.9004323122487026E-001  0.1024693422214908E-001
 0.7125000000000000E+000  0.5741531400000000E+000 -0.3425044906456753E+000  0.3244933914990313E+000  0.3348719665241822E+000 -0.8459684883879012E-001  0.8595507583320297E-002
 0.7250000000000000E+000  0.5741531400000000E+000 -0.3230825025386568E+000  0.3068994226496982E+000  0.3163341800695327E+000 -0.7921723879264247E-001  0.7153550448617979E-002
 0.7372222200000000E+000  0.5741531400000000E+000 -0.3045619487171627E+000  0.2900471064705665E+000  0.2985997476831585E+000 -0.7393318287373950E-001  0.5902295440511209E-002
 0.7491666700000000E+000  0.5741531400000000E+000 -0.2869006095953601E+000  0.2739063995841026E+000  0.2816375195648891E+000 -0.6877031824110419E-001  0.4824015309891828E-002
 0.7608333300000000E+000  0.5741531400000000E+000 -0.2700586752819808E+000  0.2584487756956833E+000  0.2654174156429278E+000 -0.6375117420145317E-001  0.3901950193234941E-002
 0.7722222200000000E+000  0.5741531400000000E+000 -0.2539985022089128E+000  0.2436470720819673E+000  0.2499103590734246E+000 -0.5889519861626947E-001  0.3120238841750120E-002
 0.7833333300000000E+000  0.5741531400000000E+000 -0.2386845855926827E+000  0.2294755232418844E+000  0.2350883947107283E+000 -0.5421887646444475E-001  0.2463876106389499E-002
 0.7941666700000000E+000  0.5741531400000000E+000 -0.2240833686089244E+000  0.2159096361766931E+000  0.2209246308368984E+000 -0.4973582343418556E-001  0.1918675756157544E-002
 0.8047222200000000E+000  0.5741531400000000E+000 -0.2101632001059613E+000  0.2029261958274275E+000  0.2073933075459083E+000 -0.4545694313345515E-001  0.1471254682061194E-002
 0.8149999999999999E+000  0.5741531400000000E+000 -0.1968941384250138E+000  0.1905031218210211E+000  0.1944697012190531E+000 -0.4139055146554008E-001  0.1109025397768865E-002
 0.8250000000000000E+000  0.5741531400000000E+000 -0.1842479489581242E+000  0.1786195008432954E+000  0.1821302044111524E+000 -0.3754257068490841E-001  0.8202083016606083E-003
 0.8347222200000000E+000  0.5741531400000000E+000 -0.1721979619891807E+000  0.1672554849471970E+000  0.1703522589588067E+000 -0.3391668698094404E-001  0.5938504124100787E-003
 0.8441666700000000E+000  0.5741531400000000E+000 -0.1607189905759520E+000  0.1563922423404819E+000  0.1591143377021296E+000 -0.3051452989901319E-001  0.4198548552176108E-003
 0.8533333300000000E+000  0.5741531400000000E+000 -0.1497873007194735E+000  0.1460119551027045E+000  0.1483959691200986E+000 -0.2733586745577484E-001  0.2890157612950202E-003
 0.8622222200000000E+000  0.5741531400000000E+000 -0.1393804534259476E+000  0.1360976931393440E+000  0.1381776291681346E+000 -0.2437876154761922E-001  0.1930517090821311E-003
 0.8708333300000000E+000  0.5741531400000000E+000 -0.1294773197316867E+000  0.1266334500562328E+000  0.1284407962189893E+000 -0.2163977019960904E-001  0.1246364207242102E-003
 0.8791666700000000E+000  0.5741531400000000E+000 -0.1200579566492397E+000  0.1176040452460094E+000  0.1191678641481991E+000 -0.1911410390858156E-001  0.7741665295202080E-004
 0.8872222200000000E+000  0.5741531400000000E+000 -0.1111036031119381E+000  0.1089951389477904E+000  0.1103421685572944E+000 -0.1679580877496126E-001  0.4601397694091804E-004
 0.8950000000000000E+000  0.5741531400000000E+000 -0.1025965438056441E+000  0.1007931193964645E+000  0.1019478788696885E+000 -0.1467790656501762E-001  0.2600329595204266E-004
 0.9025000000000000E+000  0.5741531400000000E+000 -0.9452013330971822E-001  0.9298514277594785E-001  0.9397004485323351E-001 -0.1275256860505957E-001  0.1386565425330313E-004
 0.9097222200000000E+000  0.5741531400000000E+000 -0.8685870050599491E-001  0.8555905723065461E-001  0.8639452220822075E-001 -0.1101124939337709E-001  0.6912918567851306E-005
 0.9166666700000000E+000  0.5741531400000000E+000 -0.7959750145725245E-001  0.7850337249902095E-001  0.7920794333709663E-001 -0.9444824169563097E-002  0.3187205404945914E-005
 0.9233333300000000E+000  0.5741531400000000E+000 -0.7272271597416963E-001  0.7180727141440024E-001  0.7239772925513270E-001 -0.8043725855360751E-002  0.1340839991317809E-005
 0.9297222200000000E+000  0.5741531400000000E+000 -0.6622133237582938E-001  0.6546051198515856E-001  0.6595198895418687E-001 -0.6798048918353452E-002  0.5063390073136787E-006
 0.9358333300000000E+000  0.5741531400000000E+000 -0.6008118018462741E-001  0.5945347273273265E-001  0.5985956364312017E-001 -0.5697674948568327E-002  0.1681900619725269E-006
 0.9416666700000000E+000  0.5741531400000000E+000 -0.5429084146062580E-001  0.5377707919137895E-001  0.5410994937986129E-001 -0.4732364355485729E-002  0.4791356625377613E-007
 0.9472222200000000E+000  0.5741531400000000E+000 -0.4883966566844848E-001  0.4842283092496239E-001  0.4869332116279577E-001 -0.3891858427735932E-002  0.1133814543159596E-007
 0.9525000000000000E+000  0.5741531400000000E+000 -0.4371766760067397E-001  0.4338271326786683E-001  0.4360043983343869E-001 -0.3165953391376329E-002  0.2139799953213499E-008
 0.9575000000000000E+000  0.5741531400000000E+000 -0.3891556559103479E-001  0.3864924608448290E-001  0.3882269738622549E-001 -0.2544588867131210E-002  0.3058271091674055E-009
 0.9622222200000000E+000  0.5741531400000000E+000 -0.3442471344135505E-001  0.3421542755396294E-001  0.3435205585452658E-001 -0.2017911828668352E-002  0.3111869109892205E-010
 0.9666666700000000E+000  0.5741531400000000E+000 -0.3023707414505423E-001  0.3007471827488835E-001  0.3018102695570571E-001 -0.1576340452578521E-002  0.2158863193548731E-011
 0.9708333300000000E+000  0.5741531400000000E+000 -0.2634523260311432E-001  0.2622106337342682E-001  0.2630268994880678E-001 -0.1210624669467821E-002  0.1173411165762087E-012
 0.9747222200000000E+000  0.5741531400000000E+000 -0.2274230680545050E-001  0.2264881352517327E-001  0.2271060775672011E-001 -0.9118901547882549E-003  0.7645839348391243E-014
 0.9783333300000000E+000  0.5741531400000000E+000 -0.1942199209736282E-001  0.1935277702521592E-001  0.1939887515468838E-001 -0.6716898142924241E-003  0.4532408568546849E-015
 0.9816666700000000E+000  0.5741531400000000E+000 -0.1637849501417363E-001  0.1632816188205857E-001  0.1636205644359545E-001 -0.4820395388482997E-003  0.1339054624770781E-016
 0.9847222200000000E+000  0.5741531400000000E+000 -0.1360656111910962E-001  0.1357061052209145E-001  0.1359521643645388E-001 -0.3354564721318447E-003 -0.3992497518963031E-018
 0.9875000000000000E+000  0.5741531400000000E+000 -0.1110139482344026E-001  0.1107612651200009E-001  0.1109384328511187E-001 -0.2249860787058061E-003  0.1104441861446651E-017
 0.9900000000000000E+000  0.5741531400000000E+000 -0.8858708155341481E-002  0.8841128843989717E-002  0.8853899650384097E-002 -0.1442325971592438E-003 -0.1560346229556544E-017
 0.9922222200000000E+000  0.5741531400000000E+000 -0.6874671034329117E-002  0.6862407616970968E-002  0.6871775255396362E-002 -0.8738032032951227E-004  0.2132680446868038E-017
 0.9941666700000000E+000  0.5741531400000000E+000 -0.5145899561929671E-002  0.5137117428093620E-002  0.5144277083134651E-002 -0.4921395570217622E-004  0.8554767564800994E-018
 0.9958333300000000E+000  0.5741531400000000E+000 -0.3669481025791934E-002  0.3662804807542455E-002  0.3668656009570715E-002 -0.2513637781132028E-004  0.5987616231995813E-018
 0.9972222200000000E+000  0.5741531400000000E+000 -0.2442902611497106E-002  0.2437401154292972E-002  0.2442536963125253E-002 -0.1118170544950920E-004  0.1716012465674409E-018
 0.9983333300000000E+000  0.5741531400000000E+000 -0.1464105714233882E-002  0.1459090297385821E-002  0.1463974374763914E-002 -0.4028281270177332E-005 -0.1855317268356352E-017
 0.9991666700000000E+000  0.5741531400000000E+000 -0.7314352505772326E-003  0.7275228188541171E-003  0.7314024711196352E-003 -0.1007591536880762E-005  0.2662962741478316E-017
 0.9997222200000000E+000  0.5741531400000000E+000 -0.2436785483674799E-003  0.2411527284610512E-003  0.2436749101850438E-003 -0.1119966739477126E-006  0.1883032930217968E-017
 0.1000000000000000E+001  0.5741531400000000E+000 -0.3907429252982088E-027  0.5353418325206113E-027  0.2922881665044317E-027  0.4203666827329606E-039 -0.4102146208221524E-040

 0.0000000000000000E+000  0.6572067400000000E+000 -0.1937867242067724E+001  0.1541818002682109E+001  0.1544560952881347E+001 -0.6792412197764048E-002  0.9218837244022405E-002
 0.2777777800000000E-003  0.6572067400000000E+000 -0.1937860285339717E+001  0.1541813362326875E+001  0.1544554003022294E+001 -0.6792102781131997E-002  0.9225907155315946E-002
 0.8333333300000000E-003  0.6572067400000000E+000 -0.1937804910189218E+001  0.1541776392881901E+001  0.1544498684290323E+001 -0.6789706993482104E-002  0.9282437712254413E-002
 0.1666666700000000E-002  0.6572067400000000E+000 -0.1937622147690206E+001  0.1541653967185387E+001  0.1544316130712103E+001 -0.6782652060372836E-002  0.9472334335479128E-002
 0.2777777800000000E-002  0.6572067400000000E+000 -0.1937213679082691E+001  0.1541378046891233E+001  0.1543908265850059E+001 -0.6771853918006737E-002  0.9916063199604164E-002
 0.4166666700000000E-002  0.6572067400000000E+000 -0.1936504221542646E+001  0.1540890911589693E+001  0.1543200389152110E+001 -0.6771213428097381E-002  0.1075682491096591E-001
 0.5833333300000000E-002  0.6572067400000000E+000 -0.1935493463100842E+001  0.1540178268364303E+001  0.1542193431689520E+001 -0.6817610216030019E-002  0.1213624500704594E-001
 0.7777777800000000E-002  0.6572067400000000E+000 -0.1934270741084500E+001  0.1539283842651343E+001  0.1540978941987765E+001 -0.6968904840909733E-002  0.1416684534064812E-001
 0.1000000000000000E-001  0.6572067400000000E+000 -0.1932966930350536E+001  0.1538286465171272E+001  0.1539691086437165E+001 -0.7285070124612590E-002  0.1691505574927050E-001
 0.1250000000000000E-001  0.6572067400000000E+000 -0.1931686441636073E+001  0.1537258812157035E+001  0.1538438541285111E+001 -0.7807255785728228E-002  0.2040234806518528E-001
 0.1527777800000000E-001  0.6572067400000000E+000 -0.1930474797397369E+001  0.1536241500572899E+001  0.1537271901020971E+001 -0.8551134844089189E-002  0.2461893495204549E-001
 0.1833333300000000E-001  0.6572067400000000E+000 -0.1929326031196597E+001  0.1535241412052940E+001  0.1536190999843073E+001 -0.9513594700269138E-002  0.2953924554733167E-001
 0.2166666700000000E-001  0.6572067400000000E+000 -0.1928203917918652E+001  0.1534242109500998E+001  0.1535166191863793E+001 -0.1068272916798258E-001  0.3513276425622808E-001
 0.2527777800000000E-001  0.6572067400000000E+000 -0.1927059035604853E+001  0.1533214626524239E+001  0.1534155560856585E+001 -0.1204491527952719E-001  0.4136941006599914E-001
 0.2916666700000000E-001  0.6572067400000000E+000 -0.1925837859037978E+001  0.1532124414230684E+001  0.1533114226745316E+001 -0.1358820236354143E-001  0.4822117892034716E-001
 0.3333333300000000E-001  0.6572067400000000E+000 -0.1924486158751584E+001  0.1530934720972521E+001  0.1531998006206481E+001 -0.1530331596080681E-001  0.5566177588997377E-001
 0.3777777800000000E-001  0.6572067400000000E+000 -0.1922949433474719E+001  0.1529607755495421E+001  0.1530764154993493E+001 -0.1718355404416784E-001  0.6366540637725761E-001
 0.4250000000000000E-001  0.6572067400000000E+000 -0.1921172093622984E+001  0.1528104730286043E+001  0.1529370913703901E+001 -0.1922430088505091E-001  0.7220525803708860E-001
 0.4750000000000000E-001  0.6572067400000000E+000 -0.1919096216246923E+001  0.1526385409044527E+001  0.1527776685112681E+001 -0.2142249665715796E-001  0.8125195941083416E-001
 0.5277777800000000E-001  0.6572067400000000E+000 -0.1916660218030064E+001  0.1524407476605332E+001  0.1525939191927458E+001 -0.2377616605227674E-001  0.9077205102033803E-001
 0.5833333300000000E-001  0.6572067400000000E+000 -0.1913797556506177E+001  0.1522125864406401E+001  0.1523814725170904E+001 -0.2628403421448281E-001  0.1007265131387576E+000
 0.6416666700000000E-001  0.6572067400000000E+000 -0.1910435489358325E+001  0.1519492087100263E+001  0.1521357505514048E+001 -0.2894521986417644E-001  0.1110693507958434E+000
 0.7027777800000000E-001  0.6572067400000000E+000 -0.1906493911442213E+001  0.1516453621412230E+001  0.1518519156959535E+001 -0.3175898079780776E-001  0.1217462149077312E+000
 0.7666666699999999E-001  0.6572067400000000E+000 -0.1901884276613982E+001  0.1512953333858195E+001  0.1515248271837824E+001 -0.3472450631624852E-001  0.1326931252469555E+000
 0.8333333300000000E-001  0.6572067400000000E+000 -0.1896508662200474E+001  0.1508928990732932E+001  0.1511490071872663E+001 -0.3784073158838652E-001  0.1438352912651680E+000
 0.9027777800000000E-001  0.6572067400000000E+000 -0.1890259035212541E+001  0.1504312872171825E+001  0.1507186157759624E+001 -0.4110617457724986E-001  0.1550861360532741E+000
 0.9750000000000000E-001  0.6572067400000000E+000 -0.1883016843651367E+001  0.1499031548986247E+001  0.1502274370832087E+001 -0.4451877899265572E-001  0.1663465799414212E+000
 0.1050000000000000E+000  0.6572067400000000E+000 -0.1874653052331267E+001  0.1493005866723783E+001  0.1496688773034974E+001 -0.4807577163290368E-001  0.1775047473969094E+000
 0.1127777800000000E+000  0.6572067400000000E+000 -0.1865028813697641E+001  0.1486151224866736E+001  0.1490359788662169E+001 -0.5177352149728864E-001  0.1884362030969097E+000
 0.1208333300000000E+000  0.6572067400000000E+000 -0.1853996974674926E+001  0.1478378240609576E+001  0.1483214551764409E+001 -0.5560739929541537E-001  0.1990048784051713E+000
 0.1291666700000000E+000  0.6572067400000000E+000 -0.1841404516122020E+001  0.1469593815897692E+001  0.1475177442349694E+001 -0.5957166963305126E-001  0.2090649313735543E+000
 0.1377777800000000E+000  0.6572067400000000E+000 -0.1827096313649485E+001  0.1459702844662674E+001  0.1466171005930492E+001 -0.6365933805576370E-001  0.2184634573751821E+000
 0.1466666700000000E+000  0.6572067400000000E+000 -0.1810919938660469E+001  0.1448610353711829E+001  0.1456117063488515E+001 -0.6786207498223239E-001  0.2270444455804945E+000
 0.1558333300000000E+000  0.6572067400000000E+000 -0.1792731833030446E+001  0.1436224343827527E+001  0.1444938280931794E+001 -0.7217009514681687E-001  0.2346536403011075E+000
 0.1652777800000000E+000  0.6572067400000000E+000 -0.1772404275410566E+001  0.1422459016166187E+001  0.1432559970954756E+001 -0.7657209886137320E-001  0.2411444012885316E+000
 0.1750000000000000E+000  0.6572067400000000E+000 -0.1749833122902160E+001  0.1407238518835533E+001  0.1418912345174939E+001 -0.8105517299584351E-001  0.2463840559777661E+000
 0.1850000000000000E+000  0.6572067400000000E+000 -0.1724945172087613E+001  0.1390500623762850E+001  0.1403932810572767E+001 -0.8560477420980461E-001  0.2502604885489981E+000
 0.1952777800000000E+000  0.6572067400000000E+000 -0.1697704887847894E+001  0.1372200386554109E+001  0.1387568499008524E+001 -0.9020467725576900E-001  0.2526881993071752E+000
 0.2058333300000000E+000  0.6572067400000000E+000 -0.1668119382592443E+001  0.1352313243011999E+001  0.1369778672117884E+001 -0.9483695765699442E-001  0.2536133240042365E+000
 0.2166666700000000E+000  0.6572067400000000E+000 -0.1636240893512705E+001  0.1330837185049366E+001  0.1350536781221136E+001 -0.9948200497584928E-001  0.2530169948717900E+000
 0.2277777800000000E+000  0.6572067400000000E+000 -0.1602166734624716E+001  0.1307794045933466E+001  0.1329832250709647E+001 -0.1041184993388575E+000  0.2509166247879948E+000
 0.2391666700000000E+000  0.6572067400000000E+000 -0.1566035907030536E+001  0.1283229264463139E+001  0.1307671391661927E+001 -0.1087234576430316E+000  0.2473649441688290E+000
 0.2508333300000000E+000  0.6572067400000000E+000 -0.1528023412943840E+001  0.1257210629203579E+001  0.1284077796129450E+001 -0.1132722356314489E+000  0.2424468974680040E+000
 0.2627777800000000E+000  0.6572067400000000E+000 -0.1488332246616770E+001  0.1229825692234756E+001  0.1259091780554823E+001 -0.1177385772975979E+000  0.2362747349733266E+000
 0.2750000000000000E+000  0.6572067400000000E+000 -0.1447184615591438E+001  0.1201178584166949E+001  0.1232769360783063E+001 -0.1220946245637637E+000  0.2289819272920268E+000
 0.2875000000000000E+000  0.6572067400000000E+000 -0.1404812457588775E+001  0.1171385972538471E+001  0.1205180347846674E+001 -0.1263109894134522E+000  0.2207164275189911E+000
 0.3002777800000000E+000  0.6572067400000000E+000 -0.1361448901439023E+001  0.1140573072843704E+001  0.1176406246493895E+001 -0.1303567969111055E+000  0.2116340194762803E+000
 0.3133333300000000E+000  0.6572067400000000E+000 -0.1317320801033127E+001  0.1108869683895297E+001  0.1146537834396013E+001 -0.1341997620206033E+000  0.2018921946796734E+000
 0.3266666700000000E+000  0.6572067400000000E+000 -0.1272642711841682E+001  0.1076406484018338E+001  0.1115672588681241E+001 -0.1378063009708411E+000  0.1916449003497271E+000
 0.3402777800000000E+000  0.6572067400000000E+000 -0.1227612945342162E+001  0.1043312119175472E+001  0.1083912461283685E+001 -0.1411416422961065E+000  0.1810384666692580E+000
 0.3541666700000000E+000  0.6572067400000000E+000 -0.1182410787985973E+001  0.1009710558732545E+001  0.1051361545156255E+001 -0.1441700164747017E+000  0.1702085683866179E+000
 0.3683333300000000E+000  0.6572067400000000E+000 -0.1137195549529643E+001  0.9757193648327784E+000  0.1018124306221212E+001 -0.1468548603145350E+000  0.1592783494998991E+000
 0.3827777800000000E+000  0.6572067400000000E+000 -0.1092106433298914E+001  0.9414483047474793E+000  0.9843039080237709E+000 -0.1491590992839708E+000  0.1483574020551003E+000
 0.3975000000000000E+000  0.6572067400000000E+000 -0.1047263639708778E+001  0.9069987643619734E+000  0.9500011478874252E+000 -0.1510454695852294E+000  0.1375415919216884E+000
 0.4125000000000000E+000  0.6572067400000000E+000 -0.1002769599675423E+001  0.8724632542910904E+000  0.9153133768732068E+000 -0.1524769335954006E+000  0.1269133506361866E+000
 0.4277777800000000E+000  0.6572067400000000E+000 -0.9587108869791933E+000  0.8379255138827669E+000  0.8803339554453893E+000 -0.1534171509844584E+000  0.1165424550854660E+000
 0.4433333300000000E+000  0.6572067400000000E+000 -0.9151601444302144E+000  0.8034607683466691E+000  0.8451518501474288E+000 -0.1538310362531512E+000  0.1064870344628153E+000
 0.4591666700000000E+000  0.6572067400000000E+000 -0.8721779055678639E+000  0.7691360745591052E+000  0.8098513320416068E+000 -0.1536853951606710E+000  0.9679469509986316E-001
 0.4752777800000000E+000  0.6572067400000000E+000 -0.8298146267706632E+000  0.7350110208600565E+000  0.7745120702702346E+000 -0.1529496386160799E+000  0.8750376779515255E-001
 0.4916666700000000E+000  0.6572067400000000E+000 -0.7881121772127379E+000  0.7011381816371137E+000  0.7392090188167553E+000 -0.1515965733449424E+000  0.7864445466598260E-001
 0.5083333300000000E+000  0.6572067400000000E+000 -0.7471054645546703E+000  0.6675638550667676E+000  0.7040126433259958E+000 -0.1496032622547576E+000  0.7023999243810361E-001
 0.5247222200000000E+000  0.6572067400000000E+000 -0.7081222638809732E+000  0.6354039880034887E+000  0.6701248980974911E+000 -0.1470486737167859E+000  0.6255813748444669E-001
 0.5408333300000000E+000  0.6572067400000000E+000 -0.6710560489218336E+000  0.6046078176074663E+000  0.6375304464733503E+000 -0.1439792818407015E+000  0.5555408409092368E-001
 0.5566666700000000E+000  0.6572067400000000E+000 -0.6358049837070039E+000  0.5751227576918304E+000  0.6062071365730580E+000 -0.1404436076220474E+000  0.4918289556791559E-001
 0.5722222200000000E+000  0.6572067400000000E+000 -0.6022725398079304E+000  0.5468958084596074E+000  0.5761278395412068E+000 -0.1364915671851404E+000  0.4340061952656882E-001
 0.5875000000000000E+000  0.6572067400000000E+000 -0.5703674948856816E+000  0.5198743483573631E+000  0.5472616718487404E+000 -0.1321738080939009E+000  0.3816493372692421E-001
 0.6025000000000000E+000  0.6572067400000000E+000 -0.5400040217829828E+000  0.4940068945287079E+000  0.5195751960846157E+000 -0.1275411056132189E+000  0.3343555548203712E-001
 0.6172222200000000E+000  0.6572067400000000E+000 -0.5111014114411625E+000  0.4692434515698720E+000  0.4930331775606543E+000 -0.1226437691705350E+000  0.2917441094547429E-001
 0.6316666700000000E+000  0.6572067400000000E+000 -0.4835838177934277E+000  0.4455357829344584E+000  0.4675992418992668E+000 -0.1175311034897537E+000  0.2534568800198551E-001
 0.6458333300000000E+000  0.6572067400000000E+000 -0.4573800446574826E+000  0.4228376355225393E+000  0.4432364610034167E+000 -0.1122509384942196E+000  0.2191581123290455E-001
 0.6597222200000000E+000  0.6572067400000000E+000 -0.4324231180252683E+000  0.4011047065952089E+000  0.4199076378143588E+000 -0.1068491779063983E+000  0.1885333382068503E-001
 0.6733333300000000E+000  0.6572067400000000E+000 -0.4086501282388902E+000  0.3802947822278961E+000  0.3975757492180705E+000 -0.1013694602426937E+000  0.1612883277233976E-001
 0.6866666700000000E+000  0.6572067400000000E+000 -0.3860018649764250E+000  0.3603676447221450E+000  0.3762041151125597E+000 -0.9585283817330943E-001  0.1371475853760877E-001
 0.6997222200000000E+000  0.6572067400000000E+000 -0.3644226485459763E+000  0.3412851085141674E+000  0.3557566801557419E+000 -0.9033755971808630E-001  0.1158530030392820E-001
 0.7125000000000000E+000  0.6572067400000000E+000 -0.3438599773681105E+000  0.3230108591797544E+000  0.3361980603622076E+000 -0.8485886074397289E-001  0.9716231578789676E-002
 0.7250000000000000E+000  0.6572067400000000E+000 -0.3242644300486464E+000  0.3055104883601896E+000  0.3174937771137077E+000 -0.7944887368955092E-001  0.8084787262287486E-002
 0.7372222200000000E+000  0.6572067400000000E+000 -0.3055894029593995E+000  0.2887513603832598E+000  0.2996102896683593E+000 -0.7413654373788271E-001  0.6669533257838482E-002
 0.7491666700000000E+000  0.6572067400000000E+000 -0.2877909337580855E+000  0.2727025360231854E+000  0.2825150694583503E+000 -0.6894761048947985E-001  0.5450257221977217E-002
 0.7608333300000000E+000  0.6572067400000000E+000 -0.2708275977278810E+000  0.2573347474259990E+000  0.2661767107150181E+000 -0.6390465065200099E-001  0.4407877987914823E-002
 0.7722222200000000E+000  0.6572067400000000E+000 -0.2546602553949046E+000  0.2426202269164105E+000  0.2505648690133614E+000 -0.5902711089332546E-001  0.3524360938210448E-002
 0.7833333300000000E+000  0.6572067400000000E+000 -0.2392520184972839E+000  0.2285327238411835E+000  0.2356503848418668E+000 -0.5433143357255685E-001  0.2782664256399740E-002
 0.7941666700000000E+000  0.6572067400000000E+000 -0.2245680521422478E+000  0.2150473657012186E+000  0.2214052279338697E+000 -0.4983115738013907E-001  0.2166692183714595E-002
 0.8047222200000000E+000  0.6572067400000000E+000 -0.2105755269398800E+000  0.2021406502285556E+000  0.2078025680010882E+000 -0.4553708164518887E-001  0.1661273246855513E-002
 0.8149999999999999E+000  0.6572067400000000E+000 -0.1972434167111582E+000  0.1897902910257010E+000  0.1948166796446716E+000 -0.4145739727552986E-001  0.1252148518343373E-002
 0.8250000000000000E+000  0.6572067400000000E+000 -0.1845424912351938E+000  0.1779752390076637E+000  0.1824230227883742E+000 -0.3759788708805249E-001  0.9259827423460533E-003
 0.8347222200000000E+000  0.6572067400000000E+000 -0.1724451687167352E+000  0.1666755716489105E+000  0.1705981747908976E+000 -0.3396208888763481E-001  0.6703832176239652E-003
 0.8441666700000000E+000  0.6572067400000000E+000 -0.1609254287826071E+000  0.1558724353483726E+000  0.1593198108156040E+000 -0.3055147976226592E-001  0.4739311919739677E-003
 0.8533333300000000E+000  0.6572067400000000E+000 -0.1499587780518683E+000  0.1455480353221738E+000  0.1485667266899081E+000 -0.2736567537962361E-001  0.3262196769482585E-003
 0.8622222200000000E+000  0.6572067400000000E+000 -0.1395220872826959E+000  0.1356855031770262E+000  0.1383187280568051E+000 -0.2440258876020640E-001  0.2178898749931284E-003
 0.8708333300000000E+000  0.6572067400000000E+000 -0.1295936021911016E+000  0.1262689262133870E+000  0.1285566828352719E+000 -0.2165863530985808E-001  0.1406647276597976E-003
 0.8791666700000000E+000  0.6572067400000000E+000 -0.1201528148735172E+000  0.1172832442948991E+000  0.1192624311007882E+000 -0.1912889119772383E-001  0.8736819632115297E-004
 0.8872222200000000E+000  0.6572067400000000E+000 -0.1111804556976671E+000  0.1087142596992182E+000  0.1104188082404607E+000 -0.1680727798988214E-001  0.5192652085009743E-004
 0.8950000000000000E+000  0.6572067400000000E+000 -0.1026583529250963E+000  0.1005485202215609E+000  0.1020095335665327E+000 -0.1468670362420227E-001  0.2934336553699276E-004
 0.9025000000000000E+000  0.6572067400000000E+000 -0.9456945314025400E-001  0.9277335486476579E-001  0.9401925365352676E-001 -0.1275923682197574E-001  0.1564607564959619E-004
 0.9097222200000000E+000  0.6572067400000000E+000 -0.8689772185466890E-001  0.8537679460352672E-001  0.8643346450198178E-001 -0.1101624078372158E-001  0.7800301321259402E-005
 0.9166666700000000E+000  0.6572067400000000E+000 -0.7962809285188092E-001  0.7834753897974489E-001  0.7923847904910473E-001 -0.9448510547508631E-002  0.3596218809769395E-005
 0.9233333300000000E+000  0.6572067400000000E+000 -0.7274646142092976E-001  0.7167496481752071E-001  0.7242143594643582E-001 -0.8046409475184129E-002  0.1512865310437599E-005
 0.9297222200000000E+000  0.6572067400000000E+000 -0.6623956582246915E-001  0.6534902627537725E-001  0.6597019577876544E-001 -0.6799972455838693E-002  0.5712852356677831E-006
 0.9358333300000000E+000  0.6572067400000000E+000 -0.6009501701055872E-001  0.5936029795446429E-001  0.5987338244476919E-001 -0.5699030714793924E-002  0.1897584907460144E-006
 0.9416666700000000E+000  0.6572067400000000E+000 -0.5430120703179001E-001  0.5369989986729997E-001  0.5412030294182457E-001 -0.4733302641892216E-002  0.5405670294157985E-007
 0.9472222200000000E+000  0.6572067400000000E+000 -0.4884732119915391E-001  0.4835952285093024E-001  0.4870096883307645E-001 -0.3892494952513595E-002  0.1279157701719152E-007
 0.9525000000000000E+000  0.6572067400000000E+000 -0.4372323340797616E-001  0.4333133924415045E-001  0.4360600059680606E-001 -0.3166375831654401E-002  0.2414054500441570E-008
 0.9575000000000000E+000  0.6572067400000000E+000 -0.3891954197319894E-001  0.3860805039976754E-001  0.3882667060279442E-001 -0.2544862507194046E-002  0.3450186856889513E-009
 0.9622222200000000E+000  0.6572067400000000E+000 -0.3442749927602820E-001  0.3418282966420870E-001  0.3435483975146716E-001 -0.2018084360912348E-002  0.3510606081719271E-010
 0.9666666700000000E+000  0.6572067400000000E+000 -0.3023898338097591E-001  0.3004930570178169E-001  0.3018293503857697E-001 -0.1576445993500895E-002  0.2435473468451091E-011
 0.9708333300000000E+000  0.6572067400000000E+000 -0.2634650879546105E-001  0.2620158389022652E-001  0.2630396547680361E-001 -0.1210687061401411E-002  0.1323773532589789E-012
 0.9747222200000000E+000  0.6572067400000000E+000 -0.2274313581764449E-001  0.2263416690394114E-001  0.2271143640006744E-001 -0.9119256293271641E-003  0.8625345655193933E-014
 0.9783333300000000E+000  0.6572067400000000E+000 -0.1942251313283044E-001  0.1934200622148419E-001  0.1939939599399227E-001 -0.6717090995463484E-003  0.5118221854862453E-015
 0.9816666700000000E+000  0.6572067400000000E+000 -0.1637881009441448E-001  0.1632044390480423E-001  0.1636237142464136E-001 -0.4820494893093940E-003  0.1421686902006643E-016
 0.9847222200000000E+000  0.6572067400000000E+000 -0.1360674315008139E-001  0.1356524693705885E-001  0.1359539842018141E-001 -0.3354612990980027E-003  0.1027736552531449E-017
 0.9875000000000000E+000  0.6572067400000000E+000 -0.1110149436958006E-001  0.1107253374469520E-001  0.1109394281031841E-001 -0.2249882532651098E-003 -0.1122141935719189E-017
 0.9900000000000000E+000  0.6572067400000000E+000 -0.8858759051834400E-002  0.8838828211672764E-002  0.8853950538389365E-002 -0.1442334920684060E-003  0.1671466454298117E-017
 0.9922222200000000E+000  0.6572067400000000E+000 -0.6874694951675366E-002  0.6861015219261352E-002  0.6871799169664396E-002 -0.8738064918541383E-004 -0.2284163501185374E-017
 0.9941666700000000E+000  0.6572067400000000E+000 -0.5145909640976925E-002  0.5136333892025237E-002  0.5144287161215571E-002 -0.4921406012978980E-004  0.3468108939455387E-018
 0.9958333300000000E+000  0.6572067400000000E+000 -0.3669484695465772E-002  0.3662404909452688E-002  0.3668659678994694E-002 -0.2513640507841171E-004 -0.2192708232779768E-017
 0.9972222200000000E+000  0.6572067400000000E+000 -0.2442903697950725E-002  0.2437223373358804E-002  0.2442538049529790E-002 -0.1118171084931732E-004  0.2324488998422043E-017
 0.9983333300000000E+000  0.6572067400000000E+000 -0.1464105948760319E-002  0.1459026282379404E-002  0.1463974609284017E-002 -0.4028281971413477E-005  0.4913659588510954E-018
 0.9991666700000000E+000  0.6572067400000000E+000 -0.7314352798785795E-003  0.7275068127503692E-003  0.7314025004205865E-003 -0.1007591580772945E-005 -0.5464556089152657E-017
 0.9997222200000000E+000  0.6572067400000000E+000 -0.2436785494524101E-003  0.2411509497736714E-003  0.2436749112699684E-003 -0.1119966744902143E-006  0.2389847779483105E-018
 0.1000000000000000E+001  0.6572067400000000E+000 -0.6507512329049613E-028 -0.4926341430581013E-028 -0.1324986748808105E-027  0.1376060985968236E-038 -0.2814487414879045E-040

 0.0000000000000000E+000  0.7366493100000000E+000 -0.1938160903453580E+001  0.1541524341978275E+001  0.1544842177297953E+001 -0.6792412197764048E-002  0.1013798950375814E-001
 0.2777777800000000E-003  0.7366493100000000E+000 -0.1938153686783604E+001  0.1541519900821637E+001  0.1544834942003947E+001 -0.6792103220131079E-002  0.1014576468598680E-001
 0.8333333300000000E-003  0.7366493100000000E+000 -0.1938096250163741E+001  0.1541484516250467E+001  0.1544777357255742E+001 -0.6789710872574870E-002  0.1020793457514270E-001
 0.1666666700000000E-002  0.7366493100000000E+000 -0.1937906786891687E+001  0.1541367312741900E+001  0.1544587406602014E+001 -0.6782666649385732E-002  0.1041677516941674E-001
 0.2777777800000000E-002  0.7366493100000000E+000 -0.1937483934076002E+001  0.1541103016484382E+001  0.1544163475272903E+001 -0.6771888992407465E-002  0.1090477266878991E-001
 0.4166666700000000E-002  0.7366493100000000E+000 -0.1936751578133958E+001  0.1540635908502898E+001  0.1543429300453391E+001 -0.6771273495165493E-002  0.1182942318167216E-001
 0.5833333300000000E-002  0.7366493100000000E+000 -0.1935713386783015E+001  0.1539951419508436E+001  0.1542388729708414E+001 -0.6817685529731134E-002  0.1334650927009452E-001
 0.7777777800000000E-002  0.7366493100000000E+000 -0.1934467405118844E+001  0.1539090444630894E+001  0.1541140518022833E+001 -0.6968973450233600E-002  0.1557984363168760E-001
 0.1000000000000000E-001  0.7366493100000000E+000 -0.1933154468397337E+001  0.1538128138983053E+001  0.1539826783918018E+001 -0.7285112335368436E-002  0.1860261184726357E-001
 0.1250000000000000E-001  0.7366493100000000E+000 -0.1931886788814355E+001  0.1537134890780300E+001  0.1538561486086231E+001 -0.7807266322278736E-002  0.2243865118484737E-001
 0.1527777800000000E-001  0.7366493100000000E+000 -0.1930715006199067E+001  0.1536151353983983E+001  0.1537397348754343E+001 -0.8551124546662296E-002  0.2707755215370890E-001
 0.1833333300000000E-001  0.7366493100000000E+000 -0.1929637003755438E+001  0.1535186341890091E+001  0.1536334650233208E+001 -0.9513587331059146E-002  0.3249171803427640E-001
 0.2166666700000000E-001  0.7366493100000000E+000 -0.1928620546429119E+001  0.1534226397007582E+001  0.1535343949252979E+001 -0.1068275979876990E-001  0.3864832877491590E-001
 0.2527777800000000E-001  0.7366493100000000E+000 -0.1927621034844562E+001  0.1533245949053918E+001  0.1534384011699121E+001 -0.1204503192346800E-001  0.4551530418969423E-001
 0.2916666700000000E-001  0.7366493100000000E+000 -0.1926590753445320E+001  0.1532213946477302E+001  0.1533411291689999E+001 -0.1358847010643381E-001  0.5306315993356595E-001
 0.3333333300000000E-001  0.7366493100000000E+000 -0.1925482185598492E+001  0.1531097124413988E+001  0.1532383533648656E+001 -0.1530382272383074E-001  0.6126465346614918E-001
 0.3777777800000000E-001  0.7366493100000000E+000 -0.1924248292013517E+001  0.1529861145176560E+001  0.1531260398931924E+001 -0.1718441754126097E-001  0.7009350318165847E-001
 0.4250000000000000E-001  0.7366493100000000E+000 -0.1922841525017988E+001  0.1528470640112441E+001  0.1530002901527532E+001 -0.1922567663562575E-001  0.7952276137492449E-001
 0.4750000000000000E-001  0.7366493100000000E+000 -0.1921212404435780E+001  0.1526888745466253E+001  0.1528572492300608E+001 -0.2142458702788017E-001  0.8952315029553312E-001
 0.5277777800000000E-001  0.7366493100000000E+000 -0.1919307985928888E+001  0.1525076436725950E+001  0.1526930133585357E+001 -0.2377923030047640E-001  0.1000613934030786E+000
 0.5833333300000000E-001  0.7366493100000000E+000 -0.1917070314581327E+001  0.1522991789059903E+001  0.1525035464936012E+001 -0.2628839945262790E-001  0.1110985816300392E+000
 0.6416666700000000E-001  0.7366493100000000E+000 -0.1914434875618346E+001  0.1520589216314017E+001  0.1522846073627234E+001 -0.2895129278295491E-001  0.1225885645969838E+000
 0.7027777800000000E-001  0.7366493100000000E+000 -0.1911329043073404E+001  0.1517818716580618E+001  0.1520316861350416E+001 -0.3176725987969605E-001  0.1344763309435520E+000
 0.7666666699999999E-001  0.7366493100000000E+000 -0.1907670521608408E+001  0.1514625129834213E+001  0.1517399481264427E+001 -0.3473559416276712E-001  0.1466964371838080E+000
 0.8333333300000000E-001  0.7366493100000000E+000 -0.1903365825412539E+001  0.1510947439096879E+001  0.1514041844417451E+001 -0.3785534685423197E-001  0.1591714672325326E+000
 0.9027777800000000E-001  0.7366493100000000E+000 -0.1898308852652965E+001  0.1506718139202976E+001  0.1510187686006637E+001 -0.4112516289058742E-001  0.1718106283730618E+000
 0.9750000000000000E-001  0.7366493100000000E+000 -0.1892379683850810E+001  0.1501862736039984E+001  0.1505776212843638E+001 -0.4454312212227018E-001  0.1845085402292639E+000
 0.1050000000000000E+000  0.7366493100000000E+000 -0.1885443754320973E+001  0.1496299433281369E+001  0.1500741841947485E+001 -0.4810659409914095E-001  0.1971444025777655E+000
 0.1127777800000000E+000  0.7366493100000000E+000 -0.1877351639012754E+001  0.1489939112593308E+001  0.1495014078770107E+001 -0.5181209378103380E-001  0.2095816775551732E+000
 0.1208333300000000E+000  0.7366493100000000E+000 -0.1867939733292509E+001  0.1482685725777145E+001  0.1488517590848364E+001 -0.5565513682528516E-001  0.2216685032116110E+000
 0.1291666700000000E+000  0.7366493100000000E+000 -0.1857032058544634E+001  0.1474437162062965E+001  0.1481172484974208E+001 -0.5963012692512741E-001  0.2332391737762713E+000
 0.1377777800000000E+000  0.7366493100000000E+000 -0.1844443699214054E+001  0.1465086866764240E+001  0.1472894996595373E+001 -0.6373019738705432E-001  0.2441166741802527E+000
 0.1466666700000000E+000  0.7366493100000000E+000 -0.1829985811431496E+001  0.1454526076502158E+001  0.1463598454445234E+001 -0.6794712955932709E-001  0.2541168250992920E+000
 0.1558333300000000E+000  0.7366493100000000E+000 -0.1813472646515294E+001  0.1442646973542142E+001  0.1453194808792733E+001 -0.7227122674064505E-001  0.2630537586775711E+000
 0.1652777800000000E+000  0.7366493100000000E+000 -0.1794730162504673E+001  0.1429346495051429E+001  0.1441596555162500E+001 -0.7669125053809893E-001  0.2707469323386890E+000
 0.1750000000000000E+000  0.7366493100000000E+000 -0.1773606179204188E+001  0.1414530926433794E+001  0.1428719285691920E+001 -0.8119431754006252E-001  0.2770291501820475E+000
 0.1850000000000000E+000  0.7366493100000000E+000 -0.1749980835792892E+001  0.1398120665282536E+001  0.1414484498635973E+001 -0.8576587956570274E-001  0.2817552884317274E+000
 0.1952777800000000E+000  0.7366493100000000E+000 -0.1723776762057883E+001  0.1380055107063515E+001  0.1398822821125246E+001 -0.9038967001573316E-001  0.2848107322920748E+000
 0.2058333300000000E+000  0.7366493100000000E+000 -0.1694967440117781E+001  0.1360296979352564E+001  0.1381677254090803E+001 -0.9504768594636058E-001  0.2861187486977205E+000
 0.2166666700000000E+000  0.7366493100000000E+000 -0.1663582499325300E+001  0.1338835602911963E+001  0.1363006139308091E+001 -0.9972020203979788E-001  0.2856458365326329E+000
 0.2277777800000000E+000  0.7366493100000000E+000 -0.1629709459102644E+001  0.1315688951423158E+001  0.1342785808571109E+001 -0.1043857485563433E+000  0.2834043217225858E+000
 0.2391666700000000E+000  0.7366493100000000E+000 -0.1593490824965539E+001  0.1290903764268614E+001  0.1321012232435059E+001 -0.1090211599959894E+000  0.2794518207169350E+000
 0.2508333300000000E+000  0.7366493100000000E+000 -0.1555117513712539E+001  0.1264554163296473E+001  0.1297701918288846E+001 -0.1136015796062297E+000  0.2738876142874604E+000
 0.2627777800000000E+000  0.7366493100000000E+000 -0.1514818781510558E+001  0.1236738491892967E+001  0.1272891584987068E+001 -0.1181005113256857E+000  0.2668463722527709E+000
 0.2750000000000000E+000  0.7366493100000000E+000 -0.1472850596736700E+001  0.1207575212067345E+001  0.1246637082462056E+001 -0.1224898311252105E+000  0.2584901046137696E+000
 0.2875000000000000E+000  0.7366493100000000E+000 -0.1429482986154987E+001  0.1177197736248489E+001  0.1219011185780078E+001 -0.1267398603485136E+000  0.2489991582082248E+000
 0.3002777800000000E+000  0.7366493100000000E+000 -0.1384988460528813E+001  0.1145749263653011E+001  0.1190101005908980E+001 -0.1308194087039644E+000  0.2385633208287033E+000
 0.3133333300000000E+000  0.7366493100000000E+000 -0.1339631979733930E+001  0.1113377720858809E+001  0.1160004977046277E+001 -0.1346958503443371E+000  0.2273737123459987E+000
 0.3266666700000000E+000  0.7366493100000000E+000 -0.1293663012954418E+001  0.1080231136421163E+001  0.1128829661659332E+001 -0.1383352340937099E+000  0.2156159574237563E+000
 0.3402777800000000E+000  0.7366493100000000E+000 -0.1247310390301477E+001  0.1046454038387979E+001  0.1096686940881722E+001 -0.1417023930581288E+000  0.2034650256589363E+000
 0.3541666700000000E+000  0.7366493100000000E+000 -0.1200778946239202E+001  0.1012184347331409E+001  0.1063691170415721E+001 -0.1447611337621433E+000  0.1910815494201712E+000
 0.3683333300000000E+000  0.7366493100000000E+000 -0.1154248518399044E+001  0.9775514041746572E+000  0.1029957005110521E+001 -0.1474744409347753E+000  0.1786097099491983E+000
 0.3827777800000000E+000  0.7366493100000000E+000 -0.1107874124905416E+001  0.9426745139215622E+000  0.9955974190804531E+000 -0.1498047622529190E+000  0.1661762671586466E+000
 0.3975000000000000E+000  0.7366493100000000E+000 -0.1061787610764515E+001  0.9076624295677688E+000  0.9607224403163751E+000 -0.1517143348970817E+000  0.1538906560975799E+000
 0.4125000000000000E+000  0.7366493100000000E+000 -0.1016099519056734E+001  0.8726130132661376E+000  0.9254379485975562E+000 -0.1531656084639892E+000  0.1418456578857061E+000
 0.4277777800000000E+000  0.7366493100000000E+000 -0.9709016717401930E+000  0.8376135537036543E+000  0.8898450802121406E+000 -0.1541217263540447E+000  0.1301186270385215E+000
 0.4433333300000000E+000  0.7366493100000000E+000 -0.9262697233971915E+000  0.8027412589464437E+000  0.8540398216427539E+000 -0.1545470967974831E+000  0.1187729502133010E+000
 0.4591666700000000E+000  0.7366493100000000E+000 -0.8822655375813127E+000  0.7680638400448014E+000  0.8181127367869675E+000 -0.1544080458628477E+000  0.1078595967349885E+000
 0.4752777800000000E+000  0.7366493100000000E+000 -0.8389396954087815E+000  0.7336404400033848E+000  0.7821491137145280E+000 -0.1536735506809052E+000  0.9741875896691615E-001
 0.4916666700000000E+000  0.7366493100000000E+000 -0.7963333642264352E+000  0.6995222942384949E+000  0.7462289085497080E+000 -0.1523160518543734E+000  0.8748133078855404E-001
 0.5083333300000000E+000  0.7366493100000000E+000 -0.7544802263136777E+000  0.6657536527475580E+000  0.7104270358293450E+000 -0.1503123370940851E+000  0.7807035962374316E-001
 0.5247222200000000E+000  0.7366493100000000E+000 -0.7147313816799234E+000  0.6334518778906704E+000  0.6759683071810073E+000 -0.1477418492537321E+000  0.6948210112383778E-001
 0.5408333300000000E+000  0.7366493100000000E+000 -0.6769725118456212E+000  0.6025589223441965E+000  0.6428380944032045E+000 -0.1446515793629122E+000  0.6166269412239916E-001
 0.5566666700000000E+000  0.7366493100000000E+000 -0.6410948047229476E+000  0.5730155895683630E+000  0.6110142932761259E+000 -0.1410906383211530E+000  0.5455883429968211E-001
 0.5722222200000000E+000  0.7366493100000000E+000 -0.6069955160915631E+000  0.5447629497757188E+000  0.5804693337663626E+000 -0.1371095851757641E+000  0.4811891965873503E-001
 0.5875000000000000E+000  0.7366493100000000E+000 -0.5745778865261310E+000  0.5177431071352928E+000  0.5511715270701241E+000 -0.1327597426969921E+000  0.4229367611750483E-001
 0.6025000000000000E+000  0.7366493100000000E+000 -0.5437511495428853E+000  0.4918999191874895E+000  0.5230863639359018E+000 -0.1280925734975996E+000  0.3703652835352209E-001
 0.6172222200000000E+000  0.7366493100000000E+000 -0.5144301734828285E+000  0.4671792962457156E+000  0.4961773425824721E+000 -0.1231590673353053E+000  0.3230371387541270E-001
 0.6316666700000000E+000  0.7366493100000000E+000 -0.4865351350936769E+000  0.4435294209509447E+000  0.4704066822532230E+000 -0.1180091850140000E+000  0.2805427838852923E-001
 0.6458333300000000E+000  0.7366493100000000E+000 -0.4599912455492592E+000  0.4209009213813142E+000  0.4457359537867880E+000 -0.1126913735496370E+000  0.2424999452079921E-001
 0.6597222200000000E+000  0.7366493100000000E+000 -0.4347282685967019E+000  0.3992467894438740E+000  0.4221263974242166E+000 -0.1072521024747898E+000  0.2085519723244282E-001
 0.6733333300000000E+000  0.7366493100000000E+000 -0.4106803208697030E+000  0.3785224736440222E+000  0.3995393951108943E+000 -0.1017355158095862E+000  0.1783663059941935E-001
 0.6866666700000000E+000  0.7366493100000000E+000 -0.3877854698065158E+000  0.3586857452764479E+000  0.3779366611213570E+000 -0.9618310500679053E-001  0.1516325054584909E-001
 0.6997222200000000E+000  0.7366493100000000E+000 -0.3659855365195716E+000  0.3396966964941883E+000  0.3572805432148230E+000 -0.9063348680940155E-001  0.1280605042907916E-001
 0.7125000000000000E+000  0.7366493100000000E+000 -0.3452257180112867E+000  0.3215175461178721E+000  0.3375340832507079E+000 -0.8512219467595711E-001  0.1073786934074781E-001
 0.7250000000000000E+000  0.7366493100000000E+000 -0.3254544708227832E+000  0.3041126439937971E+000  0.3186612648225655E+000 -0.7968158908419029E-001  0.8933239028213413E-002
 0.7372222200000000E+000  0.7366493100000000E+000 -0.3066232317531277E+000  0.2874483111345417E+000  0.3006270552834754E+000 -0.7434077691074739E-001  0.7368225637049303E-002
 0.7491666700000000E+000  0.7366493100000000E+000 -0.2886862280027693E+000  0.2714927397242296E+000  0.2833974882894217E+000 -0.6912559795350474E-001  0.6020297376272732E-002
 0.7608333300000000E+000  0.7366493100000000E+000 -0.2716003626331470E+000  0.2562159466596082E+000  0.2669397813185386E+000 -0.6405867369035327E-001  0.4868214899368961E-002
 0.7722222200000000E+000  0.7366493100000000E+000 -0.2553249516810833E+000  0.2415895842266265E+000  0.2512222783808388E+000 -0.5915944672545020E-001  0.3891929954076913E-002
 0.7833333300000000E+000  0.7366493100000000E+000 -0.2398216823916499E+000  0.2275869398398513E+000  0.2362145778997518E+000 -0.5444431382402365E-001  0.3072519543018229E-002
 0.7941666700000000E+000  0.7366493100000000E+000 -0.2250544072879214E+000  0.2141827828686776E+000  0.2218874789155425E+000 -0.4992673371606775E-001  0.2392128947974373E-002
 0.8047222200000000E+000  0.7366493100000000E+000 -0.2109890898125231E+000  0.2013533432821795E+000  0.2082130535090818E+000 -0.4561739859565361E-001  0.1833943262792294E-002
 0.8149999999999999E+000  0.7366493100000000E+000 -0.1975935951282044E+000  0.1890761461866796E+000  0.1951645515418323E+000 -0.4152437169741272E-001  0.1382170759159819E-002
 0.8250000000000000E+000  0.7366493100000000E+000 -0.1848376773689329E+000  0.1773300223835264E+000  0.1827164810904513E+000 -0.3765329395276382E-001  0.1022052121267376E-002
 0.8347222200000000E+000  0.7366493100000000E+000 -0.1726928261314901E+000  0.1660949886420220E+000  0.1708445390643857E+000 -0.3400755259490158E-001  0.7398787506904507E-003
 0.8441666700000000E+000  0.7366493100000000E+000 -0.1611321740620198E+000  0.1553521817492660E+000  0.1595255897753982E+000 -0.3058847034196798E-001  0.5230253035892955E-003
 0.8533333300000000E+000  0.7366493100000000E+000 -0.1501304573694405E+000  0.1450838406994555E+000  0.1487376856190268E+000 -0.2739550887474193E-001  0.3599896621471990E-003
 0.8622222200000000E+000  0.7366493100000000E+000 -0.1396638476570786E+000  0.1352731680168811E+000  0.1384599531799153E+000 -0.2442643096305648E-001  0.2404316650608261E-003
 0.8708333300000000E+000  0.7366493100000000E+000 -0.1297099581891022E+000  0.1259043526172166E+000  0.1286726428941980E+000 -0.2167750826279524E-001  0.1552089066082751E-003
 0.8791666700000000E+000  0.7366493100000000E+000 -0.1202477104887770E+000  0.1169624615900079E+000  0.1193570354442516E+000 -0.1914368170419659E-001  0.9639699977264717E-004
 0.8872222200000000E+000  0.7366493100000000E+000 -0.1112573219173960E+000  0.1084334449650866E+000  0.1104954616011350E+000 -0.1681874760013105E-001  0.5729013338107026E-004
 0.8950000000000000E+000  0.7366493100000000E+000 -0.1027201608659689E+000  0.1003040148897482E+000  0.1020711871432475E+000 -0.1469549950550594E-001  0.3237297348993673E-004
 0.9025000000000000E+000  0.7366493100000000E+000 -0.9461876328440834E-001  0.9256167716676129E-001  0.9406845282601076E-001 -0.1276590311906555E-001  0.1726082784209677E-004
 0.9097222200000000E+000  0.7366493100000000E+000 -0.8693672932180721E-001  0.8519464887522786E-001  0.8647239296604087E-001 -0.1102123003756804E-001  0.8605031220552085E-005
 0.9166666700000000E+000  0.7366493100000000E+000 -0.7965866900467973E-001  0.7819182202294042E-001  0.7926899956194272E-001 -0.9452194880176262E-002  0.3967101334865338E-005
 0.9233333300000000E+000  0.7366493100000000E+000 -0.7277019202634021E-001  0.7154276956223529E-001  0.7244512782977088E-001 -0.8049091300062922E-002  0.1668840021827388E-005
 0.9297222200000000E+000  0.7366493100000000E+000 -0.6625778582754803E-001  0.6523764349264304E-001  0.6598838918689474E-001 -0.6801894510712401E-002  0.6301671329284290E-006
 0.9358333300000000E+000  0.7366493100000000E+000 -0.6010884227097364E-001  0.5926721580937561E-001  0.5988718969916915E-001 -0.5700385313346460E-002  0.2093115729782654E-006
 0.9416666700000000E+000  0.7366493100000000E+000 -0.5431156304529532E-001  0.5362280200322462E-001  0.5413064695901950E-001 -0.4734240045339177E-002  0.5962546118688908E-007
 0.9472222200000000E+000  0.7366493100000000E+000 -0.4885496909841857E-001  0.4829628492491163E-001  0.4870860888075305E-001 -0.3893130833883988E-002  0.1410903475555891E-007
 0.9525000000000000E+000  0.7366493100000000E+000 -0.4372879330860372E-001  0.4328002444623003E-001  0.4361155545938517E-001 -0.3166797819354102E-002  0.2662637963422048E-008
 0.9575000000000000E+000  0.7366493100000000E+000 -0.3892351391692300E-001  0.3856690376650466E-001  0.3883063938473096E-001 -0.2545135839857082E-002  0.3805400852432016E-009
 0.9622222200000000E+000  0.7366493100000000E+000 -0.3443028187171698E-001  0.3415027162234602E-001  0.3435762041181175E-001 -0.2018256691699276E-002  0.3871988379933998E-010
 0.9666666700000000E+000  0.7366493100000000E+000 -0.3024089032290325E-001  0.3002392486152725E-001  0.3018484082890325E-001 -0.1576551407256064E-002  0.2686166063253273E-011
 0.9708333300000000E+000  0.7366493100000000E+000 -0.2634778341344074E-001  0.2618212915122427E-001  0.2630523943128166E-001 -0.1210749376226261E-002  0.1460049509534907E-012
 0.9747222200000000E+000  0.7366493100000000E+000 -0.2274396378542296E-001  0.2261953914346116E-001  0.2271226399947608E-001 -0.9119610591236030E-003  0.9513565145735237E-014
 0.9783333300000000E+000  0.7366493100000000E+000 -0.1942303350092861E-001  0.1933124943737922E-001  0.1939991616618279E-001 -0.6717283600818878E-003  0.5640469340381689E-015
 0.9816666700000000E+000  0.7366493100000000E+000 -0.1637912476586247E-001  0.1631273605763583E-001  0.1636268599702487E-001 -0.4820594268554709E-003  0.1651828559366124E-016
 0.9847222200000000E+000  0.7366493100000000E+000 -0.1360692494255312E-001  0.1355989043676119E-001  0.1359558016547140E-001 -0.3354661197384662E-003 -0.3005937923530254E-018
 0.9875000000000000E+000  0.7366493100000000E+000 -0.1110159378433425E-001  0.1106894574556253E-001  0.1109404220416714E-001 -0.2249904249540436E-003  0.1098363874820289E-017
 0.9900000000000000E+000  0.7366493100000000E+000 -0.8858809880793867E-002  0.8836530643132461E-002  0.8854001358872489E-002 -0.1442343857900885E-003 -0.1586775260060790E-017
 0.9922222200000000E+000  0.7366493100000000E+000 -0.6874718837167902E-002  0.6859624680261992E-002  0.6871823052082827E-002 -0.8738097760333546E-004  0.2053708448751279E-017
 0.9941666700000000E+000  0.7366493100000000E+000 -0.5145919706567212E-002  0.5135551403567763E-002  0.5144297225840816E-002 -0.4921416441798010E-004 -0.6535191213327530E-018
 0.9958333300000000E+000  0.7366493100000000E+000 -0.3669488360232394E-002  0.3662005546573858E-002  0.3668663343511790E-002 -0.2513643230904191E-004  0.1447198565026912E-017
 0.9972222200000000E+000  0.7366493100000000E+000 -0.2442904782950184E-002  0.2437045830498455E-002  0.2442539134480233E-002 -0.1118171624189821E-004 -0.7505802862440407E-018
 0.9983333300000000E+000  0.7366493100000000E+000 -0.1464106182972709E-002  0.1458962353123435E-002  0.1463974843490081E-002 -0.4028282671710737E-005  0.3297790919891863E-018
 0.9991666700000000E+000  0.7366493100000000E+000 -0.7314353091406827E-003  0.7274908280900419E-003  0.7314025296822948E-003 -0.1007591624606651E-005  0.1483596758029314E-017
 0.9997222200000000E+000  0.7366493100000000E+000 -0.2436785505358868E-003  0.2411491734692891E-003  0.2436749123534395E-003 -0.1119966750317886E-006  0.1646021142712490E-017
 0.1000000000000000E+001  0.7366493100000000E+000 -0.3745220453921539E-027 -0.1141908229326068E-027  0.1081923102086629E-027  0.5825930125288138E-039 -0.4421154115472448E-040

 0.0000000000000000E+000  0.8124808600000000E+000 -0.1938445790748857E+001  0.1541239455429951E+001  0.1545115005874985E+001 -0.6792412197764048E-002  0.1095580705335067E-001
 0.2777777800000000E-003  0.8124808600000000E+000 -0.1938438321834496E+001  0.1541235207617072E+001  0.1545107493617236E+001 -0.6792103645800151E-002  0.1096420984123466E-001
 0.8333333300000000E-003  0.8124808600000000E+000 -0.1938378884791568E+001  0.1541201361331451E+001  0.1545047710106149E+001 -0.6789714633896197E-002  0.1103139806003047E-001
 0.1666666700000000E-002  0.8124808600000000E+000 -0.1938182919162584E+001  0.1541089226429803E+001  0.1544850581919510E+001 -0.6782680795631788E-002  0.1125709661516700E-001
 0.2777777800000000E-002  0.8124808600000000E+000 -0.1937746107975187E+001  0.1540836211955891E+001  0.1544411060981453E+001 -0.6771923003156351E-002  0.1178448872209399E-001
 0.4166666700000000E-002  0.8124808600000000E+000 -0.1936991531211246E+001  0.1540388540304342E+001  0.1543651368646420E+001 -0.6771331742917172E-002  0.1278379421116865E-001
 0.5833333300000000E-002  0.8124808600000000E+000 -0.1935926717859940E+001  0.1539731371872323E+001  0.1542578182527950E+001 -0.6817758565639322E-002  0.1442340059391282E-001
 0.7777777800000000E-002  0.8124808600000000E+000 -0.1934658162119275E+001  0.1538902852907555E+001  0.1541297250132460E+001 -0.6969039986679298E-002  0.1683718383206326E-001
 0.1000000000000000E-001  0.8124808600000000E+000 -0.1933336364343931E+001  0.1537974570770791E+001  0.1539958405672637E+001 -0.7285153269215290E-002  0.2010437212094848E-001
 0.1250000000000000E-001  0.8124808600000000E+000 -0.1932081109388168E+001  0.1537014694206130E+001  0.1538680733230058E+001 -0.7807276531718555E-002  0.2425096118449978E-001
 0.1527777800000000E-001  0.8124808600000000E+000 -0.1930948011365198E+001  0.1536063915063886E+001  0.1537519024705329E+001 -0.8551114539243855E-002  0.2926607291035298E-001
 0.1833333300000000E-001  0.8124808600000000E+000 -0.1929938708840363E+001  0.1535132924406031E+001  0.1536473993368366E+001 -0.9513580146754016E-002  0.3512043430569575E-001
 0.2166666700000000E-001  0.8124808600000000E+000 -0.1929024876363576E+001  0.1534211162258580E+001  0.1535516404846887E+001 -0.1068278944798152E-001  0.4177935378597483E-001
 0.2527777800000000E-001  0.8124808600000000E+000 -0.1928166659208536E+001  0.1533276365568322E+001  0.1534605701327384E+001 -0.1204514497469907E-001  0.4920921649702284E-001
 0.2916666700000000E-001  0.8124808600000000E+000 -0.1927322084008885E+001  0.1532300897423806E+001  0.1533699654503367E+001 -0.1358872970345033E-001  0.5737954432504586E-001
 0.3333333300000000E-001  0.8124808600000000E+000 -0.1926450308932330E+001  0.1531254911129403E+001  0.1532757914241474E+001 -0.1530431419354648E-001  0.6626266943708829E-001
 0.3777777800000000E-001  0.8124808600000000E+000 -0.1925511773577667E+001  0.1530107474396871E+001  0.1531742527363649E+001 -0.1718525517326273E-001  0.7583240571032235E-001
 0.4250000000000000E-001  0.8124808600000000E+000 -0.1924467074731154E+001  0.1528826616674028E+001  0.1530617272050558E+001 -0.1922701150465310E-001  0.8606234184033357E-001
 0.4750000000000000E-001  0.8124808600000000E+000 -0.1923275398878176E+001  0.1527378861883811E+001  0.1529346658407304E+001 -0.2142661584222189E-001  0.9692408532601146E-001
 0.5277777800000000E-001  0.8124808600000000E+000 -0.1921892826463695E+001  0.1525728537436986E+001  0.1527894930098568E+001 -0.2378220526026762E-001  0.1083854849294787E+000
 0.5833333300000000E-001  0.8124808600000000E+000 -0.1920270582321137E+001  0.1523836981345019E+001  0.1526225158584052E+001 -0.2629263905246756E-001  0.1204088656102803E+000
 0.6416666700000000E-001  0.8124808600000000E+000 -0.1918353223945304E+001  0.1521661696048608E+001  0.1524298434690395E+001 -0.2895719341525299E-001  0.1329492536791807E+000
 0.7027777800000000E-001  0.8124808600000000E+000 -0.1916076745534045E+001  0.1519155472646897E+001  0.1522073140561024E+001 -0.3177530799292207E-001  0.1459525392695135E+000
 0.7666666699999999E-001  0.8124808600000000E+000 -0.1913366574615815E+001  0.1516265488010497E+001  0.1519504270404133E+001 -0.3474637862179331E-001  0.1593536248016994E+000
 0.8333333300000000E-001  0.8124808600000000E+000 -0.1910135481943218E+001  0.1512932401686303E+001  0.1516542791878130E+001 -0.3786957101967043E-001  0.1730745224335017E+000
 0.9027777800000000E-001  0.8124808600000000E+000 -0.1906281449941664E+001  0.1509089475504785E+001  0.1513135034486982E+001 -0.4114365581616657E-001  0.1870224988228877E+000
 0.9750000000000000E-001  0.8124808600000000E+000 -0.1901685617705606E+001  0.1504661778862948E+001  0.1509222121385839E+001 -0.4456684814325775E-001  0.2010883149158781E+000
 0.1050000000000000E+000  0.8124808600000000E+000 -0.1896210466479350E+001  0.1499565544884837E+001  0.1504739454829522E+001 -0.4813666000873126E-001  0.2151447584874010E+000
 0.1127777800000000E+000  0.8124808600000000E+000 -0.1889698516265156E+001  0.1493707797654739E+001  0.1499616305148567E+001 -0.5184975273335855E-001  0.2290456261208912E+000
 0.1208333300000000E+000  0.8124808600000000E+000 -0.1881971890349383E+001  0.1486986395931627E+001  0.1493775567513732E+001 -0.5570178811098221E-001  0.2426254225730400E+000
 0.1291666700000000E+000  0.8124808600000000E+000 -0.1872833113893493E+001  0.1479290602768874E+001  0.1487133717496811E+001 -0.5968731093783229E-001  0.2557002089795696E+000
 0.1377777800000000E+000  0.8124808600000000E+000 -0.1862067795954832E+001  0.1470502503469280E+001  0.1479601188685703E+001 -0.6379958508941040E-001  0.2680696759792588E+000
 0.1466666700000000E+000  0.8124808600000000E+000 -0.1849449413864980E+001  0.1460499223801593E+001  0.1471083096356669E+001 -0.6803050631279259E-001  0.2795211939512798E+000
 0.1558333300000000E+000  0.8124808600000000E+000 -0.1834746836543016E+001  0.1449156308634523E+001  0.1461480625016776E+001 -0.7237047036153654E-001  0.2898356760216951E+000
 0.1652777800000000E+000  0.8124808600000000E+000 -0.1817734424984447E+001  0.1436352075386016E+001  0.1450692987369476E+001 -0.7680830408358895E-001  0.2987956414887191E+000
 0.1750000000000000E+000  0.8124808600000000E+000 -0.1798204739987342E+001  0.1421973091949610E+001  0.1438620221449152E+001 -0.8133115729544610E-001  0.3061949901663273E+000
 0.1850000000000000E+000  0.8124808600000000E+000 -0.1775982603184783E+001  0.1405920160405419E+001  0.1425166514931929E+001 -0.8592447944417435E-001  0.3118501792116334E+000
 0.1952777800000000E+000  0.8124808600000000E+000 -0.1750939572696421E+001  0.1388114653760562E+001  0.1410244192719782E+001 -0.9057196334159447E-001  0.3156115772544900E+000
 0.2058333300000000E+000  0.8124808600000000E+000 -0.1723006797245405E+001  0.1368504379494714E+001  0.1393777946561218E+001 -0.9525552600338798E-001  0.3173738896698271E+000
 0.2166666700000000E+000  0.8124808600000000E+000 -0.1692184283940791E+001  0.1347068233062491E+001  0.1375708912450112E+001 -0.9995532286078179E-001  0.3170842329538466E+000
 0.2277777800000000E+000  0.8124808600000000E+000 -0.1658545385031774E+001  0.1323819291519892E+001  0.1355998415461976E+001 -0.1046497270034476E+000  0.3147466588745072E+000
 0.2391666700000000E+000  0.8124808600000000E+000 -0.1622234918004808E+001  0.1298805429014396E+001  0.1334630569325203E+001 -0.1093153806012788E+000  0.3104224124864476E+000
 0.2508333300000000E+000  0.8124808600000000E+000 -0.1583461712009541E+001  0.1272107820747692E+001  0.1311613838497099E+001 -0.1139272026336353E+000  0.3042258252101304E+000
 0.2627777800000000E+000  0.8124808600000000E+000 -0.1542485982682589E+001  0.1243837083536673E+001  0.1286981021423538E+001 -0.1184584445684352E+000  0.2963163988425880E+000
 0.2750000000000000E+000  0.8124808600000000E+000 -0.1499604014118484E+001  0.1214128026578556E+001  0.1260788101208462E+001 -0.1228807047977528E+000  0.2868882886625654E+000
 0.2875000000000000E+000  0.8124808600000000E+000 -0.1455131350211699E+001  0.1183133077217022E+001  0.1233111646015915E+001 -0.1271640046170978E+000  0.2761584265784412E+000
 0.3002777800000000E+000  0.8124808600000000E+000 -0.1409387264590516E+001  0.1151015669205063E+001  0.1204045588262233E+001 -0.1312768324015567E+000  0.2643547974018952E+000
 0.3133333300000000E+000  0.8124808600000000E+000 -0.1362681443679983E+001  0.1117943865014772E+001  0.1173697456094651E+001 -0.1351862197786330E+000  0.2517058792626482E+000
 0.3266666700000000E+000  0.8124808600000000E+000 -0.1315303687641952E+001  0.1084084659512742E+001  0.1142184400896648E+001 -0.1388578510973235E+000  0.2384319413643584E+000
 0.3402777800000000E+000  0.8124808600000000E+000 -0.1267517379700988E+001  0.1049599616025091E+001  0.1109629674475123E+001 -0.1422561715609326E+000  0.2247386641831300E+000
 0.3541666700000000E+000  0.8124808600000000E+000 -0.1219555581565542E+001  0.1014641292889249E+001  0.1076159183086192E+001 -0.1453445754487715E+000  0.2108128181831464E+000
 0.3683333300000000E+000  0.8124808600000000E+000 -0.1171620147690193E+001  0.9793510750544329E+000  0.1041898850991299E+001 -0.1480856106391801E+000  0.1968200105465743E+000
 0.3827777800000000E+000  0.8124808600000000E+000 -0.1123882441965738E+001  0.9438577230621189E+000  0.1006972314759155E+001 -0.1504412649453732E+000  0.1829039165345334E+000
 0.3975000000000000E+000  0.8124808600000000E+000 -0.1076485775097146E+001  0.9082770126926402E+000  0.9714994599586633E+000 -0.1523732962761763E+000  0.1691868130505790E+000
 0.4125000000000000E+000  0.8124808600000000E+000 -0.1029548141420653E+001  0.8727116348648120E+000  0.9355951166730953E+000 -0.1538436621389793E+000  0.1557707869979026E+000
 0.4277777800000000E+000  0.8124808600000000E+000 -0.9831656591694878E+000  0.8372518006912758E+000  0.8993684420963236E+000 -0.1548150104697386E+000  0.1427395461525849E+000
 0.4433333300000000E+000  0.8124808600000000E+000 -0.9374158993518374E+000  0.8019760309328103E+000  0.8629225432412683E+000 -0.1552512633944319E+000  0.1301604377519937E+000
 0.4591666700000000E+000  0.8124808600000000E+000 -0.8923609229958032E+000  0.7669520240216476E+000  0.8263542642985375E+000 -0.1551182861546609E+000  0.1180865048684589E+000
 0.4752777800000000E+000  0.8124808600000000E+000 -0.8480503374201103E+000  0.7322378474222578E+000  0.7897544150849258E+000 -0.1543846391001169E+000  0.1065585745196482E+000
 0.4916666700000000E+000  0.8124808600000000E+000 -0.8045235865917332E+000  0.6978828257657866E+000  0.7532077962596827E+000 -0.1530224113664913E+000  0.9560710237706328E-001
 0.5083333300000000E+000  0.8124808600000000E+000 -0.7618122053153048E+000  0.6639286600040609E+000  0.7167935730803133E+000 -0.1510081273985180E+000  0.8525393176700204E-001
 0.5247222200000000E+000  0.8124808600000000E+000 -0.7212900072994375E+000  0.6314934246275498E+000  0.6817593112578793E+000 -0.1484217120509313E+000  0.7582087292994519E-001
 0.5408333300000000E+000  0.8124808600000000E+000 -0.6828338941734425E+000  0.6005115048641738E+000  0.6480906783878395E+000 -0.1453106653776264E+000  0.6724449589263715E-001
 0.5566666700000000E+000  0.8124808600000000E+000 -0.6463273124783261E+000  0.5709169210784238E+000  0.6157652584095108E+000 -0.1417246779344328E+000  0.5946281228874412E-001
 0.5722222200000000E+000  0.8124808600000000E+000 -0.6116607097199070E+000  0.5426447229034779E+000  0.5847547309557992E+000 -0.1377149397727778E+000  0.5241640247335384E-001
 0.5875000000000000E+000  0.8124808600000000E+000 -0.5787313303513588E+000  0.5156317094482410E+000  0.5550263385974867E+000 -0.1333334358492754E+000  0.4604898283600694E-001
 0.6025000000000000E+000  0.8124808600000000E+000 -0.5474431124250985E+000  0.4898170901858069E+000  0.5265442775819371E+000 -0.1286323024728909E+000  0.4030770817524923E-001
 0.6172222200000000E+000  0.8124808600000000E+000 -0.5177062249586829E+000  0.4651427216292891E+000  0.4992705919894935E+000 -0.1236631958378812E+000  0.3514320799527522E-001
 0.6316666700000000E+000  0.8124808600000000E+000 -0.4894366522732820E+000  0.4415532649160010E+000  0.4731659385336449E+000 -0.1184767190155579E+000  0.3050950717953313E-001
 0.6458333300000000E+000  0.8124808600000000E+000 -0.4625558454674766E+000  0.4189962998887572E+000  0.4481902574811182E+000 -0.1131219226519249E+000  0.2636387553015136E-001
 0.6597222200000000E+000  0.8124808600000000E+000 -0.4369901760232750E+000  0.3974221894338261E+000  0.4243031197866994E+000 -0.1076458292086994E+000  0.2266659732016789E-001
 0.6733333300000000E+000  0.8124808600000000E+000 -0.4126706862837919E+000  0.3767841225493308E+000  0.4014642255246972E+000 -0.1020930761003543E+000  0.1938076245663240E-001
 0.6866666700000000E+000  0.8124808600000000E+000 -0.3895326442037826E+000  0.3570379364841103E+000  0.3796336132665817E+000 -0.9650558238837853E-001  0.1647201733080524E-001
 0.6997222200000000E+000  0.8124808600000000E+000 -0.3675153130574391E+000  0.3381420750128784E+000  0.3587719781982779E+000 -0.9092232342940700E-001  0.1390834691415144E-001
 0.7125000000000000E+000  0.8124808600000000E+000 -0.3465615447207877E+000  0.3200573597603120E+000  0.3388407446644657E+000 -0.8537912133303338E-001  0.1165984326899798E-001
 0.7250000000000000E+000  0.8124808600000000E+000 -0.3266176419766001E+000  0.3027469631966993E+000  0.3198023255806061E+000 -0.7990855691060665E-001  0.9698520339745066E-002
 0.7372222200000000E+000  0.8124808600000000E+000 -0.3076330600717028E+000  0.2861762218666740E+000  0.3016201723922378E+000 -0.7453989230176399E-001  0.7998126584057711E-002
 0.7491666700000000E+000  0.8124808600000000E+000 -0.2895602016227359E+000  0.2703125124737945E+000  0.2842588644730866E+000 -0.6929906235186578E-001  0.6533988619160399E-002
 0.7608333300000000E+000  0.8124808600000000E+000 -0.2723542896714365E+000  0.2551251840685611E+000  0.2676842323118730E+000 -0.6420872941271254E-001  0.5282881846185585E-002
 0.7722222200000000E+000  0.8124808600000000E+000 -0.2559730930642020E+000  0.2405853507473463E+000  0.2518633033337765E+000 -0.5928832933140459E-001  0.4222911926508362E-002
 0.7833333300000000E+000  0.8124808600000000E+000 -0.2403768758979407E+000  0.2266658745500346E+000  0.2367644331412208E+000 -0.5455421170605882E-001  0.3333436341216525E-002
 0.7941666700000000E+000  0.8124808600000000E+000 -0.2255281826466314E+000  0.2133411982873350E+000  0.2223572527774792E+000 -0.5001975475467140E-001  0.2594996803717724E-002
 0.8047222200000000E+000  0.8124808600000000E+000 -0.2113917765735829E+000  0.2005873111114577E+000  0.2086127421132635E+000 -0.4569554388739870E-001  0.1989283623071352E-002
 0.8149999999999999E+000  0.8124808600000000E+000 -0.1979344230229196E+000  0.1883815723100051E+000  0.1955031338019443E+000 -0.4158951579426987E-001  0.1499113725748071E-002
 0.8250000000000000E+000  0.8124808600000000E+000 -0.1851248706458808E+000  0.1767027113661826E+000  0.1830019931630656E+000 -0.3770717129117530E-001  0.1108437416129881E-002
 0.8347222200000000E+000  0.8124808600000000E+000 -0.1729336914884665E+000  0.1655306996232755E+000  0.1710841468472362E+000 -0.3405174931841018E-001  0.8023555227369438E-003
 0.8441666700000000E+000  0.8124808600000000E+000 -0.1613331828039825E+000  0.1548466763813807E+000  0.1597256592100205E+000 -0.3062442088177569E-001  0.5671524347959236E-003
 0.8533333300000000E+000  0.8124808600000000E+000 -0.1502973222037386E+000  0.1446329237370963E+000  0.1489038504793860E+000 -0.2742449658835750E-001  0.3903375748888991E-003
 0.8622222200000000E+000  0.8124808600000000E+000 -0.1398015939334263E+000  0.1348727219740010E+000  0.1385971795474658E+000 -0.2444959201664466E-001  0.2606858369582986E-003
 0.8708333300000000E+000  0.8124808600000000E+000 -0.1298229903797277E+000  0.1255503663024469E+000  0.1287852906037874E+000 -0.2169583817831253E-001  0.1682751081069034E-003
 0.8791666700000000E+000  0.8124808600000000E+000 -0.1203398736902070E+000  0.1166510538347477E+000  0.1194489158704480E+000 -0.1915804383413530E-001  0.1045071670259437E-003
 0.8872222200000000E+000  0.8124808600000000E+000 -0.1113319589137693E+000  0.1081608835398746E+000  0.1105698919893764E+000 -0.1682988300735841E-001  0.6210740843360458E-004
 0.8950000000000000E+000  0.8124808600000000E+000 -0.1027801646749006E+000  0.1000667317271313E+000  0.1021310411468727E+000 -0.1470403767458335E-001  0.3509366605158412E-004
 0.9025000000000000E+000  0.8124808600000000E+000 -0.9466662573405919E-001  0.9235627966270218E-001  0.9411620759714523E-001 -0.1277237311702398E-001  0.1871077471638681E-004
 0.9097222200000000E+000  0.8124808600000000E+000 -0.8697458562549779E-001  0.8501792824057326E-001  0.8651017262079801E-001 -0.1102607170672397E-001  0.9327557012621166E-005
 0.9166666700000000E+000  0.8124808600000000E+000 -0.7968833864700652E-001  0.7804075887055473E-001  0.7929861522815235E-001 -0.9455769781731356E-002  0.4300067518437591E-005
 0.9233333300000000E+000  0.8124808600000000E+000 -0.7279321619886223E-001  0.7141453695801848E-001  0.7246811444167761E-001 -0.8051693177672813E-002  0.1808857333861465E-005
 0.9297222200000000E+000  0.8124808600000000E+000 -0.6627546149000772E-001  0.6512960818966640E-001  0.6600603905225712E-001 -0.6803759080368267E-002  0.6830209211780578E-006
 0.9358333300000000E+000  0.8124808600000000E+000 -0.6012225318269906E-001  0.5917693745303382E-001  0.5990058314758451E-001 -0.5701699281108652E-002  0.2268616526413726E-006
 0.9416666700000000E+000  0.8124808600000000E+000 -0.5432160783149521E-001  0.5354803097028744E-001  0.5414068011116701E-001 -0.4735149260168148E-002  0.6462343902717843E-007
 0.9472222200000000E+000  0.8124808600000000E+000 -0.4886238661008890E-001  0.4823495871166340E-001  0.4871601877831454E-001 -0.3893747551285600E-002  0.1529138772575924E-007
 0.9525000000000000E+000  0.8124808600000000E+000 -0.4373418537898263E-001  0.4323026311587792E-001  0.4361694264430264E-001 -0.3167207064925654E-002  0.2885717387084003E-008
 0.9575000000000000E+000  0.8124808600000000E+000 -0.3892736575559656E-001  0.3852700426567129E-001  0.3883448815748605E-001 -0.2545400905513878E-002  0.4124155677271848E-009
 0.9622222200000000E+000  0.8124808600000000E+000 -0.3443298020274062E-001  0.3411870138396103E-001  0.3436031686622804E-001 -0.2018423803012450E-002  0.4196265982422772E-010
 0.9666666700000000E+000  0.8124808600000000E+000 -0.3024273944655811E-001  0.2999931470794741E-001  0.3018668883593452E-001 -0.1576653624535829E-002  0.2911115347366917E-011
 0.9708333300000000E+000  0.8124808600000000E+000 -0.2634901934602220E-001  0.2616326555426948E-001  0.2630647472052654E-001 -0.1210809799626395E-002  0.1582336349253296E-012
 0.9747222200000000E+000  0.8124808600000000E+000 -0.2274476660317947E-001  0.2260535609875944E-001  0.2271306646006382E-001 -0.9119954126700181E-003  0.1031026616860563E-013
 0.9783333300000000E+000  0.8124808600000000E+000 -0.1942353805207945E-001  0.1932081982592763E-001  0.1940042052738531E-001 -0.6717470351639390E-003  0.6116392387436337E-015
 0.9816666700000000E+000  0.8124808600000000E+000 -0.1637942986767208E-001  0.1630526272853514E-001  0.1636299100278439E-001 -0.4820690621807238E-003  0.1718909040713021E-016
 0.9847222200000000E+000  0.8124808600000000E+000 -0.1360710120421677E-001  0.1355469695553134E-001  0.1359575638138932E-001 -0.3354707937156826E-003  0.9399021419068244E-018
 0.9875000000000000E+000  0.8124808600000000E+000 -0.1110169017360451E-001  0.1106546696462393E-001  0.1109413857316832E-001 -0.2249925305517905E-003 -0.8991709420479623E-018
 0.9900000000000000E+000  0.8124808600000000E+000 -0.8858859162536811E-002  0.8834303022251803E-002  0.8854050632397149E-002 -0.1442352523071322E-003  0.1337857081989618E-017
 0.9922222200000000E+000  0.8124808600000000E+000 -0.6874741995481155E-002  0.6858276479360436E-002  0.6871846207415575E-002 -0.8738129602276988E-004 -0.1515694361463118E-017
 0.9941666700000000E+000  0.8124808600000000E+000 -0.5145929465684817E-002  0.5134792741330253E-002  0.5144306984022766E-002 -0.4921426553085043E-004  0.4448973797115097E-018
 0.9958333300000000E+000  0.8124808600000000E+000 -0.3669491913408483E-002  0.3661618344523060E-002  0.3668666896445952E-002 -0.2513645871051189E-004  0.4040401151000886E-018
 0.9972222200000000E+000  0.8124808600000000E+000 -0.2442905834910632E-002  0.2436873694050919E-002  0.2442540186393155E-002 -0.1118172147027130E-004 -0.8516314654321569E-020
 0.9983333300000000E+000  0.8124808600000000E+000 -0.1464106410053026E-002  0.1458900370621252E-002  0.1463975070564265E-002 -0.4028283350682672E-005 -0.3408597951557574E-017
 0.9991666700000000E+000  0.8124808600000000E+000 -0.7314353375117093E-003  0.7274753301921467E-003  0.7314025580529381E-003 -0.1007591667105190E-005  0.1455634230109166E-017
 0.9997222200000000E+000  0.8124808600000000E+000 -0.2436785515863704E-003  0.2411474512567364E-003  0.2436749134039173E-003 -0.1119966755570596E-006  0.4829229027339360E-018
 0.1000000000000000E+001  0.8124808600000000E+000 -0.6956891733423648E-028  0.4853125464258579E-027  0.7852632788820646E-027  0.1476686072978714E-039 -0.2965834102900174E-041

 0.0000000000000000E+000  0.8847013800000000E+000 -0.1938715187611389E+001  0.1540970059334174E+001  0.1545373005725696E+001 -0.6792412197764048E-002  0.1167621825904012E-001
 0.2777777800000000E-003  0.8847013800000000E+000 -0.1938707480105552E+001  0.1540965994440027E+001  0.1545365231512010E+001 -0.6792104048130604E-002  0.1168517397689929E-001
 0.8333333300000000E-003  0.8847013800000000E+000 -0.1938646150914454E+001  0.1540933603490971E+001  0.1545303368383981E+001 -0.6789718189005502E-002  0.1175678342548547E-001
 0.1666666700000000E-002  0.8847013800000000E+000 -0.1938444034862621E+001  0.1540826263816521E+001  0.1545099451602241E+001 -0.6782694166467261E-002  0.1199733419982735E-001
 0.2777777800000000E-002  0.8847013800000000E+000 -0.1937994020703582E+001  0.1540583922272576E+001  0.1544645185839156E+001 -0.6771955150398141E-002  0.1255943429404618E-001
 0.4166666700000000E-002  0.8847013800000000E+000 -0.1937218425382512E+001  0.1540154636822204E+001  0.1543861358819148E+001 -0.6771386801214122E-002  0.1362451540083538E-001
 0.5833333300000000E-002  0.8847013800000000E+000 -0.1936128429654949E+001  0.1539523310253023E+001  0.1542757324955206E+001 -0.6817827605342906E-002  0.1537207601230578E-001
 0.7777777800000000E-002  0.8847013800000000E+000 -0.1934838518776272E+001  0.1538725486551650E+001  0.1541445445314785E+001 -0.6969102884486287E-002  0.1794487128967671E-001
 0.1000000000000000E-001  0.8847013800000000E+000 -0.1933508334751100E+001  0.1537829377539294E+001  0.1540082851315685E+001 -0.7285191963083821E-002  0.2142747907328916E-001
 0.1250000000000000E-001  0.8847013800000000E+000 -0.1932264827223187E+001  0.1536901053337405E+001  0.1538793474440884E+001 -0.7807286174895524E-002  0.2584784189836217E-001
 0.1527777800000000E-001  0.8847013800000000E+000 -0.1931168323007370E+001  0.1535981243433573E+001  0.1537634063257999E+001 -0.8551105059976090E-002  0.3119474064486958E-001
 0.1833333300000000E-001  0.8847013800000000E+000 -0.1930224030652654E+001  0.1535082418012333E+001  0.1536605746078682E+001 -0.9513573321135350E-002  0.3743753254845761E-001
 0.2166666700000000E-001  0.8847013800000000E+000 -0.1929407356946142E+001  0.1534196763355715E+001  0.1535679491800004E+001 -0.1068281742489254E-001  0.4454002908606460E-001
 0.2527777800000000E-001  0.8847013800000000E+000 -0.1928682994044207E+001  0.1533305155241967E+001  0.1534815395385071E+001 -0.1204525178133219E-001  0.5246747108829274E-001
 0.2916666700000000E-001  0.8847013800000000E+000 -0.1928014495379916E+001  0.1532383205560163E+001  0.1533972495638818E+001 -0.1358897505248342E-001  0.6118878095314812E-001
 0.3333333300000000E-001  0.8847013800000000E+000 -0.1927367479805980E+001  0.1531404332362536E+001  0.1533112276503173E+001 -0.1530477880178329E-001  0.7067627446148465E-001
 0.3777777800000000E-001  0.8847013800000000E+000 -0.1926709679708281E+001  0.1530340873950123E+001  0.1532199087963765E+001 -0.1718604719972378E-001  0.8090430568207499E-001
 0.4250000000000000E-001  0.8847013800000000E+000 -0.1926009710399805E+001  0.1529164147911210E+001  0.1531199389858118E+001 -0.1922827399230101E-001  0.9184750655462778E-001
 0.4750000000000000E-001  0.8847013800000000E+000 -0.1925235396847583E+001  0.1527843988741199E+001  0.1530080679669661E+001 -0.2142853515493931E-001  0.1034789675354842E+000
 0.5277777800000000E-001  0.8847013800000000E+000 -0.1924351957580096E+001  0.1526348041950746E+001  0.1528810432729767E+001 -0.2378502050966970E-001  0.1157683821169105E+000
 0.5833333300000000E-001  0.8847013800000000E+000 -0.1923320101992258E+001  0.1524640930722315E+001  0.1527355137507231E+001 -0.2629665246416271E-001  0.1286801827771638E+000
 0.6416666700000000E-001  0.8847013800000000E+000 -0.1922094011645452E+001  0.1522683339461899E+001  0.1525679422102323E+001 -0.2896278151183428E-001  0.1421716332268856E+000
 0.7027777800000000E-001  0.8847013800000000E+000 -0.1920619158181462E+001  0.1520431032746269E+001  0.1523745246518738E+001 -0.3178293337473959E-001  0.1561908056867131E+000
 0.7666666699999999E-001  0.8847013800000000E+000 -0.1918829911350473E+001  0.1517833807605710E+001  0.1521511122820727E+001 -0.3475660202425169E-001  0.1706744777684520E+000
 0.8333333300000000E-001  0.8847013800000000E+000 -0.1916646926759785E+001  0.1514834399251604E+001  0.1518931346803733E+001 -0.3788306319912364E-001  0.1855458884109401E+000
 0.9027777800000000E-001  0.8847013800000000E+000 -0.1913974333482328E+001  0.1511367358710938E+001  0.1515955221623133E+001 -0.4116120869874835E-001  0.2007124361904981E+000
 0.9750000000000000E-001  0.8847013800000000E+000 -0.1910696812927760E+001  0.1507357961172095E+001  0.1512526282226811E+001 -0.4458938454228958E-001  0.2160633493579542E+000
 0.1050000000000000E+000  0.8847013800000000E+000 -0.1906676726202190E+001  0.1502721213185298E+001  0.1508581527530400E+001 -0.4816524113208415E-001  0.2314675246492206E+000
 0.1127777800000000E+000  0.8847013800000000E+000 -0.1901751570315227E+001  0.1497361087603668E+001  0.1504050707281880E+001 -0.5188558263257283E-001  0.2467716996546854E+000
 0.1208333300000000E+000  0.8847013800000000E+000 -0.1895732172593143E+001  0.1491170153829951E+001  0.1498855731554633E+001 -0.5574621421564561E-001  0.2617992658271443E+000
 0.1291666700000000E+000  0.8847013800000000E+000 -0.1888402116067270E+001  0.1484029756913191E+001  0.1492910252413857E+001 -0.5974181996840281E-001  0.2763502438725412E+000
 0.1377777800000000E+000  0.8847013800000000E+000 -0.1879519197227310E+001  0.1475811117358804E+001  0.1486119653421907E+001 -0.6386579361778900E-001  0.2902025943832849E+000
 0.1466666700000000E+000  0.8847013800000000E+000 -0.1868819457620958E+001  0.1466377401580826E+001  0.1478381433424290E+001 -0.6811014575664859E-001  0.3031158381765702E+000
 0.1558333300000000E+000  0.8847013800000000E+000 -0.1856024703295190E+001  0.1455587202003106E+001  0.1469586340108334E+001 -0.7246536617919494E-001  0.3148369914011940E+000
 0.1652777800000000E+000  0.8847013800000000E+000 -0.1840853742909888E+001  0.1443299350551292E+001  0.1459620252437196E+001 -0.7692034952926634E-001  0.3251094598227036E+000
 0.1750000000000000E+000  0.8847013800000000E+000 -0.1823037593940399E+001  0.1429379270301341E+001  0.1448367136759576E+001 -0.8146228204116092E-001  0.3336845319203326E+000
 0.1850000000000000E+000  0.8847013800000000E+000 -0.1802337517278323E+001  0.1413706270971798E+001  0.1435712851825213E+001 -0.8607661407840798E-001  0.3403352327299930E+000
 0.1952777800000000E+000  0.8847013800000000E+000 -0.1778564633206273E+001  0.1396181541188363E+001  0.1421549943655468E+001 -0.9074700055502700E-001  0.3448711058037549E+000
 0.2058333300000000E+000  0.8847013800000000E+000 -0.1751598485572016E+001  0.1376735838115513E+001  0.1405782990013317E+001 -0.9545527976482569E-001  0.3471524358313570E+000
 0.2166666700000000E+000  0.8847013800000000E+000 -0.1721401655323653E+001  0.1355335868865539E+001  0.1388333995630014E+001 -0.1001814871497398E+000  0.3471018914177431E+000
 0.2277777800000000E+000  0.8847013800000000E+000 -0.1688028201568843E+001  0.1331988716362334E+001  0.1369147483222308E+001 -0.1049038354701621E+000  0.3447117315990364E+000
 0.2391666700000000E+000  0.8847013800000000E+000 -0.1651623551332760E+001  0.1306743144630442E+001  0.1348194287387002E+001 -0.1095987691241526E+000  0.3400453380529762E+000
 0.2508333300000000E+000  0.8847013800000000E+000 -0.1612416266453268E+001  0.1279688018510058E+001  0.1325473964541042E+001 -0.1142409758530565E+000  0.3332327192819051E+000
 0.2627777800000000E+000  0.8847013800000000E+000 -0.1570702328680969E+001  0.1250947613217112E+001  0.1301015172262971E+001 -0.1188034474471438E+000  0.3244606574845779E+000
 0.2750000000000000E+000  0.8847013800000000E+000 -0.1526825144142929E+001  0.1220674966240596E+001  0.1274874431136331E+001 -0.1232574989038725E+000  0.3139591429393774E+000
 0.2875000000000000E+000  0.8847013800000000E+000 -0.1481153420974260E+001  0.1189043591430547E+001  0.1247133020569509E+001 -0.1275728486838571E+000  0.3019859233546742E+000
 0.3002777800000000E+000  0.8847013800000000E+000 -0.1434060621931971E+001  0.1156239129850693E+001  0.1217892959137102E+001 -0.1317176654482499E+000  0.2888112956751260E+000
 0.3133333300000000E+000  0.8847013800000000E+000 -0.1385907581304996E+001  0.1122451431759863E+001  0.1187272296589018E+001 -0.1356586452256860E+000  0.2747045983076616E+000
 0.3266666700000000E+000  0.8847013800000000E+000 -0.1337029407041294E+001  0.1087867658305324E+001  0.1155400197539221E+001 -0.1393611204722657E+000  0.2599233441936429E+000
 0.3402777800000000E+000  0.8847013800000000E+000 -0.1287727445742733E+001  0.1052667114663054E+001  0.1122412577886176E+001 -0.1427891665755930E+000  0.2447055290501522E+000
 0.3541666700000000E+000  0.8847013800000000E+000 -0.1238264940795209E+001  0.1017017239459884E+001  0.1088447975410712E+001 -0.1459057885916762E+000  0.2292647306033379E+000
 0.3683333300000000E+000  0.8847013800000000E+000 -0.1188866509876793E+001  0.9810713152460359E+000  0.1053644414376337E+001 -0.1486731246728212E+000  0.2137878687689569E+000
 0.3827777800000000E+000  0.8847013800000000E+000 -0.1139719699884944E+001  0.9449671190765027E+000  0.1018136770505858E+001 -0.1510527329964313E+000  0.1984348316370363E+000
 0.3975000000000000E+000  0.8847013800000000E+000 -0.1090978506644382E+001  0.9088268165368355E+000  0.9820551300168414E+000 -0.1530059244742234E+000  0.1833396395616170E+000
 0.4125000000000000E+000  0.8847013800000000E+000 -0.1042767226275268E+001  0.8727571890588444E+000  0.9455234162348946E+000 -0.1544941977618439E+000  0.1686123614798511E+000
 0.4277777800000000E+000  0.8847013800000000E+000 -0.9951849489203124E+000  0.8368505990389435E+000  0.9086587889349883E+000 -0.1554797384737795E+000  0.1543416452805544E+000
 0.4433333300000000E+000  0.8847013800000000E+000 -0.9483098013613562E+000  0.8011861302643208E+000  0.8715713345070463E+000 -0.1559260146445577E+000  0.1405973961515164E+000
 0.4591666700000000E+000  0.8847013800000000E+000 -0.9022027359190382E+000  0.7658307778213110E+000  0.8343639481375020E+000 -0.1557984605629496E+000  0.1274334062282451E+000
 0.4752777800000000E+000  0.8847013800000000E+000 -0.8569111874640188E+000  0.7308409248302296E+000  0.7971326732516529E+000 -0.1550652465585508E+000  0.1148899305910746E+000
 0.4916666700000000E+000  0.8847013800000000E+000 -0.8124718109223658E+000  0.6962634700645991E+000  0.7599668315813163E+000 -0.1536981329971848E+000  0.1029959185946983E+000
 0.5083333300000000E+000  0.8847013800000000E+000 -0.7689130676830350E+000  0.6621371474528341E+000  0.7229494983657125E+000 -0.1516733987822126E+000  0.9177108521436265E-001
 0.5247222200000000E+000  0.8847013800000000E+000 -0.7276302363361918E+000  0.6295800557478396E+000  0.6873502693850478E+000 -0.1490714448292306E+000  0.8155980820762088E-001
 0.5408333300000000E+000  0.8847013800000000E+000 -0.6884906662238854E+000  0.5985189550466516E+000  0.6531546739275320E+000 -0.1459402590243159E+000  0.7228878595957162E-001
 0.5566666700000000E+000  0.8847013800000000E+000 -0.6513694973761178E+000  0.5688811104791908E+000  0.6203396261528195E+000 -0.1423300864137663E+000  0.6388721354122275E-001
 0.5722222200000000E+000  0.8847013800000000E+000 -0.6161499587424175E+000  0.5405956364168076E+000  0.5888757640433057E+000 -0.1382927200590694E+000  0.5628784312268299E-001
 0.5875000000000000E+000  0.8847013800000000E+000 -0.5827230037505696E+000  0.5135941486687949E+000  0.5587290274822375E+000 -0.1338807773383091E+000  0.4942745687296937E-001
 0.6025000000000000E+000  0.8847013800000000E+000 -0.5509870658875715E+000  0.4878113513570236E+000  0.5298621326768717E+000 -0.1291470376676272E+000  0.4324707356254101E-001
 0.6172222200000000E+000  0.8847013800000000E+000 -0.5208474697019519E+000  0.4631851997547980E+000  0.5022355249057664E+000 -0.1241437931120020E+000  0.3769188736768046E-001
 0.6316666700000000E+000  0.8847013800000000E+000 -0.4922159097144457E+000  0.4396569880533103E+000  0.4758081879246303E+000 -0.1189222592042018E+000  0.3271109943905466E-001
 0.6458333300000000E+000  0.8847013800000000E+000 -0.4650100153383747E+000  0.4171713990266654E+000  0.4505383495377819E+000 -0.1135320617966599E+000  0.2825768783311795E-001
 0.6597222200000000E+000  0.8847013800000000E+000 -0.4391527311198601E+000  0.3956763107465190E+000  0.4263838533114631E+000 -0.1080207497643925E+000  0.2428810408475951E-001
 0.6733333300000000E+000  0.8847013800000000E+000 -0.4145720106934399E+000  0.3751227877024808E+000  0.4033026790201321E+000 -0.1024334297108228E+000  0.2076200350257122E-001
 0.6866666700000000E+000  0.8847013800000000E+000 -0.3912003234263810E+000  0.3554648575990926E+000  0.3812531673804976E+000 -0.9681242672239709E-001  0.1764194079069450E-001
 0.6997222200000000E+000  0.8847013800000000E+000 -0.3689743871522569E+000  0.3366594292398437E+000  0.3601943521871480E+000 -0.9119705600626442E-001  0.1489310626501067E-001
 0.7125000000000000E+000  0.8847013800000000E+000 -0.3478347296757487E+000  0.3186660292292275E+000  0.3400860423602250E+000 -0.8562341249859634E-001  0.1248305322622696E-001
 0.7250000000000000E+000  0.8847013800000000E+000 -0.3277255274427757E+000  0.3014467438266988E+000  0.3208890909833868E+000 -0.8012428447223294E-001  0.1038147960763273E-001
 0.7372222200000000E+000  0.8847013800000000E+000 -0.3085942862039933E+000  0.2849660056838046E+000  0.3025654514224895E+000 -0.7472907935764087E-001  0.8560011053058965E-002
 0.7491666700000000E+000  0.8847013800000000E+000 -0.2903916192850969E+000  0.2691904465770261E+000  0.2850782720348395E+000 -0.6946381984935879E-001  0.6992020272563483E-002
 0.7608333300000000E+000  0.8847013800000000E+000 -0.2730711070995604E+000  0.2540888089099153E+000  0.2683920236830953E+000 -0.6435120456114064E-001  0.5652477744415013E-002
 0.7722222200000000E+000  0.8847013800000000E+000 -0.2565890099246150E+000  0.2396317211102139E+000  0.2524724475707539E+000 -0.5941066033540391E-001  0.4517816020507576E-002
 0.7833333300000000E+000  0.8847013800000000E+000 -0.2409042077933996E+000  0.2257916644203004E+000  0.2372866888435056E+000 -0.5465848945057976E-001  0.3565838551099224E-002
 0.7941666700000000E+000  0.8847013800000000E+000 -0.2259779761050592E+000  0.2125427924159422E+000  0.2228032441141395E+000 -0.5010799127607418E-001  0.2775641418847698E-002
 0.8047222200000000E+000  0.8847013800000000E+000 -0.2117739163060726E+000  0.1998608842069044E+000  0.2089920351010387E+000 -0.4576964761977693E-001  0.2127570319310475E-002
 0.8149999999999999E+000  0.8847013800000000E+000 -0.1982577313085569E+000  0.1877231581226258E+000  0.1958243112442803E+000 -0.4165127303882314E-001  0.1603193007845556E-002
 0.8250000000000000E+000  0.8847013800000000E+000 -0.1853972003599570E+000  0.1761082619241231E+000  0.1832727285384498E+000 -0.3775823358614533E-001  0.1185303188282494E-002
 0.8347222200000000E+000  0.8847013800000000E+000 -0.1731620125004871E+000  0.1649961364352081E+000  0.1713112758724929E+000 -0.3409362593811094E-001  0.8579360764099869E-003
 0.8441666700000000E+000  0.8847013800000000E+000 -0.1615236624198448E+000  0.1543679342368781E+000  0.1599152489020565E+000 -0.3065847584847477E-001  0.6064014260267793E-003
 0.8533333300000000E+000  0.8847013800000000E+000 -0.1504554001075598E+000  0.1442059876815542E+000  0.1490612654617970E+000 -0.2745194952249720E-001  0.4173259610973984E-003
 0.8622222200000000E+000  0.8847013800000000E+000 -0.1399320515031364E+000  0.1344936588025102E+000  0.1387271448878253E+000 -0.2447152204509684E-001  0.2786950215280377E-003
 0.8708333300000000E+000  0.8847013800000000E+000 -0.1299300151813989E+000  0.1252153503889389E+000  0.1288919514926663E+000 -0.2171319034632868E-001  0.1798913603131638E-003
 0.8791666700000000E+000  0.8847013800000000E+000 -0.1204271189877158E+000  0.1163563885372797E+000  0.1195358935813614E+000 -0.1917163731892386E-001  0.1117163955675159E-003
 0.8872222200000000E+000  0.8847013800000000E+000 -0.1114025987448117E+000  0.1079030181702719E+000  0.1106403363476200E+000 -0.1684042063673397E-001  0.6638902204093928E-004
 0.8950000000000000E+000  0.8847013800000000E+000 -0.1028369444529251E+000  0.9984227513655347E-001  0.1021876792168086E+000 -0.1471211620731944E-001  0.3751155801491205E-004
 0.9025000000000000E+000  0.8847013800000000E+000 -0.9471190892638280E-001  0.9216201021850774E-001  0.9416138894548866E-001 -0.1277849392426634E-001  0.1999921678985409E-004
 0.9097222200000000E+000  0.8847013800000000E+000 -0.8701039650229853E-001  0.8485080110610478E-001  0.8654591101064299E-001 -0.1103065146116569E-001  0.9969542504142543E-005
 0.9166666700000000E+000  0.8847013800000000E+000 -0.7971640142188714E-001  0.7789791075483339E-001  0.7932662696310055E-001 -0.9459150890749061E-002  0.4595892200342427E-005
 0.9233333300000000E+000  0.8847013800000000E+000 -0.7281499080660220E-001  0.7129328854314979E-001  0.7248985353521181E-001 -0.8054153744647387E-002  0.1933246206621267E-005
 0.9297222200000000E+000  0.8847013800000000E+000 -0.6629217609094058E-001  0.6502746490854962E-001  0.6602272926347837E-001 -0.6805522213671925E-002  0.7299718608198756E-006
 0.9358333300000000E+000  0.8847013800000000E+000 -0.6013493373490063E-001  0.5909158840908131E-001  0.5991324719029817E-001 -0.5702941660236984E-002  0.2424506528948050E-006
 0.9416666700000000E+000  0.8847013800000000E+000 -0.5433110480480441E-001  0.5347734661913645E-001  0.5415016608648172E-001 -0.4736008873703353E-002  0.6906266179960480E-007
 0.9472222200000000E+000  0.8847013800000000E+000 -0.4886939909754383E-001  0.4817698721797577E-001  0.4872302406828500E-001 -0.3894330585892717E-002  0.1634149939587363E-007
 0.9525000000000000E+000  0.8847013800000000E+000 -0.4373928271211422E-001  0.4318322586154937E-001  0.4362203535947925E-001 -0.3167593936934365E-002  0.3083836239086248E-008
 0.9575000000000000E+000  0.8847013800000000E+000 -0.3893100685913432E-001  0.3848929032397423E-001  0.3883812636307960E-001 -0.2545651467657594E-002  0.4407231949045559E-009
 0.9622222200000000E+000  0.8847013800000000E+000 -0.3443553079550466E-001  0.3408886134910603E-001  0.3436286568524924E-001 -0.2018581763948673E-002  0.4484236415472411E-010
 0.9666666700000000E+000  0.8847013800000000E+000 -0.3024448726341414E-001  0.2997605388851872E-001  0.3018843559739797E-001 -0.1576750241390622E-002  0.3110875371122818E-011
 0.9708333300000000E+000  0.8847013800000000E+000 -0.2635018753091865E-001  0.2614543658003600E-001  0.2630764229737571E-001 -0.1210866910794783E-002  0.1690933154949920E-012
 0.9747222200000000E+000  0.8847013800000000E+000 -0.2274552539570335E-001  0.2259195118054129E-001  0.2271382491501598E-001 -0.9120278822792016E-003  0.1101797126113587E-013
 0.9783333300000000E+000  0.8847013800000000E+000 -0.1942401492499871E-001  0.1931096254520198E-001  0.1940089722078045E-001 -0.6717646857696891E-003  0.6533784589079180E-015
 0.9816666700000000E+000  0.8847013800000000E+000 -0.1637971822796064E-001  0.1629819957516466E-001  0.1636327927229483E-001 -0.4820781687927334E-003  0.1889863109017081E-016
 0.9847222200000000E+000  0.8847013800000000E+000 -0.1360726779205431E-001  0.1354978855869322E-001  0.1359592292599231E-001 -0.3354752111682879E-003  0.5298304821019215E-020
 0.9875000000000000E+000  0.8847013800000000E+000 -0.1110178127188341E-001  0.1106217916291926E-001  0.1109422965229092E-001 -0.2249945205689776E-003  0.7126742929729628E-018
 0.9900000000000000E+000  0.8847013800000000E+000 -0.8858905738801616E-002  0.8832197703061755E-002  0.8854097200894879E-002 -0.1442360712539160E-003 -0.9783955464814995E-018
 0.9922222200000000E+000  0.8847013800000000E+000 -0.6874763882342940E-002  0.6857002301732322E-002  0.6871868091460502E-002 -0.8738159696014644E-004  0.9024844862814017E-018
 0.9941666700000000E+000  0.8847013800000000E+000 -0.5145938688972672E-002  0.5134075735055108E-002  0.5144316206426343E-002 -0.4921436109206398E-004 -0.1887578022144988E-018
 0.9958333300000000E+000  0.8847013800000000E+000 -0.3669495271488847E-002  0.3661252403086077E-002  0.3668670254297671E-002 -0.2513648366234633E-004 -0.1562665461710192E-017
 0.9972222200000000E+000  0.8847013800000000E+000 -0.2442906829109511E-002  0.2436711009445127E-002  0.2442541180547118E-002 -0.1118172641156239E-004  0.2686092835171112E-017
 0.9983333300000000E+000  0.8847013800000000E+000 -0.1464106624664578E-002  0.1458841791538698E-002  0.1463975285170019E-002 -0.4028283992372915E-005 -0.1758760179913181E-017
 0.9991666700000000E+000  0.8847013800000000E+000 -0.7314353643249035E-003  0.7274606832762272E-003  0.7314025848657705E-003 -0.1007591707270439E-005 -0.3579185142693305E-017
 0.9997222200000000E+000  0.8847013800000000E+000 -0.2436785525791724E-003  0.2411458236101066E-003  0.2436749143967137E-003 -0.1119966760532835E-006  0.7518403089888307E-019
 0.1000000000000000E+001  0.8847013800000000E+000  0.6507460797724244E-028  0.6396627015549382E-027  0.4393977161509846E-027 -0.1756257615324268E-040 -0.1346136284248211E-039

 0.0000000000000000E+000  0.9533108700000000E+000 -0.1938964169326371E+001  0.1540721078370480E+001  0.1545611459311867E+001 -0.6792412197764048E-002  0.1230428873435596E-001
 0.2777777800000000E-003  0.9533108700000000E+000 -0.1938956241255581E+001  0.1540717182609277E+001  0.1545603442948690E+001 -0.6792104419805033E-002  0.1231372657030338E-001
 0.8333333300000000E-003  0.9533108700000000E+000 -0.1938893162876031E+001  0.1540686137309928E+001  0.1545539657444764E+001 -0.6789721473241339E-002  0.1238919104172432E-001
 0.1666666700000000E-002  0.9533108700000000E+000 -0.1938685361080851E+001  0.1540583231396135E+001  0.1545329465360831E+001 -0.6782706518670360E-002  0.1264269204562806E-001
 0.2777777800000000E-002  0.9533108700000000E+000 -0.1938223141394915E+001  0.1540350757939414E+001  0.1544861569654286E+001 -0.6771984849212842E-002  0.1323505580151791E-001
 0.4166666700000000E-002  0.9533108700000000E+000 -0.1937428115162031E+001  0.1539938471161003E+001  0.1544055432871186E+001 -0.6771437667872815E-002  0.1435749168795656E-001
 0.5833333300000000E-002  0.9533108700000000E+000 -0.1936314838557919E+001  0.1539331034036189E+001  0.1542922883921397E+001 -0.6817891391582950E-002  0.1619919098389165E-001
 0.7777777800000000E-002  0.9533108700000000E+000 -0.1935005183506322E+001  0.1538561583031077E+001  0.1541582397333040E+001 -0.6969160997866435E-002  0.1891066177199981E-001
 0.1000000000000000E-001  0.9533108700000000E+000 -0.1933667242694803E+001  0.1537695208690509E+001  0.1540197849642959E+001 -0.7285227712382819E-002  0.2258116763433743E-001
 0.1250000000000000E-001  0.9533108700000000E+000 -0.1932434590957870E+001  0.1536796041693895E+001  0.1538897652997557E+001 -0.7807295077683087E-002  0.2724038545158880E-001
 0.1527777800000000E-001  0.9533108700000000E+000 -0.1931371918363599E+001  0.1535904847876273E+001  0.1537740365580790E+001 -0.8551096285242228E-002  0.3287685743398137E-001
 0.1833333300000000E-001  0.9533108700000000E+000 -0.1930487749192812E+001  0.1535035744708743E+001  0.1536727502524009E+001 -0.9513566985157455E-002  0.3945883398021865E-001
 0.2166666700000000E-001  0.9533108700000000E+000 -0.1929760970154846E+001  0.1534183462053318E+001  0.1535830227191781E+001 -0.1068284322967910E-001  0.4694894574903811E-001
 0.2527777800000000E-001  0.9533108700000000E+000 -0.1929160528004202E+001  0.1533331786554331E+001  0.1535009249347941E+001 -0.1204535040966553E-001  0.5531160638056414E-001
 0.2916666700000000E-001  0.9533108700000000E+000 -0.1928655168423878E+001  0.1532459349909540E+001  0.1534224797289721E+001 -0.1358920169386207E-001  0.6451544297030673E-001
 0.3333333300000000E-001  0.9533108700000000E+000 -0.1928216611283243E+001  0.1531542615732770E+001  0.1533440078127979E+001 -0.1530520808154730E-001  0.7453305349663024E-001
 0.3777777800000000E-001  0.9533108700000000E+000 -0.1927819522433476E+001  0.1530556989011309E+001  0.1532621611893365E+001 -0.1718677915276082E-001  0.8533964253414003E-001
 0.4250000000000000E-001  0.9533108700000000E+000 -0.1927440207263619E+001  0.1529476891845546E+001  0.1531738396285531E+001 -0.1922944097939429E-001  0.9691122982275245E-001
 0.4750000000000000E-001  0.9533108700000000E+000 -0.1927054867358502E+001  0.1528275312740507E+001  0.1530760773009590E+001 -0.2143030972074430E-001  0.1092227929730093E+000
 0.5277777800000000E-001  0.9533108700000000E+000 -0.1926637706364292E+001  0.1526923095392910E+001  0.1529659318212644E+001 -0.2378762418581854E-001  0.1222463625471728E+000
 0.5833333300000000E-001  0.9533108700000000E+000 -0.1926158924218030E+001  0.1525388077548531E+001  0.1528403831533803E+001 -0.2630036548115040E-001  0.1359490906624012E+000
 0.6416666700000000E-001  0.9533108700000000E+000 -0.1925582549751925E+001  0.1523634119912921E+001  0.1526962411803356E+001 -0.2896795331783840E-001  0.1502912452842672E+000
 0.7027777800000000E-001  0.9533108700000000E+000 -0.1924864038361280E+001  0.1521620038003073E+001  0.1525300585799867E+001 -0.3178999377111109E-001  0.1652240403972216E+000
 0.7666666699999999E-001  0.9533108700000000E+000 -0.1923947562081912E+001  0.1519298429308937E+001  0.1523380445682659E+001 -0.3476607263204567E-001  0.1806873204897322E+000
 0.8333333300000000E-001  0.9533108700000000E+000 -0.1922762945248134E+001  0.1516614407437328E+001  0.1521159769987334E+001 -0.3789556885117774E-001  0.1966070123486233E+000
 0.9027777800000000E-001  0.9533108700000000E+000 -0.1921222230983783E+001  0.1513504254502175E+001  0.1518591101364750E+001 -0.4117748823781408E-001  0.2128924062661748E+000
 0.9750000000000000E-001  0.9533108700000000E+000 -0.1919215928685716E+001  0.1509894042513892E+001  0.1515620780273256E+001 -0.4461030037888199E-001  0.2294332689820810E+000
 0.1050000000000000E+000  0.9533108700000000E+000 -0.1916609071963190E+001  0.1505698289476586E+001  0.1512187934936668E+001 -0.4819178682770771E-001  0.2460969717304347E+000
 0.1127777800000000E+000  0.9533108700000000E+000 -0.1913237350729131E+001  0.1500818781363720E+001  0.1508223467205735E+001 -0.5191888769806462E-001  0.2627257907662155E+000
 0.1208333300000000E+000  0.9533108700000000E+000 -0.1908903749796950E+001  0.1495143742830876E+001  0.1503649100418508E+001 -0.5578754529508848E-001  0.2791347091865198E+000
 0.1291666700000000E+000  0.9533108700000000E+000 -0.1903376287346227E+001  0.1488547548644490E+001  0.1498376551145223E+001 -0.5979257770803197E-001  0.2951103168856949E+000
 0.1377777800000000E+000  0.9533108700000000E+000 -0.1896387796465557E+001  0.1480891395858905E+001  0.1492307068275500E+001 -0.6392750448680602E-001  0.3104110745672939E+000
 0.1466666700000000E+000  0.9533108700000000E+000 -0.1887638634363622E+001  0.1472025090350457E+001  0.1485331385542580E+001 -0.6818444855730242E-001  0.3247701508687744E+000
 0.1558333300000000E+000  0.9533108700000000E+000 -0.1876803580929305E+001  0.1461790483240519E+001  0.1477330485452502E+001 -0.7255399294572237E-001  0.3379010520839631E+000
 0.1652777800000000E+000  0.9533108700000000E+000 -0.1863543678673476E+001  0.1450026620184904E+001  0.1468177277830557E+001 -0.7702510103707175E-001  0.3495070219474525E+000
 0.1750000000000000E+000  0.9533108700000000E+000 -0.1847523657987797E+001  0.1436576903291933E+001  0.1457739599777253E+001 -0.8158499805125548E-001  0.3592940848181964E+000
 0.1850000000000000E+000  0.9533108700000000E+000 -0.1828434104935195E+001  0.1421297735697217E+001  0.1445884429877750E+001 -0.8621913906091463E-001  0.3669876707456846E+000
 0.1952777800000000E+000  0.9533108700000000E+000 -0.1806016927430112E+001  0.1404068331053602E+001  0.1432483495107165E+001 -0.9091114544594203E-001  0.3723512471510039E+000
 0.2058333300000000E+000  0.9533108700000000E+000 -0.1780090855420304E+001  0.1384800506191114E+001  0.1417419831831433E+001 -0.9564278085779521E-001  0.3752050672333929E+000
 0.2166666700000000E+000  0.9533108700000000E+000 -0.1750572917251950E+001  0.1363447131771108E+001  0.1400594694365742E+001 -0.1003939636711916E+000  0.3754422849709233E+000
 0.2277777800000000E+000  0.9533108700000000E+000 -0.1717492267586905E+001  0.1340008212154424E+001  0.1381934248084421E+001 -0.1051427474856734E+000  0.3730397039756700E+000
 0.2391666700000000E+000  0.9533108700000000E+000 -0.1680992798120076E+001  0.1314533093348369E+001  0.1361394816694845E+001 -0.1098653782698519E+000  0.3680611676279984E+000
 0.2508333300000000E+000  0.9533108700000000E+000 -0.1641324331481807E+001  0.1287118841414997E+001  0.1338966338991688E+001 -0.1145363106912315E+000  0.3606528234623266E+000
 0.2627777800000000E+000  0.9533108700000000E+000 -0.1598823260605018E+001  0.1257904586880621E+001  0.1314673236803546E+001 -0.1191282751420388E+000  0.3510310305090020E+000
 0.2750000000000000E+000  0.9533108700000000E+000 -0.1553886777046819E+001  0.1227063213554035E+001  0.1288573060466344E+001 -0.1236123033364015E+000  0.3394651121830877E+000
 0.2875000000000000E+000  0.9533108700000000E+000 -0.1506944141855219E+001  0.1194791045951535E+001  0.1260752752863632E+001 -0.1279578145733390E+000  0.3262575700979047E+000
 0.3002777800000000E+000  0.9533108700000000E+000 -0.1458429967435245E+001  0.1161297476801229E+001  0.1231323647131456E+001 -0.1321326664619930E+000  0.3117246980497285E+000
 0.3133333300000000E+000  0.9533108700000000E+000 -0.1408761966298021E+001  0.1126795306586715E+001  0.1200415626393786E+001 -0.1361032339555560E+000  0.2961796329286902E+000
 0.3266666700000000E+000  0.9533108700000000E+000 -0.1358324665106309E+001  0.1091492545188537E+001  0.1168171099412699E+001 -0.1398345182558456E+000  0.2799190748565249E+000
 0.3402777800000000E+000  0.9533108700000000E+000 -0.1307459832812608E+001  0.1055586438492825E+001  0.1134739681345329E+001 -0.1432902514158715E+000  0.2632142531385495E+000
 0.3541666700000000E+000  0.9533108700000000E+000 -0.1256461908763902E+001  0.1019259084889603E+001  0.1100273319139966E+001 -0.1464330808956763E+000  0.2463055688512217E+000
 0.3683333300000000E+000  0.9533108700000000E+000 -0.1205578170070495E+001  0.9826751254726334E+000  0.1064922641391639E+001 -0.1492247709654772E+000  0.2294005715551661E+000
 0.3827777800000000E+000  0.9533108700000000E+000 -0.1155011473953188E+001  0.9459806071725694E+000  0.1028834011173487E+001 -0.1516264891520515E+000  0.2126742040282012E+000
 0.3975000000000000E+000  0.9533108700000000E+000 -0.1104925171916282E+001  0.9093032335532809E+000  0.9921477442019520E+000 -0.1535991403812505E+000  0.1962708018074827E+000
 0.4125000000000000E+000  0.9533108700000000E+000 -0.1055448322440284E+001  0.8727530037055757E+000  0.9549967116410721E+000 -0.1551038063383166E+000  0.1803068841389683E+000
 0.4277777800000000E+000  0.9533108700000000E+000 -0.1006681414577332E+001  0.8364235996623909E+000  0.9175058016244723E+000 -0.1561022519091923E+000  0.1648745255218571E+000
 0.4433333300000000E+000  0.9533108700000000E+000 -0.9587016378258810E+000  0.8003939192625920E+000  0.8797917178168659E+000 -0.1565575311509616E+000  0.1500447742796001E+000
 0.4591666700000000E+000  0.9533108700000000E+000 -0.9115674865550656E+000  0.7647296118653140E+000  0.8419629906337722E+000 -0.1564346848051206E+000  0.1358709021318864E+000
 0.4752777800000000E+000  0.9533108700000000E+000 -0.8653230455475466E+000  0.7294848506115004E+000  0.8041204544530672E+000 -0.1557015266126166E+000  0.1223914885949130E+000
 0.4916666700000000E+000  0.9533108700000000E+000 -0.8200011788205971E+000  0.6947037001658312E+000  0.7663575026184994E+000 -0.1543295163166807E+000  0.1096330424237006E+000
 0.5083333300000000E+000  0.9533108700000000E+000 -0.7756264378984642E+000  0.6604216306385883E+000  0.7287606782138838E+000 -0.1522947088210523E+000  0.9761237689351489E-001
 0.5247222200000000E+000  0.9533108700000000E+000 -0.7336138373534440E+000  0.6277561593537265E+000  0.6926203656347020E+000 -0.1496779630210346E+000  0.8669348931727761E-001
 0.5408333300000000E+000  0.9533108700000000E+000 -0.6938206843636614E+000  0.5966265823845837E+000  0.6579215452025315E+000 -0.1465277229123102E+000  0.7679315113765887E-001
 0.5566666700000000E+000  0.9533108700000000E+000 -0.6561134943510457E+000  0.5669536240482096E+000  0.6246401409726818E+000 -0.1428947511759742E+000  0.6783181584458405E-001
 0.5722222200000000E+000  0.9533108700000000E+000 -0.6203680816456764E+000  0.5386607061101084E+000  0.5927455042404962E+000 -0.1388314033677011E+000  0.5973456849642723E-001
 0.5875000000000000E+000  0.9533108700000000E+000 -0.5864689990198837E+000  0.5116745144644029E+000  0.5622020894293634E+000 -0.1343908865273163E+000  0.5243147287106182E-001
 0.6025000000000000E+000  0.9533108700000000E+000 -0.5543091265855731E+000  0.4859255000316169E+000  0.5329710009209875E+000 -0.1296265794825090E+000  0.4585765972130165E-001
 0.6172222200000000E+000  0.9533108700000000E+000 -0.5237889383947025E+000  0.4613479599378657E+000  0.5050109950933334E+000 -0.1245913667376033E+000  0.3995315271606118E-001
 0.6316666700000000E+000  0.9533108700000000E+000 -0.4948158630670756E+000  0.4378800505595490E+000  0.4782793265605993E+000 -0.1193370341781574E+000  0.3466260030344967E-001
 0.6458333300000000E+000  0.9533108700000000E+000 -0.4673037529663434E+000  0.4154637699567456E+000  0.4527324819187803E+000 -0.1139137429758947E+000  0.2993495887241649E-001
 0.6597222200000000E+000  0.9533108700000000E+000 -0.4411721846504195E+000  0.3940447055869763E+000  0.4283265708091144E+000 -0.1083695315080099E+000  0.2572311196181849E-001
 0.6733333300000000E+000  0.9533108700000000E+000 -0.4163460915234107E+000  0.3735719731046933E+000  0.4050178638871317E+000 -0.1027499421983896E+000  0.2198353671166594E-001
 0.6866666700000000E+000  0.9533108700000000E+000 -0.3927552190399723E+000  0.3539979480877158E+000  0.3827630293079549E+000 -0.9709767675446680E-001  0.1867594277970703E-001
 0.6997222200000000E+000  0.9533108700000000E+000 -0.3703338179164799E+000  0.3352781442517707E+000  0.3615194757687147E+000 -0.9145236504199493E-001  0.1576296181794271E-001
 0.7125000000000000E+000  0.9533108700000000E+000 -0.3490201720817851E+000  0.3173709164755841E+000  0.3412454415655404E+000 -0.8585035396421956E-001  0.1320983360750345E-001
 0.7250000000000000E+000  0.9533108700000000E+000 -0.3287564122478738E+000  0.3002373726534448E+000  0.3219002710338405E+000 -0.8032462269220543E-001  0.1098415456706792E-001
 0.7372222200000000E+000  0.9533108700000000E+000 -0.3094881746598966E+000  0.2838411351090930E+000  0.3034444750496086E+000 -0.7490471154631410E-001  0.9055631661215641E-002
 0.7491666700000000E+000  0.9533108700000000E+000 -0.2911643619113258E+000  0.2681481711717003E+000  0.2858398295167834E+000 -0.6961672259354898E-001  0.7395877866516481E-002
 0.7608333300000000E+000  0.9533108700000000E+000 -0.2737369882540128E+000  0.2531266851847043E+000  0.2690495058934601E+000 -0.6448338583640680E-001  0.5978243334896174E-002
 0.7722222200000000E+000  0.9533108700000000E+000 -0.2571608793307668E+000  0.2387468776972053E+000  0.2530380200103927E+000 -0.5952411748036245E-001  0.4777662977847593E-002
 0.7833333300000000E+000  0.9533108700000000E+000 -0.2413936020904008E+000  0.2249808972505704E+000  0.2377713670881025E+000 -0.5475517367323816E-001  0.3770552793102993E-002
 0.7941666700000000E+000  0.9533108700000000E+000 -0.2263952306306279E+000  0.2118026475695622E+000  0.2232169688139379E+000 -0.5018977852308667E-001  0.2934721157062347E-002
 0.8047222200000000E+000  0.9533108700000000E+000 -0.2121282689171114E+000  0.1991877293527000E+000  0.2093437466052820E+000 -0.4583831578251053E-001  0.2249318464001310E-002
 0.8149999999999999E+000  0.9533108700000000E+000 -0.1985574182232079E+000  0.1871132446837143E+000  0.1961220224408813E+000 -0.4170848496750708E-001  0.1694803979672372E-002
 0.8250000000000000E+000  0.9533108700000000E+000 -0.1856495455278922E+000  0.1755577782287980E+000  0.1835235962401388E+000 -0.3780552559788287E-001  0.1252946642497045E-002
 0.8347222200000000E+000  0.9533108700000000E+000 -0.1733735103278310E+000  0.1645012535519779E+000  0.1715216696209093E+000 -0.3413240108958098E-001  0.9068387744644763E-003
 0.8441666700000000E+000  0.9533108700000000E+000 -0.1617000545446683E+000  0.1539248450834622E+000  0.1600908170768035E+000 -0.3069000139059905E-001  0.6409287199616273E-003
 0.8533333300000000E+000  0.9533108700000000E+000 -0.1506017467081134E+000  0.1438109399438710E+000  0.1492069985044760E+000 -0.2747735790266956E-001  0.4410638104290649E-003
 0.8622222200000000E+000  0.9533108700000000E+000 -0.1400527970739489E+000  0.1341429829078643E+000  0.1388474350198917E+000 -0.2449181472701508E-001  0.2945328153210553E-003
 0.8708333300000000E+000  0.9533108700000000E+000 -0.1300290495691495E+000  0.1249054823576193E+000  0.1289906492531327E+000 -0.2172924392919343E-001  0.1901056490218854E-003
 0.8791666700000000E+000  0.9533108700000000E+000 -0.1205078335750488E+000  0.1160838888563729E+000  0.1196163606983000E+000 -0.1918421130291650E-001  0.1180547596510764E-003
 0.8872222200000000E+000  0.9533108700000000E+000 -0.1114679383277616E+000  0.1076645866710680E+000  0.1107054951854699E+000 -0.1685016637380963E-001  0.7015299571529292E-004
 0.8950000000000000E+000  0.9533108700000000E+000 -0.1028894548052871E+000  0.9963476284144107E-001  0.1022400585581143E+000 -0.1471958653439029E-001  0.3963690953201175E-004
 0.9025000000000000E+000  0.9533108700000000E+000 -0.9475378058761273E-001  0.9198242794116963E-001  0.9420316646297482E-001 -0.1278415314606335E-001  0.2113166218097945E-004
 0.9097222200000000E+000  0.9533108700000000E+000 -0.8704350480761190E-001  0.8469632564084603E-001  0.8657895231719111E-001 -0.1103488532057905E-001  0.1053375083287980E-004
 0.9166666700000000E+000  0.9533108700000000E+000 -0.7974234309201332E-001  0.7776588880153840E-001  0.7935252146227213E-001 -0.9462276284762927E-002  0.4855856513232337E-005
 0.9233333300000000E+000  0.9533108700000000E+000 -0.7283511734227351E-001  0.7118123855263436E-001  0.7250994725151846E-001 -0.8056427988639684E-002  0.2042548379134485E-005
 0.9297222200000000E+000  0.9533108700000000E+000 -0.6630762407025793E-001  0.6493307746313529E-001  0.6603815470542117E-001 -0.6807151689530446E-002  0.7712254883395766E-006
 0.9358333300000000E+000  0.9533108700000000E+000 -0.6014665234230368E-001  0.5901272493898761E-001  0.5992495054301274E-001 -0.5704089766891476E-002  0.2561471390452583E-006
 0.9416666700000000E+000  0.9533108700000000E+000 -0.5433988067128424E-001  0.5341203702159965E-001  0.5415893179140403E-001 -0.4736803203316398E-002  0.7296273852943784E-007
 0.9472222200000000E+000  0.9533108700000000E+000 -0.4887587869785619E-001  0.4812342629285654E-001  0.4872949701880555E-001 -0.3894869308371328E-002  0.1726402650202889E-007
 0.9525000000000000E+000  0.9533108700000000E+000 -0.4374399242530184E-001  0.4313976899827594E-001  0.4362674080627642E-001 -0.3167951386582694E-002  0.3257876194022648E-008
 0.9575000000000000E+000  0.9533108700000000E+000 -0.3893437091664172E-001  0.3845444826346574E-001  0.3884148774334762E-001 -0.2545882963440449E-002  0.4655893384127383E-009
 0.9622222200000000E+000  0.9533108700000000E+000 -0.3443788722094756E-001  0.3406129437615859E-001  0.3436522047207893E-001 -0.2018727699250925E-002  0.4737188437673091E-010
 0.9666666700000000E+000  0.9533108700000000E+000 -0.3024610196998865E-001  0.2995456545844057E-001  0.3019004932900423E-001 -0.1576839499828663E-002  0.3286341440510499E-011
 0.9708333300000000E+000  0.9533108700000000E+000 -0.2635126671858136E-001  0.2612896642171393E-001  0.2630872092333615E-001 -0.1210919670889689E-002  0.1786323955875935E-012
 0.9747222200000000E+000  0.9533108700000000E+000 -0.2274622636403213E-001  0.2257956809422820E-001  0.2271452557150696E-001 -0.9120578774860902E-003  0.1163963516355129E-013
 0.9783333300000000E+000  0.9533108700000000E+000 -0.1942445544939083E-001  0.1930185677833716E-001  0.1940133757933585E-001 -0.6717809909863444E-003  0.6903083896345903E-015
 0.9816666700000000E+000  0.9533108700000000E+000 -0.1637998460476435E-001  0.1629167497559009E-001  0.1636354556524233E-001 -0.4820865811476027E-003  0.1965159519993780E-016
 0.9847222200000000E+000  0.9533108700000000E+000 -0.1360742167813638E-001  0.1354525445247073E-001  0.1359607677213676E-001 -0.3354792918041229E-003  0.6719782173104417E-018
 0.9875000000000000E+000  0.9533108700000000E+000 -0.1110186542351400E-001  0.1105914208985790E-001  0.1109431378622607E-001 -0.2249963588382747E-003 -0.3912011875265385E-018
 0.9900000000000000E+000  0.9533108700000000E+000 -0.8858948763152548E-002  0.8830252943888815E-002  0.8854140218071091E-002 -0.1442368277476353E-003  0.5614893771130447E-018
 0.9922222200000000E+000  0.9533108700000000E+000 -0.6874784100020726E-002  0.6855825301269485E-002  0.6871888306536262E-002 -0.8738187494677085E-004 -0.3372696235242109E-018
 0.9941666700000000E+000  0.9533108700000000E+000 -0.5145947208828926E-002  0.5133413413638638E-002  0.5144324725465762E-002 -0.4921444936512043E-004  0.1400405833945220E-018
 0.9958333300000000E+000  0.9533108700000000E+000 -0.3669498373453097E-002  0.3660914371784236E-002  0.3668673356050717E-002 -0.2513650671113945E-004  0.1179383839608133E-017
 0.9972222200000000E+000  0.9533108700000000E+000 -0.2442907747481245E-002  0.2436560732799725E-002  0.2442542098877361E-002 -0.1118173097598325E-004 -0.6126682784073468E-018
 0.9983333300000000E+000  0.9533108700000000E+000 -0.1464106822907685E-002  0.1458787680303632E-002  0.1463975483407772E-002 -0.4028284585120975E-005  0.1605909708851993E-017
 0.9991666700000000E+000  0.9533108700000000E+000 -0.7314353890930469E-003  0.7274471534877801E-003  0.7314026096335789E-003 -0.1007591744371927E-005  0.1381000998635637E-017
 0.9997222200000000E+000  0.9533108700000000E+000 -0.2436785534962533E-003  0.2411443201049476E-003  0.2436749153137894E-003 -0.1119966765118475E-006 -0.1415466584324364E-017
 0.1000000000000000E+001  0.9533108700000000E+000 -0.3828771059573668E-027  0.2152741929994124E-028  0.3557990282018157E-027 -0.2044975141546238E-039  0.4297550255275653E-040

 0.0000000000000000E+000  0.1018309300000000E+001 -0.1939189469667294E+001  0.1540495778739266E+001  0.1545827237193614E+001 -0.6792412197764048E-002  0.1284594660506834E-001
 0.2777777800000000E-003  0.1018309300000000E+001 -0.1939181341965243E+001  0.1540492036087212E+001  0.1545819001675334E+001 -0.6792104755990180E-002  0.1285580027572113E-001
 0.8333333300000000E-003  0.1018309300000000E+001 -0.1939116680412099E+001  0.1540462208945897E+001  0.1545753476344613E+001 -0.6789724443892367E-002  0.1293458977117028E-001
 0.1666666700000000E-002  0.1018309300000000E+001 -0.1938903732496682E+001  0.1540363316675672E+001  0.1545537604864911E+001 -0.6782717691568565E-002  0.1319926062547847E-001
 0.2777777800000000E-002  0.1018309300000000E+001 -0.1938430465627918E+001  0.1540139776005651E+001  0.1545057373530782E+001 -0.6772011713123981E-002  0.1381772776353340E-001
 0.4166666700000000E-002  0.1018309300000000E+001 -0.1937617852339285E+001  0.1539742875905601E+001  0.1544231045594755E+001 -0.6771483680506172E-002  0.1498963530934225E-001
 0.5833333300000000E-002  0.1018309300000000E+001 -0.1936483503503291E+001  0.1539157060918799E+001  0.1543072689561941E+001 -0.6817949093072208E-002  0.1691253847645543E-001
 0.7777777800000000E-002  0.1018309300000000E+001 -0.1935155976122524E+001  0.1538413286938743E+001  0.1541706312848250E+001 -0.6969213569035498E-002  0.1974364092824297E-001
 0.1000000000000000E-001  0.1018309300000000E+001 -0.1933811011283560E+001  0.1537573818834159E+001  0.1540301896308446E+001 -0.7285260051270310E-002  0.2357626450922480E-001
 0.1250000000000000E-001  0.1018309300000000E+001 -0.1932588181646368E+001  0.1536701032428756E+001  0.1538991907080912E+001 -0.7807303125740010E-002  0.2844161109639623E-001
 0.1527777800000000E-001  0.1018309300000000E+001 -0.1931556131893910E+001  0.1535835727740795E+001  0.1537836541863763E+001 -0.8551088333669354E-002  0.3432806339237279E-001
 0.1833333300000000E-001  0.1018309300000000E+001 -0.1930726400168748E+001  0.1534993515322127E+001  0.1536837668493538E+001 -0.9513561228959858E-002  0.4120298635099147E-001
 0.2166666700000000E-001  0.1018309300000000E+001 -0.1930081047444826E+001  0.1534171431191433E+001  0.1535966631782900E+001 -0.1068286653703325E-001  0.4902809072933228E-001
 0.2527777800000000E-001  0.1018309300000000E+001 -0.1929592913871902E+001  0.1533355904207969E+001  0.1535184707366672E+001 -0.1204543958725487E-001  0.5776721216749571E-001
 0.2916666700000000E-001  0.1018309300000000E+001 -0.1929235513751934E+001  0.1532528312951629E+001  0.1534453215211006E+001 -0.1358940668347308E-001  0.6738890422300775E-001
 0.3333333300000000E-001  0.1018309300000000E+001 -0.1928986196257545E+001  0.1531667900428103E+001  0.1533736945116542E+001 -0.1530559643156645E-001  0.7786624542306389E-001
 0.3777777800000000E-001  0.1018309300000000E+001 -0.1928826063398743E+001  0.1530752883337817E+001  0.1533004415392242E+001 -0.1718744144315351E-001  0.8917547902093820E-001
 0.4250000000000000E-001  0.1018309300000000E+001 -0.1928738614483593E+001  0.1529760547974472E+001  0.1532226970076947E+001 -0.1923049711216354E-001  0.1012942086378880E+000
 0.4750000000000000E-001  0.1018309300000000E+001 -0.1928707963861499E+001  0.1528666816314288E+001  0.1531377594705247E+001 -0.2143191608056417E-001  0.1141995240358852E+000
 0.5277777800000000E-001  0.1018309300000000E+001 -0.1928716906156031E+001  0.1527445537491148E+001  0.1530429767901931E+001 -0.2378998168112027E-001  0.1278660712378129E+000
 0.5833333300000000E-001  0.1018309300000000E+001 -0.1928744852944962E+001  0.1526067610229667E+001  0.1529356416008695E+001 -0.2630372844135480E-001  0.1422640822599032E+000
 0.6416666700000000E-001  0.1018309300000000E+001 -0.1928765571907340E+001  0.1524499972035495E+001  0.1528128951457650E+001 -0.2897263916433908E-001  0.1573573048114218E+000
 0.7027777800000000E-001  0.1018309300000000E+001 -0.1928744630201360E+001  0.1522704462396113E+001  0.1526716353738993E+001 -0.3179639330012986E-001  0.1731007244164182E+000
 0.7666666699999999E-001  0.1018309300000000E+001 -0.1928636442585032E+001  0.1520636546298589E+001  0.1525084242282476E+001 -0.3477466066060529E-001  0.1894380805994998E+000
 0.8333333300000000E-001  0.1018309300000000E+001 -0.1928380838537306E+001  0.1518243900378483E+001  0.1523193907383650E+001 -0.3790691486677032E-001  0.2062990624868724E+000
 0.9027777800000000E-001  0.1018309300000000E+001 -0.1927899092305686E+001  0.1515464863817839E+001  0.1521001264356834E+001 -0.4119226658499834E-001  0.2235962205081813E+000
 0.9750000000000000E-001  0.1018309300000000E+001 -0.1927089413622766E+001  0.1512226793643980E+001  0.1518455719131694E+001 -0.4462929939489761E-001  0.2412215628442754E+000
 0.1050000000000000E+000  0.1018309300000000E+001 -0.1925821982249793E+001  0.1508444382899970E+001  0.1515498936324157E+001 -0.4821591625153327E-001  0.2590429947515136E+000
 0.1127777800000000E+000  0.1018309300000000E+001 -0.1923933747293708E+001  0.1504018068777001E+001  0.1512063538278637E+001 -0.5194918359984881E-001  0.2769007352111856E+000
 0.1208333300000000E+000  0.1018309300000000E+001 -0.1921223412810532E+001  0.1498832720973020E+001  0.1508071793864023E+001 -0.5582517174747804E-001  0.2946040413159566E+000
 0.1291666700000000E+000  0.1018309300000000E+001 -0.1917447266074293E+001  0.1492756832298660E+001  0.1503434364118398E+001 -0.5983882453270919E-001  0.3119288900630938E+000
 0.1377777800000000E+000  0.1018309300000000E+001 -0.1912316904543606E+001  0.1485642674202053E+001  0.1498049349547342E+001 -0.6398378037526362E-001  0.3286169613709639E+000
 0.1466666700000000E+000  0.1018309300000000E+001 -0.1905500081514336E+001  0.1477327673631761E+001  0.1491801738027504E+001 -0.6825226928784973E-001  0.3443773614356354E+000
 0.1558333300000000E+000  0.1018309300000000E+001 -0.1896626323186783E+001  0.1467637654722384E+001  0.1484563694166937E+001 -0.7263496436649686E-001  0.3588915490102508E+000
 0.1652777800000000E+000  0.1018309300000000E+001 -0.1885298699957208E+001  0.1456392172334573E+001  0.1476195904622574E+001 -0.7712089692336237E-001  0.3718228395361892E+000
 0.1750000000000000E+000  0.1018309300000000E+001 -0.1871112974141054E+001  0.1443412372556205E+001  0.1466550489266138E+001 -0.8169733279155245E-001  0.3828307023620632E+000
 0.1850000000000000E+000  0.1018309300000000E+001 -0.1853683802142950E+001  0.1428530961238084E+001  0.1455475520222398E+001 -0.8634973561780671E-001  0.3915900943027670E+000
 0.1952777800000000E+000  0.1018309300000000E+001 -0.1832676534241540E+001  0.1411603929550740E+001  0.1442821403685059E+001 -0.9106169882044576E-001  0.3978142170672542E+000
 0.2058333300000000E+000  0.1018309300000000E+001 -0.1807840754957035E+001  0.1392522678070396E+001  0.1428448717704750E+001 -0.9581491784530007E-001  0.4012784267057139E+000
 0.2166666700000000E+000  0.1018309300000000E+001 -0.1779040158177813E+001  0.1371224853403202E+001  0.1412236798380929E+001 -0.1005892003168049E+000  0.4018417072363687E+000
 0.2277777800000000E+000  0.1018309300000000E+001 -0.1746273326079872E+001  0.1347702402306043E+001  0.1394092275023334E+001 -0.1053624460809986E+000  0.3994618695971628E+000
 0.2391666700000000E+000  0.1018309300000000E+001 -0.1709680175738839E+001  0.1322004906604634E+001  0.1373956026142167E+001 -0.1101107068818411E+000  0.3942014568873402E+000
 0.2508333300000000E+000  0.1018309300000000E+001 -0.1669532898064702E+001  0.1294237975914031E+001  0.1351807882887767E+001 -0.1148082077903377E+000  0.3862229741625735E+000
 0.2627777800000000E+000  0.1018309300000000E+001 -0.1626212416232012E+001  0.1264556501246322E+001  0.1327668075825385E+001 -0.1194274217372188E+000  0.3757742716579091E+000
 0.2750000000000000E+000  0.1018309300000000E+001 -0.1580175693426435E+001  0.1233154424346053E+001  0.1301595728905472E+001 -0.1239391032124679E+000  0.3631669736598669E+000
 0.2875000000000000E+000  0.1018309300000000E+001 -0.1531919051836011E+001  0.1200252098979212E+001  0.1273684355484958E+001 -0.1283123822095772E+000  0.3487515870958992E+000
 0.3002777800000000E+000  0.1018309300000000E+001 -0.1481944124220508E+001  0.1166083637840432E+001  0.1244055686026748E+001 -0.1325148202803687E+000  0.3328932632378994E+000
 0.3133333300000000E+000  0.1018309300000000E+001 -0.1430729989420529E+001  0.1130885348424217E+001  0.1212852509621937E+001 -0.1365124921851998E+000  0.3159509666088382E+000
 0.3266666700000000E+000  0.1018309300000000E+001 -0.1378713411038359E+001  0.1094886182516951E+001  0.1180231395457363E+001 -0.1402700947602576E+000  0.2982616082128680E+000
 0.3402777800000000E+000  0.1018309300000000E+001 -0.1326277808515461E+001  0.1058300994426317E+001  0.1146356328847591E+001 -0.1437510492401094E+000  0.2801297147020351E+000
 0.3541666700000000E+000  0.1018309300000000E+001 -0.1273748755298175E+001  0.1021325879518501E+001  0.1111393058105576E+001 -0.1469176828770965E+000  0.2618217975171689E+000
 0.3683333300000000E+000  0.1018309300000000E+001 -0.1221395218931752E+001  0.9841359612903278E+000  0.1075504939806246E+001 -0.1497314273920238E+000  0.2435647845867802E+000
 0.3827777800000000E+000  0.1018309300000000E+001 -0.1169433858588355E+001  0.9468845807609223E+000  0.1038849716996180E+001 -0.1521531039044187E+000  0.2255471181771649E+000
 0.3975000000000000E+000  0.1018309300000000E+001 -0.1118035633914693E+001  0.9097039985060346E+000  0.1001577646574614E+001 -0.1541432574542754E+000  0.2079217847771259E+000
 0.4125000000000000E+000  0.1018309300000000E+001 -0.1067332595351706E+001  0.8727065148872222E+000  0.9638301302183230E+000 -0.1556625996020143E+000  0.1908101247257178E+000
 0.4277777800000000E+000  0.1018309300000000E+001 -0.1017424974910113E+001  0.8359863245293926E+000  0.9257392849092984E+000 -0.1566725209459454E+000  0.1743061380157140E+000
 0.4433333300000000E+000  0.1018309300000000E+001 -0.9683875573262304E+000  0.7996214654827728E+000  0.8874278885001687E+000 -0.1571357063603415E+000  0.1584806944504280E+000
 0.4591666700000000E+000  0.1018309300000000E+001 -0.9202751286749865E+000  0.7636757086686763E+000  0.8490095496314014E+000 -0.1570168448381219E+000  0.1433854234462195E+000
 0.4752777800000000E+000  0.1018309300000000E+001 -0.8731273892780940E+000  0.7282006222933460E+000  0.8105893437845914E+000 -0.1562834308775915E+000  0.1290563053245688E+000
 0.4916666700000000E+000  0.1018309300000000E+001 -0.8269725761412851E+000  0.6932371696630332E+000  0.7722642075552347E+000 -0.1549066549255854E+000  0.1155166692355192E+000
 0.5083333300000000E+000  0.1018309300000000E+001 -0.7818306669814662E+000  0.6588174035344319E+000  0.7341236536534230E+000 -0.1528623715620933E+000  0.1027798513132609E+000
 0.5247222200000000E+000  0.1018309300000000E+001 -0.7391343681589247E+000  0.6260577814342894E+000  0.6974772151285104E+000 -0.1502318693411211E+000  0.9122663814907507E-001
 0.5408333300000000E+000  0.1018309300000000E+001 -0.6987307798853324E+000  0.5948704932539876E+000  0.6623089744130964E+000 -0.1470640089952081E+000  0.8076408038638440E-001
 0.5566666700000000E+000  0.1018309300000000E+001 -0.6604777475342893E+000  0.5651700977448230E+000  0.6285936116755432E+000 -0.1434100255870749E+000  0.7130417665787198E-001
 0.5722222200000000E+000  0.1018309300000000E+001 -0.6242437029537014E+000  0.5368746970419445E+000  0.5962990140802719E+000 -0.1393227877083252E+000  0.6276467580268787E-001
 0.5875000000000000E+000  0.1018309300000000E+001 -0.5899068799576541E+000  0.5099064053823443E+000  0.5653880342801338E+000 -0.1348560400529176E+000  0.5506927419892336E-001
 0.6025000000000000E+000  0.1018309300000000E+001 -0.5573547174797499E+000  0.4841917565498194E+000  0.5358200970702713E+000 -0.1300637078620241E+000  0.4814756947202781E-001
 0.6172222200000000E+000  0.1018309300000000E+001 -0.5264829693101717E+000  0.4596616994096316E+000  0.5075522407619762E+000 -0.1249992155424032E+000  0.4193476361053318E-001
 0.6316666700000000E+000  0.1018309300000000E+001 -0.4971949381340021E+000  0.4362515345457748E+000  0.4805399921664123E+000 -0.1197148685474916E+000  0.3637128900506032E-001
 0.6458333300000000E+000  0.1018309300000000E+001 -0.4694008434303766E+000  0.4139008293130831E+000  0.4547381219180365E+000 -0.1142613154347481E+000  0.3140240134271902E-001
 0.6597222200000000E+000  0.1018309300000000E+001 -0.4430170386767706E+000  0.3925531073439643E+000  0.4301010497023534E+000 -0.1086870399215931E+000  0.2697772003059820E-001
 0.6733333300000000E+000  0.1018309300000000E+001 -0.4179655802270920E+000  0.3721557364356385E+000  0.4065833953147847E+000 -0.1030379805456852E+000  0.2305083021381297E-001
 0.6866666700000000E+000  0.1018309300000000E+001 -0.3941736296189327E+000  0.3526596169084370E+000  0.3841402234267210E+000 -0.9735718088246949E-001  0.1957886541815866E-001
 0.6997222200000000E+000  0.1018309300000000E+001 -0.3715731061782030E+000  0.3340190220394396E+000  0.3627273945441238E+000 -0.9168455593429756E-001  0.1652215095631480E-001
 0.7125000000000000E+000  0.1018309300000000E+001 -0.3501001808390153E+000  0.3161912692827648E+000  0.3423016587380440E+000 -0.8605668039556048E-001  0.1384384994005295E-001
 0.7250000000000000E+000  0.1018309300000000E+001 -0.3296950640819332E+000  0.2991366040228237E+000  0.3228209373894522E+000 -0.8050670542567119E-001  0.1150967963073325E-001
 0.7372222200000000E+000  0.1018309300000000E+001 -0.3103016425310740E+000  0.2828179374339139E+000  0.3042443864481076E+000 -0.7506429039011341E-001  0.9487637338840393E-002
 0.7491666700000000E+000  0.1018309300000000E+001 -0.2918672221245384E+000  0.2672006565807282E+000  0.2865324973050409E+000 -0.6975560762188621E-001  0.7747773026221219E-002
 0.7608333300000000E+000  0.1018309300000000E+001 -0.2743423590792121E+000  0.2522524985214183E+000  0.2696472291500713E+000 -0.6460341372028336E-001  0.6262001818741195E-002
 0.7722222200000000E+000  0.1018309300000000E+001 -0.2576805465908092E+000  0.2379432946947594E+000  0.2535519578909136E+000 -0.5962711330673400E-001  0.5003935723393837E-002
 0.7833333300000000E+000  0.1018309300000000E+001 -0.2418381347130287E+000  0.2242449090653512E+000  0.2382116117682241E+000 -0.5484291876406256E-001  0.3948768027717615E-002
 0.7941666700000000E+000  0.1018309300000000E+001 -0.2267740865125850E+000  0.2111310341642801E+000  0.2235926174175358E+000 -0.5026398408766519E-001  0.3073174659071019E-002
 0.8047222200000000E+000  0.1018309300000000E+001 -0.2124498928716979E+000  0.1985771225959747E+000  0.2096629722582753E+000 -0.4590060236597284E-001  0.2355256752721991E-002
 0.8149999999999999E+000  0.1018309300000000E+001 -0.1988293320995557E+000  0.1865601831328586E+000  0.1963921432323114E+000 -0.4176036720157811E-001  0.1774502084008921E-002
 0.8250000000000000E+000  0.1018309300000000E+001 -0.1858784319585395E+000  0.1750587538432916E+000  0.1837511424489358E+000 -0.3784840195606799E-001  0.1311782731877101E-002
 0.8347222200000000E+000  0.1018309300000000E+001 -0.1735652900178106E+000  0.1640527518896540E+000  0.1717124482320184E+000 -0.3416754797347041E-001  0.9493668083368083E-003
 0.8441666700000000E+000  0.1018309300000000E+001 -0.1618599577957454E+000  0.1535233795162299E+000  0.1602499735292976E+000 -0.3071857100903666E-001  0.6709504570147200E-003
 0.8533333300000000E+000  0.1018309300000000E+001 -0.1507343796680777E+000  0.1434530803783730E+000  0.1493390755391560E+000 -0.2750037936060471E-001  0.4617010311313519E-003
 0.8622222200000000E+000  0.1018309300000000E+001 -0.1401622026971769E+000  0.1338253801366700E+000  0.1389564280986340E+000 -0.2451019765625876E-001  0.3083000388144708E-003
 0.8708333300000000E+000  0.1018309300000000E+001 -0.1301187640465331E+000  0.1246248878755090E+000  0.1290800588786244E+000 -0.2174378418729322E-001  0.1989834717201765E-003
 0.8791666700000000E+000  0.1018309300000000E+001 -0.1205809381659593E+000  0.1158371711731032E+000  0.1196892412223886E+000 -0.1919559814574234E-001  0.1235631738678294E-003
 0.8872222200000000E+000  0.1018309300000000E+001 -0.1115271071190699E+000  0.1074487440964512E+000  0.1107645003521133E+000 -0.1685899068310778E-001  0.7342377391624740E-004
 0.8950000000000000E+000  0.1018309300000000E+001 -0.1029369984176855E+000  0.9944693361108425E-001  0.1022874835857351E+000 -0.1472634964467127E-001  0.4148359995268192E-004
 0.9025000000000000E+000  0.1018309300000000E+001 -0.9479168633864726E-001  0.9181989747955265E-001  0.9424098700998683E-001 -0.1278927597031442E-001  0.2211554369240409E-004
 0.9097222200000000E+000  0.1018309300000000E+001 -0.8707347336833347E-001  0.8455653171205482E-001  0.8660886024751148E-001 -0.1103871744817408E-001  0.1102390234136784E-004
 0.9166666700000000E+000  0.1018309300000000E+001 -0.7976582194232915E-001  0.7764642467336365E-001  0.7937595762913502E-001 -0.9465104834329153E-002  0.5081681901836235E-005
 0.9233333300000000E+000  0.1018309300000000E+001 -0.7285333126201271E-001  0.7107985433490825E-001  0.7252813147637288E-001 -0.8058486039263485E-002  0.2137490437086233E-005
 0.9297222200000000E+000  0.1018309300000000E+001 -0.6632160276778229E-001  0.6484768017080962E-001  0.6605211301253044E-001 -0.6808626143326963E-002  0.8070570079631624E-006
 0.9358333300000000E+000  0.1018309300000000E+001 -0.6015725552936620E-001  0.5894137709363854E-001  0.5993553992936412E-001 -0.5705128571172381E-002  0.2680427764500366E-006
 0.9416666700000000E+000  0.1018309300000000E+001 -0.5434782066559814E-001  0.5335295429917658E-001  0.5416686259313826E-001 -0.4737521864645432E-002  0.7634984809604085E-007
 0.9472222200000000E+000  0.1018309300000000E+001 -0.4888174078373204E-001  0.4807497413464499E-001  0.4873535308924196E-001 -0.3895356684388601E-002  0.1806517810327690E-007
 0.9525000000000000E+000  0.1018309300000000E+001 -0.4374825307516785E-001  0.4310045857403838E-001  0.4363099759687473E-001 -0.3168274751360283E-002  0.3409011487706908E-008
 0.9575000000000000E+000  0.1018309300000000E+001 -0.3893741408187754E-001  0.3842293162304286E-001  0.3884452848689118E-001 -0.2546092375981303E-002  0.4871821308854632E-009
 0.9622222200000000E+000  0.1018309300000000E+001 -0.3444001879067236E-001  0.3403635910745142E-001  0.3436735055963452E-001 -0.2018859708526473E-002  0.4956835429153687E-010
 0.9666666700000000E+000  0.1018309300000000E+001 -0.3024756255162292E-001  0.2993512885184064E-001  0.3019150902877118E-001 -0.1576920238260896E-002  0.3438702405831259E-011
 0.9708333300000000E+000  0.1018309300000000E+001 -0.2635224287168561E-001  0.2611406917618083E-001  0.2630969656838392E-001 -0.1210967393671035E-002  0.1869158818670537E-012
 0.9747222200000000E+000  0.1018309300000000E+001 -0.2274686039458917E-001  0.2256836775985979E-001  0.2271515932001212E-001 -0.9120850083203938E-003  0.1217925914392126E-013
 0.9783333300000000E+000  0.1018309300000000E+001 -0.1942485389990301E-001  0.1929362082758693E-001  0.1940173587985312E-001 -0.6717957389035308E-003  0.7223882145657784E-015
 0.9816666700000000E+000  0.1018309300000000E+001 -0.1638022553706451E-001  0.1628577368148355E-001  0.1636378642169736E-001 -0.4820941899450633E-003  0.2064252285312334E-016
 0.9847222200000000E+000  0.1018309300000000E+001 -0.1360756086347328E-001  0.1354115352436087E-001  0.1359621592135165E-001 -0.3354829826157372E-003  0.4022003357188674E-018
 0.9875000000000000E+000  0.1018309300000000E+001 -0.1110194153554393E-001  0.1105639518567134E-001  0.1109438988225125E-001 -0.2249980214844984E-003  0.1477585621965231E-018
 0.9900000000000000E+000  0.1018309300000000E+001 -0.8858987676862131E-002  0.8828493997893675E-002  0.8854179125291472E-002 -0.1442375119642400E-003 -0.1187432152203540E-018
 0.9922222200000000E+000  0.1018309300000000E+001 -0.6874802385984050E-002  0.6854760760757477E-002  0.6871906590146182E-002 -0.8738212637293340E-004 -0.2725956073910642E-018
 0.9941666700000000E+000  0.1018309300000000E+001 -0.5145954914627966E-002  0.5132814376688250E-002  0.5144332430526017E-002 -0.4921452920384349E-004 -0.2899926334903257E-018
 0.9958333300000000E+000  0.1018309300000000E+001 -0.3669501179025410E-002  0.3660608639527325E-002  0.3668676161432004E-002 -0.2513652755762699E-004  0.1093584183859174E-018
 0.9972222200000000E+000  0.1018309300000000E+001 -0.2442908578101971E-002  0.2436424815241079E-002  0.2442542929460558E-002 -0.1118173510427091E-004 -0.2633164891433763E-017
 0.9983333300000000E+000  0.1018309300000000E+001 -0.1464107002208447E-002  0.1458738739467889E-002  0.1463975662703689E-002 -0.4028285121231213E-005 -0.6825212255612202E-018
 0.9991666700000000E+000  0.1018309300000000E+001 -0.7314354114945628E-003  0.7274349164899614E-003  0.7314026320347928E-003 -0.1007591777928556E-005 -0.1365788326487110E-018
 0.9997222200000000E+000  0.1018309300000000E+001 -0.2436785543257058E-003  0.2411429602619122E-003  0.2436749161432368E-003 -0.1119966769263873E-006  0.1116865758896890E-017
 0.1000000000000000E+001  0.1018309300000000E+001  0.1676289684784757E-027  0.1229816003809495E-027 -0.3580925045102265E-028 -0.3061038716977226E-039 -0.5845967517864875E-041

 0.0000000000000000E+000  0.1079696800000000E+001 -0.1939389292498169E+001  0.1540295956558561E+001  0.1546018617812095E+001 -0.6792412197764048E-002  0.1330773563680612E-001
 0.2777777800000000E-003  0.1079696800000000E+001 -0.1939380987703931E+001  0.1540292349751758E+001  0.1546010187891738E+001 -0.6792105054048823E-002  0.1331794386329505E-001
 0.8333333300000000E-003  0.1079696800000000E+001 -0.1939314921723434E+001  0.1540263603411513E+001  0.1545943119244368E+001 -0.6789727077652050E-002  0.1339956839857910E-001
 0.1666666700000000E-002  0.1079696800000000E+001 -0.1939097408697131E+001  0.1540168272177592E+001  0.1545722209848178E+001 -0.6782727597470838E-002  0.1367376312546816E-001
 0.2777777800000000E-002  0.1079696800000000E+001 -0.1938614341852156E+001  0.1539952656763391E+001  0.1545231036184108E+001 -0.6772035531121273E-002  0.1431448732653337E-001
 0.4166666700000000E-002  0.1079696800000000E+001 -0.1937786126895387E+001  0.1539569407195788E+001  0.1544386797706101E+001 -0.6771524477241557E-002  0.1552857791483915E-001
 0.5833333300000000E-002  0.1079696800000000E+001 -0.1936633084221022E+001  0.1539002773150143E+001  0.1543205549618359E+001 -0.6818000255342606E-002  0.1752072436261477E-001
 0.7777777800000000E-002  0.1079696800000000E+001 -0.1935289700723231E+001  0.1538281774910824E+001  0.1541816207265114E+001 -0.6969260183500931E-002  0.2045384576884927E-001
 0.1000000000000000E-001  0.1079696800000000E+001 -0.1933938502167442E+001  0.1537466170192604E+001  0.1540394166120979E+001 -0.7285288725096411E-002  0.2442473698825753E-001
 0.1250000000000000E-001  0.1079696800000000E+001 -0.1932724382995427E+001  0.1536616778502770E+001  0.1539075490162384E+001 -0.7807310257377662E-002  0.2946592240886101E-001
 0.1527777800000000E-001  0.1079696800000000E+001 -0.1931719500367203E+001  0.1535774431204687E+001  0.1537921830121542E+001 -0.8551081272198986E-002  0.3556568419051195E-001
 0.1833333300000000E-001  0.1079696800000000E+001 -0.1930938076215480E+001  0.1534956065054501E+001  0.1536935368785583E+001 -0.9513556105524497E-002  0.4269068533750632E-001
 0.2166666700000000E-001  0.1079696800000000E+001 -0.1930365007005491E+001  0.1534160765023742E+001  0.1536087616258776E+001 -0.1068288717449587E-001  0.5080192787433538E-001
 0.2527777800000000E-001  0.1079696800000000E+001 -0.1929976620690780E+001  0.1533377309935886E+001  0.1535340357668229E+001 -0.1204551862480997E-001  0.5986285874323272E-001
 0.2916666700000000E-001  0.1079696800000000E+001 -0.1929750717091396E+001  0.1532589526031567E+001  0.1534655893428917E+001 -0.1358958841653881E-001  0.6984210844636908E-001
 0.3333333300000000E-001  0.1079696800000000E+001 -0.1929669725150102E+001  0.1531779140193052E+001  0.1534000435794197E+001 -0.1530594078652469E-001  0.8071334871062995E-001
 0.3777777800000000E-001  0.1079696800000000E+001 -0.1929720585657334E+001  0.1530926892297718E+001  0.1533344303163213E+001 -0.1718802880431592E-001  0.9245394553238397E-001
 0.4250000000000000E-001  0.1079696800000000E+001 -0.1929893368382892E+001  0.1530012653139282E+001  0.1532660960707074E+001 -0.1923143392629563E-001  0.1050431554147717E+000
 0.4750000000000000E-001  0.1079696800000000E+001 -0.1930179475937633E+001  0.1529015010600991E+001  0.1531925795469091E+001 -0.2143334124761789E-001  0.1184602503331863E+000
 0.5277777800000000E-001  0.1079696800000000E+001 -0.1930569698701601E+001  0.1527910569857039E+001  0.1531114938718987E+001 -0.2379207374599068E-001  0.1326825823439744E+000
 0.5833333300000000E-001  0.1079696800000000E+001 -0.1931052131844175E+001  0.1526673068778392E+001  0.1530204196398594E+001 -0.2630671357200220E-001  0.1476835980530250E+000
 0.6416666700000000E-001  0.1079696800000000E+001 -0.1931609868798980E+001  0.1525272340538464E+001  0.1529168061946339E+001 -0.2897679985107969E-001  0.1634307328446053E+000
 0.7027777800000000E-001  0.1079696800000000E+001 -0.1932218350277769E+001  0.1523673125344638E+001  0.1527978763595915E+001 -0.3180207764086199E-001  0.1798830611733894E+000
 0.7666666699999999E-001  0.1079696800000000E+001 -0.1932842243678061E+001  0.1521833711530013E+001  0.1526605289654516E+001 -0.3478229201926675E-001  0.1969886882915000E+000
 0.8333333300000000E-001  0.1079696800000000E+001 -0.1933431728508718E+001  0.1519704398739572E+001  0.1525012349565130E+001 -0.3791700159244035E-001  0.2146817415949786E+000
 0.9027777800000000E-001  0.1079696800000000E+001 -0.1933918087632138E+001  0.1517225775129450E+001  0.1523159227797031E+001 -0.4120541138052927E-001  0.2328789708870403E+000
 0.9750000000000000E-001  0.1079696800000000E+001 -0.1934208543042688E+001  0.1514326835169714E+001  0.1520998507230926E+001 -0.4464620781147866E-001  0.2514758885836720E+000
 0.1050000000000000E+000  0.1079696800000000E+001 -0.1934180359306612E+001  0.1510922985578279E+001  0.1518474642053877E+001 -0.4823740370163376E-001  0.2703425740305205E+000
 0.1127777800000000E+000  0.1079696800000000E+001 -0.1933674370874189E+001  0.1506914056911633E+001  0.1515522394682731E+001 -0.5197618020586277E-001  0.2893192402282745E+000
 0.1208333300000000E+000  0.1079696800000000E+001 -0.1932488311255110E+001  0.1502182510742179E+001  0.1512065183509081E+001 -0.5585872431603964E-001  0.3082118753171842E+000
 0.1291666700000000E+000  0.1079696800000000E+001 -0.1930370620684131E+001  0.1496592084754409E+001  0.1508013406736918E+001 -0.5988009504283370E-001  0.3267886357342237E+000
 0.1377777800000000E+000  0.1079696800000000E+001 -0.1927015858606604E+001  0.1489987372377463E+001  0.1503262981269476E+001 -0.6403404033873110E-001  0.3447773892267080E+000
 0.1466666700000000E+000  0.1079696800000000E+001 -0.1922063241605032E+001  0.1482194689094847E+001  0.1497694238645472E+001 -0.6831288971827165E-001  0.3618660562556799E+000
 0.1558333300000000E+000  0.1079696800000000E+001 -0.1915100359672357E+001  0.1473024980589526E+001  0.1491171657830759E+001 -0.7270740103478365E-001  0.3777064636791294E+000
 0.1652777800000000E+000  0.1079696800000000E+001 -0.1905674156795651E+001  0.1462279179966280E+001  0.1483544761255748E+001 -0.7720667093183592E-001  0.3919235253180663E+000
 0.1750000000000000E+000  0.1079696800000000E+001 -0.1893311141212616E+001  0.1449756619720031E+001  0.1474650802312221E+001 -0.8179800628451875E-001  0.4041304026859140E+000
 0.1850000000000000E+000  0.1079696800000000E+001 -0.1877547261120858E+001  0.1435266238119202E+001  0.1464319462957612E+001 -0.8646688278429841E-001  0.4139503278494052E+000
 0.1952777800000000E+000  0.1079696800000000E+001 -0.1857966219102511E+001  0.1418640243253469E+001  0.1452379933678223E+001 -0.9119687206456562E-001  0.4210435756637059E+000
 0.2058333300000000E+000  0.1079696800000000E+001 -0.1834241896750251E+001  0.1399748721011352E+001  0.1438670037969840E+001 -0.9596960952064031E-001  0.4251369982285875E+000
 0.2166666700000000E+000  0.1079696800000000E+001 -0.1806178017485962E+001  0.1378513115029171E+001  0.1423046610065100E+001 -0.1007648011783615E+000  0.4260516300627726E+000
 0.2277777800000000E+000  0.1079696800000000E+001 -0.1773737425083973E+001  0.1354916541332281E+001  0.1405396070955172E+001 -0.1055602023796807E+000  0.4237232051442981E+000
 0.2391666700000000E+000  0.1079696800000000E+001 -0.1737053554039586E+001  0.1329008464892294E+001  0.1385643319654104E+001 -0.1103316795054336E+000  0.4182112517468873E+000
 0.2508333300000000E+000  0.1079696800000000E+001 -0.1696421525796684E+001  0.1300903170552380E+001  0.1363757865039552E+001 -0.1150532367585425E+000  0.4096945359550535E+000
 0.2627777800000000E+000  0.1079696800000000E+001 -0.1652269963535965E+001  0.1270771821205629E+001  0.1339755930259584E+001 -0.1196970991681747E+000  0.3984536829831004E+000
 0.2750000000000000E+000  0.1079696800000000E+001 -0.1605120290368405E+001  0.1238830084226284E+001  0.1313698754631520E+001 -0.1242337558417812E+000  0.3848446897599554E+000
 0.2875000000000000E+000  0.1079696800000000E+001 -0.1555540822797826E+001  0.1205322913286328E+001  0.1285687188435359E+001 -0.1286320630429575E+000  0.3692682249543153E+000
 0.3002777800000000E+000  0.1079696800000000E+001 -0.1504104343106307E+001  0.1170509414318571E+001  0.1255854178045587E+001 -0.1328593066965176E+000  0.3521399534057678E+000
 0.3133333300000000E+000  0.1079696800000000E+001 -0.1451354020145560E+001  0.1134649276968096E+001  0.1224356130187204E+001 -0.1368812872037710E+000  0.3338654871475488E+000
 0.3266666700000000E+000  0.1079696800000000E+001 -0.1397780032022526E+001  0.1097991873950362E+001  0.1191364268443557E+001 -0.1406624282474403E+000  0.3148218588671253E+000
 0.3402777800000000E+000  0.1079696800000000E+001 -0.1343807276147525E+001  0.1060768828193738E+001  0.1157057173055047E+001 -0.1441658764012108E+000  0.2953460176078277E+000
 0.3541666700000000E+000  0.1079696800000000E+001 -0.1289791304588163E+001  0.1023189188922988E+001  0.1121614349719336E+001 -0.1473536790917951E+000  0.2757291517709284E+000
 0.3683333300000000E+000  0.1079696800000000E+001 -0.1236021035008768E+001  0.9854374353029972E+000  0.1085211606104371E+001 -0.1501869792813026E+000  0.2562158239103406E+000
 0.3827777800000000E+000  0.1079696800000000E+001 -0.1182724946359685E+001  0.9476730947872916E+000  0.1048017609205356E+001 -0.1526262980001654E+000  0.2370061390034025E+000
 0.3975000000000000E+000  0.1079696800000000E+001 -0.1130079633316785E+001  0.9100319714689288E+000  0.1010191979269218E+001 -0.1546318683544256E+000  0.2182599658629942E+000
 0.4125000000000000E+000  0.1079696800000000E+001 -0.1078218332402145E+001  0.8726277947956566E+000  0.9718840011273114E+000 -0.1561640803872345E+000  0.2001018692565944E+000
 0.4277777800000000E+000  0.1079696800000000E+001 -0.1027239460510179E+001  0.8355545635385911E+000  0.9332323460703041E+000 -0.1571839986076765E+000  0.1826264032059322E+000
 0.4433333300000000E+000  0.1079696800000000E+001 -0.9772141126057625E+000  0.7988889154120131E+000  0.8943651959345476E+000 -0.1576539852771308E+000  0.1659031291590609E+000
 0.4591666700000000E+000  0.1079696800000000E+001 -0.9281923447980569E+000  0.7626923621116733E+000  0.8554005933012420E+000 -0.1575384211864018E+000  0.1499811381634990E+000
 0.4752777800000000E+000  0.1079696800000000E+001 -0.8802086852205017E+000  0.7270136302250200E+000  0.8164472494075856E+000 -0.1568045205462793E+000  0.1348931263109309E+000
 0.4916666700000000E+000  0.1079696800000000E+001 -0.8332861533469347E+000  0.6918904703066873E+000  0.7776050848381681E+000 -0.1554232371349790E+000  0.1206587406300903E+000
 0.5083333300000000E+000  0.1079696800000000E+001 -0.7874397216540516E+000  0.6573515117998758E+000  0.7389660712178702E+000 -0.1533702496645419E+000  0.1072874892935396E+000
 0.5247222200000000E+000  0.1079696800000000E+001 -0.7441175853978150E+000  0.6245118232683199E+000  0.7018569766842711E+000 -0.1507272400994880E+000  0.9517430241607783E-001
 0.5408333300000000E+000  0.1079696800000000E+001 -0.7031568092813484E+000  0.5932770083312880E+000  0.6662607255975893E+000 -0.1475434416867045E+000  0.8421696700246746E-001
 0.5566666700000000E+000  0.1079696800000000E+001 -0.6644067961672148E+000  0.5635559619905556E+000  0.6321505854314045E+000 -0.1438705113715471E+000  0.7431951037745022E-001
 0.5722222200000000E+000  0.1079696800000000E+001 -0.6277288495083340E+000  0.5352619376555141E+000  0.5994928812058202E+000 -0.1397617757771967E+000  0.6539282916747947E-001
 0.5875000000000000E+000  0.1079696800000000E+001 -0.5929951471147468E+000  0.5083129112763920E+000  0.5682488207357465E+000 -0.1352714595314904E+000  0.5735472163024376E-001
 0.6025000000000000E+000  0.1079696800000000E+001 -0.5600879478226244E+000  0.4826318926721721E+000  0.5383761484336321E+000 -0.1304539755627614E+000  0.5012969791895618E-001
 0.6172222200000000E+000  0.1079696800000000E+001 -0.5288985385738308E+000  0.4581468353240852E+000  0.5098302163366002E+000 -0.1253632300571080E+000  0.4364855629131398E-001
 0.6316666700000000E+000  0.1079696800000000E+001 -0.4993263387827576E+000  0.4347904980298009E+000  0.4825648801462317E+000 -0.1200519919555082E+000  0.3784790188600990E-001
 0.6458333300000000E+000  0.1079696800000000E+001 -0.4712781654974370E+000  0.4125002948938294E+000  0.4565332699785356E+000 -0.1145713443921656E+000  0.3266964955108430E-001
 0.6597222200000000E+000  0.1079696800000000E+001 -0.4446673671002221E+000  0.3912179293574004E+000  0.4316882050409474E+000 -0.1089701679136699E+000  0.2806048695811568E-001
 0.6733333300000000E+000  0.1079696800000000E+001 -0.4194133283981233E+000  0.3708892341134741E+000  0.4079827537569504E+000 -0.1032947537155703E+000  0.2397141387828632E-001
 0.6866666700000000E+000  0.1079696800000000E+001 -0.3954408205195142E+000  0.3514638189873723E+000  0.3853704837416739E+000 -0.9758844938485375E-001  0.2035727075866600E-001
 0.6997222200000000E+000  0.1079696800000000E+001 -0.3726796133317412E+000  0.3328948764131259E+000  0.3638058180257076E+000 -0.9189142309465995E-001  0.1717633812357294E-001
 0.7125000000000000E+000  0.1079696800000000E+001 -0.3510639357587740E+000  0.3151388234389487E+000  0.3432441314463504E+000 -0.8624045136065703E-001  0.1438994466469463E-001
 0.7250000000000000E+000  0.1079696800000000E+001 -0.3305322384908552E+000  0.2981551598513436E+000  0.3236420358669998E+000 -0.8066883724136578E-001  0.1196215327467202E-001
 0.7372222200000000E+000  0.1079696800000000E+001 -0.3110268089570626E+000  0.2819061846805194E+000  0.3049574448254769E+000 -0.7520634468745538E-001  0.9859460767805370E-002
 0.7491666700000000E+000  0.1079696800000000E+001 -0.2924934972784117E+000  0.2663567878420343E+000  0.2871496756250315E+000 -0.6987920707669913E-001  0.8050549174932420E-002
 0.7608333300000000E+000  0.1079696800000000E+001 -0.2748815332483827E+000  0.2514743081816543E+000  0.2701795825457034E+000 -0.6471020312688933E-001  0.6506080916482035E-002
 0.7722222200000000E+000  0.1079696800000000E+001 -0.2581432004398690E+000  0.2372282646508769E+000  0.2540095051785291E+000 -0.5971872559693649E-001  0.5198515840531950E-002
 0.7833333300000000E+000  0.1079696800000000E+001 -0.2422337463385958E+000  0.2235902823269728E+000  0.2386034039906809E+000 -0.5492094641868706E-001  0.4101984541999382E-002
 0.7941666700000000E+000  0.1079696800000000E+001 -0.2271111291965466E+000  0.2105338785887947E+000  0.2239268049727183E+000 -0.5032995578192360E-001  0.3192180519215588E-002
 0.8047222200000000E+000  0.1079696800000000E+001 -0.2127359252211893E+000  0.1980343855533678E+000  0.2099468708039111E+000 -0.4595596480479439E-001  0.2446296129755669E-002
 0.8149999999999999E+000  0.1079696800000000E+001 -0.1990710807396697E+000  0.1860687388684556E+000  0.1966322973363286E+000 -0.4180647169449141E-001  0.1842978930169835E-002
 0.8250000000000000E+000  0.1079696800000000E+001 -0.1860818681482016E+000  0.1746154437652974E+000  0.1839533873538969E+000 -0.3788649545659872E-001  0.1362326291430958E-002
 0.8347222200000000E+000  0.1079696800000000E+001 -0.1737357001712664E+000  0.1636544191675955E+000  0.1718819689064757E+000 -0.3419876797511105E-001  0.9858951383124185E-003
 0.8441666700000000E+000  0.1079696800000000E+001 -0.1620020085784331E+000  0.1531668984670490E+000  0.1603913609933517E+000 -0.3074394381166117E-001  0.6967331623297251E-003
 0.8533333300000000E+000  0.1079696800000000E+001 -0.1508521781461871E+000  0.1431353810694370E+000  0.1494563803800285E+000 -0.2752082118284530E-001  0.4794219894294224E-003
 0.8622222200000000E+000  0.1079696800000000E+001 -0.1402593515660863E+000  0.1335434692025543E+000  0.1390532107370779E+000 -0.2452651799583785E-001  0.3201203907039141E-003
 0.8708333300000000E+000  0.1079696800000000E+001 -0.1301984126448445E+000  0.1243758653957142E+000  0.1291594369056422E+000 -0.2175669100529067E-001  0.2066050141674479E-003
 0.8791666700000000E+000  0.1079696800000000E+001 -0.1206458292433789E+000  0.1156182445217573E+000  0.1197539334643403E+000 -0.1920570434491827E-001  0.1282916293483860E-003
 0.8872222200000000E+000  0.1079696800000000E+001 -0.1115796198494522E+000  0.1072572387360721E+000  0.1108168679046254E+000 -0.1686682150764893E-001  0.7623117025664931E-004
 0.8950000000000000E+000  0.1079696800000000E+001 -0.1029791876967118E+000  0.9928030159549678E-001  0.1023295676623562E+000 -0.1473235059686532E-001  0.4306852949918721E-004
 0.9025000000000000E+000  0.1079696800000000E+001 -0.9482531883739563E-001  0.9167572347908408E-001  0.9427454392821583E-001 -0.1279382097811086E-001  0.2295989840199485E-004
 0.9097222200000000E+000  0.1079696800000000E+001 -0.8710006039175423E-001  0.8443253722135617E-001  0.8663539349352253E-001 -0.1104211699487065E-001  0.1144451421107575E-004
 0.9166666700000000E+000  0.1079696800000000E+001 -0.7978664937764693E-001  0.7754047050763482E-001  0.7939674720849528E-001 -0.9467613859042396E-002  0.5275455924677816E-005
 0.9233333300000000E+000  0.1079696800000000E+001 -0.7286948683959169E-001  0.7098994155197741E-001  0.7254426071937202E-001 -0.8060311453036305E-002  0.2218952497583013E-005
 0.9297222200000000E+000  0.1079696800000000E+001 -0.6633400073527300E-001  0.6477194990251027E-001  0.6606449289807940E-001 -0.6809933832066284E-002  0.8377994315195180E-006
 0.9358333300000000E+000  0.1079696800000000E+001 -0.6016665902197223E-001  0.5887810911644452E-001  0.5994493118430972E-001 -0.5706049823285960E-002  0.2782483804585368E-006
 0.9416666700000000E+000  0.1079696800000000E+001 -0.5435486185226159E-001  0.5330056479028423E-001  0.5417389562871493E-001 -0.4738159164723144E-002  0.7925561122035069E-007
 0.9472222200000000E+000  0.1079696800000000E+001 -0.4888693899993918E-001  0.4803201253582258E-001  0.4874054597173769E-001 -0.3895788861661288E-002  0.1875244806775908E-007
 0.9525000000000000E+000  0.1079696800000000E+001 -0.4375203103885992E-001  0.4306560390457482E-001  0.4363477213877479E-001 -0.3168561480259507E-002  0.3538658326839939E-008
 0.9575000000000000E+000  0.1079696800000000E+001 -0.3894011238170798E-001  0.3839498809326772E-001  0.3884722463960117E-001 -0.2546278055969246E-002  0.5057042257079575E-009
 0.9622222200000000E+000  0.1079696800000000E+001 -0.3444190873766904E-001  0.3401425131178745E-001  0.3436923919253877E-001 -0.2018976753550943E-002  0.5145241362525385E-010
 0.9666666700000000E+000  0.1079696800000000E+001 -0.3024885753357063E-001  0.2991789653876021E-001  0.3019280322886840E-001 -0.1576991822452035E-002  0.3569391490465557E-011
 0.9708333300000000E+000  0.1079696800000000E+001 -0.2635310832916362E-001  0.2610086162391156E-001  0.2631056157543304E-001 -0.1211009704626695E-002  0.1940208527018831E-012
 0.9747222200000000E+000  0.1079696800000000E+001 -0.2274742251552890E-001  0.2255843792851108E-001  0.2271572119089531E-001 -0.9121090620414218E-003  0.1264252414797504E-013
 0.9783333300000000E+000  0.1079696800000000E+001 -0.1942520715412867E-001  0.1928631919024914E-001  0.1940208900110016E-001 -0.6718088139543646E-003  0.7496133518441144E-015
 0.9816666700000000E+000  0.1079696800000000E+001 -0.1638043913782837E-001  0.1628054189085199E-001  0.1636399995522089E-001 -0.4821009355924022E-003  0.2157647543399472E-016
 0.9847222200000000E+000  0.1079696800000000E+001 -0.1360768425838307E-001  0.1353751786967538E-001  0.1359633928423772E-001 -0.3354862547080378E-003  0.3526602876121998E-018
 0.9875000000000000E+000  0.1079696800000000E+001 -0.1110200901227619E-001  0.1105395994428130E-001  0.1109445734479467E-001 -0.2249994954948731E-003  0.1868337600760954E-018
 0.9900000000000000E+000  0.1079696800000000E+001 -0.8859022175437751E-002  0.8826934626431455E-002  0.8854213618114171E-002 -0.1442381185498728E-003 -0.2977170610599788E-018
 0.9922222200000000E+000  0.1079696800000000E+001 -0.6874818597171331E-002  0.6853817007922485E-002  0.6871922799247087E-002 -0.8738234927158516E-004  0.7341613728621874E-018
 0.9941666700000000E+000  0.1079696800000000E+001 -0.5145961746089324E-002  0.5132283310051384E-002  0.5144339261332418E-002 -0.4921459998367518E-004  0.4614209017427983E-018
 0.9958333300000000E+000  0.1079696800000000E+001 -0.3669503666259994E-002  0.3660337597742315E-002  0.3668678648497240E-002 -0.2513654603874241E-004 -0.1239421085005761E-017
 0.9972222200000000E+000  0.1079696800000000E+001 -0.2442909314474645E-002  0.2436304319885162E-002  0.2442543665799962E-002 -0.1118173876413410E-004  0.3410134924107023E-019
 0.9983333300000000E+000  0.1079696800000000E+001 -0.1464107161164417E-002  0.1458695351830607E-002  0.1463975821655365E-002 -0.4028285596509967E-005 -0.3643737412463521E-018
 0.9991666700000000E+000  0.1079696800000000E+001 -0.7314354313542335E-003  0.7274240679960339E-003  0.7314026518941945E-003 -0.1007591807677275E-005 -0.3739061567907011E-018
 0.9997222200000000E+000  0.1079696800000000E+001 -0.2436785550610427E-003  0.2411417547171673E-003  0.2436749168785691E-003 -0.1119966772940743E-006  0.4284387050826598E-018
 0.1000000000000000E+001  0.1079696800000000E+001 -0.1302603178359529E-027  0.1384221828245753E-026  0.5318721634821387E-027 -0.2381800610255365E-039 -0.7508198012022622E-040

 0.0000000000000000E+000  0.1137473200000000E+001 -0.1939563089662963E+001  0.1540122159973417E+001  0.1546185074925790E+001 -0.6792412197764048E-002  0.1369659077524531E-001
 0.2777777800000000E-003  0.1137473200000000E+001 -0.1939554630814366E+001  0.1540118671357156E+001  0.1546176475900380E+001 -0.6792105313203245E-002  0.1370709758722544E-001
 0.8333333300000000E-003  0.1137473200000000E+001 -0.1939487343107954E+001  0.1540090865352757E+001  0.1546108064764840E+001 -0.6789729367645283E-002  0.1379110962394837E-001
 0.1666666700000000E-002  0.1137473200000000E+001 -0.1939265858839099E+001  0.1539998632320198E+001  0.1545882773027181E+001 -0.6782736210488408E-002  0.1407332481810861E-001
 0.2777777800000000E-002  0.1137473200000000E+001 -0.1938774266846247E+001  0.1539789911943284E+001  0.1545382080944362E+001 -0.6772056240801364E-002  0.1473279284384794E-001
 0.4166666700000000E-002  0.1137473200000000E+001 -0.1937932479641101E+001  0.1539418537930935E+001  0.1544522262630315E+001 -0.6771559950769896E-002  0.1598240869898329E-001
 0.5833333300000000E-002  0.1137473200000000E+001 -0.1936763174438818E+001  0.1538868589601500E+001  0.1543321101511234E+001 -0.6818044743200278E-002  0.1803287201506228E-001
 0.7777777800000000E-002  0.1137473200000000E+001 -0.1935405996288721E+001  0.1538167402491748E+001  0.1541911782178210E+001 -0.6969300717684667E-002  0.2105191992364485E-001
 0.1000000000000000E-001  0.1137473200000000E+001 -0.1934049372874036E+001  0.1537372552929972E+001  0.1540474409958438E+001 -0.7285313658145245E-002  0.2513928150198695E-001
 0.1250000000000000E-001  0.1137473200000000E+001 -0.1932842828974054E+001  0.1536543506880960E+001  0.1539148177501630E+001 -0.7807316455331591E-002  0.3032861134447469E-001
 0.1527777800000000E-001  0.1137473200000000E+001 -0.1931861580615907E+001  0.1535721123755710E+001  0.1537996000812009E+001 -0.8551075123503501E-002  0.3660813320778273E-001
 0.1833333300000000E-001  0.1137473200000000E+001 -0.1931122192195673E+001  0.1534923495286199E+001  0.1537020338236560E+001 -0.9513551635504967E-002  0.4394395826530435E-001
 0.2166666700000000E-001  0.1137473200000000E+001 -0.1930612041820973E+001  0.1534151491272522E+001  0.1536192846982708E+001 -0.1068290509788475E-001  0.5229654782914121E-001
 0.2527777800000000E-001  0.1137473200000000E+001 -0.1930310517584161E+001  0.1533395939438685E+001  0.1535475761145110E+001 -0.1204558732568744E-001  0.6162909896139951E-001
 0.2916666700000000E-001  0.1137473200000000E+001 -0.1930199189799287E+001  0.1532642803635142E+001  0.1534832243275115E+001 -0.1358974642199135E-001  0.7191041110167701E-001
 0.3333333300000000E-001  0.1137473200000000E+001 -0.1930264972603488E+001  0.1531875985539329E+001  0.1534229757218911E+001 -0.1530624023049001E-001  0.8311479279295143E-001
 0.3777777800000000E-001  0.1137473200000000E+001 -0.1930499985855669E+001  0.1531078442227034E+001  0.1533640208422626E+001 -0.1718853963767781E-001  0.9522073366626702E-001
 0.4250000000000000E-001  0.1137473200000000E+001 -0.1930900161372018E+001  0.1530232326506249E+001  0.1533038937927760E+001 -0.1923224881087938E-001  0.1082091104924629E+000
 0.4750000000000000E-001  0.1137473200000000E+001 -0.1931463451301083E+001  0.1529318594681306E+001  0.1532403465426668E+001 -0.2143458114505473E-001  0.1220613226262128E+000
 0.5277777800000000E-001  0.1137473200000000E+001 -0.1932187895101477E+001  0.1528316319457032E+001  0.1531712290369851E+001 -0.2379389421872237E-001  0.1367573652145242E+000
 0.5833333300000000E-001  0.1137473200000000E+001 -0.1933069545590161E+001  0.1527201805421382E+001  0.1530943806555116E+001 -0.2630931178899642E-001  0.1522738462951386E+000
 0.6416666700000000E-001  0.1137473200000000E+001 -0.1934100154452123E+001  0.1525947535794602E+001  0.1530075299001582E+001 -0.2898042224764162E-001  0.1685818688272298E+000
 0.7027777800000000E-001  0.1137473200000000E+001 -0.1935264476618314E+001  0.1524520947575977E+001  0.1529081969369957E+001 -0.3180702812138283E-001  0.1856446398556020E+000
 0.7666666699999999E-001  0.1137473200000000E+001 -0.1936537045219799E+001  0.1522883009613053E+001  0.1527935928294393E+001 -0.3478894052405274E-001  0.2034147773078278E+000
 0.8333333300000000E-001  0.1137473200000000E+001 -0.1937878256613941E+001  0.1520986587114024E+001  0.1526605104864469E+001 -0.3792579276154748E-001  0.2218311472732901E+000
 0.9027777800000000E-001  0.1137473200000000E+001 -0.1939229621677120E+001  0.1518774574107169E+001  0.1525052022525117E+001 -0.4121687295923551E-001  0.2408152137652995E+000
 0.9750000000000000E-001  0.1137473200000000E+001 -0.1940508061168826E+001  0.1516177806550921E+001  0.1523232406694210E+001 -0.4466095834027096E-001  0.2602667932540560E+000
 0.1050000000000000E+000  0.1137473200000000E+001 -0.1941599200479187E+001  0.1513112790336745E+001  0.1521093592344475E+001 -0.4825615895584000E-001  0.2800592990061871E+000
 0.1127777800000000E+000  0.1137473200000000E+001 -0.1942349739980293E+001  0.1509479348120095E+001  0.1518572730481480E+001 -0.5199975778018903E-001  0.3000345280341723E+000
 0.1208333300000000E+000  0.1137473200000000E+001 -0.1942559208660147E+001  0.1505158367992204E+001  0.1515594824965969E+001 -0.5588804572295469E-001  0.3199972685746549E+000
 0.1291666700000000E+000  0.1137473200000000E+001 -0.1941971756978676E+001  0.1500009907034050E+001  0.1512070657119225E+001 -0.5991618478098924E-001  0.3397104074442475E+000
 0.1377777800000000E+000  0.1137473200000000E+001 -0.1940269137661098E+001  0.1493872170097946E+001  0.1507894824478869E+001 -0.6407802136672600E-001  0.3588909626409932E+000
 0.1466666700000000E+000  0.1137473200000000E+001 -0.1937066640974594E+001  0.1486561799827115E+001  0.1502944067456303E+001 -0.6836597510591252E-001  0.3772088664563705E+000
 0.1558333300000000E+000  0.1137473200000000E+001 -0.1931914413088142E+001  0.1477876340864513E+001  0.1497076395395711E+001 -0.7277088150779727E-001  0.3942894524009289E+000
 0.1652777800000000E+000  0.1137473200000000E+001 -0.1924306971106718E+001  0.1467599471173964E+001  0.1490131444410536E+001 -0.7728189830471945E-001  0.4097219142382414E+000
 0.1750000000000000E+000  0.1137473200000000E+001 -0.1913703743683492E+001  0.1455509801861703E+001  0.1481932820875463E+001 -0.8188637251060396E-001  0.4230748982017152E+000
 0.1850000000000000E+000  0.1137473200000000E+001 -0.1899562044735953E+001  0.1441393185258149E+001  0.1472292845111045E+001 -0.8656979453025022E-001  0.4339204685564125E+000
 0.1952777800000000E+000  0.1137473200000000E+001 -0.1881381751960337E+001  0.1425058259964554E+001  0.1461020222076114E+001 -0.9131572035259071E-001  0.4418651832529322E+000
 0.2058333300000000E+000  0.1137473200000000E+001 -0.1858757083601460E+001  0.1406353598955743E+001  0.1447930409671884E+001 -0.9610573441721068E-001  0.4465854836723798E+000
 0.2166666700000000E+000  0.1137473200000000E+001 -0.1831427112547315E+001  0.1385183997983660E+001  0.1432857836194055E+001 -0.1009194523471458E+000  0.4478619923637354E+000
 0.2277777800000000E+000  0.1137473200000000E+001 -0.1799314891028189E+001  0.1361523267868642E+001  0.1415668649915646E+001 -0.1057344973863034E+000  0.4456060716792899E+000
 0.2391666700000000E+000  0.1137473200000000E+001 -0.1762545071305305E+001  0.1335420432366825E+001  0.1396271716008546E+001 -0.1105265635550760E+000  0.4398727230989574E+000
 0.2508333300000000E+000  0.1137473200000000E+001 -0.1721435624077452E+001  0.1306998342570798E+001  0.1374626318788308E+001 -0.1152694478011491E+000  0.4308565105155906E+000
 0.2627777800000000E+000  0.1137473200000000E+001 -0.1676464675649070E+001  0.1276444469157441E+001  0.1350744981632934E+001 -0.1199351421140137E+000  0.4188712589527878E+000
 0.2750000000000000E+000  0.1137473200000000E+001 -0.1628220889636939E+001  0.1243996222903048E+001  0.1324691535252876E+001 -0.1244938874091602E+000  0.4043181798888560E+000
 0.2875000000000000E+000  0.1137473200000000E+001 -0.1577347284073358E+001  0.1209922981571315E+001  0.1296574696867411E+001 -0.1289142868118517E+000  0.3876488116322422E+000
 0.3002777800000000E+000  0.1137473200000000E+001 -0.1524489617452118E+001  0.1174508357581125E+001  0.1266539076397128E+001 -0.1331633753967149E+000  0.3693294856764587E+000
 0.3133333300000000E+000  0.1137473200000000E+001 -0.1470255718565399E+001  0.1138034598888387E+001  0.1234754951902294E+001 -0.1372067084720650E+000  0.3498118751951617E+000
 0.3266666700000000E+000  0.1137473200000000E+001 -0.1415188524289342E+001  0.1100770395237543E+001  0.1201408200779462E+001 -0.1410084701809324E+000  0.3295118506698533E+000
 0.3402777800000000E+000  0.1137473200000000E+001 -0.1359752820460731E+001  0.1062962861328622E+001  0.1166691736829138E+001 -0.1445315699862772E+000  0.3087969903949918E+000
 0.3541666700000000E+000  0.1137473200000000E+001 -0.1304332002471001E+001  0.1024832671831425E+001  0.1130798335599068E+001 -0.1477378163897872E+000  0.2879811007046012E+000
 0.3683333300000000E+000  0.1137473200000000E+001 -0.1249232617666929E+001  0.9865723885590127E+000  0.1093915599041552E+001 -0.1505881072397685E+000  0.2673242795805227E+000
 0.3827777800000000E+000  0.1137473200000000E+001 -0.1194692731062102E+001  0.9483465866784878E+000  0.1056222354845137E+001 -0.1530427092217310E+000  0.2470363273383221E+000
 0.3975000000000000E+000  0.1137473200000000E+001 -0.1140892593175117E+001  0.9102936562611541E+000  0.1017886773820877E+001 -0.1550615906817644E+000  0.2272822663927529E+000
 0.4125000000000000E+000  0.1137473200000000E+001 -0.1087964981351884E+001  0.8725279992038015E+000  0.9790652074932817E+000 -0.1566048679548048E+000  0.2081884468953125E+000
 0.4277777800000000E+000  0.1137473200000000E+001 -0.1036005200197301E+001  0.8351428612679956E+000  0.9399020939063263E+000 -0.1576333269678242E+000  0.1898488352354211E+000
 0.4433333300000000E+000  0.1137473200000000E+001 -0.9850796803132553E+000  0.7982131073890916E+000  0.9005302810032035E+000 -0.1581090534212551E+000  0.1723308209160266E+000
 0.4591666700000000E+000  0.1137473200000000E+001 -0.9352330503102778E+000  0.7617977802217344E+000  0.8610715683920668E+000 -0.1579961631118453E+000  0.1556803372387096E+000
 0.4752777800000000E+000  0.1137473200000000E+001 -0.8864941929107478E+000  0.7259426923468350E+000  0.8216376909890148E+000 -0.1572616287109778E+000  0.1399263806006908E+000
 0.4916666700000000E+000  0.1137473200000000E+001 -0.8388806108571850E+000  0.6906824218482974E+000  0.7823310057709982E+000 -0.1558761997876426E+000  0.1250846650519615E+000
 0.5083333300000000E+000  0.1137473200000000E+001 -0.7924021013344228E+000  0.6560423047029187E+000  0.7432454566370477E+000 -0.1538154033850862E+000  0.1111607478954822E+000
 0.5247222200000000E+000  0.1137473200000000E+001 -0.7485201222979381E+000  0.6231358412639868E+000  0.7057229805016344E+000 -0.1511612732066071E+000  0.9856129055759047E-001
 0.5408333300000000E+000  0.1137473200000000E+001 -0.7070621895117739E+000  0.5918626883096804E+000  0.6697451854453085E+000 -0.1479633684921326E+000  0.8717549228191575E-001
 0.5566666700000000E+000  0.1137473200000000E+001 -0.6678697394028951E+000  0.5621266669026892E+000  0.6352838489860378E+000 -0.1442737151644514E+000  0.7690005830051935E-001
 0.5722222200000000E+000  0.1137473200000000E+001 -0.6307973979073659E+000  0.5338367163781182E+000  0.6023037171926395E+000 -0.1401460403702828E+000  0.6763964148745628E-001
 0.5875000000000000E+000  0.1137473200000000E+001 -0.5957117065384521E+000  0.5069071530668190E+000  0.5707643815570815E+000 -0.1356349883945743E+000  0.5930670393928460E-001
 0.6025000000000000E+000  0.1137473200000000E+001 -0.5624901308513081E+000  0.4812578873899244E+000  0.5406219681938460E+000 -0.1307953985811833E+000  0.5182118230593494E-001
 0.6172222200000000E+000  0.1137473200000000E+001 -0.5310198460153243E+000  0.4568142513250098E+000  0.5118302298392799E+000 -0.1256815983127382E+000  0.4510993874174608E-001
 0.6316666700000000E+000  0.1137473200000000E+001 -0.5011967137135315E+000  0.4335067891960856E+000  0.4843414562035727E+000 -0.1203467616367240E+000  0.3910617539365637E-001
 0.6458333300000000E+000  0.1137473200000000E+001 -0.4729244471258260E+000  0.4112710469783740E+000  0.4581072548453761E+000 -0.1148423513782197E+000  0.3374885075153763E-001
 0.6597222200000000E+000  0.1137473200000000E+001 -0.4461136639511333E+000  0.3900471551340568E+000  0.4330789713447274E+000 -0.1092175946016015E+000  0.2898206950825513E-001
 0.6733333300000000E+000  0.1137473200000000E+001 -0.4206813300341891E+000  0.3697796246758318E+000  0.4092082551099790E+000 -0.1035190902154612E+000  0.2475456276985853E-001
 0.6866666700000000E+000  0.1137473200000000E+001 -0.3965500591503756E+000  0.3504169583407347E+000  0.3864473120561593E+000 -0.9779045080319729E-001  0.2101916627855200E-001
 0.6997222200000000E+000  0.1137473200000000E+001 -0.3736476870467045E+000  0.3319114245963383E+000  0.3647492639163195E+000 -0.9207206491588653E-001  0.1773237903529042E-001
 0.7125000000000000E+000  0.1137473200000000E+001 -0.3519066999805559E+000  0.3142186735081434E+000  0.3440682456970203E+000 -0.8640088441312606E-001  0.1485393654729019E-001
 0.7250000000000000E+000  0.1137473200000000E+001 -0.3312639734546586E+000  0.2972975720697606E+000  0.3243596928904453E+000 -0.8081034394998816E-001  0.1234646907196691E-001
 0.7372222200000000E+000  0.1137473200000000E+001 -0.3116603667776494E+000  0.2811099018151809E+000  0.3055804064544592E+000 -0.7533029765014727E-001  0.1017517750924594E-001
 0.7491666700000000E+000  0.1137473200000000E+001 -0.2930404327741490E+000  0.2656201342069547E+000  0.2876886552237356E+000 -0.6998703098458617E-001  0.8307565352064939E-002
 0.7608333300000000E+000  0.1137473200000000E+001 -0.2753522215856156E+000  0.2507952746042581E+000  0.2706443092324222E+000 -0.6480334076074365E-001  0.6713218150590729E-002
 0.7722222200000000E+000  0.1137473200000000E+001 -0.2585469429935074E+000  0.2366045819067842E+000  0.2544087869908618E+000 -0.5979860818432561E-001  0.5363607306108577E-002
 0.7833333300000000E+000  0.1137473200000000E+001 -0.2425788673997434E+000  0.2230194840267266E+000  0.2389451905374479E+000 -0.5498896873589421E-001  0.4231953362469609E-002
 0.7941666700000000E+000  0.1137473200000000E+001 -0.2274050640240197E+000  0.2100133555184547E+000  0.2242182484414310E+000 -0.5038745585406994E-001  0.3293109853285595E-002
 0.8047222200000000E+000  0.1137473200000000E+001 -0.2129853010004727E+000  0.1975614321770329E+000  0.2101943855447607E+000 -0.4600420815757279E-001  0.2523493245440290E-002
 0.8149999999999999E+000  0.1137473200000000E+001 -0.1992817906648384E+000  0.1856405935466278E+000  0.1968416171678726E+000 -0.4184663975618710E-001  0.1901034633420771E-002
 0.8250000000000000E+000  0.1137473200000000E+001 -0.1862591398820394E+000  0.1742293228901546E+000  0.1841296209524461E+000 -0.3791967786281966E-001  0.1405171505210145E-002
 0.8347222200000000E+000  0.1137473200000000E+001 -0.1738841587162145E+000  0.1633075464265218E+000  0.1720296525915804E+000 -0.3422595823917832E-001  0.1016855578234805E-002
 0.8441666700000000E+000  0.1137473200000000E+001 -0.1621257341829510E+000  0.1528565296482455E+000  0.1605145089292618E+000 -0.3076603793114881E-001  0.7185831695904767E-003
 0.8533333300000000E+000  0.1137473200000000E+001 -0.1509547596991677E+000  0.1428588247809444E+000  0.1495585321467773E+000 -0.2753861872055596E-001  0.4944382100476054E-003
 0.8622222200000000E+000  0.1137473200000000E+001 -0.1403439355310333E+000  0.1332981043697140E+000  0.1391374759123984E+000 -0.2454072511072039E-001  0.3301355606446853E-003
 0.8708333300000000E+000  0.1137473200000000E+001 -0.1302677481756802E+000  0.1241591553987508E+000  0.1292285369578579E+000 -0.2176792506161763E-001  0.2130619884593856E-003
 0.8791666700000000E+000  0.1137473200000000E+001 -0.1207023094763714E+000  0.1154277487624627E+000  0.1198102406773346E+000 -0.1921449963683289E-001  0.1322972260305474E-003
 0.8872222200000000E+000  0.1137473200000000E+001 -0.1116253198187674E+000  0.1070906216038727E+000  0.1108624415615341E+000 -0.1687363577406657E-001  0.7860919594845177E-004
 0.8950000000000000E+000  0.1137473200000000E+001 -0.1030158989248072E+000  0.9913533949411185E-001  0.1023661873689872E+000 -0.1473757197465376E-001  0.4441095618222924E-004
 0.9025000000000000E+000  0.1137473200000000E+001 -0.9485458102533478E-001  0.9155030974593553E-001  0.9430374037067712E-001 -0.1279777516255966E-001  0.2367501359818536E-004
 0.9097222200000000E+000  0.1137473200000000E+001 -0.8712319026476707E-001  0.8432468550992354E-001  0.8665847659081993E-001 -0.1104507435703435E-001  0.1180072371741490E-004
 0.9166666700000000E+000  0.1137473200000000E+001 -0.7980476694506122E-001  0.7744831672020343E-001  0.7941483185102552E-001 -0.9469796354578012E-002  0.5439550673524029E-005
 0.9233333300000000E+000  0.1137473200000000E+001 -0.7288353927224905E-001  0.7091174443818715E-001  0.7255829024914931E-001 -0.8061899188757257E-002  0.2287933853568933E-005
 0.9297222200000000E+000  0.1137473200000000E+001 -0.6634478395624720E-001  0.6470609074039914E-001  0.6607526039421695E-001 -0.6811071179379006E-002  0.8638305928138758E-006
 0.9358333300000000E+000  0.1137473200000000E+001 -0.6017483726357711E-001  0.5882309032434550E-001  0.5995309878399224E-001 -0.5706851025641766E-002  0.2868895993816389E-006
 0.9416666700000000E+000  0.1137473200000000E+001 -0.5436098525457625E-001  0.5325500785437617E-001  0.5418001194307923E-001 -0.4738713389146534E-002  0.8171585971364042E-007
 0.9472222200000000E+000  0.1137473200000000E+001 -0.4889145943903225E-001  0.4799465518263755E-001  0.4874506177293864E-001 -0.3896164685519938E-002  0.1933432362859654E-007
 0.9525000000000000E+000  0.1137473200000000E+001 -0.4375531627270444E-001  0.4303529681251628E-001  0.4363805439730454E-001 -0.3168810811778042E-002  0.3648419855790398E-008
 0.9575000000000000E+000  0.1137473200000000E+001 -0.3894245868174528E-001  0.3837069101139013E-001  0.3884956907271789E-001 -0.2546439512811927E-002  0.5213849240265943E-009
 0.9622222200000000E+000  0.1137473200000000E+001 -0.3444355208796180E-001  0.3399502882614921E-001  0.3437088140025014E-001 -0.2019078526438541E-002  0.5304740957766568E-010
 0.9666666700000000E+000  0.1137473200000000E+001 -0.3024998352093058E-001  0.2990291348199644E-001  0.3019392853643298E-001 -0.1577054064802344E-002  0.3680027890613260E-011
 0.9708333300000000E+000  0.1137473200000000E+001 -0.2635386082946201E-001  0.2608937815129285E-001  0.2631131368410208E-001 -0.1211046493217680E-002  0.2000363121387405E-012
 0.9747222200000000E+000  0.1137473200000000E+001 -0.2274791126182940E-001  0.2254980440729003E-001  0.2271620971978414E-001 -0.9121299759685423E-003  0.1303417695492241E-013
 0.9783333300000000E+000  0.1137473200000000E+001 -0.1942551429335663E-001  0.1927997081616080E-001  0.1940239602471079E-001 -0.6718201821375199E-003  0.7732039732196266E-015
 0.9816666700000000E+000  0.1137473200000000E+001 -0.1638062485247420E-001  0.1627599316668165E-001  0.1636418561140545E-001 -0.4821068005765106E-003  0.2188446803545184E-016
 0.9847222200000000E+000  0.1137473200000000E+001 -0.1360779154290509E-001  0.1353435690554613E-001  0.1359644654091725E-001 -0.3354890995968031E-003  0.7664182216224056E-018
 0.9875000000000000E+000  0.1137473200000000E+001 -0.1110206767891589E-001  0.1105184266947526E-001  0.1109451599909816E-001 -0.2250007770511133E-003 -0.3876573960800949E-018
 0.9900000000000000E+000  0.1137473200000000E+001 -0.8859052169576529E-002  0.8825578864172580E-002  0.8854243607251198E-002 -0.1442386459343395E-003  0.6625440396645313E-018
 0.9922222200000000E+000  0.1137473200000000E+001 -0.6874832691639451E-002  0.6852996483809961E-002  0.6871936891901256E-002 -0.8738254306602243E-004 -0.9851549427270757E-018
 0.9941666700000000E+000  0.1137473200000000E+001 -0.5145967685543964E-002  0.5131821587050205E-002  0.5144345200217624E-002 -0.4921466152154944E-004 -0.5326701570473698E-018
 0.9958333300000000E+000  0.1137473200000000E+001 -0.3669505828725183E-002  0.3660101947239490E-002  0.3668680810815191E-002 -0.2513656210669672E-004  0.1727581490335502E-017
 0.9972222200000000E+000  0.1137473200000000E+001 -0.2442909954695340E-002  0.2436199558262299E-002  0.2442544305991729E-002 -0.1118174194611022E-004  0.5062719038324961E-018
 0.9983333300000000E+000  0.1137473200000000E+001 -0.1464107299364633E-002  0.1458657629562249E-002  0.1463975959851846E-002 -0.4028286009728747E-005  0.2354292114786458E-017
 0.9991666700000000E+000  0.1137473200000000E+001 -0.7314354486207156E-003  0.7274146360522362E-003  0.7314026691604438E-003 -0.1007591833541733E-005  0.1135813838321251E-017
 0.9997222200000000E+000  0.1137473200000000E+001 -0.2436785557003624E-003  0.2411407065873571E-003  0.2436749175178845E-003 -0.1119966776135430E-006  0.2049066884318869E-017
 0.1000000000000000E+001  0.1137473200000000E+001  0.2694829350206749E-027  0.6513413507239768E-027  0.2383742273045458E-027 -0.2145723171127403E-039 -0.1688037260580770E-040

 0.0000000000000000E+000  0.1191638600000000E+001 -0.1939711330796034E+001  0.1539973919344274E+001  0.1546327057249592E+001 -0.6792412197764048E-002  0.1401964927383413E-001
 0.2777777800000000E-003  0.1191638600000000E+001 -0.1939702740525928E+001  0.1539970531567365E+001  0.1546318313968565E+001 -0.6792105534188551E-002  0.1403040416843759E-001
 0.8333333300000000E-003  0.1191638600000000E+001 -0.1939634410583297E+001  0.1539943527849324E+001  0.1546248757619680E+001 -0.6789731320365247E-002  0.1411639988529324E-001
 0.1666666700000000E-002  0.1191638600000000E+001 -0.1939409538502596E+001  0.1539853938154295E+001  0.1546019727514517E+001 -0.6782743555016449E-002  0.1440527898858845E-001
 0.2777777800000000E-002  0.1191638600000000E+001 -0.1938910673798427E+001  0.1539651100400919E+001  0.1545510915724573E+001 -0.6772073900685790E-002  0.1508032069558893E-001
 0.4166666700000000E-002  0.1191638600000000E+001 -0.1938057308166746E+001  0.1539289857847414E+001  0.1544637807021292E+001 -0.6771590200965260E-002  0.1635945396076424E-001
 0.5833333300000000E-002  0.1191638600000000E+001 -0.1936874129230112E+001  0.1538754143865782E+001  0.1543419659130985E+001 -0.6818082681358255E-002  0.1845837353040432E-001
 0.7777777800000000E-002  0.1191638600000000E+001 -0.1935505182148528E+001  0.1538069856067774E+001  0.1541993298520654E+001 -0.6969335284866196E-002  0.2154882310855832E-001
 0.1000000000000000E-001  0.1191638600000000E+001 -0.1934143929336205E+001  0.1537292709588904E+001  0.1540542848141753E+001 -0.7285334920358181E-002  0.2573297647597210E-001
 0.1250000000000000E-001  0.1191638600000000E+001 -0.1932943846278766E+001  0.1536481015937481E+001  0.1539210169481660E+001 -0.7807321738354819E-002  0.3104543906597874E-001
 0.1527777800000000E-001  0.1191638600000000E+001 -0.1931982760923043E+001  0.1535675659024837E+001  0.1538059258217732E+001 -0.8551069873846320E-002  0.3747440493700512E-001
 0.1833333300000000E-001  0.1191638600000000E+001 -0.1931279241729025E+001  0.1534895716828581E+001  0.1537092808935982E+001 -0.9513547812578651E-002  0.4498555496462611E-001
 0.2166666700000000E-001  0.1191638600000000E+001 -0.1930822794915996E+001  0.1534143583541203E+001  0.1536282606775036E+001 -0.1068292036648172E-001  0.5353894152135719E-001
 0.2527777800000000E-001  0.1191638600000000E+001 -0.1930595438349045E+001  0.1533411838190171E+001  0.1535591273077195E+001 -0.1204564589314927E-001  0.6309760977079146E-001
 0.2916666700000000E-001  0.1191638600000000E+001 -0.1930581990259762E+001  0.1532688274353615E+001  0.1534982712681065E+001 -0.1358988115080374E-001  0.7363057458733814E-001
 0.3333333300000000E-001  0.1191638600000000E+001 -0.1930773240056900E+001  0.1531958659362622E+001  0.1534425467629484E+001 -0.1530649559777370E-001  0.8511277284240716E-001
 0.3777777800000000E-001  0.1191638600000000E+001 -0.1931165799860882E+001  0.1531207858219152E+001  0.1533892812896935E+001 -0.1718897533488956E-001  0.9752375697162774E-001
 0.4250000000000000E-001  0.1191638600000000E+001 -0.1931760711223351E+001  0.1530419995501580E+001  0.1533361712565985E+001 -0.1923294393245315E-001  0.1108459163089365E+000
 0.4750000000000000E-001  0.1191638600000000E+001 -0.1932561670084165E+001  0.1529578084680086E+001  0.1532811538075821E+001 -0.2143563897788025E-001  0.1250626299208059E+000
 0.5277777800000000E-001  0.1191638600000000E+001 -0.1933573120367062E+001  0.1528663355789786E+001  0.1532222854417757E+001 -0.2379544765043320E-001  0.1401563574694092E+000
 0.5833333300000000E-001  0.1191638600000000E+001 -0.1934798208375206E+001  0.1527654375812417E+001  0.1531576325218482E+001 -0.2631152933266770E-001  0.1561066710783947E+000
 0.6416666700000000E-001  0.1191638600000000E+001 -0.1936236487109438E+001  0.1526525987686194E+001  0.1530851700953263E+001 -0.2898351464423874E-001  0.1728881420175561E+000
 0.7027777800000000E-001  0.1191638600000000E+001 -0.1937881213534166E+001  0.1525248060933585E+001  0.1530026831656420E+001 -0.3181125542993601E-001  0.1904679325445968E+000
 0.7666666699999999E-001  0.1191638600000000E+001 -0.1939716070612453E+001  0.1523784023328578E+001  0.1529076638118851E+001 -0.3479461955154559E-001  0.2088030504478653E+000
 0.8333333300000000E-001  0.1191638600000000E+001 -0.1941711121475409E+001  0.1522089148703436E+001  0.1527971985204081E+001 -0.3793330460823029E-001  0.2278370765572965E+000
 0.9027777800000000E-001  0.1191638600000000E+001 -0.1943817811411341E+001  0.1520108572447071E+001  0.1526678399494667E+001 -0.4122667037777077E-001  0.2474963216469505E+000
 0.9750000000000000E-001  0.1191638600000000E+001 -0.1945962836758728E+001  0.1517775033694403E+001  0.1525154585975158E+001 -0.4467357251732720E-001  0.2676852676396107E+000
 0.1050000000000000E+000  0.1191638600000000E+001 -0.1948040766305185E+001  0.1515006364190496E+001  0.1523350700358909E+001 -0.4827220525488206E-001  0.2882813373946629E+000
 0.1127777800000000E+000  0.1191638600000000E+001 -0.1949905403933590E+001  0.1511702811847818E+001  0.1521206360026005E+001 -0.5201993992143734E-001  0.3091289955841376E+000
 0.1208333300000000E+000  0.1191638600000000E+001 -0.1951360111973671E+001  0.1507744370313491E+001  0.1518648407873233E+001 -0.5591315785294778E-001  0.3300334128504985E+000
 0.1291666700000000E+000  0.1191638600000000E+001 -0.1952147697205868E+001  0.1502988370035361E+001  0.1515588474319131E+001 -0.5994711096194068E-001  0.3507543543887076E+000
 0.1377777800000000E+000  0.1191638600000000E+001 -0.1951940985827592E+001  0.1497267864851534E+001  0.1511920545965174E+001 -0.6411573200550985E-001  0.3710007195504194E+000
 0.1466666700000000E+000  0.1191638600000000E+001 -0.1950336035774471E+001  0.1490391319476150E+001  0.1507518735260185E+001 -0.6841152014129824E-001  0.3904276957557193E+000
 0.1558333300000000E+000  0.1191638600000000E+001 -0.1946850740452898E+001  0.1482144558630723E+001  0.1502235785379868E+001 -0.7282538012823594E-001  0.4086376918424149E+000
 0.1652777800000000E+000  0.1191638600000000E+001 -0.1940932341256006E+001  0.1472295751192713E+001  0.1495902837546710E+001 -0.7734652518504410E-001  0.4251877584820596E+000
 0.1750000000000000E+000  0.1191638600000000E+001 -0.1931977600671086E+001  0.1460604438539143E+001  0.1488331339346667E+001 -0.8196234025793973E-001  0.4396051987980745E+000
 0.1850000000000000E+000  0.1191638600000000E+001 -0.1919368172177587E+001  0.1446834776254329E+001  0.1479317712814671E+001 -0.8665833206280416E-001  0.4514132539084896E+000
 0.1952777800000000E+000  0.1191638600000000E+001 -0.1902521187756641E+001  0.1430772830396457E+001  0.1468651491830248E+001 -0.9141804648684976E-001  0.4601659885916050E+000
 0.2058333300000000E+000  0.1191638600000000E+001 -0.1880950413660465E+001  0.1412246217313942E+001  0.1456126843632888E+001 -0.9622302625703030E-001  0.4654895015060786E+000
 0.2166666700000000E+000  0.1191638600000000E+001 -0.1854328202437914E+001  0.1391143249634269E+001  0.1441556600650853E+001 -0.1010528089251338E+000  0.4671231854901796E+000
 0.2277777800000000E+000  0.1191638600000000E+001 -0.1822535418582433E+001  0.1367428323470781E+001  0.1424787230756929E+001 -0.1058849002992192E+000  0.4649528056543893E+000
 0.2391666700000000E+000  0.1191638600000000E+001 -0.1785686119471005E+001  0.1341149757431631E+001  0.1405712029666607E+001 -0.1106948383789488E+000  0.4590276744205306E+000
 0.2508333300000000E+000  0.1191638600000000E+001 -0.1744120352459158E+001  0.1312438608855678E+001  0.1384280475901390E+001 -0.1154562306555715E+000  0.4495573042632054E+000
 0.2627777800000000E+000  0.1191638600000000E+001 -0.1698365859161338E+001  0.1281498174815009E+001  0.1360501795175135E+001 -0.1201408555767684E+000  0.4368881259095554E+000
 0.2750000000000000E+000  0.1191638600000000E+001 -0.1649078945457667E+001  0.1248586928407092E+001  0.1334442758618288E+001 -0.1247187276471524E+000  0.4214659458744202E+000
 0.2875000000000000E+000  0.1191638600000000E+001 -0.1596977345414017E+001  0.1213997719491967E+001  0.1306220167410162E+001 -0.1291582214896410E+000  0.4037922094793907E+000
 0.3002777800000000E+000  0.1191638600000000E+001 -0.1542778973962351E+001  0.1178037427943476E+001  0.1275990299937822E+001 -0.1334261491944156E+000  0.3843824158042560E+000
 0.3133333300000000E+000  0.1191638600000000E+001 -0.1487154571960934E+001  0.1141009387555270E+001  0.1243937051056476E+001 -0.1374878521264030E+000  0.3637322597887341E+000
 0.3266666700000000E+000  0.1191638600000000E+001 -0.1430697359100551E+001  0.1103200004299414E+001  0.1210260437292223E+001 -0.1413073091168547E+000  0.3422940229994535E+000
 0.3402777800000000E+000  0.1191638600000000E+001 -0.1373909150987024E+001  0.1064870278296886E+001  0.1175166970932069E+001 -0.1448472295154349E+000  0.3204633263630996E+000
 0.3541666700000000E+000  0.1191638600000000E+001 -0.1317198297011120E+001  0.1026251009147115E+001  0.1138861805851119E+001 -0.1480692222983253E+000  0.2985740731477915E+000
 0.3683333300000000E+000  0.1191638600000000E+001 -0.1260886324865414E+001  0.9875415274445862E+000  0.1101543360264194E+001 -0.1509339816703019E+000  0.2768996136600670E+000
 0.3827777800000000E+000  0.1191638600000000E+001 -0.1205218638712984E+001  0.9489103749758131E+000  0.1063399621331450E+001 -0.1534015631469685E+000  0.2556575024470670E+000
 0.3975000000000000E+000  0.1191638600000000E+001 -0.1150377362917404E+001  0.9104976938096947E+000  0.1024606335079264E+001 -0.1554317147716675E+000  0.2350163560030667E+000
 0.4125000000000000E+000  0.1191638600000000E+001 -0.1096493490315681E+001  0.8724179630722179E+000  0.9853260041167339E+000 -0.1569843243125822E+000  0.2151031254035444E+000
 0.4277777800000000E+000  0.1191638600000000E+001 -0.1043658292581927E+001  0.8347632956534450E+000  0.9457079966751111E+000 -0.1580199441436979E+000  0.1960103430863321E+000
 0.4433333300000000E+000  0.1191638600000000E+001 -0.9919329491068544E+000  0.7976065886874683E+000  0.9058890774858044E+000 -0.1585004272553075E+000  0.1778026674665155E+000
 0.4591666700000000E+000  0.1191638600000000E+001 -0.9413563340644616E+000  0.7610043731866903E+000  0.8659941415320455E+000 -0.1583896657750044E+000  0.1605225476776768E+000
 0.4752777800000000E+000  0.1191638600000000E+001 -0.8919515492746266E+000  0.7249996262966873E+000  0.8261373684405370E+000 -0.1576544280204353E+000  0.1441951343812156E+000
 0.4916666700000000E+000  0.1191638600000000E+001 -0.8437305796074983E+000  0.6896239257108071E+000  0.7864230481585333E+000 -0.1562652905433426E+000  0.1288321978076237E+000
 0.5083333300000000E+000  0.1191638600000000E+001 -0.7966981340515243E+000  0.6548995556778907E+000  0.7469466604244982E+000 -0.1541976518980861E+000  0.1144354303376436E+000
 0.5247222200000000E+000  0.1191638600000000E+001 -0.7523267901981160E+000  0.6219384033294643E+000  0.7090632007209646E+000 -0.1515338529154622E+000  0.1014210752140539E+000
 0.5408333300000000E+000  0.1191638600000000E+001 -0.7104352673294977E+000  0.5906348921936727E+000  0.6727529041580418E+000 -0.1483237321991154E+000  0.8967058954020787E-001
 0.5566666700000000E+000  0.1191638600000000E+001 -0.6708577151583472E+000  0.5608884083595862E+000  0.6379860679953854E+000 -0.1446196317596746E+000  0.7907412862114703E-001
 0.5722222200000000E+000  0.1191638600000000E+001 -0.6334426897343822E+000  0.5326041426626995E+000  0.6047259165246922E+000 -0.1404756218427598E+000  0.6953079793017158E-001
 0.5875000000000000E+000  0.1191638600000000E+001 -0.5980516374160599E+000  0.5056932482933609E+000  0.5729305161540955E+000 -0.1359467062372360E+000  0.6094834711589473E-001
 0.6025000000000000E+000  0.1191638600000000E+001 -0.5645577120333346E+000  0.4800729693759507E+000  0.5425544898721073E+000 -0.1310880895857105E+000  0.5324269565261912E-001
 0.6172222200000000E+000  0.1191638600000000E+001 -0.5328444065305084E+000  0.4556663923524157E+000  0.5135501230008201E+000 -0.1259544600736788E+000  0.4633726521318839E-001
 0.6316666700000000E+000  0.1191638600000000E+001 -0.5028044093759697E+000  0.4324021721076896E+000  0.4858682823772866E+000 -0.1205993387056779E+000  0.4016229659970345E-001
 0.6458333300000000E+000  0.1191638600000000E+001 -0.4743386754831752E+000  0.4102142664830472E+000  0.4594592031199397E+000 -0.1150745133944586E+000  0.3465418600527814E-001
 0.6597222200000000E+000  0.1191638600000000E+001 -0.4473554040442790E+000  0.3890414732937899E+000  0.4342729112465448E+000 -0.1094295077506576E+000  0.2975480774328091E-001
 0.6733333300000000E+000  0.1191638600000000E+001 -0.4217694250156014E+000  0.3688271874506909E+000  0.4102597925282124E+000 -0.1037111838494887E+000  0.2541094062277239E-001
 0.6866666700000000E+000  0.1191638600000000E+001 -0.3975014526070940E+000  0.3495189797519080E+000  0.3873708459927458E+000 -0.9796338070895091E-001  0.2157370067286011E-001
 0.6997222200000000E+000  0.1191638600000000E+001 -0.3744776239130862E+000  0.3310683432945699E+000  0.3655580446694304E+000 -0.9222667496475706E-001  0.1819806307272981E-001
 0.7125000000000000E+000  0.1191638600000000E+001 -0.3526288982884528E+000  0.3134302865421832E+000  0.3447744329542904E+000 -0.8653816787624161E-001  0.1524240426427783E-001
 0.7250000000000000E+000  0.1191638600000000E+001 -0.3318907740559848E+000  0.2965631488700368E+000  0.3249744147045350E+000 -0.8093140594394238E-001  0.1266813541557743E-001
 0.7372222200000000E+000  0.1191638600000000E+001 -0.3122028644146655E+000  0.2804282818509459E+000  0.3061138178099803E+000 -0.7543631960562547E-001  0.1043935718608746E-001
 0.7491666700000000E+000  0.1191638600000000E+001 -0.2935085923161229E+000  0.2649898106543804E+000  0.2881499962968914E+000 -0.7007923801263451E-001  0.8522574563759367E-002
 0.7608333300000000E+000  0.1191638600000000E+001 -0.2757549822410629E+000  0.2502144659441669E+000  0.2710419632529184E+000 -0.6488297254245086E-001  0.6886462457649415E-002
 0.7722222200000000E+000  0.1191638600000000E+001 -0.2588923118337367E+000  0.2360712936711377E+000  0.2547503367759966E+000 -0.5986689362393589E-001  0.5501657835981212E-002
 0.7833333300000000E+000  0.1191638600000000E+001 -0.2428740045574705E+000  0.2225315615586851E+000  0.2392374742253937E+000 -0.5504710470121335E-001  0.4340614172570555E-002
 0.7941666700000000E+000  0.1191638600000000E+001 -0.2276563600768305E+000  0.2095685294779444E+000  0.2244674135036591E+000 -0.5043658987281495E-001  0.3377477978851216E-002
 0.8047222200000000E+000  0.1191638600000000E+001 -0.2131984479463043E+000  0.1971573574064079E+000  0.2104059413093710E+000 -0.4604542502364852E-001  0.2588013426324142E-002
 0.8149999999999999E+000  0.1191638600000000E+001 -0.1994618467283776E+000  0.1852748826321196E+000  0.1970204851576710E+000 -0.4188095169648039E-001  0.1949549919892264E-002
 0.8250000000000000E+000  0.1191638600000000E+001 -0.1864105892713603E+000  0.1738995745920716E+000  0.1842801833788784E+000 -0.3794801804714830E-001  0.1440971289509408E-002
 0.8347222200000000E+000  0.1191638600000000E+001 -0.1740109663943548E+000  0.1630113700146202E+000  0.1721557984428837E+000 -0.3424917716919573E-001  0.1042721878553704E-002
 0.8441666700000000E+000  0.1191638600000000E+001 -0.1622313962200053E+000  0.1525915654937592E+000  0.1606196776936915E+000 -0.3078490233691508E-001  0.7368360818110678E-003
 0.8533333300000000E+000  0.1191638600000000E+001 -0.1510423496182846E+000  0.1426227615197990E+000  0.1496457551520546E+000 -0.2755381256688141E-001  0.5069811261780576E-003
 0.8622222200000000E+000  0.1191638600000000E+001 -0.1404161467151108E+000  0.1330886933727080E+000  0.1392094149931190E+000 -0.2455285226270696E-001  0.3385003896691909E-003
 0.8708333300000000E+000  0.1191638600000000E+001 -0.1303269329028506E+000  0.1239742224262916E+000  0.1292875207238263E+000 -0.2177751329026370E-001  0.2184545105198227E-003
 0.8791666700000000E+000  0.1191638600000000E+001 -0.1207505145962984E+000  0.1152652034739329E+000  0.1198582981589844E+000 -0.1922200556840913E-001  0.1356422343312541E-003
 0.8872222200000000E+000  0.1191638600000000E+001 -0.1116643194666670E+000  0.1069484648919812E+000  0.1109013334389992E+000 -0.1687945050538748E-001  0.8059490839834330E-004
 0.8950000000000000E+000  0.1191638600000000E+001 -0.1030472243295703E+000  0.9901166920485076E-001  0.1023974346946254E+000 -0.1474202705376853E-001  0.4553184548666767E-004
 0.9025000000000000E+000  0.1191638600000000E+001 -0.9487954778571743E-001  0.9144332463689192E-001  0.9432865104663440E-001 -0.1280114873815195E-001  0.2427208019957796E-004
 0.9097222200000000E+000  0.1191638600000000E+001 -0.8714292315033416E-001  0.8423268793009379E-001  0.8667816957699651E-001 -0.1104759728349687E-001  0.1209811552435063E-004
 0.9166666700000000E+000  0.1191638600000000E+001 -0.7982022245128219E-001  0.7736971408243346E-001  0.7943025927423016E-001 -0.9471658112479495E-002  0.5576543185415532E-005
 0.9233333300000000E+000  0.1191638600000000E+001 -0.7289552611011062E-001  0.7084504957954021E-001  0.7257025755320276E-001 -0.8063253507461001E-002  0.2345519506645964E-005
 0.9297222200000000E+000  0.1191638600000000E+001 -0.6635398156415488E-001  0.6464992152301903E-001  0.6608444459105374E-001 -0.6812041268165593E-002  0.8855605148107562E-006
 0.9358333300000000E+000  0.1191638600000000E+001 -0.6018181256251663E-001  0.5877616834466282E-001  0.5996006500722009E-001 -0.5707534369109886E-002  0.2941027199282172E-006
 0.9416666700000000E+000  0.1191638600000000E+001 -0.5436620771501435E-001  0.5321615658642671E-001  0.5418522835892493E-001 -0.4739186065092485E-002  0.8376944198023901E-007
 0.9472222200000000E+000  0.1191638600000000E+001 -0.4889531462370993E-001  0.4796279749285616E-001  0.4874891300253961E-001 -0.3896485198472659E-002  0.1982000282221170E-007
 0.9525000000000000E+000  0.1191638600000000E+001 -0.4375811793338604E-001  0.4300945209472457E-001  0.4364085352077265E-001 -0.3169023441524436E-002  0.3740032843277361E-008
 0.9575000000000000E+000  0.1191638600000000E+001 -0.3894445955566803E-001  0.3834997182769970E-001  0.3885156835464670E-001 -0.2546577199172722E-002  0.5344725607673743E-009
 0.9622222200000000E+000  0.1191638600000000E+001 -0.3444495346589972E-001  0.3397863725704087E-001  0.3437228180388145E-001 -0.2019165313710182E-002  0.5437861890968878E-010
 0.9666666700000000E+000  0.1191638600000000E+001 -0.3025094369374692E-001  0.2989013718033488E-001  0.3019488812957922E-001 -0.1577107141154250E-002  0.3772366548666264E-011
 0.9708333300000000E+000  0.1191638600000000E+001 -0.2635450250418766E-001  0.2607958611877660E-001  0.2631195502488407E-001 -0.1211077863676856E-002  0.2050563409883152E-012
 0.9747222200000000E+000  0.1191638600000000E+001 -0.2274832802133766E-001  0.2254244261734230E-001  0.2271662629390636E-001 -0.9121478094970426E-003  0.1336173045034246E-013
 0.9783333300000000E+000  0.1191638600000000E+001 -0.1942577619144426E-001  0.1927455760877824E-001  0.1940265782421267E-001 -0.6718298757998660E-003  0.7921433490715086E-015
 0.9816666700000000E+000  0.1191638600000000E+001 -0.1638078321019989E-001  0.1627211452939662E-001  0.1636434391928206E-001 -0.4821118016106026E-003  0.2297388216696269E-016
 0.9847222200000000E+000  0.1191638600000000E+001 -0.1360788302311090E-001  0.1353166160533281E-001  0.1359653799738227E-001 -0.3354915253984260E-003  0.9417838300240783E-019
 0.9875000000000000E+000  0.1191638600000000E+001 -0.1110211770298184E-001  0.1105003731153719E-001  0.1109456601264527E-001 -0.2250018698126704E-003  0.6525126994462361E-018
 0.9900000000000000E+000  0.1191638600000000E+001 -0.8859077744980414E-002  0.8824422835652436E-002  0.8854269178390203E-002 -0.1442390956245403E-003 -0.9664186488605630E-018
 0.9922222200000000E+000  0.1191638600000000E+001 -0.6874844709678779E-002  0.6852296842250563E-002  0.6871948908393874E-002 -0.8738270831022692E-004  0.1236079217304720E-017
 0.9941666700000000E+000  0.1191638600000000E+001 -0.5145972749975573E-002  0.5131427887195418E-002  0.5144350264163692E-002 -0.4921471399343165E-004  0.5794357717452614E-018
 0.9958333300000000E+000  0.1191638600000000E+001 -0.3669507672605672E-002  0.3659901013994807E-002  0.3668682654570136E-002 -0.2513657580744366E-004 -0.1474477087485603E-017
 0.9972222200000000E+000  0.1191638600000000E+001 -0.2442910500595303E-002  0.2436110230704591E-002  0.2442544851867024E-002 -0.1118174465930058E-004  0.1138873219903996E-018
 0.9983333300000000E+000  0.1191638600000000E+001 -0.1464107417204415E-002  0.1458625464755318E-002  0.1463976077688444E-002 -0.4028286362069330E-005  0.2177697660609949E-018
 0.9991666700000000E+000  0.1191638600000000E+001 -0.7314354633434002E-003  0.7274065936773405E-003  0.7314026838829284E-003 -0.1007591855595402E-005 -0.9085948924922975E-018
 0.9997222200000000E+000  0.1191638600000000E+001 -0.2436785562454941E-003  0.2411398128741579E-003  0.2436749180630126E-003 -0.1119966778861221E-006 -0.2671505673537036E-018
 0.1000000000000000E+001  0.1191638600000000E+001 -0.1300777567177576E-027  0.3566984871172594E-027  0.2477439020173169E-027 -0.1349467402682236E-039  0.2717832929512708E-040

 0.0000000000000000E+000  0.1242193000000000E+001 -0.1939835274075347E+001  0.1539849976492548E+001  0.1546445768944700E+001 -0.6792412197764048E-002  0.1428408169567850E-001
 0.2777777800000000E-003  0.1242193000000000E+001 -0.1939826573910512E+001  0.1539846673046553E+001  0.1546436905040880E+001 -0.6792105718909079E-002  0.1429503966640769E-001
 0.8333333300000000E-003  0.1242193000000000E+001 -0.1939757372449587E+001  0.1539820340271192E+001  0.1546366391094831E+001 -0.6789732952637380E-002  0.1438265919048615E-001
 0.1666666700000000E-002  0.1242193000000000E+001 -0.1939529667476716E+001  0.1539732961153568E+001  0.1546134235066404E+001 -0.6782749694316401E-002  0.1467699327261069E-001
 0.2777777800000000E-002  0.1242193000000000E+001 -0.1939024721304580E+001  0.1539535042854582E+001  0.1545618633796777E+001 -0.6772088662774382E-002  0.1536478345904529E-001
 0.4166666700000000E-002  0.1242193000000000E+001 -0.1938161673687716E+001  0.1539182272653682E+001  0.1544734412045366E+001 -0.6771615487890109E-002  0.1666807978630904E-001
 0.5833333300000000E-002  0.1242193000000000E+001 -0.1936966893238065E+001  0.1538658461446130E+001  0.1543502060334545E+001 -0.6818114395526730E-002  0.1880666696342468E-001
 0.7777777800000000E-002  0.1242193000000000E+001 -0.1935588104323632E+001  0.1537988303961381E+001  0.1542061450359568E+001 -0.6969364181525845E-002  0.2195557080094451E-001
 0.1000000000000000E-001  0.1242193000000000E+001 -0.1934222979325980E+001  0.1537225958804112E+001  0.1540600064411786E+001 -0.7285352694315790E-002  0.2621897095939358E-001
 0.1250000000000000E-001  0.1242193000000000E+001 -0.1933028297760179E+001  0.1536428772288719E+001  0.1539261995529012E+001 -0.7807326152941353E-002  0.3163225937526540E-001
 0.1527777800000000E-001  0.1242193000000000E+001 -0.1932084073389263E+001  0.1535637649218683E+001  0.1538112142415259E+001 -0.8551065481047360E-002  0.3818361883054904E-001
 0.1833333300000000E-001  0.1242193000000000E+001 -0.1931410554533056E+001  0.1534872492943576E+001  0.1537153398021931E+001 -0.9513544609051735E-002  0.4583839750096316E-001
 0.2166666700000000E-001  0.1242193000000000E+001 -0.1930999034764319E+001  0.1534136973612454E+001  0.1536357656189621E+001 -0.1068293311883916E-001  0.5455634096778293E-001
 0.2527777800000000E-001  0.1242193000000000E+001 -0.1930833744574712E+001  0.1533425137110264E+001  0.1535687865079066E+001 -0.1204569483884137E-001  0.6430040874647619E-001
 0.2916666700000000E-001  0.1242193000000000E+001 -0.1930902240352457E+001  0.1532726311399358E+001  0.1535108555057025E+001 -0.1358999376633207E-001  0.7503984429336796E-001
 0.3333333300000000E-001  0.1242193000000000E+001 -0.1931198586839185E+001  0.1532027831223467E+001  0.1534589177192834E+001 -0.1530670907662085E-001  0.8675016801748715E-001
 0.3777777800000000E-001  0.1242193000000000E+001 -0.1931723205335867E+001  0.1531316168691218E+001  0.1534104162780129E+001 -0.1718933960333359E-001  0.9941189273788417E-001
 0.4250000000000000E-001  0.1242193000000000E+001 -0.1932481487929502E+001  0.1530577114988594E+001  0.1533631849304189E+001 -0.1923352516175356E-001  0.1130087627365920E+000
 0.4750000000000000E-001  0.1242193000000000E+001 -0.1933482045644084E+001  0.1529795429992722E+001  0.1533153179784789E+001 -0.2143652360458400E-001  0.1275259272589419E+000
 0.5277777800000000E-001  0.1242193000000000E+001 -0.1934734836394525E+001  0.1528954185181760E+001  0.1532650478856253E+001 -0.2379674692212601E-001  0.1429480537318323E+000
 0.5833333300000000E-001  0.1242193000000000E+001 -0.1936249158578058E+001  0.1528033891705551E+001  0.1532106352876923E+001 -0.2631338437995985E-001  0.1592573813531213E+000
 0.6416666700000000E-001  0.1242193000000000E+001 -0.1938031390644708E+001  0.1527011437293267E+001  0.1531502674605615E+001 -0.2898610204986978E-001  0.1764316231636748E+000
 0.7027777800000000E-001  0.1242193000000000E+001 -0.1940082306511536E+001  0.1525858821535077E+001  0.1530819589814588E+001 -0.3181479322312721E-001  0.1944415572794242E+000
 0.7666666699999999E-001  0.1242193000000000E+001 -0.1942393782250416E+001  0.1524541654585615E+001  0.1530034476225201E+001 -0.3479937350705867E-001  0.2132482539908230E+000
 0.8333333300000000E-001  0.1242193000000000E+001 -0.1944944674035926E+001  0.1523017387017740E+001  0.1529120792826489E+001 -0.3793959466504450E-001  0.2327997296487430E+000
 0.9027777800000000E-001  0.1242193000000000E+001 -0.1947695647275735E+001  0.1521233233364405E+001  0.1528046755661144E+001 -0.4123487692616999E-001  0.2530269609812539E+000
 0.9750000000000000E-001  0.1242193000000000E+001 -0.1950582722488702E+001  0.1519123775603203E+001  0.1526773785360929E+001 -0.4468414222587790E-001  0.2738390805898949E+000
 0.1050000000000000E+000  0.1242193000000000E+001 -0.1953509356849497E+001  0.1516608252514763E+001  0.1525254672211051E+001 -0.4828565604774178E-001  0.2951177585430719E+000
 0.1127777800000000E+000  0.1242193000000000E+001 -0.1956336962492146E+001  0.1513587606319564E+001  0.1523431426420846E+001 -0.5203686466172155E-001  0.3167107217898216E+000
 0.1208333300000000E+000  0.1242193000000000E+001 -0.1958873984671987E+001  0.1509941443459407E+001  0.1521232810449019E+001 -0.5593422626787336E-001  0.3384245922168406E+000
 0.1291666700000000E+000  0.1242193000000000E+001 -0.1960864065437116E+001  0.1505525161272695E+001  0.1518571583948563E+001 -0.5997306941418311E-001  0.3600176718168803E+000
 0.1377777800000000E+000  0.1242193000000000E+001 -0.1961974361609056E+001  0.1500167779719675E+001  0.1515341648746549E+001 -0.6414740071464409E-001  0.3811930818632968E+000
 0.1466666700000000E+000  0.1242193000000000E+001 -0.1961786084585043E+001  0.1493671037880523E+001  0.1511415299124708E+001 -0.6844978772164471E-001  0.4015943187748456E+000
 0.1558333300000000E+000  0.1242193000000000E+001 -0.1959790277397003E+001  0.1485810799945957E+001  0.1506641125325525E+001 -0.7287119527697805E-001  0.4208045670454111E+000
 0.1652777800000000E+000  0.1242193000000000E+001 -0.1955392986895072E+001  0.1476341710339689E+001  0.1500843178017467E+001 -0.7740088552181011E-001  0.4383528784920089E+000
 0.1750000000000000E+000  0.1242193000000000E+001 -0.1947934500511754E+001  0.1465006313391092E+001  0.1493822388705685E+001 -0.8202627800941344E-001  0.4537294599669528E+000
 0.1850000000000000E+000  0.1242193000000000E+001 -0.1936726389772841E+001  0.1451549049503367E+001  0.1485361065761236E+001 -0.8673289620539433E-001  0.4664126400395719E+000
 0.1952777800000000E+000  0.1242193000000000E+001 -0.1921107322260820E+001  0.1435735117336914E+001  0.1475231373642848E+001 -0.9150428044798629E-001  0.4759071342314621E+000
 0.2058333300000000E+000  0.1242193000000000E+001 -0.1900513184333844E+001  0.1417372457728078E+001  0.1463207880611157E+001 -0.9632194046563257E-001  0.4817907828256573E+000
 0.2166666700000000E+000  0.1242193000000000E+001 -0.1874550493305407E+001  0.1396333681435264E+001  0.1449083307708805E+001 -0.1011653483172041E+000  0.4837627122193085E+000
 0.2277777800000000E+000  0.1242193000000000E+001 -0.1843057539388358E+001  0.1372574049687974E+001  0.1432685671934231E+001 -0.1060119082958653E+000  0.4816830912983687E+000
 0.2391666700000000E+000  0.1242193000000000E+001 -0.1806136679520965E+001  0.1346140995778749E+001  0.1413893667761968E+001 -0.1108370210428212E+000  0.4755948380200027E+000
 0.2508333300000000E+000  0.1242193000000000E+001 -0.1764148594160817E+001  0.1317173186720833E+001  0.1392647683707029E+001 -0.1156141255825572E+000  0.4657211996521283E+000
 0.2627777800000000E+000  0.1242193000000000E+001 -0.1717668913929967E+001  0.1285888759181634E+001  0.1368954106579157E+001 -0.1203148099522724E+000  0.4524395502480356E+000
 0.2750000000000000E+000  0.1242193000000000E+001 -0.1667419397069864E+001  0.1252565893272794E+001  0.1342882824773576E+001 -0.1249088875415305E+000  0.4362381413552501E+000
 0.2875000000000000E+000  0.1242193000000000E+001 -0.1614189652549449E+001  0.1217519234698802E+001  0.1314558588428550E+001 -0.1293645319447196E+000  0.4176656603625860E+000
 0.3002777800000000E+000  0.1242193000000000E+001 -0.1558766249151722E+001  0.1181077024538812E+001  0.1284148887620646E+001 -0.1336483618673649E+000  0.3972836645406587E+000
 0.3133333300000000E+000  0.1242193000000000E+001 -0.1501878882321783E+001  0.1143561674343142E+001  0.1251850480885810E+001 -0.1377255362919117E+000  0.3756284987945130E+000
 0.3266666700000000E+000  0.1242193000000000E+001 -0.1444166980756659E+001  0.1105275336502078E+001  0.1217876534527055E+001 -0.1415598620516118E+000  0.3531854651595530E+000
 0.3402777800000000E+000  0.1242193000000000E+001 -0.1386165545067966E+001  0.1066491087919246E+001  0.1182446014494859E+001 -0.1451138833069398E+000  0.3303750521072262E+000
 0.3541666700000000E+000  0.1242193000000000E+001 -0.1328304525792913E+001  0.1027448293709991E+001  0.1145775237223278E+001 -0.1483490459413358E+000  0.3075484767864710E+000
 0.3683333300000000E+000  0.1242193000000000E+001 -0.1270917711871480E+001  0.9883517892006812E+000  0.1108072224186763E+001 -0.1512258784215082E+000  0.2849900472294024E+000
 0.3827777800000000E+000  0.1242193000000000E+001 -0.1214255793319006E+001  0.9493731240105947E+000  0.1069532967686561E+001 -0.1537042643831538E+000  0.2629232905999319E+000
 0.3975000000000000E+000  0.1242193000000000E+001 -0.1158501332335402E+001  0.9106535211521056E+000  0.1030339729037027E+001 -0.1557437720512722E+000  0.2415191187167465E+000
 0.4125000000000000E+000  0.1242193000000000E+001 -0.1103782626907020E+001  0.8723071204608269E+000  0.9906602151534255E+000 -0.1573041018899290E+000  0.2209042071998455E+000
 0.4277777800000000E+000  0.1242193000000000E+001 -0.1050186422428541E+001  0.8344246990334527E+000  0.9506478956849748E+000 -0.1583456140971648E+000  0.2011691257394130E+000
 0.4433333300000000E+000  0.1242193000000000E+001 -0.9977684652944527E+000  0.7970771552314490E+000  0.9104427372276457E+000 -0.1588299694729298E+000  0.1823755454735636E+000
 0.4591666700000000E+000  0.1242193000000000E+001 -0.9465619129243936E+000  0.7603186108411767E+000  0.8701721196236160E+000 -0.1587208748564913E+000  0.1645623798976902E+000
 0.4752777800000000E+000  0.1242193000000000E+001 -0.8965842676735625E+000  0.7241894095612883E+000  0.8299521486764335E+000 -0.1579849288857539E+000  0.1477510288584487E+000
 0.4916666700000000E+000  0.1242193000000000E+001 -0.8478422642634312E+000  0.6887184023753895E+000  0.7898886083115720E+000 -0.1565925642413798E+000  0.1319495137170563E+000
 0.5083333300000000E+000  0.1242193000000000E+001 -0.8003358347770597E+000  0.6539251445497988E+000  0.7500781424729189E+000 -0.1545190726138123E+000  0.1171559201986440E+000
 0.5247222200000000E+000  0.1242193000000000E+001 -0.7555466912012776E+000  0.6209199731759957E+000  0.7118867420816299E+000 -0.1518470566846753E+000  0.1037941967933929E+000
 0.5408333300000000E+000  0.1242193000000000E+001 -0.7132857060604910E+000  0.5895928228671368E+000  0.6752933023047024E+000 -0.1486265894465844E+000  0.9173901544984489E-001
 0.5566666700000000E+000  0.1242193000000000E+001 -0.6733805676770586E+000  0.5598392972696528E+000  0.6402667234854088E+000 -0.1449102780654679E+000  0.8087482830812380E-001
 0.5722222200000000E+000  0.1242193000000000E+001 -0.6356744777292989E+000  0.5315614062739934E+000  0.6067688254300280E+000 -0.1407524806172374E+000  0.7109593796662594E-001
 0.5875000000000000E+000  0.1242193000000000E+001 -0.6000244088414115E+000  0.5046676308166572E+000  0.5747562895810756E+000 -0.1362085025128226E+000  0.6230603462400487E-001
 0.6025000000000000E+000  0.1242193000000000E+001 -0.5662997446529879E+000  0.4790729715183071E+000  0.5441823905796971E+000 -0.1313338548960179E+000  0.5441759279123969E-001
 0.6172222200000000E+000  0.1242193000000000E+001 -0.5343807703900245E+000  0.4546986322269410E+000  0.5149981102000086E+000 -0.1261835286730670E+000  0.4735109570776790E-001
 0.6316666700000000E+000  0.1242193000000000E+001 -0.5041574195883554E+000  0.4314716890632097E+000  0.4871530612354615E+000 -0.1208113359140761E+000  0.4103426428928032E-001
 0.6458333300000000E+000  0.1242193000000000E+001 -0.4755282598548068E+000  0.4093247769802424E+000  0.4605962770391540E+000 -0.1152693371826343E+000  0.3540132173872928E-001
 0.6597222200000000E+000  0.1242193000000000E+001 -0.4483994030395179E+000  0.3881955869660135E+000  0.4352766344434247E+000 -0.1096073047062885E+000  0.3039225671858747E-001
 0.6733333300000000E+000  0.1242193000000000E+001 -0.4226838404105830E+000  0.3680265895382623E+000  0.4111434237725394E+000 -0.1038723210722971E+000  0.2595220217982455E-001
 0.6866666700000000E+000  0.1242193000000000E+001 -0.3983006547832131E+000  0.3487645857265446E+000  0.3881466019016535E+000 -0.9810841489100798E-001  0.2203082817922401E-001
 0.6997222200000000E+000  0.1242193000000000E+001 -0.3751745275511206E+000  0.3303604299026503E+000  0.3662371532856670E+000 -0.9235632012056187E-001  0.1858183173841528E-001
 0.7125000000000000E+000  0.1242193000000000E+001 -0.3532351121534526E+000  0.3127686034482442E+000  0.3453671864932568E+000 -0.8665326280632285E-001  0.1556245189437361E-001
 0.7250000000000000E+000  0.1242193000000000E+001 -0.3324167311963392E+000  0.2959470135341828E+000  0.3254902224228211E+000 -0.8103288266718345E-001  0.1293308166298395E-001
 0.7372222200000000E+000  0.1242193000000000E+001 -0.3126579358491997E+000  0.2798566606218791E+000  0.3065612580137268E+000 -0.7552517351179798E-001  0.1065690455835949E-001
 0.7491666700000000E+000  0.1242193000000000E+001 -0.2939011875977013E+000  0.2644613880908012E+000  0.2885368676600801E+000 -0.7015650046994970E-001  0.8699594678051431E-002
 0.7608333300000000E+000  0.1242193000000000E+001 -0.2760926393914536E+000  0.2497277040105103E+000  0.2713753354370435E+000 -0.6494968648403907E-001  0.7029070356882908E-002
 0.7722222200000000E+000  0.1242193000000000E+001 -0.2591817778743836E+000  0.2356244826952653E+000  0.2550365996246127E+000 -0.5992409231204900E-001  0.5615276300810461E-002
 0.7833333300000000E+000  0.1242193000000000E+001 -0.2431213087011395E+000  0.2221228636912432E+000  0.2394823860216363E+000 -0.5509579393726149E-001  0.4430030429064567E-002
 0.7941666700000000E+000  0.1242193000000000E+001 -0.2278668800700748E+000  0.2091960161173249E+000  0.2246761475554865E+000 -0.5047773353889583E-001  0.3446894127204034E-002
 0.8047222200000000E+000  0.1242193000000000E+001 -0.2133769707935050E+000  0.1968190411095120E+000  0.2105831310887538E+000 -0.4607993391261923E-001  0.2641092283843005E-002
 0.8149999999999999E+000  0.1242193000000000E+001 -0.1996126240377271E+000  0.1849687446339889E+000  0.1971702674364270E+000 -0.4190967533338137E-001  0.1989457306363887E-002
 0.8250000000000000E+000  0.1242193000000000E+001 -0.1865373881943706E+000  0.1736235880792189E+000  0.1844062396703601E+000 -0.3797173931584504E-001  0.1470416059808284E-002
 0.8347222200000000E+000  0.1242193000000000E+001 -0.1741171162400576E+000  0.1627635200202050E+000  0.1722613942984022E+000 -0.3426860935178342E-001  0.1063994407915747E-002
 0.8441666700000000E+000  0.1242193000000000E+001 -0.1623198312407275E+000  0.1523698657068897E+000  0.1607076999054560E+000 -0.3080068825195953E-001  0.7518459770733483E-003
 0.8533333300000000E+000  0.1242193000000000E+001 -0.1511156483325422E+000  0.1424252682699287E+000  0.1497187468620469E+000 -0.2756652547094317E-001  0.5172946719236910E-003
 0.8622222200000000E+000  0.1242193000000000E+001 -0.1404765678399853E+000  0.1329135174025046E+000  0.1392696084798978E+000 -0.2456299813616774E-001  0.3453779363704011E-003
 0.8708333300000000E+000  0.1242193000000000E+001 -0.1303764483857638E+000  0.1238195383472047E+000  0.1293368681078252E+000 -0.2178553423915187E-001  0.2228879232245832E-003
 0.8791666700000000E+000  0.1242193000000000E+001 -0.1207908397683479E+000  0.1151292574624302E+000  0.1198984998493507E+000 -0.1922828400986206E-001  0.1383921267166712E-003
 0.8872222200000000E+000  0.1242193000000000E+001 -0.1116969406603477E+000  0.1068295805984415E+000  0.1109338645042648E+000 -0.1688431390397404E-001  0.8222724390280716E-004
 0.8950000000000000E+000  0.1242193000000000E+001 -0.1030734240171635E+000  0.9890825234132139E-001  0.1024235690899403E+000 -0.1474575295733655E-001  0.4645321209944391E-004
 0.9025000000000000E+000  0.1242193000000000E+001 -0.9490042755919929E-001  0.9135386611758720E-001  0.9434948392376286E-001 -0.1280396994896649E-001  0.2476284243213103E-004
 0.9097222200000000E+000  0.1242193000000000E+001 -0.8715942459700705E-001  0.8415576596623396E-001  0.8669463766281041E-001 -0.1104970698695763E-001  0.1234254734143997E-004
 0.9166666700000000E+000  0.1242193000000000E+001 -0.7983314612292187E-001  0.7730399528836955E-001  0.7944315946617415E-001 -0.9473214846687204E-002  0.5689135195913679E-005
 0.9233333300000000E+000  0.1242193000000000E+001 -0.7290554874151568E-001  0.7078928916757288E-001  0.7258026385346940E-001 -0.8064385879571758E-002  0.2392846459744292E-005
 0.9297222200000000E+000  0.1242193000000000E+001 -0.6636167161879469E-001  0.6460296287963212E-001  0.6609212343386318E-001 -0.6812852339868305E-002  0.9034186989098920E-006
 0.9358333300000000E+000  0.1242193000000000E+001 -0.6018764429372228E-001  0.5873694187566218E-001  0.5996588915125901E-001 -0.5708105674866838E-002  0.3000304506347708E-006
 0.9416666700000000E+000  0.1242193000000000E+001 -0.5437057380303647E-001  0.5318367810160198E-001  0.5418958939389332E-001 -0.4739581228760161E-002  0.8545702326588818E-007
 0.9472222200000000E+000  0.1242193000000000E+001 -0.4889853752847851E-001  0.4793616607612792E-001  0.4875213260108936E-001 -0.3896753143103506E-002  0.2021911089376527E-007
 0.9525000000000000E+000  0.1242193000000000E+001 -0.4376046003037751E-001  0.4298784766623313E-001  0.4364319349684022E-001 -0.3169201192227476E-002  0.3815314218911050E-008
 0.9575000000000000E+000  0.1242193000000000E+001 -0.3894613217849697E-001  0.3833265230093434E-001  0.3885323964670781E-001 -0.2546692297171101E-002  0.5452268666056061E-009
 0.9622222200000000E+000  0.1242193000000000E+001 -0.3444612491719496E-001  0.3396493545973596E-001  0.3437345244075270E-001 -0.2019237861467213E-002  0.5547247492923677E-010
 0.9666666700000000E+000  0.1242193000000000E+001 -0.3025174631482493E-001  0.2987945753366695E-001  0.3019569026611580E-001 -0.1577151508304538E-002  0.3848240176414524E-011
 0.9708333300000000E+000  0.1242193000000000E+001 -0.2635503888055826E-001  0.2607140108937663E-001  0.2631249112211649E-001 -0.1211104086239171E-002  0.2091819990996100E-012
 0.9747222200000000E+000  0.1242193000000000E+001 -0.2274867638669613E-001  0.2253628904494639E-001  0.2271697450430474E-001 -0.9121627163660266E-003  0.1363012974556225E-013
 0.9783333300000000E+000  0.1242193000000000E+001 -0.1942599510746830E-001  0.1927003284652358E-001  0.1940287665783155E-001 -0.6718379785590687E-003  0.8086082670335163E-015
 0.9816666700000000E+000  0.1242193000000000E+001 -0.1638091557763497E-001  0.1626887249155737E-001  0.1636447624504983E-001 -0.4821159818543525E-003  0.2275578540704838E-016
 0.9847222200000000E+000  0.1242193000000000E+001 -0.1360795948877465E-001  0.1352940869255650E-001  0.1359661444320190E-001 -0.3354935530557112E-003  0.1012478250830362E-017
 0.9875000000000000E+000  0.1242193000000000E+001 -0.1110215951646869E-001  0.1104852827659968E-001  0.1109460781733980E-001 -0.2250027832163891E-003 -0.7544793522195544E-018
 0.9900000000000000E+000  0.1242193000000000E+001 -0.8859099122557753E-002  0.8823456554275138E-002  0.8854290552402685E-002 -0.1442394715046962E-003  0.1201280540105594E-017
 0.9922222200000000E+000  0.1242193000000000E+001 -0.6874854755110672E-002  0.6851712038673977E-002  0.6871958952532929E-002 -0.8738284643170937E-004 -0.1535056625738089E-017
 0.9941666700000000E+000  0.1242193000000000E+001 -0.5145976983139019E-002  0.5131098808893396E-002  0.5144354496921298E-002 -0.4921475785266010E-004 -0.3215298637283363E-018
 0.9958333300000000E+000  0.1242193000000000E+001 -0.3669509213832910E-002  0.3659733061862644E-002  0.3668684195692435E-002 -0.2513658725936085E-004  0.7914813075928198E-018
 0.9972222200000000E+000  0.1242193000000000E+001 -0.2442910956891374E-002  0.2436035565367679E-002  0.2442545308142475E-002 -0.1118174692714868E-004  0.2823888302730588E-018
 0.9983333300000000E+000  0.1242193000000000E+001 -0.1464107515701976E-002  0.1458598579483090E-002  0.1463976176183340E-002 -0.4028286656576407E-005  0.1153747817215559E-018
 0.9991666700000000E+000  0.1242193000000000E+001 -0.7314354756495025E-003  0.7273998713791891E-003  0.7314026961888647E-003 -0.1007591874029336E-005  0.1806829136679808E-017
 0.9997222200000000E+000  0.1242193000000000E+001 -0.2436785567011477E-003  0.2411390658552130E-003  0.2436749185186626E-003 -0.1119966781137593E-006 -0.8706358198332349E-018
 0.1000000000000000E+001  0.1242193000000000E+001 -0.4496597218951259E-027  0.7421019919254657E-027 -0.1473061050097472E-027  0.3020593025643717E-039 -0.9471801142751824E-040

 0.0000000000000000E+000  0.1289136300000000E+001 -0.1939936753474685E+001  0.1539748497447311E+001  0.1546542965869971E+001 -0.6792412197764048E-002  0.1449695180771142E-001
 0.2777777800000000E-003  0.1289136300000000E+001 -0.1939927963323157E+001  0.1539745263061324E+001  0.1546534003197438E+001 -0.6792105870120703E-002  0.1450807326530229E-001
 0.8333333300000000E-003  0.1289136300000000E+001 -0.1939858048224371E+001  0.1539719479731438E+001  0.1546462705149102E+001 -0.6789734288812177E-002  0.1459700003954821E-001
 0.1666666700000000E-002  0.1289136300000000E+001 -0.1939628023551829E+001  0.1539633910880271E+001  0.1546227989544432E+001 -0.6782754719958021E-002  0.1489572567622215E-001
 0.2777777800000000E-002  0.1289136300000000E+001 -0.1939118097587454E+001  0.1539440021121769E+001  0.1545706828898274E+001 -0.6772100747160781E-002  0.1559377914245455E-001
 0.4166666700000000E-002  0.1289136300000000E+001 -0.1938247121863233E+001  0.1539094188745990E+001  0.1544813507547713E+001 -0.6771636188318920E-002  0.1691652840885728E-001
 0.5833333300000000E-002  0.1289136300000000E+001 -0.1937042841382604E+001  0.1538580124062846E+001  0.1543569525473723E+001 -0.6818140357895618E-002  0.1908705151646063E-001
 0.7777777800000000E-002  0.1289136300000000E+001 -0.1935655993099652E+001  0.1537921536496885E+001  0.1542117247865205E+001 -0.6969387837676777E-002  0.2228301813961302E-001
 0.1000000000000000E-001  0.1289136300000000E+001 -0.1934287696651852E+001  0.1537171309960219E+001  0.1540646907655019E+001 -0.7285367244683200E-002  0.2661022590197913E-001
 0.1250000000000000E-001  0.1289136300000000E+001 -0.1933097437343195E+001  0.1536386000534222E+001  0.1539304425083388E+001 -0.7807329765713258E-002  0.3210470535951105E-001
 0.1527777800000000E-001  0.1289136300000000E+001 -0.1932167019951684E+001  0.1535606530404296E+001  0.1538155438430587E+001 -0.8551061881972770E-002  0.3875463891118973E-001
 0.1833333300000000E-001  0.1289136300000000E+001 -0.1931518071095929E+001  0.1534853479227366E+001  0.1537203003636165E+001 -0.9513541981255962E-002  0.4652511993125878E-001
 0.2166666700000000E-001  0.1289136300000000E+001 -0.1931143353225617E+001  0.1534131562816182E+001  0.1536419104722043E+001 -0.1068294355069578E-001  0.5537566569680465E-001
 0.2527777800000000E-001  0.1289136300000000E+001 -0.1931028917876123E+001  0.1533436029823910E+001  0.1535766959501037E+001 -0.1204573489845717E-001  0.6526919265164623E-001
 0.2916666700000000E-001  0.1289136300000000E+001 -0.1931164578692197E+001  0.1532757467600055E+001  0.1535211613831369E+001 -0.1359008595056324E-001  0.7617516326016743E-001
 0.3333333300000000E-001  0.1289136300000000E+001 -0.1931547106129224E+001  0.1532084499355574E+001  0.1534723268195171E+001 -0.1530688384228142E-001  0.8806961415590731E-001
 0.3777777800000000E-001  0.1289136300000000E+001 -0.1932180076614613E+001  0.1531404921136863E+001  0.1534277308308636E+001 -0.1718963784057080E-001  0.1009338921382624E+000
 0.4250000000000000E-001  0.1289136300000000E+001 -0.1933072497848343E+001  0.1530705900977029E+001  0.1533853207329346E+001 -0.1923400107651967E-001  0.1147529111212075E+000
 0.4750000000000000E-001  0.1289136300000000E+001 -0.1934237082463601E+001  0.1529973646711862E+001  0.1533433210993498E+001 -0.2143724802104820E-001  0.1295133468009619E+000
 0.5277777800000000E-001  0.1289136300000000E+001 -0.1935688412643489E+001  0.1529192763386634E+001  0.1533001107057234E+001 -0.2379781102077482E-001  0.1452017735061883E+000
 0.5833333300000000E-001  0.1289136300000000E+001 -0.1937440976843493E+001  0.1528345390162076E+001  0.1532541123428818E+001 -0.2631490387393500E-001  0.1618027422429557E+000
 0.6416666700000000E-001  0.1289136300000000E+001 -0.1939506952317293E+001  0.1527410138628337E+001  0.1532036912585494E+001 -0.2898822177788639E-001  0.1792967036678580E+000
 0.7027777800000000E-001  0.1289136300000000E+001 -0.1941893553059288E+001  0.1526360819272521E+001  0.1531470556457609E+001 -0.3181769210243551E-001  0.1976576090207671E+000
 0.7666666699999999E-001  0.1289136300000000E+001 -0.1944599745551674E+001  0.1525164917531674E+001  0.1530821519283805E+001 -0.3480326974992087E-001  0.2168501269706535E+000
 0.8333333300000000E-001  0.1289136300000000E+001 -0.1947612089820916E+001  0.1523781780944942E+001  0.1530065481944737E+001 -0.3794475110879476E-001  0.2368262512853007E+000
 0.9027777800000000E-001  0.1289136300000000E+001 -0.1950899455491697E+001  0.1522160472138472E+001  0.1529172988737816E+001 -0.4124160627171742E-001  0.2575212135442329E+000
 0.9750000000000000E-001  0.1289136300000000E+001 -0.1954406331899072E+001  0.1520237262621940E+001  0.1528107843826666E+001 -0.4469281191460191E-001  0.2788484918448578E+000
 0.1050000000000000E+000  0.1289136300000000E+001 -0.1958044491023238E+001  0.1517932760361290E+001  0.1526825193575290E+001 -0.4829669245486538E-001  0.3006938846347795E+000
 0.1127777800000000E+000  0.1289136300000000E+001 -0.1961682822377974E+001  0.1515148726563888E+001  0.1525269248599374E+001 -0.5205075623790372E-001  0.3229085536285964E+000
 0.1208333300000000E+000  0.1289136300000000E+001 -0.1965135367310124E+001  0.1511764723215541E+001  0.1523370625858513E+001 -0.5595152524437476E-001  0.3453011647896377E+000
 0.1291666700000000E+000  0.1289136300000000E+001 -0.1968147991465841E+001  0.1507634835481780E+001  0.1521043325962421E+001 -0.5999439174655599E-001  0.3676297153613471E+000
 0.1377777800000000E+000  0.1289136300000000E+001 -0.1970384684661551E+001  0.1502585006959374E+001  0.1518181510978896E+001 -0.6417342394680078E-001  0.3895934202400508E+000
 0.1466666700000000E+000  0.1289136300000000E+001 -0.1971415621530569E+001  0.1496411588034707E+001  0.1514656291523620E+001 -0.6848124667886316E-001  0.4108267859384973E+000
 0.1558333300000000E+000  0.1289136300000000E+001 -0.1970710193832353E+001  0.1488882210750158E+001  0.1510313077095560E+001 -0.7290887547817994E-001  0.4308973489836206E+000
 0.1652777800000000E+000  0.1289136300000000E+001 -0.1967639724343761E+001  0.1479740075780450E+001  0.1504970162516676E+001 -0.7744561433195528E-001  0.4493105366366371E+000
 0.1750000000000000E+000  0.1289136300000000E+001 -0.1961495388040014E+001  0.1468713059759012E+001  0.1498419648463244E+001 -0.8207891325742186E-001  0.4655243956021938E+000
 0.1850000000000000E+000  0.1289136300000000E+001 -0.1951526280440447E+001  0.1455528294416506E+001  0.1490431702879760E+001 -0.8679431183726755E-001  0.4789774382970038E+000
 0.1952777800000000E+000  0.1289136300000000E+001 -0.1936999640872235E+001  0.1439932375574741E+001  0.1480763270008490E+001 -0.9157534824223648E-001  0.4891297790708526E+000
 0.2058333300000000E+000  0.1289136300000000E+001 -0.1917279157067461E+001  0.1421715462219302E+001  0.1469171495753366E+001 -0.9640350691136340E-001  0.4955148911324102E+000
 0.2166666700000000E+000  0.1289136300000000E+001 -0.1891909293738281E+001  0.1400735793412272E+001  0.1455431035563286E+001 -0.1012582064840210E+000  0.4977942841485130E+000
 0.2277777800000000E+000  0.1289136300000000E+001 -0.1860687460409086E+001  0.1376940139589212E+001  0.1439353231451917E+001 -0.1061167659485959E+000  0.4958037524374466E+000
 0.2391666700000000E+000  0.1289136300000000E+001 -0.1823704025139556E+001  0.1350374962434107E+001  0.1420803577590680E+001 -0.1109544684576398E+000  0.4895796132306250E+000
 0.2508333300000000E+000  0.1289136300000000E+001 -0.1781338280933891E+001  0.1321185745297005E+001  0.1399714330162435E+001 -0.1157446075439617E+000  0.4793573335379501E+000
 0.2627777800000000E+000  0.1289136300000000E+001 -0.1734210264870104E+001  0.1289604041348089E+001  0.1376089513295732E+001 -0.1204586063298169E+000  0.4655425840752847E+000
 0.2750000000000000E+000  0.1289136300000000E+001 -0.1683102523563503E+001  0.1255925808568175E+001  0.1350002118904358E+001 -0.1250661045764868E+000  0.4486625042275147E+000
 0.2875000000000000E+000  0.1289136300000000E+001 -0.1628871044339917E+001  0.1220485218215752E+001  0.1321584368099485E+001 -0.1295351038011990E+000  0.4293088358151504E+000
 0.3002777800000000E+000  0.1289136300000000E+001 -0.1572365161205532E+001  0.1183629450800463E+001  0.1291014084510517E+001 -0.1338320593009576E+000  0.4080847098474142E+000
 0.3133333300000000E+000  0.1289136300000000E+001 -0.1514367724681964E+001  0.1145697610794324E+001  0.1258499708503543E+001 -0.1379219783481182E+000  0.3855626872163103E+000
 0.3266666700000000E+000  0.1289136300000000E+001 -0.1455559090129172E+001  0.1107005408144591E+001  0.1224266184219337E+001 -0.1417685269880397E+000  0.3622570096565136E+000
 0.3402777800000000E+000  0.1289136300000000E+001 -0.1396502973545170E+001  0.1067836113410012E+001  0.1188543480775587E+001 -0.1453341159938472E+000  0.3386095167802305E+000
 0.3541666700000000E+000  0.1289136300000000E+001 -0.1337647408142421E+001  0.1028436136646872E+001  0.1151557642857870E+001 -0.1485800607160107E+000  0.3149858944258590E+000
 0.3683333300000000E+000  0.1289136300000000E+001 -0.1279335874083206E+001  0.9890146692056876E+000  0.1113524946238917E+001 -0.1514667574363584E+000  0.2916792462974553E+000
 0.3827777800000000E+000  0.1289136300000000E+001 -0.1221822627978636E+001  0.9497454676639140E+000  0.1074648167860327E+001 -0.1539539526090504E+000  0.2689175395588094E+000
 0.3975000000000000E+000  0.1289136300000000E+001 -0.1165289652907889E+001  0.9107703385041790E+000  0.1035115012147827E+001 -0.1560010704860302E+000  0.2468729860488427E+000
 0.4125000000000000E+000  0.1289136300000000E+001 -0.1109862077701635E+001  0.8722028361019564E+000  0.9950974697628637E+000 -0.1575676609531056E+000  0.2256714238943136E+000
 0.4277777800000000E+000  0.1289136300000000E+001 -0.1055622040039523E+001  0.8341323542310927E+000  0.9547523343908823E+000 -0.1586139290902411E+000  0.2054012291961307E+000
 0.4433333300000000E+000  0.1289136300000000E+001 -0.1002620038237662E+001  0.7966278958097005E+000  0.9142221256552534E+000 -0.1591013800203587E+000  0.1861210964392096E+000
 0.4591666700000000E+000  0.1289136300000000E+001 -0.9508838643764994E+000  0.7597413868212168E+000  0.8736361708157517E+000 -0.1589935700667151E+000  0.1678665815937558E+000
 0.4752777800000000E+000  0.1289136300000000E+001 -0.9004258638285956E+000  0.7235108275582610E+000  0.8331120580400293E+000 -0.1582569597330849E+000  0.1506556203991080E+000
 0.4916666700000000E+000  0.1289136300000000E+001 -0.8512480018318103E+000  0.6879626828458694E+000  0.7927566991347920E+000 -0.1568618644117421E+000  0.1344928368030197E+000
 0.5083333300000000E+000  0.1289136300000000E+001 -0.8033459161319838E+000  0.6531141498948424E+000  0.7526675995986633E+000 -0.1547834886427150E+000  0.1193730934358559E+000
 0.5247222200000000E+000  0.1289136300000000E+001 -0.7582086708935285E+000  0.6200741566096185E+000  0.7142198003297862E+000 -0.1521046529522849E+000  0.1057264352152580E+000
 0.5408333300000000E+000  0.1289136300000000E+001 -0.7156403612230868E+000  0.5887288857257426E+000  0.6773909599198232E+000 -0.1488756227264132E+000  0.9342175687561780E-001
 0.5566666700000000E+000  0.1289136300000000E+001 -0.6754631219091493E+000  0.5589707944825516E+000  0.6421487200952468E+000 -0.1451492227685360E+000  0.8233868039332128E-001
 0.5722222200000000E+000  0.1289136300000000E+001 -0.6375155723140549E+000  0.5306992577328190E+000  0.6084536560135171E+000 -0.1409800474306165E+000  0.7236745960124218E-001
 0.5875000000000000E+000  0.1289136300000000E+001 -0.6016508710097523E+000  0.5038205509621944E+000  0.5762612368476214E+000 -0.1364236497527648E+000  0.6340837676197225E-001
 0.6025000000000000E+000  0.1289136300000000E+001 -0.5677351983474227E+000  0.4782478293536743E+000  0.5455235682784442E+000 -0.1315357925337375E+000  0.5537102498145399E-001
 0.6172222200000000E+000  0.1289136300000000E+001 -0.5356461225595021E+000  0.4539007528759365E+000  0.5161905106311871E+000 -0.1263717152309406E+000  0.4817343794458437E-001
 0.6316666700000000E+000  0.1289136300000000E+001 -0.5052712502280448E+000  0.4307051065369086E+000  0.4882106046200344E+000 -0.1209854688738554E+000  0.4174124227442021E-001
 0.6458333300000000E+000  0.1289136300000000E+001 -0.4765071376452618E+000  0.4085924462313422E+000  0.4615318615698750E+000 -0.1154293378232459E+000  0.3600686016838658E-001
 0.6597222200000000E+000  0.1289136300000000E+001 -0.4492581421591819E+000  0.3874995623330649E+000  0.4361021853052869E+000 -0.1097532983122044E+000  0.3090872139650328E-001
 0.6733333300000000E+000  0.1289136300000000E+001 -0.4234357128184355E+000  0.3673681749481814E+000  0.4118699420991515E+000 -0.1040046137906091E+000  0.2639060142591687E-001
 0.6866666700000000E+000  0.1289136300000000E+001 -0.3989575667531656E+000  0.3481444616434765E+000  0.3887842125457321E+000 -0.9822746827525708E-001  0.2240098026089002E-001
 0.6997222200000000E+000  0.1289136300000000E+001 -0.3757471689223232E+000  0.3297787606379627E+000  0.3667951521622814E+000 -0.9246272457048638E-001  0.1889250507403916E-001
 0.7125000000000000E+000  0.1289136300000000E+001 -0.3537330832886054E+000  0.3122251283709794E+000  0.3458540866998568E+000 -0.8674771079848148E-001  0.1582148238326843E-001
 0.7250000000000000E+000  0.1289136300000000E+001 -0.3328486530799539E+000  0.2954411244131080E+000  0.3259138000179503E+000 -0.8111614279457646E-001  0.1314747187086290E-001
 0.7372222200000000E+000  0.1289136300000000E+001 -0.3130315460215752E+000  0.2793874676001231E+000  0.3069285967222203E+000 -0.7559806595153394E-001  0.1083290756106903E-001
 0.7491666700000000E+000  0.1289136300000000E+001 -0.2942234248376501E+000  0.2640277759791528E+000  0.2888544027059464E+000 -0.7021987448295298E-001  0.8842785520633799E-002
 0.7608333300000000E+000  0.1289136300000000E+001 -0.2763697192936930E+000  0.2493283802740338E+000  0.2716488965455652E+000 -0.6500440037623781E-001  0.7144407502673488E-002
 0.7722222200000000E+000  0.1289136300000000E+001 -0.2594192604005613E+000  0.2352580186994598E+000  0.2552714526358412E+000 -0.5997099601851815E-001  0.5707154711145318E-002
 0.7833333300000000E+000  0.1289136300000000E+001 -0.2433241594576545E+000  0.2217877298236830E+000  0.2396832735489053E+000 -0.5513571444700942E-001  0.4502328273566134E-002
 0.7941666700000000E+000  0.1289136300000000E+001 -0.2280395257587892E+000  0.2088906119933396E+000  0.2248473281113958E+000 -0.5051146306358518E-001  0.3503014241597188E-002
 0.8047222200000000E+000  0.1289136300000000E+001 -0.2135233498811392E+000  0.1965417212914335E+000  0.2107284168869471E+000 -0.4610822076099787E-001  0.2683999780034650E-002
 0.8149999999999999E+000  0.1289136300000000E+001 -0.1997362328692913E+000  0.1847178407871838E+000  0.1972930604304998E+000 -0.4193321724465141E-001  0.2021714193659384E-002
 0.8250000000000000E+000  0.1289136300000000E+001 -0.1866413233711285E+000  0.1733974276831578E+000  0.1845095661000233E+000 -0.3799117909657384E-001  0.1494213954075753E-002
 0.8347222200000000E+000  0.1289136300000000E+001 -0.1742041133474281E+000  0.1625604423460710E+000  0.1723479373865940E+000 -0.3428453249207868E-001  0.1081185916124043E-002
 0.8441666700000000E+000  0.1289136300000000E+001 -0.1623923003496960E+000  0.1521882352996281E+000  0.1607798307611661E+000 -0.3081362226150594E-001  0.7639753960447268E-003
 0.8533333300000000E+000  0.1289136300000000E+001 -0.1511757065877362E+000  0.1422634861467948E+000  0.1497785535989990E+000 -0.2757694065821376E-001  0.5256284236646044E-003
 0.8622222200000000E+000  0.1289136300000000E+001 -0.1405260692051420E+000  0.1327700304688811E+000  0.1393189233734951E+000 -0.2457130951898924E-001  0.3509349162768010E-003
 0.8708333300000000E+000  0.1289136300000000E+001 -0.1304170109580593E+000  0.1236928469405930E+000  0.1293772929958901E+000 -0.2179210436595315E-001  0.2264698642941317E-003
 0.8791666700000000E+000  0.1289136300000000E+001 -0.1208238706881141E+000  0.1150179214797812E+000  0.1199314296388553E+000 -0.1923342641879399E-001  0.1406137634728959E-003
 0.8872222200000000E+000  0.1289136300000000E+001 -0.1117236589044349E+000  0.1067322241815929E+000  0.1109605089399232E+000 -0.1688829702901748E-001  0.8354594316631295E-004
 0.8950000000000000E+000  0.1289136300000000E+001 -0.1030948811283308E+000  0.9882356750045918E-001  0.1024449727352082E+000 -0.1474880427554961E-001  0.4719751469628750E-004
 0.9025000000000000E+000  0.1289136300000000E+001 -0.9491752657985367E-001  0.9128061518735503E-001  0.9436654454459581E-001 -0.1280628023456832E-001  0.2515927609160449E-004
 0.9097222200000000E+000  0.1289136300000000E+001 -0.8717293725634810E-001  0.8409278322165512E-001  0.8670812300685271E-001 -0.1105143452702623E-001  0.1253998996558020E-004
 0.9166666700000000E+000  0.1289136300000000E+001 -0.7984372844354011E-001  0.7725018776545335E-001  0.7945372256283631E-001 -0.9474489523281639E-002  0.5780079580382842E-005
 0.9233333300000000E+000  0.1289136300000000E+001 -0.7291375519655918E-001  0.7074363675041188E-001  0.7258845693791321E-001 -0.8065313041688948E-002  0.2431072844891124E-005
 0.9297222200000000E+000  0.1289136300000000E+001 -0.6636796790626349E-001  0.6456451789223631E-001  0.6609841054229132E-001 -0.6813516402078078E-002  0.9178424922240009E-006
 0.9358333300000000E+000  0.1289136300000000E+001 -0.6019241888470092E-001  0.5870482808502510E-001  0.5997065753084892E-001 -0.5708573413275903E-002  0.3048180656185792E-006
 0.9416666700000000E+000  0.1289136300000000E+001 -0.5437414831534779E-001  0.5315708935236521E-001  0.5419315976951419E-001 -0.4739904746538811E-002  0.8681998912978703E-007
 0.9472222200000000E+000  0.1289136300000000E+001 -0.4890117604201261E-001  0.4791436451145860E-001  0.4875476840803488E-001 -0.3896972501661896E-002  0.2054144126140624E-007
 0.9525000000000000E+000  0.1289136300000000E+001 -0.4376237740073869E-001  0.4297016170293053E-001  0.4364510913096595E-001 -0.3169346708236581E-002  0.3876112257975729E-008
 0.9575000000000000E+000  0.1289136300000000E+001 -0.3894750145137954E-001  0.3831847427850370E-001  0.3885460783020922E-001 -0.2546786520525416E-002  0.5539120046125607E-009
 0.9622222200000000E+000  0.1289136300000000E+001 -0.3444708389486422E-001  0.3395371910074512E-001  0.3437441075173311E-001 -0.2019297250658799E-002  0.5635585599956527E-010
 0.9666666700000000E+000  0.1289136300000000E+001 -0.3025240334959677E-001  0.2987071521017310E-001  0.3019634690424495E-001 -0.1577187827712554E-002  0.3909514765939931E-011
 0.9708333300000000E+000  0.1289136300000000E+001 -0.2635547795897474E-001  0.2606470090665830E-001  0.2631292997203386E-001 -0.1211125552045303E-002  0.2125131419541778E-012
 0.9747222200000000E+000  0.1289136300000000E+001 -0.2274896155618681E-001  0.2253125182614556E-001  0.2271725954694776E-001 -0.9121749190198588E-003  0.1384768448115183E-013
 0.9783333300000000E+000  0.1289136300000000E+001 -0.1942617430918059E-001  0.1926632896613446E-001  0.1940305579208872E-001 -0.6718446113664684E-003  0.8209041862529378E-015
 0.9816666700000000E+000  0.1289136300000000E+001 -0.1638102393114933E-001  0.1626621863493380E-001  0.1636458456445635E-001 -0.4821194037232480E-003  0.2389230681242749E-016
 0.9847222200000000E+000  0.1289136300000000E+001 -0.1360802208183486E-001  0.1352756451656307E-001  0.1359667702001823E-001 -0.3354952128498452E-003 -0.4122244190305405E-019
 0.9875000000000000E+000  0.1289136300000000E+001 -0.1110219374391570E-001  0.1104729302268168E-001  0.1109464203758968E-001 -0.2250035309051850E-003  0.9098078746001767E-018
 0.9900000000000000E+000  0.1289136300000000E+001 -0.8859116621646729E-002  0.8822665584664064E-002  0.8854308048573574E-002 -0.1442397791897101E-003 -0.1342867440328096E-017
 0.9922222200000000E+000  0.1289136300000000E+001 -0.6874862978005671E-002  0.6851233336192574E-002  0.6871967174369653E-002 -0.8738295949389307E-004  0.1686281881947153E-017
 0.9941666700000000E+000  0.1289136300000000E+001 -0.5145980448277667E-002  0.5130829435589999E-002  0.5144357961727740E-002 -0.4921479375449034E-004  0.6301287172615718E-019
 0.9958333300000000E+000  0.1289136300000000E+001 -0.3669510475433569E-002  0.3659595581520776E-002  0.3668685457207198E-002 -0.2513659663354437E-004  0.2849024932448503E-018
 0.9972222200000000E+000  0.1289136300000000E+001 -0.2442911330400968E-002  0.2435974446685404E-002  0.2442545681635188E-002 -0.1118174878353766E-004 -0.9465607312769699E-018
 0.9983333300000000E+000  0.1289136300000000E+001 -0.1464107596328958E-002  0.1458576572053277E-002  0.1463976256808143E-002 -0.4028286897650062E-005  0.3662352061150629E-018
 0.9991666700000000E+000  0.1289136300000000E+001 -0.7314354857228868E-003  0.7273943687197989E-003  0.7314027062621118E-003 -0.1007591889118521E-005 -0.1213767504397331E-018
 0.9997222200000000E+000  0.1289136300000000E+001 -0.2436785570741315E-003  0.2411384543692817E-003  0.2436749188916436E-003 -0.1119966783002581E-006 -0.4257053570288985E-017
 0.1000000000000000E+001  0.1289136300000000E+001  0.1713040657248536E-027  0.6233601029786308E-027  0.4073054523854124E-027 -0.6134664144290601E-039  0.9805744547894616E-041

 0.0000000000000000E+000  0.1332468600000000E+001 -0.1940017988867041E+001  0.1539667262340909E+001  0.1546620773691450E+001 -0.6792412197764048E-002  0.1466510132346900E-001
 0.2777777800000000E-003  0.1332468600000000E+001 -0.1940009126673903E+001  0.1539664083246991E+001  0.1546611731948274E+001 -0.6792105991148117E-002  0.1467635192773727E-001
 0.8333333300000000E-003  0.1332468600000000E+001 -0.1939938640250480E+001  0.1539638739823537E+001  0.1546539806176327E+001 -0.6789735358266948E-002  0.1476631136658100E-001
 0.1666666700000000E-002  0.1332468600000000E+001 -0.1939706758470165E+001  0.1539554620332344E+001  0.1546303041468959E+001 -0.6782758742422766E-002  0.1506850612590238E-001
 0.2777777800000000E-002  0.1332468600000000E+001 -0.1939192845770077E+001  0.1539363955922300E+001  0.1545777430191572E+001 -0.6772110419436843E-002  0.1577466714189447E-001
 0.4166666700000000E-002  0.1332468600000000E+001 -0.1938315522912664E+001  0.1539023678020815E+001  0.1544876824045761E+001 -0.6771652757029529E-002  0.1711278355085028E-001
 0.5833333300000000E-002  0.1332468600000000E+001 -0.1937103636763660E+001  0.1538517416219054E+001  0.1543623531159359E+001 -0.6818161138582445E-002  0.1930853541346400E-001
 0.7777777800000000E-002  0.1332468600000000E+001 -0.1935710336021972E+001  0.1537868090910479E+001  0.1542161912915651E+001 -0.6969406772623294E-002  0.2254168195040487E-001
 0.1000000000000000E-001  0.1332468600000000E+001 -0.1934339500097280E+001  0.1537127565424837E+001  0.1540684404269998E+001 -0.7285378890999886E-002  0.2691930089861637E-001
 0.1250000000000000E-001  0.1332468600000000E+001 -0.1933152780692072E+001  0.1536351763270056E+001  0.1539338388226849E+001 -0.7807332656674272E-002  0.3247793077819512E-001
 0.1527777800000000E-001  0.1332468600000000E+001 -0.1932233417196386E+001  0.1535581620725222E+001  0.1538190095246351E+001 -0.8551058999290196E-002  0.3920575925540546E-001
 0.1833333300000000E-001  0.1332468600000000E+001 -0.1931604141456412E+001  0.1534838259181682E+001  0.1537242712115215E+001 -0.9513539874506019E-002  0.4706768678028911E-001
 0.2166666700000000E-001  0.1332468600000000E+001 -0.1931258895326458E+001  0.1534127232144295E+001  0.1536468295813356E+001 -0.1068295189552929E-001  0.5602306225980862E-001
 0.2527777800000000E-001  0.1332468600000000E+001 -0.1931185194243746E+001  0.1533444752244097E+001  0.1535830281356259E+001 -0.1204576695689094E-001  0.6603478472618712E-001
 0.2916666700000000E-001  0.1332468600000000E+001 -0.1931374668812502E+001  0.1532782416998289E+001  0.1535294129427859E+001 -0.1359015973176323E-001  0.7707251213762439E-001
 0.3333333300000000E-001  0.1332468600000000E+001 -0.1931826271082424E+001  0.1532129884391857E+001  0.1534830643769361E+001 -0.1530702373011557E-001  0.8911271882156159E-001
 0.3777777800000000E-001  0.1332468600000000E+001 -0.1932546126896450E+001  0.1531476015578568E+001  0.1534415979125548E+001 -0.1718987657627013E-001  0.1021374496177669E+000
 0.4250000000000000E-001  0.1332468600000000E+001 -0.1933546173313120E+001  0.1530809088796154E+001  0.1534030525073013E+001 -0.1923438207057118E-001  0.1161325933732414E+000
 0.4750000000000000E-001  0.1332468600000000E+001 -0.1934842457022603E+001  0.1530116482800281E+001  0.1533657580627694E+001 -0.2143782800379575E-001  0.1310860973617718E+000
 0.5277777800000000E-001  0.1332468600000000E+001 -0.1936453334024942E+001  0.1529384047222222E+001  0.1533282119464356E+001 -0.2379866304535161E-001  0.1469861266076677E+000
 0.5833333300000000E-001  0.1332468600000000E+001 -0.1938397548333845E+001  0.1528595248252142E+001  0.1532889687868038E+001 -0.2631612067480559E-001  0.1638191660058147E+000
 0.6416666700000000E-001  0.1332468600000000E+001 -0.1940692058502788E+001  0.1527730110198876E+001  0.1532465390721708E+001 -0.2898991946907996E-001  0.1815679656931016E+000
 0.7027777800000000E-001  0.1332468600000000E+001 -0.1943349423813222E+001  0.1526763937476822E+001  0.1531992897230404E+001 -0.3182001417170934E-001  0.2002091568052068E+000
 0.7666666699999999E-001  0.1332468600000000E+001 -0.1946374542449002E+001  0.1525665775557065E+001  0.1531453391640617E+001 -0.3480639127297694E-001  0.2197104687136383E+000
 0.8333333300000000E-001  0.1332468600000000E+001 -0.1949760481296871E+001  0.1524396567332859E+001  0.1530824398847795E+001 -0.3794888306453916E-001  0.2400273098237699E+000
 0.9027777800000000E-001  0.1332468600000000E+001 -0.1953483122454259E+001  0.1522906953141440E+001  0.1530078411716910E+001 -0.4124699979462033E-001  0.2610986102115673E+000
 0.9750000000000000E-001  0.1332468600000000E+001 -0.1957494306760225E+001  0.1521134679874806E+001  0.1529181250726188E+001 -0.4469976226714388E-001  0.2828416921166590E+000
 0.1050000000000000E+000  0.1332468600000000E+001 -0.1961713181508377E+001  0.1519001600818892E+001  0.1528090084057390E+001 -0.4830554246023358E-001  0.3051461065294942E+000
 0.1127777800000000E+000  0.1332468600000000E+001 -0.1966015499146176E+001  0.1516410307284684E+001  0.1526751050029447E+001 -0.5206189887494856E-001  0.3278662974827813E+000
 0.1208333300000000E+000  0.1332468600000000E+001 -0.1970220806298663E+001  0.1513240518863466E+001  0.1525096447468473E+001 -0.5596540509380733E-001  0.3508131747445112E+000
 0.1291666700000000E+000  0.1332468600000000E+001 -0.1974077874650676E+001  0.1509345466972018E+001  0.1523041494500571E+001 -0.6001150502768655E-001  0.3737451405316988E+000
 0.1377777800000000E+000  0.1332468600000000E+001 -0.1977249274514388E+001  0.1504548804600034E+001  0.1520480799791635E+001 -0.6419431689555086E-001  0.3963589032806175E+000
 0.1466666700000000E+000  0.1332468600000000E+001 -0.1979297250714917E+001  0.1498642671443847E+001  0.1517284753608308E+001 -0.6850651220900401E-001  0.4182822458018689E+000
 0.1558333300000000E+000  0.1332468600000000E+001 -0.1979674248361489E+001  0.1491388081676134E+001  0.1513296393092124E+001 -0.7293914806141093E-001  0.4390703253988059E+000
 0.1652777800000000E+000  0.1332468600000000E+001 -0.1977723251847803E+001  0.1482518842548189E+001  0.1508329465079589E+001 -0.7748156313489778E-001  0.4582092527618366E+000
 0.1750000000000000E+000  0.1332468600000000E+001 -0.1972694217673331E+001  0.1471750582830190E+001  0.1502168871257570E+001 -0.8212123330723585E-001  0.4751301400650114E+000
 0.1850000000000000E+000  0.1332468600000000E+001 -0.1963782654883373E+001  0.1458795764366245E+001  0.1494574667993469E+001 -0.8684371279499448E-001  0.4892374981445714E+000
 0.1952777800000000E+000  0.1332468600000000E+001 -0.1950193417748026E+001  0.1443385006895785E+001  0.1485290914904028E+001 -0.9163253982955659E-001  0.4999527151577177E+000
 0.2058333300000000E+000  0.1332468600000000E+001 -0.1931226143918037E+001  0.1425293018029248E+001  0.1474059822806301E+001 -0.9646918001973961E-001  0.5067701747731130E+000
 0.2166666700000000E+000  0.1332468600000000E+001 -0.1906369472264577E+001  0.1404365413381943E+001  0.1460640418806858E+001 -0.1013330096115339E+000  0.5093177959225957E+000
 0.2277777800000000E+000  0.1332468600000000E+001 -0.1875383472718831E+001  0.1380541410383513E+001  0.1444829542604271E+001 -0.1062012779500374E+000  0.5074092688468755E+000
 0.2391666700000000E+000  0.1332468600000000E+001 -0.1838347029739406E+001  0.1353866502328049E+001  0.1426481204085638E+001 -0.1110491706821690E+000  0.5010745717188785E+000
 0.2508333300000000E+000  0.1332468600000000E+001 -0.1795655608147037E+001  0.1324492058903721E+001  0.1405520648520793E+001 -0.1158498595208552E+000  0.4905596722999691E+000
 0.2627777800000000E+000  0.1332468600000000E+001 -0.1747968723794391E+001  0.1292661307577645E+001  0.1381949997068300E+001 -0.1205746291254307E+000  0.4762951163875750E+000
 0.2750000000000000E+000  0.1332468600000000E+001 -0.1696123015052115E+001  0.1258685642904530E+001  0.1355845152856026E+001 -0.1251929738624916E+000  0.4588422678555478E+000
 0.2875000000000000E+000  0.1332468600000000E+001 -0.1641033231851401E+001  0.1222916085886579E+001  0.1327345042792943E+001 -0.1296727522092176E+000  0.4388305763847489E+000
 0.3002777800000000E+000  0.1332468600000000E+001 -0.1583603776340093E+001  0.1185716013645875E+001  0.1296636616731321E+001 -0.1339802851510490E+000  0.4168992753911670E+000
 0.3133333300000000E+000  0.1332468600000000E+001 -0.1524663569369780E+001  0.1147438642218588E+001  0.1263938503019962E+001 -0.1380804569794469E+000  0.3936520169873585E+000
 0.3266666700000000E+000  0.1332468600000000E+001 -0.1464927883950652E+001  0.1108410981689904E+001  0.1229485796682727E+001 -0.1419368212353426E+000  0.3696275318139513E+000
 0.3402777800000000E+000  0.1332468600000000E+001 -0.1404984430738715E+001  0.1068924651025642E+001  0.1193517839520210E+001 -0.1455116833847312E+000  0.3452854010059992E+000
 0.3541666700000000E+000  0.1332468600000000E+001 -0.1345295897773306E+001  0.1029231696323535E+001  0.1156268865802799E+001 -0.1487662565169240E+000  0.3210030419778694E+000
 0.3683333300000000E+000  0.1332468600000000E+001 -0.1286213183895605E+001  0.9895446687876224E+000  0.1117962017664030E+001 -0.1516608336412753E+000  0.2970804229632448E+000
 0.3827777800000000E+000  0.1332468600000000E+001 -0.1227992788052721E+001  0.9500388973417029E+000  0.1078805647656238E+001 -0.1541550539140515E+000  0.2737487068844974E+000
 0.3975000000000000E+000  0.1332468600000000E+001 -0.1170815513558817E+001  0.9108564352453928E+000  0.1038991877715518E+001 -0.1562082286093921E+000  0.2511807093556249E+000
 0.4125000000000000E+000  0.1332468600000000E+001 -0.1114803237368690E+001  0.8721101487993249E+000  0.9986961300113426E+000 -0.1577797889876251E+000  0.2295011495023075E+000
 0.4277777800000000E+000  0.1332468600000000E+001 -0.1060033751671483E+001  0.8338881214795365E+000  0.9580778244974590E+000 -0.1588298174682001E+000  0.2087962256757535E+000
 0.4433333300000000E+000  0.1332468600000000E+001 -0.1006552779431810E+001  0.7962576600189200E+000  0.9172814683727197E+000 -0.1593196956771677E+000  0.1891218734395944E+000
 0.4591666700000000E+000  0.1332468600000000E+001 -0.9543833318755827E+000  0.7592687802876513E+000  0.8764378810175347E+000 -0.1592128602296732E+000  0.1705106370983795E+000
 0.4752777800000000E+000  0.1332468600000000E+001 -0.9035332239776778E+000  0.7229574802131618E+000  0.8356657670140835E+000 -0.1584756615583547E+000  0.1529774068849142E+000
 0.4916666700000000E+000  0.1332468600000000E+001 -0.8540002748393251E+000  0.6873482117181408E+000  0.7950728718829679E+000 -0.1570783214761287E+000  0.1365238617098147E+000
 0.5083333300000000E+000  0.1332468600000000E+001 -0.8057764194341759E+000  0.6524562023832992E+000  0.7547573253422216E+000 -0.1549959749589833E+000  0.1211420998766279E+000
 0.5247222200000000E+000  0.1332468600000000E+001 -0.7603565158434119E+000  0.6193891592578951E+000  0.7161014406779429E+000 -0.1523116191686398E+000  0.1072669057025090E+000
 0.5408333300000000E+000  0.1332468600000000E+001 -0.7175389940707322E+000  0.5880302123031642E+000  0.6790817908230232E+000 -0.1490756737810366E+000  0.9476239958586863E-001
 0.5566666700000000E+000  0.1332468600000000E+001 -0.6771413651740484E+000  0.5582692684976951E+000  0.6436649315558791E+000 -0.1453411381401432E+000  0.8350422889308359E-001
 0.5722222200000000E+000  0.1332468600000000E+001 -0.6389984466175836E+000  0.5300035741396404E+000  0.6098103773569792E+000 -0.1411627961129359E+000  0.7337932831690293E-001
 0.5875000000000000E+000  0.1332468600000000E+001 -0.6029602422480853E+000  0.5031376285376755E+000  0.5774725740121941E+000 -0.1365963993879994E+000  0.6428519561308391E-001
 0.6025000000000000E+000  0.1332468600000000E+001 -0.5688902901739730E+000  0.4775831046583696E+000  0.5466026476668250E+000 -0.1316979126597937E+000  0.5612907657780933E-001
 0.6172222200000000E+000  0.1332468600000000E+001 -0.5366639230864139E+000  0.4532584255128719E+000  0.5171495245651323E+000 -0.1265227747946574E+000  0.4882701473379972E-001
 0.6316666700000000E+000  0.1332468600000000E+001 -0.5061668372753104E+000  0.4300883440132148E+000  0.4890608568871918E+000 -0.1211252285233390E+000  0.4230293931377359E-001
 0.6458333300000000E+000  0.1332468600000000E+001 -0.4772939412535490E+000  0.4080035552921875E+000  0.4622838124108171E+000 -0.1155577377169266E+000  0.3648781606489993E-001
 0.6597222200000000E+000  0.1332468600000000E+001 -0.4499481576886349E+000  0.3869401327417412E+000  0.4367654946925402E+000 -0.1098704422028029E+000  0.3131881666962148E-001
 0.6733333300000000E+000  0.1332468600000000E+001 -0.4240396766990324E+000  0.3668392002065026E+000  0.4124535122680644E+000 -0.1041107504141355E+000  0.2673862310294658E-001
 0.6866666700000000E+000  0.1332468600000000E+001 -0.3994851023484343E+000  0.3476464407919623E+000  0.3892962290130576E+000 -0.9832297088238613E-001  0.2269475840690878E-001
 0.6997222200000000E+000  0.1332468600000000E+001 -0.3762069096023585E+000  0.3293117841277732E+000  0.3672431239524906E+000 -0.9254806957486554E-001  0.1913902688289812E-001
 0.7125000000000000E+000  0.1332468600000000E+001 -0.3541327769342836E+000  0.3117889509151309E+000  0.3462448852234406E+000 -0.8682345626342833E-001  0.1602698748380707E-001
 0.7250000000000000E+000  0.1332468600000000E+001 -0.3331952525384758E+000  0.2950352266505600E+000  0.3262536973778077E+000 -0.8118290757765224E-001  0.1331753275077198E-001
 0.7372222200000000E+000  0.1332468600000000E+001 -0.3133312877920851E+000  0.2790111086126242E+000  0.3072233029113861E+000 -0.7565651000502434E-001  0.1097249744367199E-001
 0.7491666700000000E+000  0.1332468600000000E+001 -0.2944818984121484E+000  0.2636800380344440E+000  0.2891091019001488E+000 -0.7027068079531155E-001  0.8956336125693449E-002
 0.7608333300000000E+000  0.1332468600000000E+001 -0.2765919289404830E+000  0.2490082069126084E+000  0.2718682825570487E+000 -0.6504825889858108E-001  0.7235858639540296E-002
 0.7722222200000000E+000  0.1332468600000000E+001 -0.2596096803051803E+000  0.2349642474314695E+000  0.2554597631072004E+000 -0.6000858970459021E-001  0.5779997054854603E-002
 0.7833333300000000E+000  0.1332468600000000E+001 -0.2434867836665308E+000  0.2215191199351776E+000  0.2398443232571151E+000 -0.5516770757968029E-001  0.4559640948247695E-002
 0.7941666700000000E+000  0.1332468600000000E+001 -0.2281779133128457E+000  0.2086458684353064E+000  0.2249845409363178E+000 -0.5053849178844690E-001  0.3547498126265747E-002
 0.8047222200000000E+000  0.1332468600000000E+001 -0.2136406660019605E+000  0.1963195149974326E+000  0.2108448566266717E+000 -0.4613088579446250E-001  0.2718007673571958E-002
 0.8149999999999999E+000  0.1332468600000000E+001 -0.1998352863973249E+000  0.1845168261607129E+000  0.1973914601242721E+000 -0.4195207855676101E-001  0.2047278537803733E-002
 0.8250000000000000E+000  0.1332468600000000E+001 -0.1867246011293849E+000  0.1732162573489335E+000  0.1845923560863628E+000 -0.3800675244217401E-001  0.1513072982176983E-002
 0.8347222200000000E+000  0.1332468600000000E+001 -0.1742738115116666E+000  0.1623977797350321E+000  0.1724172718201361E+000 -0.3429728752884698E-001  0.1094808704399155E-002
 0.8441666700000000E+000  0.1332468600000000E+001 -0.1624503531752869E+000  0.1520427652570239E+000  0.1608376126403137E+000 -0.3082398204563881E-001  0.7735863325656895E-003
 0.8533333300000000E+000  0.1332468600000000E+001 -0.1512238127530734E+000  0.1421339237319180E+000  0.1498264583195834E+000 -0.2758528229501624E-001  0.5322314369254427E-003
 0.8622222200000000E+000  0.1332468600000000E+001 -0.1405657158358233E+000  0.1326551283462800E+000  0.1393584206723084E+000 -0.2457796571776238E-001  0.3553376088154004E-003
 0.8708333300000000E+000  0.1332468600000000E+001 -0.1304494956680532E+000  0.1235914012897276E+000  0.1294096674542916E+000 -0.2179736572188686E-001  0.2293076378252202E-003
 0.8791666700000000E+000  0.1332468600000000E+001 -0.1208503216646728E+000  0.1149287767863299E+000  0.1199577996408179E+000 -0.1923754420303390E-001  0.1423737680657150E-003
 0.8872222200000000E+000  0.1332468600000000E+001 -0.1117450532724903E+000  0.1066542768886608E+000  0.1109818442136560E+000 -0.1689148633391419E-001  0.8459059003549732E-004
 0.8950000000000000E+000  0.1332468600000000E+001 -0.1031120616404444E+000  0.9875576882260491E-001  0.1024621104424676E+000 -0.1475124735026646E-001  0.4778711497999273E-004
 0.9025000000000000E+000  0.1332468600000000E+001 -0.9493121685020602E-001  0.9122197300167749E-001  0.9438020407344182E-001 -0.1280812990364767E-001  0.2547330119769035E-004
 0.9097222200000000E+000  0.1332468600000000E+001 -0.8718375558109961E-001  0.8404236329673899E-001  0.8671891946483876E-001 -0.1105281757584697E-001  0.1269638452842298E-004
 0.9166666700000000E+000  0.1332468600000000E+001 -0.7985220034317549E-001  0.7720711436293601E-001  0.7946217907361272E-001 -0.9475509974459199E-002  0.5852114752721097E-005
 0.9233333300000000E+000  0.1332468600000000E+001 -0.7292032478744788E-001  0.7070709264761052E-001  0.7259501582589684E-001 -0.8066055261383518E-002  0.2461350408078248E-005
 0.9297222200000000E+000  0.1332468600000000E+001 -0.6637300815664185E-001  0.6453374401561901E-001  0.6610344344521327E-001 -0.6814047985935841E-002  0.9292667258354119E-006
 0.9358333300000000E+000  0.1332468600000000E+001 -0.6019624088224824E-001  0.5867912267876440E-001  0.5997447455653551E-001 -0.5708947828782928E-002  0.3086099714825693E-006
 0.9416666700000000E+000  0.1332468600000000E+001 -0.5437700958893295E-001  0.5313580685759107E-001  0.5419601773197732E-001 -0.4740163709811090E-002  0.8789946972056185E-007
 0.9472222200000000E+000  0.1332468600000000E+001 -0.4890328803182204E-001  0.4789691411913301E-001  0.4875687823144975E-001 -0.3897148085762703E-002  0.2079672511412572E-007
 0.9525000000000000E+000  0.1332468600000000E+001 -0.4376391212307546E-001  0.4295600571417595E-001  0.4364664246361202E-001 -0.3169463183369196E-002  0.3924263187633490E-008
 0.9575000000000000E+000  0.1332468600000000E+001 -0.3894859744089394E-001  0.3830712620753241E-001  0.3885570294778771E-001 -0.2546861938346689E-002  0.5607903751884100E-009
 0.9622222200000000E+000  0.1332468600000000E+001 -0.3444785146597639E-001  0.3394474162977173E-001  0.3437517778923537E-001 -0.2019344786027316E-002  0.5705545978850424E-010
 0.9666666700000000E+000  0.1332468600000000E+001 -0.3025292923757459E-001  0.2986371799165712E-001  0.3019687247475702E-001 -0.1577216897589282E-002  0.3958041051839069E-011
 0.9708333300000000E+000  0.1332468600000000E+001 -0.2635582939206319E-001  0.2605933822144913E-001  0.2631328122223683E-001 -0.1211142733006548E-002  0.2151519789942827E-012
 0.9747222200000000E+000  0.1332468600000000E+001 -0.2274918980056601E-001  0.2252722016407811E-001  0.2271748768980146E-001 -0.9121846857936024E-003  0.1401918416709525E-013
 0.9783333300000000E+000  0.1332468600000000E+001 -0.1942631773797711E-001  0.1926336448708111E-001  0.1940319916689617E-001 -0.6718499201065760E-003  0.8316878856411235E-015
 0.9816666700000000E+000  0.1332468600000000E+001 -0.1638111065428427E-001  0.1626409457180329E-001  0.1636467126029248E-001 -0.4821221424913502E-003  0.2336674645659778E-016
 0.9847222200000000E+000  0.1332468600000000E+001 -0.1360807217937808E-001  0.1352608850009832E-001  0.1359672710456042E-001 -0.3354965412974468E-003  0.1108817196452421E-017
 0.9875000000000000E+000  0.1332468600000000E+001 -0.1110222113842047E-001  0.1104630436889500E-001  0.1109466942633410E-001 -0.2250041293302850E-003 -0.8927640179714904E-018
 0.9900000000000000E+000  0.1332468600000000E+001 -0.8859130627302213E-002  0.8822032521303036E-002  0.8854322051893522E-002 -0.1442400254499740E-003  0.1391821579615100E-017
 0.9922222200000000E+000  0.1332468600000000E+001 -0.6874869559311583E-002  0.6850850200484373E-002  0.6871973754828558E-002 -0.8738304998475224E-004 -0.1595966276355279E-017
 0.9941666700000000E+000  0.1332468600000000E+001 -0.5145983221645682E-002  0.5130613839333111E-002  0.5144360734829875E-002 -0.4921482248898121E-004  0.1044711914822583E-019
 0.9958333300000000E+000  0.1332468600000000E+001 -0.3669511485171131E-002  0.3659485547473551E-002  0.3668686466876007E-002 -0.2513660413628840E-004 -0.8234994221079834E-018
 0.9972222200000000E+000  0.1332468600000000E+001 -0.2442911629343840E-002  0.2435925529623769E-002  0.2442545980564549E-002 -0.1118175026932093E-004  0.9328984872405784E-018
 0.9983333300000000E+000  0.1332468600000000E+001 -0.1464107660859716E-002  0.1458558958148201E-002  0.1463976321337154E-002 -0.4028287090595800E-005 -0.1322038557091431E-017
 0.9991666700000000E+000  0.1332468600000000E+001 -0.7314354937852387E-003  0.7273899646019038E-003  0.7314027143243551E-003 -0.1007591901195443E-005  0.8594608219461771E-018
 0.9997222200000000E+000  0.1332468600000000E+001 -0.2436785573726533E-003  0.2411379649593675E-003  0.2436749191901626E-003 -0.1119966784493391E-006 -0.3578200748427599E-017
 0.1000000000000000E+001  0.1332468600000000E+001 -0.7194975765723372E-027  0.1769911026070316E-028  0.4286733425326660E-027 -0.4155136822014029E-039 -0.2486264308195015E-041

 0.0000000000000000E+000  0.1372189900000000E+001 -0.1940081420937676E+001  0.1539603830495055E+001  0.1546681529737376E+001 -0.6792412197764048E-002  0.1479505336767948E-001
 0.2777777800000000E-003  0.1372189900000000E+001 -0.1940072502487498E+001  0.1539600694580969E+001  0.1546672426249252E+001 -0.6792106085639647E-002  0.1480640378472187E-001
 0.8333333300000000E-003  0.1372189900000000E+001 -0.1940001569918697E+001  0.1539575694698068E+001  0.1546600010298504E+001 -0.6789736193239100E-002  0.1489716133280314E-001
 0.1666666700000000E-002  0.1372189900000000E+001 -0.1939768237928804E+001  0.1539492707066106E+001  0.1546361645481600E+001 -0.6782761882953649E-002  0.1520203725580879E-001
 0.2777777800000000E-002  0.1372189900000000E+001 -0.1939251211994462E+001  0.1539304561428631E+001  0.1545832558782638E+001 -0.6772117971092125E-002  0.1591446433750734E-001
 0.4166666700000000E-002  0.1372189900000000E+001 -0.1938368932656106E+001  0.1538968621111296E+001  0.1544926264069715E+001 -0.6771665693219195E-002  0.1726445761514601E-001
 0.5833333300000000E-002  0.1372189900000000E+001 -0.1937151107188887E+001  0.1538468452553522E+001  0.1543665700545908E+001 -0.6818177363499163E-002  0.1947970842957706E-001
 0.7777777800000000E-002  0.1372189900000000E+001 -0.1935752767569380E+001  0.1537826359864238E+001  0.1542196788385722E+001 -0.6969421556562236E-002  0.2274159156140918E-001
 0.1000000000000000E-001  0.1372189900000000E+001 -0.1934379948282408E+001  0.1537093409349551E+001  0.1540713682041735E+001 -0.7285387984067616E-002  0.2715817532500761E-001
 0.1250000000000000E-001  0.1372189900000000E+001 -0.1933195992884610E+001  0.1536325030587442E+001  0.1539364906749475E+001 -0.7807334913378399E-002  0.3276639296074322E-001
 0.1527777800000000E-001  0.1372189900000000E+001 -0.1932285261519391E+001  0.1535562170972758E+001  0.1538217155455520E+001 -0.8551056747389726E-002  0.3955443961528173E-001
 0.1833333300000000E-001  0.1372189900000000E+001 -0.1931671350207176E+001  0.1534826375118190E+001  0.1537273717348532E+001 -0.9513538227505829E-002  0.4748707175191135E-001
 0.2166666700000000E-001  0.1372189900000000E+001 -0.1931349123929812E+001  0.1534123851021912E+001  0.1536506706851558E+001 -0.1068295840783253E-001  0.5652351549018898E-001
 0.2527777800000000E-001  0.1372189900000000E+001 -0.1931307245000467E+001  0.1533451564740597E+001  0.1535879729412529E+001 -0.1204579198346732E-001  0.6662666659225498E-001
 0.2916666700000000E-001  0.1372189900000000E+001 -0.1931538768978794E+001  0.1532801903820378E+001  0.1535358570972267E+001 -0.1359021733505070E-001  0.7776634790957648E-001
 0.3333333300000000E-001  0.1372189900000000E+001 -0.1932044361095852E+001  0.1532165336312088E+001  0.1534914508395905E+001 -0.1530713295183978E-001  0.8991939042486115E-001
 0.3777777800000000E-001  0.1372189900000000E+001 -0.1932832152603662E+001  0.1531531558325117E+001  0.1534524300021766E+001 -0.1719006298725772E-001  0.1030684026221349E+000
 0.4250000000000000E-001  0.1372189900000000E+001 -0.1933916389706533E+001  0.1530889719973551E+001  0.1534169055539345E+001 -0.1923467957872102E-001  0.1172000582859799E+000
 0.4750000000000000E-001  0.1372189900000000E+001 -0.1935315754039586E+001  0.1530228121662623E+001  0.1533832902903304E+001 -0.2143828092809993E-001  0.1323033281062208E+000
 0.5277777800000000E-001  0.1372189900000000E+001 -0.1937051593345634E+001  0.1529533595408299E+001  0.1533501750945034E+001 -0.2379932846723387E-001  0.1483676587985245E+000
 0.5833333300000000E-001  0.1372189900000000E+001 -0.1939146037716596E+001  0.1528790658456691E+001  0.1533162188071456E+001 -0.2631707107010312E-001  0.1653810968911750E+000
 0.6416666700000000E-001  0.1372189900000000E+001 -0.1941619866661138E+001  0.1527980458735168E+001  0.1532800470613511E+001 -0.2899124560911685E-001  0.1833282552322895E+000
 0.7027777800000000E-001  0.1372189900000000E+001 -0.1944489933085308E+001  0.1527079495005238E+001  0.1532401530635692E+001 -0.3182182826021582E-001  0.2021879449119496E+000
 0.7666666699999999E-001  0.1372189900000000E+001 -0.1947765928955618E+001  0.1526058068005807E+001  0.1531947926760502E+001 -0.3480883026046157E-001  0.2219303984699444E+000
 0.8333333300000000E-001  0.1372189900000000E+001 -0.1951446218512978E+001  0.1524878415043783E+001  0.1531418665110194E+001 -0.3795211204779109E-001  0.2425138364938186E+000
 0.9027777800000000E-001  0.1372189900000000E+001 -0.1955512444778446E+001  0.1523492471071944E+001  0.1530787813954083E+001 -0.4125121537345337E-001  0.2638802632591520E+000
 0.9750000000000000E-001  0.1372189900000000E+001 -0.1959922558613272E+001  0.1521839213927760E+001  0.1530022837408255E+001 -0.4470519568832734E-001  0.2859502373626482E+000
 0.1050000000000000E+000  0.1372189900000000E+001 -0.1964601935177629E+001  0.1519841565951703E+001  0.1529082569753267E+001 -0.4831246234426127E-001  0.3086165301194247E+000
 0.1127777800000000E+000  0.1372189900000000E+001 -0.1969432263964072E+001  0.1517402880821585E+001  0.1527914762429885E+001 -0.5207061329081267E-001  0.3317364977009367E+000
 0.1208333300000000E+000  0.1372189900000000E+001 -0.1974238075491717E+001  0.1514403129363025E+001  0.1526453156854950E+001 -0.5597626273685558E-001  0.3551232056190284E+000
 0.1291666700000000E+000  0.1372189900000000E+001 -0.1978771176267250E+001  0.1510695009377978E+001  0.1524614070530099E+001 -0.6002489529677031E-001  0.3785358114095901E+000
 0.1377777800000000E+000  0.1372189900000000E+001 -0.1982693806570691E+001  0.1506100505533397E+001  0.1522292621464556E+001 -0.6421066867885768E-001  0.4016694977779859E+000
 0.1466666700000000E+000  0.1372189900000000E+001 -0.1985562681503994E+001  0.1500408548367975E+001  0.1519358794197715E+001 -0.6852629134448254E-001  0.4241471439802281E+000
 0.1558333300000000E+000  0.1372189900000000E+001 -0.1986817352693714E+001  0.1493374980353676E+001  0.1515653898824251E+001 -0.7296285343956116E-001  0.4455143840229289E+000
 0.1652777800000000E+000  0.1372189900000000E+001 -0.1985778410742203E+001  0.1484726136020871E+001  0.1510988184030087E+001 -0.7750972149199403E-001  0.4652420280810372E+000
 0.1750000000000000E+000  0.1372189900000000E+001 -0.1981662440986685E+001  0.1474167758960020E+001  0.1505140858912729E+001 -0.8215439253010977E-001  0.4827394107683419E+000
 0.1850000000000000E+000  0.1372189900000000E+001 -0.1973620761705901E+001  0.1461400322712779E+001  0.1497863835391142E+001 -0.8688243336094538E-001  0.4973830973441037E+000
 0.1952777800000000E+000  0.1372189900000000E+001 -0.1960805993943489E+001  0.1446141246953338E+001  0.1488890650937964E+001 -0.9167738351592790E-001  0.5085622025899580E+000
 0.2058333300000000E+000  0.1372189900000000E+001 -0.1942463447719425E+001  0.1428152347561592E+001  0.1477951189998713E+001 -0.9652069494435751E-001  0.5157381373871704E+000
 0.2166666700000000E+000  0.1372189900000000E+001 -0.1918033861714227E+001  0.1407268613834781E+001  0.1464791481695043E+001 -0.1013917111612802E+000  0.5185101727477801E+000
 0.2277777800000000E+000  0.1372189900000000E+001 -0.1887244877441646E+001  0.1383422840043616E+001  0.1449196249884272E+001 -0.1062676263398514E+000  0.5166729158426320E+000
 0.2391666700000000E+000  0.1372189900000000E+001 -0.1850165051463564E+001  0.1356659627347495E+001  0.1431009906894866E+001 -0.1111235477530038E+000  0.5102506414805728E+000
 0.2508333300000000E+000  0.1372189900000000E+001 -0.1807203354069298E+001  0.1327135236001117E+001  0.1410151883649629E+001 -0.1159325484331514E+000  0.4994980112048727E+000
 0.2627777800000000E+000  0.1372189900000000E+001 -0.1759052888461358E+001  0.1295102651778788E+001  0.1386622816994005E+001 -0.1206658005999932E+000  0.4848665458160168E+000
 0.2750000000000000E+000  0.1372189900000000E+001 -0.1706596333500891E+001  0.1260886147740932E+001  0.1360501188291213E+001 -0.1252926808013561E+000  0.4669464859017385E+000
 0.2875000000000000E+000  0.1372189900000000E+001 -0.1650798231360599E+001  0.1224850728722199E+001  0.1331931667611185E+001 -0.1297809323114006E+000  0.4463989622718735E+000
 0.3002777800000000E+000  0.1372189900000000E+001 -0.1592609291092608E+001  0.1187373111241092E+001  0.1301108919336310E+001 -0.1340967689636845E+000  0.4238933217010647E+000
 0.3133333300000000E+000  0.1372189900000000E+001 -0.1532896775058873E+001  0.1148818020898640E+001  0.1268260095038558E+001 -0.1382049780847108E+000  0.4000588994447114E+000
 0.3266666700000000E+000  0.1372189900000000E+001 -0.1472404629535454E+001  0.1109521574781309E+001  0.1233628698973187E+001 -0.1420690255915718E+000  0.3754544098435563E+000
 0.3402777800000000E+000  0.1372189900000000E+001 -0.1411739918766091E+001  0.1069782019918410E+001  0.1197461762167857E+001 -0.1456511357793420E+000  0.3505536882864739E+000
 0.3541666700000000E+000  0.1372189900000000E+001 -0.1351376834457080E+001  0.1029855786665552E+001  0.1160000171913735E+001 -0.1489124434244317E+000  0.3257433785221462E+000
 0.3683333300000000E+000  0.1372189900000000E+001 -0.1291671790476878E+001  0.9899579544410448E+000  0.1121472593183146E+001 -0.1518131626107936E+000  0.3013286626396492E+000
 0.3827777800000000E+000  0.1372189900000000E+001 -0.1232882589002222E+001  0.9502649439727456E+000  0.1082091817757779E+001 -0.1543128503831125E+000  0.2775429390165096E+000
 0.3975000000000000E+000  0.1372189900000000E+001 -0.1175188608259064E+001  0.9109188515974946E+000  0.1042053447868116E+001 -0.1563707312882426E+000  0.2545591902115653E+000
 0.4125000000000000E+000  0.1372189900000000E+001 -0.1118708693676197E+001  0.8720318600947685E+000  0.1001535579348334E+001 -0.1579461451987062E+000  0.2325009557076187E+000
 0.4277777800000000E+000  0.1372189900000000E+001 -0.1063516798628607E+001  0.8336908964270836E+000  0.9606996542895704E+000 -0.1589990797244602E+000  0.2114524501205379E+000
 0.4433333300000000E+000  0.1372189900000000E+001 -0.1009654532232905E+001  0.7959618266513954E+000  0.9196916906546567E+000 -0.1594908207708502E+000  0.1914672051001084E+000
 0.4591666700000000E+000  0.1372189900000000E+001 -0.9571408498740441E+000  0.7588930771070054E+000  0.8786436259797665E+000 -0.1593847119662142E+000  0.1725752003504428E+000
 0.4752777800000000E+000  0.1372189900000000E+001 -0.9059797639254434E+000  0.7225190015247657E+000  0.8376749884096103E+000 -0.1586470181030155E+000  0.1547887703689093E+000
 0.4916666700000000E+000  0.1372189900000000E+001 -0.8561656411954485E+000  0.6868624150254227E+000  0.7968941277758809E+000 -0.1572478881055905E+000  0.1381071485060902E+000
 0.5083333300000000E+000  0.1372189900000000E+001 -0.8076873528121612E+000  0.6519369557045367E+000  0.7563996175480361E+000 -0.1551624027427401E+000  0.1225201559952263E+000
 0.5247222200000000E+000  0.1372189900000000E+001 -0.7620442194228105E+000  0.6188493190302694E+000  0.7175794651759055E+000 -0.1524736984940170E+000  0.1084661890238725E+000
 0.5408333300000000E+000  0.1372189900000000E+001 -0.7190300936916206E+000  0.5874802209210140E+000  0.6804093339108235E+000 -0.1492323156627097E+000  0.9580554457253408E-001
 0.5566666700000000E+000  0.1372189900000000E+001 -0.6784587624252683E+000  0.5577175578482880E+000  0.6448548810887957E+000 -0.1454913900627318E+000  0.8441069776549298E-001
 0.5722222200000000E+000  0.1372189900000000E+001 -0.6401619891784235E+000  0.5294569025610137E+000  0.6108747517200185E+000 -0.1413058537606813E+000  0.7416594202128221E-001
 0.5875000000000000E+000  0.1372189900000000E+001 -0.6039872499054111E+000  0.5026013612072335E+000  0.5784225586490234E+000 -0.1367316138074052E+000  0.6496656506998101E-001
 0.6025000000000000E+000  0.1372189900000000E+001 -0.5697959700843700E+000  0.4770614466612205E+000  0.5474486352757039E+000 -0.1318247928127031E+000  0.5671795403379110E-001
 0.6172222200000000E+000  0.1372189900000000E+001 -0.5374616984736539E+000  0.4527546156939459E+000  0.5179011553838340E+000 -0.1266409856169183E+000  0.4933457988490606E-001
 0.6316666700000000E+000  0.1372189900000000E+001 -0.5068686096951833E+000  0.4296048164567541E+000  0.4897270581339676E+000 -0.1212345848894802E+000  0.4273903320855270E-001
 0.6458333300000000E+000  0.1372189900000000E+001 -0.4779103018324122E+000  0.4075420740447860E+000  0.4628728365664341E+000 -0.1156581948888121E+000  0.3686113312522877E-001
 0.6597222200000000E+000  0.1372189900000000E+001 -0.4504885582909154E+000  0.3865019046235745E+000  0.4372849558746672E+000 -0.1099620833574163E+000  0.3163706244441960E-001
 0.6733333300000000E+000  0.1372189900000000E+001 -0.4245125708446581E+000  0.3664249693420152E+000  0.4129104215700479E+000 -0.1041937720592529E+000  0.2700864490793552E-001
 0.6866666700000000E+000  0.1372189900000000E+001 -0.3998980619842736E+000  0.3472565681827381E+000  0.3896970282985240E+000 -0.9839766681797932E-001  0.2292265350348803E-001
 0.6997222200000000E+000  0.1372189900000000E+001 -0.3765667234736291E+000  0.3289463146641905E+000  0.3675937187415655E+000 -0.9261481416535600E-001  0.1933023273142596E-001
 0.7125000000000000E+000  0.1372189900000000E+001 -0.3544455339969290E+000  0.3114476701425245E+000  0.3465506762897931E+000 -0.8688268758729056E-001  0.1618635703092643E-001
 0.7250000000000000E+000  0.1372189900000000E+001 -0.3334664140516201E+000  0.2947177087504796E+000  0.3265196117079736E+000 -0.8123511109704981E-001  0.1344939787176519E-001
 0.7372222200000000E+000  0.1372189900000000E+001 -0.3135657499469255E+000  0.2787167572149069E+000  0.3074538236393163E+000 -0.7570220314591035E-001  0.1108072242090445E-001
 0.7491666700000000E+000  0.1372189900000000E+001 -0.2946840474503648E+000  0.2634081209469679E+000  0.2893082974032621E+000 -0.7031039881771366E-001  0.9044363101711059E-002
 0.7608333300000000E+000  0.1372189900000000E+001 -0.2767656902018488E+000  0.2487578856510606E+000  0.2720398347870509E+000 -0.6508254232594772E-001  0.7306746595907209E-002
 0.7722222200000000E+000  0.1372189900000000E+001 -0.2597585619513543E+000  0.2347346025457160E+000  0.2556069948430312E+000 -0.6003797341194727E-001  0.5836455394697035E-002
 0.7833333300000000E+000  0.1372189900000000E+001 -0.2436139162360440E+000  0.2213091725255225E+000  0.2399702245838461E+000 -0.5519271167498817E-001  0.4604058965637189E-002
 0.7941666700000000E+000  0.1372189900000000E+001 -0.2282860854287465E+000  0.2084545986222398E+000  0.2250917946126249E+000 -0.5055961422387571E-001  0.3581971090048292E-002
 0.8047222200000000E+000  0.1372189900000000E+001 -0.2137323569217850E+000  0.1961458776158870E+000  0.2109358624932215E+000 -0.4614859668089283E-001  0.2744360421107226E-002
 0.8149999999999999E+000  0.1372189900000000E+001 -0.1999126955732198E+000  0.1843597642586721E+000  0.1974683582957147E+000 -0.4196681602411157E-001  0.2067087131339321E-002
 0.8250000000000000E+000  0.1372189900000000E+001 -0.1867896753147555E+000  0.1730747135635065E+000  0.1846570491118770E+000 -0.3801891994568751E-001  0.1527685109133405E-002
 0.8347222200000000E+000  0.1372189900000000E+001 -0.1743282694855559E+000  0.1622707059909662E+000  0.1724714456022008E+000 -0.3430725239594721E-001  0.1105363197884231E-002
 0.8441666700000000E+000  0.1372189900000000E+001 -0.1624957083649277E+000  0.1519291309347586E+000  0.1608827561575981E+000 -0.3083207509905565E-001  0.7810322168670550E-003
 0.8533333300000000E+000  0.1372189900000000E+001 -0.1512613939633145E+000  0.1420327224359955E+000  0.1498638821702842E+000 -0.2759179837745947E-001  0.5373467672533916E-003
 0.8622222200000000E+000  0.1372189900000000E+001 -0.1405966861403468E+000  0.1325653835856148E+000  0.1393892743354331E+000 -0.2458316492185083E-001  0.3587482215673848E-003
 0.8708333300000000E+000  0.1372189900000000E+001 -0.1304748697291998E+000  0.1235121710116057E+000  0.1294349554053532E+000 -0.2180147518649963E-001  0.2315058812716597E-003
 0.8791666700000000E+000  0.1372189900000000E+001 -0.1208709815062326E+000  0.1148591570469872E+000  0.1199783962423876E+000 -0.1924076030493949E-001  0.1437370861276133E-003
 0.8872222200000000E+000  0.1372189900000000E+001 -0.1117617626926466E+000  0.1065934046424761E+000  0.1109985074843449E+000 -0.1689397715510061E-001  0.8539975943107494E-004
 0.8950000000000000E+000  0.1372189900000000E+001 -0.1031254793034314E+000  0.9870282406566215E-001  0.1024754946786222E+000 -0.1475315529224891E-001  0.4824379845439382E-004
 0.9025000000000000E+000  0.1372189900000000E+001 -0.9494190822958472E-001  0.9117618020184796E-001  0.9439087144728779E-001 -0.1280957436496132E-001  0.2571652757885977E-004
 0.9097222200000000E+000  0.1372189900000000E+001 -0.8719220378961481E-001  0.8400299231323340E-001  0.8672735059849937E-001 -0.1105389760221042E-001  0.1281751616665662E-004
 0.9166666700000000E+000  0.1372189900000000E+001 -0.7985881595675927E-001  0.7717348088174207E-001  0.7946878267099895E-001 -0.9476306822461497E-002  0.5907906637677408E-005
 0.9233333300000000E+000  0.1372189900000000E+001 -0.7292545474851542E-001  0.7067855816998982E-001  0.7260013742993121E-001 -0.8066634828208687E-002  0.2484800180930230E-005
 0.9297222200000000E+000  0.1372189900000000E+001 -0.6637694380098208E-001  0.6450971554726977E-001  0.6610737335263459E-001 -0.6814463066043100E-002  0.9381145566677449E-006
 0.9358333300000000E+000  0.1372189900000000E+001 -0.6019922518983146E-001  0.5865905205992463E-001  0.5997745498214008E-001 -0.5709240179581215E-002  0.3115466740787280E-006
 0.9416666700000000E+000  0.1372189900000000E+001 -0.5437924369272724E-001  0.5311918987072031E-001  0.5419824925051904E-001 -0.4740365909323056E-002  0.8873547797017643E-007
 0.9472222200000000E+000  0.1372189900000000E+001 -0.4890493705889445E-001  0.4788328934475639E-001  0.4875852556706922E-001 -0.3897285180145451E-002  0.2099442797647339E-007
 0.9525000000000000E+000  0.1372189900000000E+001 -0.4376511040470964E-001  0.4294495323897834E-001  0.4364783966023070E-001 -0.3169554124682366E-002  0.3961552874209602E-008
 0.9575000000000000E+000  0.1372189900000000E+001 -0.3894945315682972E-001  0.3829826613368895E-001  0.3885655798295643E-001 -0.2546920822228734E-002  0.5661171548462528E-009
 0.9622222200000000E+000  0.1372189900000000E+001 -0.3444845075577175E-001  0.3393773247058988E-001  0.3437577666241595E-001 -0.2019381899756216E-002  0.5759724493297996E-010
 0.9666666700000000E+000  0.1372189900000000E+001 -0.3025333982661844E-001  0.2985825494959935E-001  0.3019728281594166E-001 -0.1577239593987353E-002  0.3995621047618701E-011
 0.9708333300000000E+000  0.1372189900000000E+001 -0.2635610377262194E-001  0.2605515135496863E-001  0.2631355546000970E-001 -0.1211156146994253E-002  0.2171948835565630E-012
 0.9747222200000000E+000  0.1372189900000000E+001 -0.2274936800068302E-001  0.2252407249499725E-001  0.2271766581065384E-001 -0.9121923111275038E-003  0.1415275493310845E-013
 0.9783333300000000E+000  0.1372189900000000E+001 -0.1942642971837491E-001  0.1926105001552544E-001  0.1940331110514288E-001 -0.6718540648439769E-003  0.8389968084845800E-015
 0.9816666700000000E+000  0.1372189900000000E+001 -0.1638117836210769E-001  0.1626243624652833E-001  0.1636473894680285E-001 -0.4821242807443409E-003  0.2441420879850499E-016
 0.9847222200000000E+000  0.1372189900000000E+001 -0.1360811129218183E-001  0.1352493612833145E-001  0.1359676620721386E-001 -0.3354975784602147E-003 -0.4374581930340384E-019
 0.9875000000000000E+000  0.1372189900000000E+001 -0.1110224252616300E-001  0.1104553249745174E-001  0.1109469080957936E-001 -0.2250045965393717E-003  0.9389886820250806E-018
 0.9900000000000000E+000  0.1372189900000000E+001 -0.8859141561934500E-002  0.8821538270443359E-002  0.8854332984702389E-002 -0.1442402177126953E-003 -0.1361203366896427E-017
 0.9922222200000000E+000  0.1372189900000000E+001 -0.6874874697526843E-002  0.6850551075599631E-002  0.6871978892382538E-002 -0.8738312063357751E-004  0.1394128103306302E-017
 0.9941666700000000E+000  0.1372189900000000E+001 -0.5145985386892275E-002  0.5130445517325105E-002  0.5144362899868893E-002 -0.4921484492281039E-004 -0.1567216068406128E-018
 0.9958333300000000E+000  0.1372189900000000E+001 -0.3669512273501306E-002  0.3659399640853679E-002  0.3668687255152508E-002 -0.2513660999388968E-004  0.1239598777096150E-017
 0.9972222200000000E+000  0.1372189900000000E+001 -0.2442911862736780E-002  0.2435887338729899E-002  0.2442546213946937E-002 -0.1118175142931286E-004 -0.4329567351453515E-018
 0.9983333300000000E+000  0.1372189900000000E+001 -0.1464107711240649E-002  0.1458545206489964E-002  0.1463976371716725E-002 -0.4028287241233314E-005  0.1180283885746987E-017
 0.9991666700000000E+000  0.1372189900000000E+001 -0.7314355000797376E-003  0.7273865261865358E-003  0.7314027206187678E-003 -0.1007591910624025E-005  0.8136492794442195E-017
 0.9997222200000000E+000  0.1372189900000000E+001 -0.2436785576057175E-003  0.2411375828636572E-003  0.2436749194232248E-003 -0.1119966785658710E-006 -0.3015913634078856E-020
 0.1000000000000000E+001  0.1372189900000000E+001  0.1105983542609099E-027  0.7543932472131096E-028  0.5778871909374859E-027 -0.1857349251357418E-039  0.5021945487610883E-041

 0.0000000000000000E+000  0.1408300200000000E+001 -0.1940129574497808E+001  0.1539555677106423E+001  0.1546727652047380E+001 -0.6792412197764048E-002  0.1489293725210828E-001
 0.2777777800000000E-003  0.1408300200000000E+001 -0.1940120613338625E+001  0.1539552573974869E+001  0.1546718501684574E+001 -0.6792106157364618E-002  0.1490436285326318E-001
 0.8333333300000000E-003  0.1408300200000000E+001 -0.1940049342066915E+001  0.1539527834910982E+001  0.1546645713606670E+001 -0.6789736827035582E-002  0.1499572157842111E-001
 0.1666666700000000E-002  0.1408300200000000E+001 -0.1939814909112134E+001  0.1539445706594162E+001  0.1546406134040922E+001 -0.6782764266819795E-002  0.1530261709455966E-001
 0.2777777800000000E-002  0.1408300200000000E+001 -0.1939295519680918E+001  0.1539259473212713E+001  0.1545874408920379E+001 -0.6772123703314104E-002  0.1601976411945628E-001
 0.4166666700000000E-002  0.1408300200000000E+001 -0.1938409477484738E+001  0.1538926825952909E+001  0.1544963795643891E+001 -0.6771675512743459E-002  0.1737870375958973E-001
 0.5833333300000000E-002  0.1408300200000000E+001 -0.1937187142982920E+001  0.1538431283241328E+001  0.1543697712509594E+001 -0.6818189679517919E-002  0.1960864251441705E-001
 0.7777777800000000E-002  0.1408300200000000E+001 -0.1935784977864923E+001  0.1537794681240552E+001  0.1542223263071550E+001 -0.6969432778832520E-002  0.2289217245071839E-001
 0.1000000000000000E-001  0.1408300200000000E+001 -0.1934410652684698E+001  0.1537067481143486E+001  0.1540735907151707E+001 -0.7285394886429325E-002  0.2733810874801673E-001
 0.1250000000000000E-001  0.1408300200000000E+001 -0.1933228795485088E+001  0.1536304737574302E+001  0.1539385037118856E+001 -0.7807336626124202E-002  0.3298368320977598E-001
 0.1527777800000000E-001  0.1408300200000000E+001 -0.1932324617533832E+001  0.1535547406431099E+001  0.1538237697060574E+001 -0.8551055037318412E-002  0.3981709859872722E-001
 0.1833333300000000E-001  0.1408300200000000E+001 -0.1931722371559524E+001  0.1534817353733143E+001  0.1537297254037747E+001 -0.9513536976061519E-002  0.4780300589479015E-001
 0.2166666700000000E-001  0.1408300200000000E+001 -0.1931417624611038E+001  0.1534121284554865E+001  0.1536535866358496E+001 -0.1068296334938900E-001  0.5690054299637975E-001
 0.2527777800000000E-001  0.1408300200000000E+001 -0.1931399911862903E+001  0.1533456737321566E+001  0.1535917269339312E+001 -0.1204581097851320E-001  0.6707260913035477E-001
 0.2916666700000000E-001  0.1408300200000000E+001 -0.1931663374243370E+001  0.1532816700049390E+001  0.1535407496622712E+001 -0.1359026105895102E-001  0.7828915939307210E-001
 0.3333333300000000E-001  0.1408300200000000E+001 -0.1932209983213816E+001  0.1532192256953151E+001  0.1534978185455515E+001 -0.1530721586087964E-001  0.9052730413207838E-001
 0.3777777800000000E-001  0.1408300200000000E+001 -0.1933049401050221E+001  0.1531573739908612E+001  0.1534606554207259E+001 -0.1719020449613690E-001  0.1037700904966952E+000
 0.4250000000000000E-001  0.1408300200000000E+001 -0.1934197639721965E+001  0.1530950963828676E+001  0.1534274261894922E+001 -0.1923490543465786E-001  0.1180048019123498E+000
 0.4750000000000000E-001  0.1408300200000000E+001 -0.1935675399743101E+001  0.1530312933096118E+001  0.1533966069569592E+001 -0.2143862478782410E-001  0.1332212037752952E+000
 0.5277777800000000E-001  0.1408300200000000E+001 -0.1937506326543280E+001  0.1529647231710047E+001  0.1533668601357648E+001 -0.2379983368579089E-001  0.1494097389417925E+000
 0.5833333300000000E-001  0.1408300200000000E+001 -0.1939715158059830E+001  0.1528939183577045E+001  0.1533369244257227E+001 -0.2631779270444480E-001  0.1665596696827654E+000
 0.6416666700000000E-001  0.1408300200000000E+001 -0.1942325626315941E+001  0.1528170801732428E+001  0.1533055138959308E+001 -0.2899225262822270E-001  0.1846570624379505E+000
 0.7027777800000000E-001  0.1408300200000000E+001 -0.1945357914913808E+001  0.1527319508109729E+001  0.1532712190102950E+001 -0.3182320593704770E-001  0.2036824348040604E+000
 0.7666666699999999E-001  0.1408300200000000E+001 -0.1948825451689666E+001  0.1526356578452912E+001  0.1532324018257305E+001 -0.3481068270192050E-001  0.2236079867578073E+000
 0.8333333300000000E-001  0.1408300200000000E+001 -0.1952730752097611E+001  0.1525245261781648E+001  0.1531870778639536E+001 -0.3795456479293387E-001  0.2443941606959180E+000
 0.9027777800000000E-001  0.1408300200000000E+001 -0.1957060004370706E+001  0.1523938513431750E+001  0.1531327767705200E+001 -0.4125441796293428E-001  0.2659854062883523E+000
 0.9750000000000000E-001  0.1408300200000000E+001 -0.1961776021754395E+001  0.1522376293285151E+001  0.1530663738919550E+001 -0.4470932407557327E-001  0.2883048805478170E+000
 0.1050000000000000E+000  0.1408300200000000E+001 -0.1966809193421204E+001  0.1520482393923158E+001  0.1529838844165683E+001 -0.4831772099232636E-001  0.3112479757992688E+000
 0.1127777800000000E+000  0.1408300200000000E+001 -0.1972046071806810E+001  0.1518160817662441E+001  0.1528802125086798E+001 -0.5207723677528633E-001  0.3346744729714197E+000
 0.1208333300000000E+000  0.1408300200000000E+001 -0.1977315397092281E+001  0.1515291805345365E+001  0.1527488497491496E+001 -0.5598451666759566E-001  0.3583993242110369E+000
 0.1291666700000000E+000  0.1408300200000000E+001 -0.1982371762431353E+001  0.1511727733217799E+001  0.1525815205474320E+001 -0.6003507640363340E-001  0.3821825363298085E+000
 0.1377777800000000E+000  0.1408300200000000E+001 -0.1986877657958847E+001  0.1507289396847088E+001  0.1523677854345894E+001 -0.6422310391939633E-001  0.4057184104001147E+000
 0.1466666700000000E+000  0.1408300200000000E+001 -0.1990386041401304E+001  0.1501763344363053E+001  0.1520946220614897E+001 -0.6854133601521345E-001  0.4286263339967114E+000
 0.1558333300000000E+000  0.1408300200000000E+001 -0.1992326928484415E+001  0.1494901496695731E+001  0.1517460385900498E+001 -0.7298088827872870E-001  0.4504448228125563E+000
 0.1652777800000000E+000  0.1408300200000000E+001 -0.1992003793068528E+001  0.1486424438351374E+001  0.1513027982980614E+001 -0.7753114882377407E-001  0.4706329634340689E+000
 0.1750000000000000E+000  0.1408300200000000E+001 -0.1988607193488134E+001  0.1476030216929676E+001  0.1507423862868646E+001 -0.8217963131676667E-001  0.4885831192183953E+000
 0.1850000000000000E+000  0.1408300200000000E+001 -0.1981253460895964E+001  0.1463409878419065E+001  0.1500393606732155E+001 -0.8691191284937555E-001  0.5036497858939454E+000
 0.1952777800000000E+000  0.1408300200000000E+001 -0.1969053351686565E+001  0.1448270369806781E+001  0.1491662480568892E+001 -0.9171153474546807E-001  0.5151963043798163E+000
 0.2058333300000000E+000  0.1408300200000000E+001 -0.1951208176630785E+001  0.1430363198486821E+001  0.1480950595461689E+001 -0.9655993928421588E-001  0.5226574965769483E+000
 0.2166666700000000E+000  0.1408300200000000E+001 -0.1927119523387979E+001  0.1409514796236182E+001  0.1467993610259481E+001 -0.1014364454276536E+000  0.5256093294075554E+000
 0.2277777800000000E+000  0.1408300200000000E+001 -0.1896488277187243E+001  0.1385652743262687E+001  0.1452566546936357E+001 -0.1063182050306532E+000  0.5238307392054757E+000
 0.2391666700000000E+000  0.1408300200000000E+001 -0.1859374252690520E+001  0.1358820874214951E+001  0.1434506130267439E+001 -0.1111802645110039E+000  0.5173411758220215E+000
 0.2508333300000000E+000  0.1408300200000000E+001 -0.1816197234380668E+001  0.1329179349034756E+001  0.1413727162763336E+001 -0.1159956197799257E+000  0.5064022160246147E+000
 0.2627777800000000E+000  0.1408300200000000E+001 -0.1767677614237064E+001  0.1296988971313731E+001  0.1390229160472346E+001 -0.1207353549984475E+000  0.4914823050549763E+000
 0.2750000000000000E+000  0.1408300200000000E+001 -0.1714735484316660E+001  0.1262584314911850E+001  0.1364092762499306E+001 -0.1253687545956670E+000  0.4731949909241689E+000
 0.2875000000000000E+000  0.1408300200000000E+001 -0.1658375698122247E+001  0.1226341521647639E+001  0.1335467326294417E+001 -0.1298634722144670E+000  0.4522268852888487E+000
 0.3002777800000000E+000  0.1408300200000000E+001 -0.1599586221105407E+001  0.1188647865995993E+001  0.1304553748231356E+001 -0.1341856389594032E+000  0.4292714119337507E+000
 0.3133333300000000E+000  0.1408300200000000E+001 -0.1539264904160834E+001  0.1149877111531012E+001  0.1271586008484030E+001 -0.1382999680085375E+000  0.4049782795400400E+000
 0.3266666700000000E+000  0.1408300200000000E+001 -0.1478178319747744E+001  0.1110372457449414E+001  0.1236814295802300E+001 -0.1421698589454854E+000  0.3799218977657782E+000
 0.3402777800000000E+000  0.1408300200000000E+001 -0.1416948579360850E+001  0.1070437242155607E+001  0.1200491705741593E+001 -0.1457574751399207E+000  0.3545871553399271E+000
 0.3541666700000000E+000  0.1408300200000000E+001 -0.1356058614689538E+001  0.1030331206879818E+001  0.1162864331648790E+001 -0.1490238928964477E+000  0.3293677237314209E+000
 0.3683333300000000E+000  0.1408300200000000E+001 -0.1295868827366056E+001  0.9902712859519324E+000  0.1124165125698150E+001 -0.1519292674573268E+000  0.3045726377167331E+000
 0.3827777800000000E+000  0.1408300200000000E+001 -0.1236637711030318E+001  0.9504346413920428E+000  0.1084610297490541E+001 -0.1544330945674582E+000  0.2804368207133854E+000
 0.3975000000000000E+000  0.1408300200000000E+001 -0.1178543235857681E+001  0.9109633080018265E+000  0.1044398105949535E+001 -0.1564945338489591E+000  0.2571331862505509E+000
 0.4125000000000000E+000  0.1408300200000000E+001 -0.1121701632328917E+001  0.8719688588806136E+000  0.1003708669414906E+001 -0.1580728565511277E+000  0.2347841848944986E+000
 0.4277777800000000E+000  0.1408300200000000E+001 -0.1066183659006541E+001  0.8335372611329160E+000  0.9627049446901725E+000 -0.1591279788932909E+000  0.2134723483243338E+000
 0.4433333300000000E+000  0.1408300200000000E+001 -0.1012027561748565E+001  0.7957332164112212E+000  0.9215340692105458E+000 -0.1596211145388212E+000  0.1932492287146846E+000
 0.4591666700000000E+000  0.1408300200000000E+001 -0.9592490170713396E+000  0.7586038851768426E+000  0.8803287990438219E+000 -0.1595155368120729E+000  0.1741427280041861E+000
 0.4752777800000000E+000  0.1408300200000000E+001 -0.9078489874585411E+000  0.7221823246049665E+000  0.8392092569769871E+000 -0.1587774456703294E+000  0.1561631320353528E+000
 0.4916666700000000E+000  0.1408300200000000E+001 -0.8578190873993491E+000  0.6864900684870860E+000  0.7982842223418092E+000 -0.1573769348069651E+000  0.1393077290035761E+000
 0.5083333300000000E+000  0.1408300200000000E+001 -0.8091457569411526E+000  0.6515395177518823E+000  0.7576525783593079E+000 -0.1552890438990146E+000  0.1235645398688419E+000
 0.5247222200000000E+000  0.1408300200000000E+001 -0.7633316659897043E+000  0.6184365653973666E+000  0.7187066634551886E+000 -0.1525970160042407E+000  0.1093746497961986E+000
 0.5408333300000000E+000  0.1408300200000000E+001 -0.7201670996829819E+000  0.5870600771251832E+000  0.6814214127217990E+000 -0.1493514830773342E+000  0.9659539603106614E-001
 0.5566666700000000E+000  0.1408300200000000E+001 -0.6794629491745388E+000  0.5572964121137574E+000  0.6457617709363564E+000 -0.1456056846298394E+000  0.8509680441035958E-001
 0.5722222200000000E+000  0.1408300200000000E+001 -0.6410486085732231E+000  0.5290398661209287E+000  0.6116856982079992E+000 -0.1414146653537424E+000  0.7476113365365432E-001
 0.5875000000000000E+000  0.1408300200000000E+001 -0.6047695961876737E+000  0.5021924842151065E+000  0.5791461547329969E+000 -0.1368344503821622E+000  0.6548197243003541E-001
 0.6025000000000000E+000  0.1408300200000000E+001 -0.5704857041792178E+000  0.4766638971714977E+000  0.5480928553963946E+000 -0.1319212823566625E+000  0.5716328148479378E-001
 0.6172222200000000E+000  0.1408300200000000E+001 -0.5380691042009259E+000  0.4523708281733241E+000  0.5184733889515344E+000 -0.1267308746767137E+000  0.4971832694341120E-001
 0.6316666700000000E+000  0.1408300200000000E+001 -0.5074027978389193E+000  0.4292366152350617E+000  0.4902341418104615E+000 -0.1213177339799882E+000  0.4306867526136379E-001
 0.6458333300000000E+000  0.1408300200000000E+001 -0.4783793742452102E+000  0.4071907761180898E+000  0.4633210852261228E+000 -0.1157345712239924E+000  0.3714326950912840E-001
 0.6597222200000000E+000  0.1408300200000000E+001 -0.4508997406846656E+000  0.3861684055933098E+000  0.4376801917681014E+000 -0.1100317513565530E+000  0.3187753790339240E-001
 0.6733333300000000E+000  0.1408300200000000E+001 -0.4248723219646395E+000  0.3661098153183496E+000  0.4132580024272116E+000 -0.1042568822451675E+000  0.2721265002241409E-001
 0.6866666700000000E+000  0.1408300200000000E+001 -0.4002121639679418E+000  0.3469600162274311E+000  0.3900018740399226E+000 -0.9845444360898893E-001  0.2309480774404426E-001
 0.6997222200000000E+000  0.1408300200000000E+001 -0.3768403578795475E+000  0.3286683836273913E+000  0.3678603373247031E+000 -0.9266554314425902E-001  0.1947465366449928E-001
 0.7125000000000000E+000  0.1408300200000000E+001 -0.3546833462028458E+000  0.3111881836777838E+000  0.3467831884344211E+000 -0.8692770267929860E-001  0.1630671798664852E-001
 0.7250000000000000E+000  0.1408300200000000E+001 -0.3336725688500397E+000  0.2944763316333707E+000  0.3267217750222521E+000 -0.8127478214619833E-001  0.1354897648709496E-001
 0.7372222200000000E+000  0.1408300200000000E+001 -0.3137439797936055E+000  0.2784930262049666E+000  0.3076290558725564E+000 -0.7573692418725401E-001  0.1116244152020031E-001
 0.7491666700000000E+000  0.1408300200000000E+001 -0.2948376948839466E+000  0.2632014710261900E+000  0.2894596989832422E+000 -0.7034057733413544E-001  0.9110825410278859E-002
 0.7608333300000000E+000  0.1408300200000000E+001 -0.2768977455539439E+000  0.2485676723144020E+000  0.2721702107104518E+000 -0.6510858969381289E-001  0.7360264481661153E-002
 0.7722222200000000E+000  0.1408300200000000E+001 -0.2598716969336169E+000  0.2345601209044453E+000  0.2557188756915081E+000 -0.6006029661101597E-001  0.5879076470064425E-002
 0.7833333300000000E+000  0.1408300200000000E+001 -0.2437105142968728E+000  0.2211496735238766E+000  0.2400658869052620E+000 -0.5521170636416783E-001  0.4637588532565971E-002
 0.7941666700000000E+000  0.1408300200000000E+001 -0.2283682691350578E+000  0.2083093029489907E+000  0.2251732804177592E+000 -0.5057565913403562E-001  0.3607991988193413E-002
 0.8047222200000000E+000  0.1408300200000000E+001 -0.2138020128990099E+000  0.1960139875170600E+000  0.2110049979895632E+000 -0.4616204930374803E-001  0.2764250963621908E-002
 0.8149999999999999E+000  0.1408300200000000E+001 -0.1999714971381241E+000  0.1842404736921782E+000  0.1975267716675670E+000 -0.4197800947687083E-001  0.2082037552037798E-002
 0.8250000000000000E+000  0.1408300200000000E+001 -0.1868391032145135E+000  0.1729672167508805E+000  0.1847061874914841E+000 -0.3802816093494085E-001  0.1538713040427532E-002
 0.8347222200000000E+000  0.1408300200000000E+001 -0.1743696308018728E+000  0.1621742047039816E+000  0.1725125910755548E+000 -0.3431482012417873E-001  0.1113328467572027E-002
 0.8441666700000000E+000  0.1408300200000000E+001 -0.1625301538002615E+000  0.1518428406281028E+000  0.1609170408428696E+000 -0.3083822098849403E-001  0.7866512724864075E-003
 0.8533333300000000E+000  0.1408300200000000E+001 -0.1512899336710583E+000  0.1419558773248085E+000  0.1498923023839287E+000 -0.2759674647817313E-001  0.5412069338008655E-003
 0.8622222200000000E+000  0.1408300200000000E+001 -0.1406202041434937E+000  0.1324972409039258E+000  0.1394127037704189E+000 -0.2458711285471738E-001  0.3613218824117774E-003
 0.8708333300000000E+000  0.1408300200000000E+001 -0.1304941371325735E+000  0.1234520144068711E+000  0.1294541574272163E+000 -0.2180459551542546E-001  0.2331646367172549E-003
 0.8791666700000000E+000  0.1408300200000000E+001 -0.1208866685228232E+000  0.1148062993249962E+000  0.1199940352444627E+000 -0.1924320220824943E-001  0.1447657949454075E-003
 0.8872222200000000E+000  0.1408300200000000E+001 -0.1117744496279928E+000  0.1065471898483898E+000  0.1110111593824077E+000 -0.1689586830525712E-001  0.8601031382729882E-004
 0.8950000000000000E+000  0.1408300200000000E+001 -0.1031356665288475E+000  0.9866262907969832E-001  0.1024856565267912E+000 -0.1475460384616975E-001  0.4858837896627824E-004
 0.9025000000000000E+000  0.1408300200000000E+001 -0.9495002527684772E-001  0.9114141579757401E-001  0.9439897027035851E-001 -0.1281067100136789E-001  0.2590004503631405E-004
 0.9097222200000000E+000  0.1408300200000000E+001 -0.8719861759477877E-001  0.8397310383212210E-001  0.8673375144132481E-001 -0.1105471753736270E-001  0.1290890987717624E-004
 0.9166666700000000E+000  0.1408300200000000E+001 -0.7986383833573686E-001  0.7714794854361263E-001  0.7947379592809810E-001 -0.9476911759471194E-002  0.5950000854217082E-005
 0.9233333300000000E+000  0.1408300200000000E+001 -0.7292934916989750E-001  0.7065689704716910E-001  0.7260402550733792E-001 -0.8067074803983533E-002  0.2502492441375320E-005
 0.9297222200000000E+000  0.1408300200000000E+001 -0.6637993149042858E-001  0.6449147531418224E-001  0.6611035668714972E-001 -0.6814778166296879E-002  0.9447899266663402E-006
 0.9358333300000000E+000  0.1408300200000000E+001 -0.6020149064279218E-001  0.5864381647243640E-001  0.5997971748830556E-001 -0.5709462108374167E-002  0.3137622817717849E-006
 0.9416666700000000E+000  0.1408300200000000E+001 -0.5438093962186924E-001  0.5310657607867499E-001  0.5419994321722795E-001 -0.4740519400314943E-002  0.8936620044054837E-007
 0.9472222200000000E+000  0.1408300200000000E+001 -0.4890618883303978E-001  0.4787294701509880E-001  0.4875977605726602E-001 -0.3897389248023484E-002  0.2114358234816428E-007
 0.9525000000000000E+000  0.1408300200000000E+001 -0.4376602000751185E-001  0.4293656356823942E-001  0.4364874843942575E-001 -0.3169623157130180E-002  0.3989685320315677E-008
 0.9575000000000000E+000  0.1408300200000000E+001 -0.3895010271489611E-001  0.3829154071088567E-001  0.3885720702427369E-001 -0.2546965519828419E-002  0.5701358000514109E-009
 0.9622222200000000E+000  0.1408300200000000E+001 -0.3444890566151308E-001  0.3393241205492747E-001  0.3437623125191974E-001 -0.2019410071823284E-002  0.5800597748587485E-010
 0.9666666700000000E+000  0.1408300200000000E+001 -0.3025365149209180E-001  0.2985410815981682E-001  0.3019759429327473E-001 -0.1577256822111624E-002  0.4023971496788602E-011
 0.9708333300000000E+000  0.1408300200000000E+001 -0.2635631204516988E-001  0.2605197327505781E-001  0.2631376362417483E-001 -0.1211166329072064E-002  0.2187367098795371E-012
 0.9747222200000000E+000  0.1408300200000000E+001 -0.2274950326539884E-001  0.2252168323542768E-001  0.2271780101520336E-001 -0.9121980992176327E-003  0.1425283547074795E-013
 0.9783333300000000E+000  0.1408300200000000E+001 -0.1942651471796209E-001  0.1925929320481881E-001  0.1940339607273509E-001 -0.6718572109384225E-003  0.8455053151011356E-015
 0.9816666700000000E+000  0.1408300200000000E+001 -0.1638122975609352E-001  0.1626117748939316E-001  0.1636479032461094E-001 -0.4821259037965549E-003  0.2379709678783742E-016
 0.9847222200000000E+000  0.1408300200000000E+001 -0.1360814098089299E-001  0.1352406141821984E-001  0.1359679588822041E-001 -0.3354983657222149E-003  0.1072061965422766E-017
 0.9875000000000000E+000  0.1408300200000000E+001 -0.1110225876057454E-001  0.1104494660757233E-001  0.1109470704057724E-001 -0.2250049511754178E-003 -0.8253248270423354E-018
 0.9900000000000000E+000  0.1408300200000000E+001 -0.8859149861879389E-002  0.8821163109100765E-002  0.8854341283263210E-002 -0.1442403636499314E-003  0.1276158397535178E-017
 0.9922222200000000E+000  0.1408300200000000E+001 -0.6874878597691239E-002  0.6850324024855249E-002  0.6871982792044990E-002 -0.8738317425959981E-004 -0.1243675219764093E-017
 0.9941666700000000E+000  0.1408300200000000E+001 -0.5145987030422552E-002  0.5130317752556139E-002  0.5144364543241617E-002 -0.4921486195120905E-004  0.4286986088893703E-018
 0.9958333300000000E+000  0.1408300200000000E+001 -0.3669512871883035E-002  0.3659334433476551E-002  0.3668687853493495E-002 -0.2513661444010100E-004 -0.2240214481766461E-017
 0.9972222200000000E+000  0.1408300200000000E+001 -0.2442912039893567E-002  0.2435858349955142E-002  0.2442546391095714E-002 -0.1118175230980422E-004 -0.1955970231959548E-018
 0.9983333300000000E+000  0.1408300200000000E+001 -0.1464107749482266E-002  0.1458534768302936E-002  0.1463976409957305E-002 -0.4028287355574166E-005 -0.7807029946847578E-019
 0.9991666700000000E+000  0.1408300200000000E+001 -0.7314355048575734E-003  0.7273839162597084E-003  0.7314027253965394E-003 -0.1007591917780861E-005  0.5083498229284194E-017
 0.9997222200000000E+000  0.1408300200000000E+001 -0.2436785577826247E-003  0.2411372928341790E-003  0.2436749196001299E-003 -0.1119966786541641E-006  0.2093617401965361E-017
 0.1000000000000000E+001  0.1408300200000000E+001 -0.3719899056692244E-027  0.2771816532540520E-027  0.2260150764005862E-027 -0.6219868149582142E-040 -0.3156344512688814E-041

 0.0000000000000000E+000  0.1440799400000000E+001 -0.1940164948109426E+001  0.1539520303621256E+001  0.1546761533621273E+001 -0.6792412197764048E-002  0.1496442923289173E-001
 0.2777777800000000E-003  0.1440799400000000E+001 -0.1940155955574956E+001  0.1539517224573499E+001  0.1546752348823285E+001 -0.6792106210049972E-002  0.1497590974779591E-001
 0.8333333300000000E-003  0.1440799400000000E+001 -0.1940084435482170E+001  0.1539492677121074E+001  0.1546679287372560E+001 -0.6789737292589105E-002  0.1506770756697500E-001
 0.1666666700000000E-002  0.1440799400000000E+001 -0.1939849193726112E+001  0.1539411180101375E+001  0.1546438815425585E+001 -0.6782766017885284E-002  0.1537607817596253E-001
 0.2777777800000000E-002  0.1440799400000000E+001 -0.1939328067998792E+001  0.1539226351554426E+001  0.1545905152062782E+001 -0.6772127913924460E-002  0.1609667261290969E-001
 0.4166666700000000E-002  0.1440799400000000E+001 -0.1938439261488332E+001  0.1538896123508099E+001  0.1544991366276415E+001 -0.6771682725726643E-002  0.1746214664139459E-001
 0.5833333300000000E-002  0.1440799400000000E+001 -0.1937213614492328E+001  0.1538403979079085E+001  0.1543721228320683E+001 -0.6818198726373393E-002  0.1970281350499422E-001
 0.7777777800000000E-002  0.1440799400000000E+001 -0.1935808638994598E+001  0.1537771410620068E+001  0.1542242711085300E+001 -0.6969441022302387E-002  0.2300215456319078E-001
 0.1000000000000000E-001  0.1440799400000000E+001 -0.1934433207446532E+001  0.1537048434772537E+001  0.1540752233337262E+001 -0.7285399956623511E-002  0.2746953088747997E-001
 0.1250000000000000E-001  0.1440799400000000E+001 -0.1933252891551142E+001  0.1536289830722928E+001  0.1539399824455129E+001 -0.7807337884087965E-002  0.3314239302661652E-001
 0.1527777800000000E-001  0.1440799400000000E+001 -0.1932353527988322E+001  0.1535536560651496E+001  0.1538252786502725E+001 -0.8551053780784808E-002  0.4000895038955206E-001
 0.1833333300000000E-001  0.1440799400000000E+001 -0.1931759852279965E+001  0.1534810726751043E+001  0.1537314543820253E+001 -0.9513536056119449E-002  0.4803377853929970E-001
 0.2166666700000000E-001  0.1440799400000000E+001 -0.1931467947921958E+001  0.1534119399373062E+001  0.1536557287106708E+001 -0.1068296697826562E-001  0.5717595327395242E-001
 0.2527777800000000E-001  0.1440799400000000E+001 -0.1931467992518315E+001  0.1533460537633867E+001  0.1535944847348105E+001 -0.1204582493033721E-001  0.6739837959583997E-001
 0.2916666700000000E-001  0.1440799400000000E+001 -0.1931754926309889E+001  0.1532827571057046E+001  0.1535443440582135E+001 -0.1359029317588182E-001  0.7867111359471392E-001
 0.3333333300000000E-001  0.1440799400000000E+001 -0.1932331683451177E+001  0.1532212037159858E+001  0.1535024969461849E+001 -0.1530727676307097E-001  0.9097147553617994E-001
 0.3777777800000000E-001  0.1440799400000000E+001 -0.1933209055675023E+001  0.1531604735910647E+001  0.1534666991299476E+001 -0.1719030844726097E-001  0.1042828407025141E+000
 0.4250000000000000E-001  0.1440799400000000E+001 -0.1934404359150395E+001  0.1530995972196716E+001  0.1534351570116797E+001 -0.1923507135220650E-001  0.1185929478947171E+000
 0.4750000000000000E-001  0.1440799400000000E+001 -0.1935939787733757E+001  0.1530375269926642E+001  0.1534063934145154E+001 -0.2143887740295872E-001  0.1338921560572686E+000
 0.5277777800000000E-001  0.1440799400000000E+001 -0.1937840689421239E+001  0.1529730768942209E+001  0.1533791235940741E+001 -0.2380020485949913E-001  0.1501716525385272E+000
 0.5833333300000000E-001  0.1440799400000000E+001 -0.1940133738570003E+001  0.1529048390572075E+001  0.1533521453283312E+001 -0.2631832290243601E-001  0.1674216093545460E+000
 0.6416666700000000E-001  0.1440799400000000E+001 -0.1942844864929304E+001  0.1528310790080547E+001  0.1533242382194666E+001 -0.2899299254878103E-001  0.1856291825868275E+000
 0.7027777800000000E-001  0.1440799400000000E+001 -0.1945996738481325E+001  0.1527496076724767E+001  0.1532940649475793E+001 -0.3182421827399669E-001  0.2047761720202129E+000
 0.7666666699999999E-001  0.1440799400000000E+001 -0.1949605585414077E+001  0.1526576254779993E+001  0.1532600666148921E+001 -0.3481204401077190E-001  0.2248362602402220E+000
 0.8333333300000000E-001  0.1440799400000000E+001 -0.1953677043331406E+001  0.1525515332700268E+001  0.1532203445292682E+001 -0.3795636740917193E-001  0.2457715702853341E+000
 0.9027777800000000E-001  0.1440799400000000E+001 -0.1958200735978815E+001  0.1524267036451532E+001  0.1531725203612763E+001 -0.4125677190116978E-001  0.2675284107333917E+000
 0.9750000000000000E-001  0.1440799400000000E+001 -0.1963143174991991E+001  0.1522772074091754E+001  0.1531135665071252E+001 -0.4471235881420427E-001  0.2900319270489010E+000
 0.1050000000000000E+000  0.1440799400000000E+001 -0.1968438595285130E+001  0.1520954910653352E+001  0.1530395979210145E+001 -0.4832158702852525E-001  0.3131795367189655E+000
 0.1127777800000000E+000  0.1440799400000000E+001 -0.1973977324928966E+001  0.1518720064702387E+001  0.1529456172605354E+001 -0.5208210681756730E-001  0.3368329238006298E+000
 0.1208333300000000E+000  0.1440799400000000E+001 -0.1979591441931404E+001  0.1515948020902956E+001  0.1528252068914647E+001 -0.5599058632766390E-001  0.3608085699720595E+000
 0.1291666700000000E+000  0.1440799400000000E+001 -0.1985037867362753E+001  0.1512490967714306E+001  0.1526701645691019E+001 -0.6004256427370612E-001  0.3848672659827569E+000
 0.1377777800000000E+000  0.1440799400000000E+001 -0.1989979570174379E+001  0.1508168872860285E+001  0.1524700924489877E+001 -0.6423225093224920E-001  0.4087028281552513E+000
 0.1466666700000000E+000  0.1440799400000000E+001 -0.1993967014226441E+001  0.1502766567421659E+001  0.1522119587657303E+001 -0.6855240407794966E-001  0.4319322186979702E+000
 0.1558333300000000E+000  0.1440799400000000E+001 -0.1996423373735686E+001  0.1496033097271150E+001  0.1518796863973597E+001 -0.7299415817903662E-001  0.4540887981611529E+000
 0.1652777800000000E+000  0.1440799400000000E+001 -0.1996639503475469E+001  0.1487684782303628E+001  0.1514538490379949E+001 -0.7754691745403609E-001  0.4746229906459798E+000
 0.1750000000000000E+000  0.1440799400000000E+001 -0.1993786463141875E+001  0.1477413909865814E+001  0.1509116098826297E+001 -0.8219820812054179E-001  0.4929144509069847E+000
 0.1850000000000000E+000  0.1440799400000000E+001 -0.1986954062520466E+001  0.1464904414496977E+001  0.1502270537756541E+001 -0.8693361524486616E-001  0.5083009760680014E+000
 0.1952777800000000E+000  0.1440799400000000E+001 -0.1975221019694952E+001  0.1449855289126875E+001  0.1493720834953381E+001 -0.9173668194310626E-001  0.5201262359211711E+000
 0.2058333300000000E+000  0.1440799400000000E+001 -0.1957754701402170E+001  0.1432010164294417E+001  0.1483179681091068E+001 -0.9658884381593928E-001  0.5278046067236386E+000
 0.2166666700000000E+000  0.1440799400000000E+001 -0.1933926278126675E+001  0.1411188897070063E+001  0.1470374823124751E+001 -0.1014694019867459E+000  0.5308940153283631E+000
 0.2277777800000000E+000  0.1440799400000000E+001 -0.1903415698981185E+001  0.1387315037434088E+001  0.1455073859923067E+001 -0.1063554769984114E+000  0.5291611804482982E+000
 0.2391666700000000E+000  0.1440799400000000E+001 -0.1866275811276232E+001  0.1360431803331245E+001  0.1437107632950130E+001 -0.1112220697964789E+000  0.5226217095603922E+000
 0.2508333300000000E+000  0.1440799400000000E+001 -0.1822934674671133E+001  0.1330702329108665E+001  0.1416387419629703E+001 -0.1160421183672714E+000  0.5115424448704610E+000
 0.2627777800000000E+000  0.1440799400000000E+001 -0.1774133794761406E+001  0.1298393402341863E+001  0.1392911918492610E+001 -0.1207866406204053E+000  0.4964048585967294E+000
 0.2750000000000000E+000  0.1440799400000000E+001 -0.1720822211345659E+001  0.1263847471108991E+001  0.1366763474301851E+001 -0.1254248517658404E+000  0.4778404410294218E+000
 0.2875000000000000E+000  0.1440799400000000E+001 -0.1664035876009516E+001  0.1227449162098200E+001  0.1338095082237104E+001 -0.1299243383522599E+000  0.4565553643745870E+000
 0.3002777800000000E+000  0.1440799400000000E+001 -0.1604791355450509E+001  0.1189593754666167E+001  0.1307112437521070E+001 -0.1342511699258541E+000  0.4332614499051959E+000
 0.3133333300000000E+000  0.1440799400000000E+001 -0.1544009828585645E+001  0.1150661822795399E+001  0.1274054745299517E+001 -0.1383700049041285E+000  0.4086238782590346E+000
 0.3266666700000000E+000  0.1440799400000000E+001 -0.1482474976046021E+001  0.1111001861907056E+001  0.1239177278097106E+001 -0.1422441942686767E+000  0.3832288860677345E+000
 0.3402777800000000E+000  0.1440799400000000E+001 -0.1420820154192810E+001  0.1070920981281475E+001  0.1202737715953464E+001 -0.1458358570493305E+000  0.3575696078908878E+000
 0.3541666700000000E+000  0.1440799400000000E+001 -0.1359534705190061E+001  0.1030681341181375E+001  0.1164986063822173E+001 -0.1491060271703262E+000  0.3320448835245030E+000
 0.3683333300000000E+000  0.1440799400000000E+001 -0.1298981833673455E+001  0.9905011992694375E+000  0.1126158475184257E+001 -0.1520148172698557E+000  0.3069665107741796E+000
 0.3827777800000000E+000  0.1440799400000000E+001 -0.1239420360955724E+001  0.9505582104195980E+000  0.1086473695531339E+001 -0.1545216786548297E+000  0.2825704296970626E+000
 0.3975000000000000E+000  0.1440799400000000E+001 -0.1181027029283081E+001  0.9109943094670900E+000  0.1046131941839017E+001 -0.1565857237730545E+000  0.2590293875462703E+000
 0.4125000000000000E+000  0.1440799400000000E+001 -0.1123915964330447E+001  0.8719205694456792E+000  0.1005314812495207E+001 -0.1581661738882193E+000  0.2364649221976080E+000
 0.4277777800000000E+000  0.1440799400000000E+001 -0.1068155414645144E+001  0.8334222056519213E+000  0.9641863641586367E+000 -0.1592228931027795E+000  0.2149582267431377E+000
 0.4433333300000000E+000  0.1440799400000000E+001 -0.1013781016726079E+001  0.7955630243144315E+000  0.9228945400920695E+000 -0.1597170422464239E+000  0.1945593105181382E+000
 0.4591666700000000E+000  0.1440799400000000E+001 -0.9608059236622789E+000  0.7583892226524203E+000  0.8815726797445277E+000 -0.1596118431553800E+000  0.1752944744450116E+000
 0.4752777800000000E+000  0.1440799400000000E+001 -0.9092287642451394E+000  0.7219328782965431E+000  0.8403413248904607E+000 -0.1588734482550214E+000  0.1571724378063814E+000
 0.4916666700000000E+000  0.1440799400000000E+001 -0.8590390562451397E+000  0.6862145621654343E+000  0.7993095534432986E+000 -0.1574719107193671E+000  0.1401890097582203E+000
 0.5083333300000000E+000  0.1440799400000000E+001 -0.8102213941770399E+000  0.6512457494261200E+000  0.7585764605795983E+000 -0.1553822400689537E+000  0.1243308483990940E+000
 0.5247222200000000E+000  0.1440799400000000E+001 -0.7642808861410368E+000  0.6181317244168755E+000  0.7195375704952980E+000 -0.1526877581035898E+000  0.1100409847142706E+000
 0.5408333300000000E+000  0.1440799400000000E+001 -0.7210051444489873E+000  0.5867499840305221E+000  0.6821672621414733E+000 -0.1494391641442766E+000  0.9717454966326453E-001
 0.5566666700000000E+000  0.1440799400000000E+001 -0.6802028947081160E+000  0.5569857521532535E+000  0.6464299396553942E+000 -0.1456897739296259E+000  0.8559974683869771E-001
 0.5722222200000000E+000  0.1440799400000000E+001 -0.6417017618063297E+000  0.5287323829501326E+000  0.6122830460484049E+000 -0.1414947149505985E+000  0.7519732373119481E-001
 0.5875000000000000E+000  0.1440799400000000E+001 -0.6053458043645369E+000  0.5018911401826951E+000  0.5796790506777535E+000 -0.1369100991592297E+000  0.6585960896527117E-001
 0.6025000000000000E+000  0.1440799400000000E+001 -0.5709935982135689E+000  0.4763710059174538E+000  0.5485672047112141E+000 -0.1319922574548240E+000  0.5748950688544856E-001
 0.6172222200000000E+000  0.1440799400000000E+001 -0.5385162906381078E+000  0.4520881644589733E+000  0.5188946594203199E+000 -0.1267969904137614E+000  0.4999939236415209E-001
 0.6316666700000000E+000  0.1440799400000000E+001 -0.5077960115510078E+000  0.4289655060970717E+000  0.4906073887674371E+000 -0.1213788884733346E+000  0.4331007511460806E-001
 0.6458333300000000E+000  0.1440799400000000E+001 -0.4787246010766519E+000  0.4069321766706544E+000  0.4636509753672670E+000 -0.1157907410408153E+000  0.3734985152955064E-001
 0.6597222200000000E+000  0.1440799400000000E+001 -0.4512023165929502E+000  0.3859229623166653E+000  0.4379710254441685E+000 -0.1100829845256954E+000  0.3205359331574105E-001
 0.6733333300000000E+000  0.1440799400000000E+001 -0.4251370144462637E+000  0.3658779189506161E+000  0.4135137350029863E+000 -0.1043032900851815E+000  0.2736198801444345E-001
 0.6866666700000000E+000  0.1440799400000000E+001 -0.4004432393909593E+000  0.3467418461805782E+000  0.3902261361067179E+000 -0.9849619174224655E-001  0.2322081699472796E-001
 0.6997222200000000E+000  0.1440799400000000E+001 -0.3770416380870696E+000  0.3284639453087883E+000  0.3680564541791722E+000 -0.9270284212697476E-001  0.1958035356617838E-001
 0.7125000000000000E+000  0.1440799400000000E+001 -0.3548582564188980E+000  0.3109973400424192E+000  0.3469541986535908E+000 -0.8696079856578368E-001  0.1639480129332162E-001
 0.7250000000000000E+000  0.1440799400000000E+001 -0.3338241790023266E+000  0.2942988298024709E+000  0.3268704485339466E+000 -0.8130394734787180E-001  0.1362184518609134E-001
 0.7372222200000000E+000  0.1440799400000000E+001 -0.3138750403482233E+000  0.2783285200688337E+000  0.3077579113307162E+000 -0.7576244884531744E-001  0.1122223702027557E-001
 0.7491666700000000E+000  0.1440799400000000E+001 -0.2949506683272078E+000  0.2630495404477387E+000  0.2895710205735498E+000 -0.7036276141840113E-001  0.9159454158041492E-002
 0.7608333300000000E+000  0.1440799400000000E+001 -0.2769948343583334E+000  0.2484278394326134E+000  0.2722660644439047E+000 -0.6512773597777778E-001  0.7399419894080701E-002
 0.7722222200000000E+000  0.1440799400000000E+001 -0.2599548684496256E+000  0.2344318640989280E+000  0.2558011250243767E+000 -0.6007670457840992E-001  0.5910257801994549E-002
 0.7833333300000000E+000  0.1440799400000000E+001 -0.2437815232352789E+000  0.2210324392622501E+000  0.2401362078663777E+000 -0.5522566712135520E-001  0.4662117406181714E-002
 0.7941666700000000E+000  0.1440799400000000E+001 -0.2284286778336754E+000  0.2082025159453471E+000  0.2252331760633212E+000 -0.5058745129203086E-001  0.3627027000049019E-002
 0.8047222200000000E+000  0.1440799400000000E+001 -0.2138532097709092E+000  0.1959170593532413E+000  0.2110558122781392E+000 -0.4617193581402229E-001  0.2778800874698408E-002
 0.8149999999999999E+000  0.1440799400000000E+001 -0.2000147134042114E+000  0.1841528102259462E+000  0.1975697026176996E+000 -0.4198623533212156E-001  0.2092973374390760E-002
 0.8250000000000000E+000  0.1440799400000000E+001 -0.1868754282276574E+000  0.1728882243513229E+000  0.1847422997306160E+000 -0.3803495167821867E-001  0.1546779403233717E-002
 0.8347222200000000E+000  0.1440799400000000E+001 -0.1744000260084049E+000  0.1621032955622457E+000  0.1725428276672763E+000 -0.3432038105093820E-001  0.1119154475526584E-002
 0.8441666700000000E+000  0.1440799400000000E+001 -0.1625554655006087E+000  0.1517794372248493E+000  0.1609422344220967E+000 -0.3084273694922483E-001  0.7907610841425578E-003
 0.8533333300000000E+000  0.1440799400000000E+001 -0.1513109047003152E+000  0.1418994161266726E+000  0.1499131856125443E+000 -0.2760038218358976E-001  0.5440302118004671E-003
 0.8622222200000000E+000  0.1440799400000000E+001 -0.1406374845062110E+000  0.1324471754621262E+000  0.1394299190591314E+000 -0.2459001357358383E-001  0.3632041824539037E-003
 0.8708333300000000E+000  0.1440799400000000E+001 -0.1305082937438226E+000  0.1234078178246840E+000  0.1294682660024579E+000 -0.2180688808729672E-001  0.2343777760294634E-003
 0.8791666700000000E+000  0.1440799400000000E+001 -0.1208981940717611E+000  0.1147674662512320E+000  0.1200055255182073E+000 -0.1924499627548656E-001  0.1455181317792229E-003
 0.8872222200000000E+000  0.1440799400000000E+001 -0.1117837706706833E+000  0.1065132379860888E+000  0.1110204546847434E+000 -0.1689725769754839E-001  0.8645682926315497E-004
 0.8950000000000000E+000  0.1440799400000000E+001 -0.1031431508338095E+000  0.9863310034091888E-001  0.1024931221886677E+000 -0.1475566804575847E-001  0.4884037617011455E-004
 0.9025000000000000E+000  0.1440799400000000E+001 -0.9495598852149897E-001  0.9111587706575486E-001  0.9440492012711360E-001 -0.1281147664231345E-001  0.2603425225612487E-004
 0.9097222200000000E+000  0.1440799400000000E+001 -0.8720332943372069E-001  0.8395114744466209E-001  0.8673845375801904E-001 -0.1105531988844670E-001  0.1297574562828612E-004
 0.9166666700000000E+000  0.1440799400000000E+001 -0.7986752790213233E-001  0.7712919250884442E-001  0.7947747879358696E-001 -0.9477356157883660E-002  0.5980783750431080E-005
 0.9233333300000000E+000  0.1440799400000000E+001 -0.7293221005849476E-001  0.7064098501596090E-001  0.7260688173573158E-001 -0.8067398013438356E-002  0.2515430387889906E-005
 0.9297222200000000E+000  0.1440799400000000E+001 -0.6638212624784053E-001  0.6447807638803775E-001  0.6611254824552174E-001 -0.6815009637914415E-002  0.9496714207794409E-006
 0.9358333300000000E+000  0.1440799400000000E+001 -0.6020315482174839E-001  0.5863262481435529E-001  0.5998137950263029E-001 -0.5709625134443044E-002  0.3153824722602163E-006
 0.9416666700000000E+000  0.1440799400000000E+001 -0.5438218541909100E-001  0.5309731040259943E-001  0.5420118757291478E-001 -0.4740632151567306E-002  0.8982741994129188E-007
 0.9472222200000000E+000  0.1440799400000000E+001 -0.4890710835269619E-001  0.4786534993719070E-001  0.4876069463378539E-001 -0.3897465693338831E-002  0.2125265147211364E-007
 0.9525000000000000E+000  0.1440799400000000E+001 -0.4376668817118330E-001  0.4293040087772053E-001  0.4364941599811211E-001 -0.3169673865975103E-002  0.4010257017771941E-008
 0.9575000000000000E+000  0.1440799400000000E+001 -0.3895057985471564E-001  0.3828660053171042E-001  0.3885768378451430E-001 -0.2546998352894386E-002  0.5730743934954692E-009
 0.9622222200000000E+000  0.1440799400000000E+001 -0.3444923981518406E-001  0.3392850394547835E-001  0.3437656517329890E-001 -0.2019430765765063E-002  0.5830485726474760E-010
 0.9666666700000000E+000  0.1440799400000000E+001 -0.3025388042652473E-001  0.2985106214820604E-001  0.3019782308950997E-001 -0.1577269477055098E-002  0.4044702740026484E-011
 0.9708333300000000E+000  0.1440799400000000E+001 -0.2635646503144700E-001  0.2604963883342550E-001  0.2631391653083999E-001 -0.1211173808299122E-002  0.2198636022510040E-012
 0.9747222200000000E+000  0.1440799400000000E+001 -0.2274960262351717E-001  0.2251992822190805E-001  0.2271790032912699E-001 -0.9122023508335919E-003  0.1432661775855325E-013
 0.9783333300000000E+000  0.1440799400000000E+001 -0.1942657715385914E-001  0.1925800275463073E-001  0.1940345848513053E-001 -0.6718595218814519E-003  0.8493556112079515E-015
 0.9816666700000000E+000  0.1440799400000000E+001 -0.1638126750712476E-001  0.1626025288159888E-001  0.1636482806375899E-001 -0.4821270959961691E-003  0.2464221909021823E-016
 0.9847222200000000E+000  0.1440799400000000E+001 -0.1360816278845300E-001  0.1352341890918808E-001  0.1359681769012110E-001 -0.3354989439979958E-003  0.5719312999534811E-019
 0.9875000000000000E+000  0.1440799400000000E+001 -0.1110227068539064E-001  0.1104451624875977E-001  0.1109471896288588E-001 -0.2250052116695898E-003  0.7945680798660809E-018
 0.9900000000000000E+000  0.1440799400000000E+001 -0.8859155958510459E-002  0.8820887538739469E-002  0.8854347378877626E-002 -0.1442404708464879E-003 -0.1145210939524259E-017
 0.9922222200000000E+000  0.1440799400000000E+001 -0.6874881462511076E-002  0.6850157247471008E-002  0.6871985656496129E-002 -0.8738321364996614E-004  0.1178232603141920E-017
 0.9941666700000000E+000  0.1440799400000000E+001 -0.5145988237657792E-002  0.5130223904515318E-002  0.5144365750361131E-002 -0.4921487445921500E-004 -0.5820836843673474E-018
 0.9958333300000000E+000  0.1440799400000000E+001 -0.3669513311416949E-002  0.3659286536208175E-002  0.3668688292997482E-002 -0.2513661770601120E-004  0.1821164554390265E-017
 0.9972222200000000E+000  0.1440799400000000E+001 -0.2442912170021876E-002  0.2435837056613305E-002  0.2442546521218136E-002 -0.1118175295655817E-004  0.4822201023213499E-018
 0.9983333300000000E+000  0.1440799400000000E+001 -0.1464107777572166E-002  0.1458527101063681E-002  0.1463976438046444E-002 -0.4028287439561293E-005 -0.4267565688290696E-018
 0.9991666700000000E+000  0.1440799400000000E+001 -0.7314355083670723E-003  0.7273819991707487E-003  0.7314027289059897E-003 -0.1007591923037670E-005  0.6032342544018556E-017
 0.9997222200000000E+000  0.1440799400000000E+001 -0.2436785579125697E-003  0.2411370797966705E-003  0.2436749197300735E-003 -0.1119966787191286E-006 -0.4708564450637789E-018
 0.1000000000000000E+001  0.1440799400000000E+001 -0.3555678535803763E-027  0.2099904174081104E-027 -0.1431652100778076E-027 -0.1492653208158656E-038  0.3878336655771958E-041

 0.0000000000000000E+000  0.1469687600000000E+001 -0.1940189928684243E+001  0.1539495323135978E+001  0.1546785460591083E+001 -0.6792412197764048E-002  0.1501470839420663E-001
 0.2777777800000000E-003  0.1469687600000000E+001 -0.1940180913992148E+001  0.1539492261096906E+001  0.1546776251474705E+001 -0.6792106247254021E-002  0.1502622752963913E-001
 0.8333333300000000E-003  0.1469687600000000E+001 -0.1940109218178776E+001  0.1539467848966068E+001  0.1546702996966011E+001 -0.6789737621342384E-002  0.1511833416119937E-001
 0.1666666700000000E-002  0.1469687600000000E+001 -0.1939873405236923E+001  0.1539386797786090E+001  0.1546461894812660E+001 -0.6782767254411673E-002  0.1542774219540027E-001
 0.2777777800000000E-002  0.1469687600000000E+001 -0.1939351053314306E+001  0.1539202961368978E+001  0.1545926862648646E+001 -0.6772130887282177E-002  0.1615076118334579E-001
 0.4166666700000000E-002  0.1469687600000000E+001 -0.1938460294605744E+001  0.1538874441820623E+001  0.1545010836412781E+001 -0.6771687819255533E-002  0.1752083083631742E-001
 0.5833333300000000E-002  0.1469687600000000E+001 -0.1937232308271600E+001  0.1538384697301913E+001  0.1543737834914465E+001 -0.6818205114941914E-002  0.1976904280891527E-001
 0.7777777800000000E-002  0.1469687600000000E+001 -0.1935825348019388E+001  0.1537754977340794E+001  0.1542256444974318E+001 -0.6969446843568049E-002  0.2307950399607047E-001
 0.1000000000000000E-001  0.1469687600000000E+001 -0.1934449135092136E+001  0.1537034984621990E+001  0.1540763762569493E+001 -0.7285403537012273E-002  0.2756195958961441E-001
 0.1250000000000000E-001  0.1469687600000000E+001 -0.1933269907637472E+001  0.1536279303821628E+001  0.1539410266936909E+001 -0.7807338772340374E-002  0.3325401432501788E-001
 0.1527777800000000E-001  0.1469687600000000E+001 -0.1932373944086452E+001  0.1535528901574575E+001  0.1538263442335548E+001 -0.8551052893269632E-002  0.4014388283617381E-001
 0.1833333300000000E-001  0.1469687600000000E+001 -0.1931786321097501E+001  0.1534806046892393E+001  0.1537326753593784E+001 -0.9513535406141435E-002  0.4819608847292984E-001
 0.2166666700000000E-001  0.1469687600000000E+001 -0.1931503487239093E+001  0.1534118068146128E+001  0.1536572414362837E+001 -0.1068296954034263E-001  0.5736966454609281E-001
 0.2527777800000000E-001  0.1469687600000000E+001 -0.1931516074419720E+001  0.1533463221657731E+001  0.1535964323326668E+001 -0.1204583478201928E-001  0.6762752177027019E-001
 0.2916666700000000E-001  0.1469687600000000E+001 -0.1931819588370542E+001  0.1532835248945266E+001  0.1535468825550396E+001 -0.1359031585525977E-001  0.7893978950376600E-001
 0.3333333300000000E-001  0.1469687600000000E+001 -0.1932417644695057E+001  0.1532226007986034E+001  0.1535058011457066E+001 -0.1530731977030436E-001  0.9128393863639148E-001
 0.3777777800000000E-001  0.1469687600000000E+001 -0.1933321835176729E+001  0.1531626629852632E+001  0.1534709678230566E+001 -0.1719038185607838E-001  0.1046435791660464E+000
 0.4250000000000000E-001  0.1469687600000000E+001 -0.1934550400616367E+001  0.1531027766273188E+001  0.1534406176654918E+001 -0.1923518852382369E-001  0.1190067753072450E+000
 0.4750000000000000E-001  0.1469687600000000E+001 -0.1936126594717662E+001  0.1530419309260913E+001  0.1534133065958799E+001 -0.2143905580586555E-001  0.1343643101323055E+000
 0.5277777800000000E-001  0.1469687600000000E+001 -0.1938076975342871E+001  0.1529789792948544E+001  0.1533877873394154E+001 -0.2380046699999151E-001  0.1507079032355839E+000
 0.5833333300000000E-001  0.1469687600000000E+001 -0.1940429594954357E+001  0.1529125563044978E+001  0.1533628996065907E+001 -0.2631869736773639E-001  0.1680283776003101E+000
 0.6416666700000000E-001  0.1469687600000000E+001 -0.1943211950123380E+001  0.1528409731800473E+001  0.1533374695699297E+001 -0.2899351515880948E-001  0.1863136699808800E+000
 0.7027777800000000E-001  0.1469687600000000E+001 -0.1946448487106049E+001  0.1527620898563115E+001  0.1533102113040311E+001 -0.3182493332934070E-001  0.2055465002987288E+000
 0.7666666699999999E-001  0.1469687600000000E+001 -0.1950157436110631E+001  0.1526731588420122E+001  0.1532796222646432E+001 -0.3481300561444580E-001  0.2257016173413706E+000
 0.8333333300000000E-001  0.1469687600000000E+001 -0.1954346677154325E+001  0.1525706354506127E+001  0.1532438650491598E+001 -0.3795764082620746E-001  0.2467423560101862E+000
 0.9027777800000000E-001  0.1469687600000000E+001 -0.1959008310206030E+001  0.1524499477892008E+001  0.1532006272465730E+001 -0.4125843490571423E-001  0.2686163699640081E+000
 0.9750000000000000E-001  0.1469687600000000E+001 -0.1964111524481939E+001  0.1523052208879505E+001  0.1531469509976317E+001 -0.4471450295665123E-001  0.2912502502381865E+000
 0.1050000000000000E+000  0.1469687600000000E+001 -0.1969593355582295E+001  0.1521289504656272E+001  0.1530790232557684E+001 -0.4832431874104758E-001  0.3145428964668540E+000
 0.1127777800000000E+000  0.1469687600000000E+001 -0.1975346904608420E+001  0.1519116269160911E+001  0.1529919181706309E+001 -0.5208554826388431E-001  0.3383574005192731E+000
 0.1208333300000000E+000  0.1469687600000000E+001 -0.1981206736266651E+001  0.1516413183170528E+001  0.1528792845834102E+001 -0.5599487589896840E-001  0.3625113998711378E+000
 0.1291666700000000E+000  0.1469687600000000E+001 -0.1986931564951996E+001  0.1513032328223597E+001  0.1527329748245707E+001 -0.6004785665033702E-001  0.3867663238502749E+000
 0.1377777800000000E+000  0.1469687600000000E+001 -0.1992184856430275E+001  0.1508793111966542E+001  0.1525426235336765E+001 -0.6423871663940610E-001  0.4108157338685787E+000
 0.1466666700000000E+000  0.1469687600000000E+001 -0.1996515459009416E+001  0.1503479171190333E+001  0.1522951954352512E+001 -0.6856022853154595E-001  0.4342749557207414E+000
 0.1558333300000000E+000  0.1469687600000000E+001 -0.1999341809179385E+001  0.1496837525663838E+001  0.1519745558797221E+001 -0.7300354022504583E-001  0.4566737524344369E+000
 0.1652777800000000E+000  0.1469687600000000E+001 -0.1999945835273313E+001  0.1488581463694938E+001  0.1515611461591428E+001 -0.7755806743831231E-001  0.4774564089849656E+000
 0.1750000000000000E+000  0.1469687600000000E+001 -0.1997484635229229E+001  0.1478399149861865E+001  0.1510319013495548E+001 -0.8221134542356730E-001  0.4959934824683993E+000
 0.1850000000000000E+000  0.1469687600000000E+001 -0.1991028860772723E+001  0.1465969399343020E+001  0.1503605678595177E+001 -0.8694896510060791E-001  0.5116107232729253E+000
 0.1952777800000000E+000  0.1469687600000000E+001 -0.1979633922375080E+001  0.1450985450034671E+001  0.1495185994316579E+001 -0.9175447110681220E-001  0.5236375184929299E+000
 0.2058333300000000E+000  0.1469687600000000E+001 -0.1962442345145747E+001  0.1433185207730335E+001  0.1484767283326829E+001 -0.9660929455999759E-001  0.5314733169559539E+000
 0.2166666700000000E+000  0.1469687600000000E+001 -0.1938802923230282E+001  0.1412383731848738E+001  0.1472071548325375E+001 -0.1014927241019879E+000  0.5346628093579067E+000
 0.2277777800000000E+000  0.1469687600000000E+001 -0.1908380123959564E+001  0.1388501618453928E+001  0.1456860987320145E+001 -0.1063818580548409E+000  0.5329637038196516E+000
 0.2391666700000000E+000  0.1469687600000000E+001 -0.1871221575323149E+001  0.1361581620743093E+001  0.1438962160427104E+001 -0.1112516648519688E+000  0.5263887317428190E+000
 0.2508333300000000E+000  0.1469687600000000E+001 -0.1827761358845349E+001  0.1331789032307823E+001  0.1418283789012812E+001 -0.1160750409019979E+000  0.5152085533117133E+000
 0.2627777800000000E+000  0.1469687600000000E+001 -0.1778756468822430E+001  0.1299394995890730E+001  0.1394823998336007E+001 -0.1208229564992210E+000  0.4999141613858938E+000
 0.2750000000000000E+000  0.1469687600000000E+001 -0.1725177179912775E+001  0.1264747684741925E+001  0.1368666403467934E+001 -0.1254645771508588E+000  0.4811501595951467E+000
 0.2875000000000000E+000  0.1469687600000000E+001 -0.1668082205205051E+001  0.1228237879249652E+001  0.1339966673535134E+001 -0.1299674413642484E+000  0.4596369860589443E+000
 0.3002777800000000E+000  0.1469687600000000E+001 -0.1608508969072950E+001  0.1190266643459835E+001  0.1308934011125640E+001 -0.1342975748035697E+000  0.4360998333785573E+000
 0.3133333300000000E+000  0.1469687600000000E+001 -0.1547395579013045E+001  0.1151219450361818E+001  0.1275811422357909E+001 -0.1384195970686831E+000  0.4112150757170001E+000
 0.3266666700000000E+000  0.1469687600000000E+001 -0.1485538051182294E+001  0.1111448583645323E+001  0.1240857861469099E+001 -0.1422968248935192E+000  0.3855774566499474E+000
 0.3402777800000000E+000  0.1469687600000000E+001 -0.1423577778433354E+001  0.1071263830335082E+001  0.1204334313811078E+001 -0.1458913462213821E+000  0.3596859972740684E+000
 0.3541666700000000E+000  0.1469687600000000E+001 -0.1362008619050689E+001  0.1030929050825361E+001  0.1166493591821182E+001 -0.1491641653540981E+000  0.3339431870966544E+000
 0.3683333300000000E+000  0.1469687600000000E+001 -0.1301195685623010E+001  0.9906634156909915E+000  0.1127574136121434E+001 -0.1520753651721705E+000  0.3086627371013407E+000
 0.3827777800000000E+000  0.1469687600000000E+001 -0.1241397932193636E+001  0.9506449000582829E+000  0.1087796495372959E+001 -0.1545843659126618E+000  0.2840812487241499E+000
 0.3975000000000000E+000  0.1469687600000000E+001 -0.1182791129383811E+001  0.9110153390646530E+000  0.1047362271929740E+001 -0.1566502469809456E+000  0.2603712896569754E+000
 0.4125000000000000E+000  0.1469687600000000E+001 -0.1125487818104701E+001  0.8718854250827952E+000  0.1006454105771335E+001 -0.1582321945623892E+000  0.2376536931477066E+000
 0.4277777800000000E+000  0.1469687600000000E+001 -0.1069554387644639E+001  0.8333398180186720E+000  0.9652368230446382E+000 -0.1592900361239614E+000  0.2160086528286715E+000
 0.4433333300000000E+000  0.1469687600000000E+001 -0.1015024558426156E+001  0.7954416708773789E+000  0.9238589270598926E+000 -0.1597848953056059E+000  0.1954850417662858E+000
 0.4591666700000000E+000  0.1469687600000000E+001 -0.9619096410583374E+000  0.7582364833435118E+000  0.8824541596119138E+000 -0.1596799576632144E+000  0.1761079910844850E+000
 0.4752777800000000E+000  0.1469687600000000E+001 -0.9102065673518662E+000  0.7217556272908227E+000  0.8411433488526403E+000 -0.1589413421038536E+000  0.1578850815719744E+000
 0.4916666700000000E+000  0.1469687600000000E+001 -0.8599033352091705E+000  0.6860189825310131E+000  0.8000357745838003E+000 -0.1575390732133135E+000  0.1408110517826774E+000
 0.5083333300000000E+000  0.1469687600000000E+001 -0.8109832047000046E+000  0.6510373617668832E+000  0.7592306734455632E+000 -0.1554481392297820E+000  0.1248715763923707E+000
 0.5247222200000000E+000  0.1469687600000000E+001 -0.7649529940439307E+000  0.6179156096630897E+000  0.7201258214256264E+000 -0.1527519177896776E+000  0.1105110452962154E+000
 0.5408333300000000E+000  0.1469687600000000E+001 -0.7215984009870819E+000  0.5865302515742608E+000  0.6826951936776101E+000 -0.1495011558059503E+000  0.9758301480485530E-001
 0.5566666700000000E+000  0.1469687600000000E+001 -0.6807266019565971E+000  0.5567657066226203E+000  0.6469028036105458E+000 -0.1457492228728095E+000  0.8595438977440714E-001
 0.5722222200000000E+000  0.1469687600000000E+001 -0.6421639576240610E+000  0.5285146622658161E+000  0.6127057218210289E+000 -0.1415513049850589E+000  0.7550484194069740E-001
 0.5875000000000000E+000  0.1469687600000000E+001 -0.6057534846306553E+000  0.5016778296045562E+000  0.5800560651351301E+000 -0.1369635754434385E+000  0.6612580394909627E-001
 0.6025000000000000E+000  0.1469687600000000E+001 -0.5713528913308634E+000  0.4761637322520134E+000  0.5489027524093493E+000 -0.1320424275156621E+000  0.5771942969598584E-001
 0.6172222200000000E+000  0.1469687600000000E+001 -0.5388325950361795E+000  0.4518881739911582E+000  0.5191926219829764E+000 -0.1268437233838787E+000  0.5019746147530019E-001
 0.6316666700000000E+000  0.1469687600000000E+001 -0.5080741049590118E+000  0.4287737291971405E+000  0.4908713532478360E+000 -0.1214221127037729E+000  0.4348017231692342E-001
 0.6458333300000000E+000  0.1469687600000000E+001 -0.4789687282168549E+000  0.4067492814662554E+000  0.4638842516168906E+000 -0.1158304403179850E+000  0.3749540031841889E-001
 0.6597222200000000E+000  0.1469687600000000E+001 -0.4514162600151956E+000  0.3857493994642775E+000  0.4381766623060774E+000 -0.1101191931293449E+000  0.3217762305341847E-001
 0.6733333300000000E+000  0.1469687600000000E+001 -0.4253241526630392E+000  0.3657139590214802E+000  0.4136945357650582E+000 -0.1043360870089922E+000  0.2746718688088240E-001
 0.6866666700000000E+000  0.1469687600000000E+001 -0.4006065949193076E+000  0.3465876110323469E+000  0.3903846730805689E+000 -0.9852569433897307E-001  0.2330957570397236E-001
 0.6997222200000000E+000  0.1469687600000000E+001 -0.3771839178091720E+000  0.3283194344282177E+000  0.3681950827097885E+000 -0.9272919948238167E-001  0.1965480173612539E-001
 0.7125000000000000E+000  0.1469687600000000E+001 -0.3549818857211268E+000  0.3108624528021433E+000  0.3470750704491755E+000 -0.8698418482670578E-001  0.1645683771026826E-001
 0.7250000000000000E+000  0.1469687600000000E+001 -0.3339313312051131E+000  0.2941733842265961E+000  0.3269755246059938E+000 -0.8132455525946611E-001  0.1367316324588368E-001
 0.7372222200000000E+000  0.1469687600000000E+001 -0.3139676622134323E+000  0.2782122687591083E+000  0.3078489744155345E+000 -0.7578048365235725E-001  0.1126434612770208E-001
 0.7491666700000000E+000  0.1469687600000000E+001 -0.2950305024549458E+000  0.2629421841078493E+000  0.2896496871286608E+000 -0.7037843528083239E-001  0.9193697876524685E-002
 0.7608333300000000E+000  0.1469687600000000E+001 -0.2770634390719081E+000  0.2483290383446658E+000  0.2723337962638052E+000 -0.6514126300656461E-001  0.7426991477628307E-002
 0.7722222200000000E+000  0.1469687600000000E+001 -0.2600136354862397E+000  0.2343412479495598E+000  0.2558592403644534E+000 -0.6008829653058433E-001  0.5932213550421330E-002
 0.7833333300000000E+000  0.1469687600000000E+001 -0.2438316937163262E+000  0.2209496154754318E+000  0.2401858922053393E+000 -0.5523552980667248E-001  0.4679388359450714E-002
 0.7941666700000000E+000  0.1469687600000000E+001 -0.2284713566549423E+000  0.2081270768248009E+000  0.2252754923790392E+000 -0.5059578166543085E-001  0.3640429267492314E-002
 0.8047222200000000E+000  0.1469687600000000E+001 -0.2138893786958036E+000  0.1958485881417371E+000  0.2110917109040712E+000 -0.4617891974251631E-001  0.2789044957339581E-002
 0.8149999999999999E+000  0.1469687600000000E+001 -0.2000452429347433E+000  0.1840908863104725E+000  0.1976000305840513E+000 -0.4199204597314539E-001  0.2100672703024021E-002
 0.8250000000000000E+000  0.1469687600000000E+001 -0.1869010884718963E+000  0.1728324276425103E+000  0.1847678096682570E+000 -0.3803974842927650E-001  0.1552458363233808E-002
 0.8347222200000000E+000  0.1469687600000000E+001 -0.1744214965781364E+000  0.1620532102232165E+000  0.1725641861955721E+000 -0.3432430898882368E-001  0.1123256069456053E-002
 0.8441666700000000E+000  0.1469687600000000E+001 -0.1625733445546099E+000  0.1517346548068229E+000  0.1609600300424543E+000 -0.3084592669344966E-001  0.7936543932983839E-003
 0.8533333300000000E+000  0.1469687600000000E+001 -0.1513257172195427E+000  0.1418595381622191E+000  0.1499279361172865E+000 -0.2760295011466935E-001  0.5460177643986351E-003
 0.8622222200000000E+000  0.1469687600000000E+001 -0.1406496898259139E+000  0.1324118156382063E+000  0.1394420784180342E+000 -0.2459206232845284E-001  0.3645292760963126E-003
 0.8708333300000000E+000  0.1469687600000000E+001 -0.1305182924506868E+000  0.1233766037117763E+000  0.1294782307832191E+000 -0.2180850727690602E-001  0.2352317836285011E-003
 0.8791666700000000E+000  0.1469687600000000E+001 -0.1209063342781226E+000  0.1147400406993818E+000  0.1200136408115958E+000 -0.1924626335699509E-001  0.1460477431246409E-003
 0.8872222200000000E+000  0.1469687600000000E+001 -0.1117903537417257E+000  0.1064892601800927E+000  0.1110270195771423E+000 -0.1689823895394100E-001  0.8677115202847959E-004
 0.8950000000000000E+000  0.1469687600000000E+001 -0.1031484365847511E+000  0.9861224660693205E-001  0.1024983947735162E+000 -0.1475641962218269E-001  0.4901776650422865E-004
 0.9025000000000000E+000  0.1469687600000000E+001 -0.9496019995448106E-001  0.9109784140196911E-001  0.9440912210546033E-001 -0.1281204560618653E-001  0.2612872475565776E-004
 0.9097222200000000E+000  0.1469687600000000E+001 -0.8720665702950640E-001  0.8393564185548467E-001  0.8674177462920886E-001 -0.1105574527776900E-001  0.1302279285698450E-004
 0.9166666700000000E+000  0.1469687600000000E+001 -0.7987013351014957E-001  0.7711594715246550E-001  0.7948007966948860E-001 -0.9477669994575394E-002  0.6002452344688477E-005
 0.9233333300000000E+000  0.1469687600000000E+001 -0.7293423041974652E-001  0.7062974817948955E-001  0.7260889880602470E-001 -0.8067626263119469E-002  0.2524537548305369E-005
 0.9297222200000000E+000  0.1469687600000000E+001 -0.6638367616896554E-001  0.6446861434792484E-001  0.6611409590755674E-001 -0.6815173100859157E-002  0.9531075309774044E-006
 0.9358333300000000E+000  0.1469687600000000E+001 -0.6020433004045477E-001  0.5862472155818305E-001  0.5998255319273365E-001 -0.5709740260754432E-002  0.3165229251489960E-006
 0.9416666700000000E+000  0.1469687600000000E+001 -0.5438306517497937E-001  0.5309076726570335E-001  0.5420206631083721E-001 -0.4740711773983219E-002  0.9015207049560507E-007
 0.9472222200000000E+000  0.1469687600000000E+001 -0.4890775769322058E-001  0.4785998514220402E-001  0.4876134330830001E-001 -0.3897519676926366E-002  0.2132942434063062E-007
 0.9525000000000000E+000  0.1469687600000000E+001 -0.4376716000762472E-001  0.4292604901774302E-001  0.4364988740733648E-001 -0.3169709674949887E-002  0.4024737191613589E-008
 0.9575000000000000E+000  0.1469687600000000E+001 -0.3895091679414415E-001  0.3828311197675006E-001  0.3885802045589985E-001 -0.2547021538438441E-002  0.5751428245816884E-009
 0.9622222200000000E+000  0.1469687600000000E+001 -0.3444947578167862E-001  0.3392574420543623E-001  0.3437680097575910E-001 -0.2019445379024798E-002  0.5851523349898087E-010
 0.9666666700000000E+000  0.1469687600000000E+001 -0.3025404209058876E-001  0.2984891119064846E-001  0.3019798465598504E-001 -0.1577278413451633E-002  0.4059294705342868E-011
 0.9708333300000000E+000  0.1469687600000000E+001 -0.2635657306369703E-001  0.2604799035849496E-001  0.2631402450687178E-001 -0.1211179089802496E-002  0.2206572632955205E-012
 0.9747222200000000E+000  0.1469687600000000E+001 -0.2274967278570747E-001  0.2251868891458155E-001  0.2271797046010910E-001 -0.9122053531312178E-003  0.1437805208395474E-013
 0.9783333300000000E+000  0.1469687600000000E+001 -0.1942662124315887E-001  0.1925709150119830E-001  0.1940350255783456E-001 -0.6718611537607874E-003  0.8528576453651944E-015
 0.9816666700000000E+000  0.1469687600000000E+001 -0.1638129416508571E-001  0.1625959996907771E-001  0.1636485471332863E-001 -0.4821279378700975E-003  0.2410144529810885E-016
 0.9847222200000000E+000  0.1469687600000000E+001 -0.1360817818788191E-001  0.1352296520131858E-001  0.1359683308555368E-001 -0.3354993523479678E-003  0.9446764256891821E-018
 0.9875000000000000E+000  0.1469687600000000E+001 -0.1110227910610240E-001  0.1104421235100101E-001  0.1109472738182697E-001 -0.2250053956176126E-003 -0.6195806804493325E-018
 0.9900000000000000E+000  0.1469687600000000E+001 -0.8859160263644854E-002  0.8820692944894289E-002  0.8854351683294110E-002 -0.1442405465433111E-003  0.9789333107605974E-018
 0.9922222200000000E+000  0.1469687600000000E+001 -0.6874883485501807E-002  0.6850039477759718E-002  0.6871987679226504E-002 -0.8738324146545141E-004 -0.1120230391048693E-017
 0.9941666700000000E+000  0.1469687600000000E+001 -0.5145989090145906E-002  0.5130157633813747E-002  0.5144366602767532E-002 -0.4921488329173463E-004  0.4946515147094070E-018
 0.9958333300000000E+000  0.1469687600000000E+001 -0.3669513621793375E-002  0.3659252713603949E-002  0.3668688603352773E-002 -0.2513662001223144E-004 -0.8629230662598754E-018
 0.9972222200000000E+000  0.1469687600000000E+001 -0.2442912261911838E-002  0.2435822020344213E-002  0.2442546613103940E-002 -0.1118175341326285E-004 -0.1904106690817120E-018
 0.9983333300000000E+000  0.1469687600000000E+001 -0.1464107797407817E-002  0.1458521686851638E-002  0.1463976457881557E-002 -0.4028287498868235E-005  0.2048341716258845E-018
 0.9991666700000000E+000  0.1469687600000000E+001 -0.7314355108453011E-003  0.7273806454206292E-003  0.7314027313841852E-003 -0.1007591926749802E-005 -0.8980001680563684E-017
 0.9997222200000000E+000  0.1469687600000000E+001 -0.2436785580043301E-003  0.2411369293604899E-003  0.2436749198218323E-003 -0.1119966787648782E-006 -0.7166103304559620E-018
 0.1000000000000000E+001  0.1469687600000000E+001  0.2445385866188123E-027  0.3477519898487856E-027  0.1422243876950245E-027 -0.1518146501742609E-038  0.1769502861116716E-040

 0.0000000000000000E+000  0.1494964800000000E+001 -0.1940206726932027E+001  0.1539478524948518E+001  0.1546801550367875E+001 -0.6792412197764048E-002  0.1504842294743243E-001
 0.2777777800000000E-003  0.1494964800000000E+001 -0.1940197697339688E+001  0.1539475474347392E+001  0.1546792324898291E+001 -0.6792106272271067E-002  0.1505996798001879E-001
 0.8333333300000000E-003  0.1494964800000000E+001 -0.1940125883360237E+001  0.1539451153217154E+001  0.1546718940565359E+001 -0.6789737842405373E-002  0.1515228168701160E-001
 0.1666666700000000E-002  0.1494964800000000E+001 -0.1939889686315438E+001  0.1539370401853651E+001  0.1546477414621899E+001 -0.6782768085887631E-002  0.1546238537131331E-001
 0.2777777800000000E-002  0.1494964800000000E+001 -0.1939366509817972E+001  0.1539187232618254E+001  0.1545941461990567E+001 -0.6772132886657082E-002  0.1618703015451750E-001
 0.4166666700000000E-002  0.1494964800000000E+001 -0.1938474438320954E+001  0.1538859861985068E+001  0.1545023929137054E+001 -0.6771691244306654E-002  0.1756018143454003E-001
 0.5833333300000000E-002  0.1494964800000000E+001 -0.1937244878855995E+001  0.1538371731323982E+001  0.1543749002015342E+001 -0.6818209410832996E-002  0.1981345285318727E-001
 0.7777777800000000E-002  0.1494964800000000E+001 -0.1935836583910932E+001  0.1537743926861445E+001  0.1542265680291277E+001 -0.6969450757994470E-002  0.2313137080760361E-001
 0.1000000000000000E-001  0.1494964800000000E+001 -0.1934459845510474E+001  0.1537025940152842E+001  0.1540771515338491E+001 -0.7285405944586431E-002  0.2762393815480982E-001
 0.1250000000000000E-001  0.1494964800000000E+001 -0.1933281349972688E+001  0.1536272225076182E+001  0.1539417288905461E+001 -0.7807339369595708E-002  0.3332886318067187E-001
 0.1527777800000000E-001  0.1494964800000000E+001 -0.1932387672827100E+001  0.1535523751270316E+001  0.1538270607775399E+001 -0.8551052296383099E-002  0.4023436427832693E-001
 0.1833333300000000E-001  0.1494964800000000E+001 -0.1931804120219407E+001  0.1534802899940681E+001  0.1537334964020712E+001 -0.9513534968912286E-002  0.4830493016987490E-001
 0.2166666700000000E-001  0.1494964800000000E+001 -0.1931527386380414E+001  0.1534117172993840E+001  0.1536582586763240E+001 -0.1068297126293445E-001  0.5749956622752173E-001
 0.2527777800000000E-001  0.1494964800000000E+001 -0.1931548409008121E+001  0.1533465026662796E+001  0.1535977420274308E+001 -0.1204584140634588E-001  0.6778118776282117E-001
 0.2916666700000000E-001  0.1494964800000000E+001 -0.1931863074574978E+001  0.1532840412362643E+001  0.1535485896486937E+001 -0.1359033110543185E-001  0.7911997430554428E-001
 0.3333333300000000E-001  0.1494964800000000E+001 -0.1932475457673154E+001  0.1532235403723785E+001  0.1535080232249935E+001 -0.1530734868995628E-001  0.9149349913693321E-001
 0.3777777800000000E-001  0.1494964800000000E+001 -0.1933397689217910E+001  0.1531641354722661E+001  0.1534738386288465E+001 -0.1719043121970040E-001  0.1048855314773765E+000
 0.4250000000000000E-001  0.1494964800000000E+001 -0.1934648633467262E+001  0.1531049150705714E+001  0.1534442902570558E+001 -0.1923526731704793E-001  0.1192843561453888E+000
 0.4750000000000000E-001  0.1494964800000000E+001 -0.1936252259276218E+001  0.1530448931787675E+001  0.1534179563407660E+001 -0.2143917577706421E-001  0.1346810437287378E+000
 0.5277777800000000E-001  0.1494964800000000E+001 -0.1938235941598996E+001  0.1529829498063998E+001  0.1533936148727239E+001 -0.2380064328651430E-001  0.1510676747527432E+000
 0.5833333300000000E-001  0.1494964800000000E+001 -0.1940628664571565E+001  0.1529177481779609E+001  0.1533701338600129E+001 -0.2631894919808609E-001  0.1684355139111495E+000
 0.6416666700000000E-001  0.1494964800000000E+001 -0.1943458985304586E+001  0.1528476304097877E+001  0.1533463709276498E+001 -0.2899386662817439E-001  0.1867730281381080E+000
 0.7027777800000000E-001  0.1494964800000000E+001 -0.1946752554074786E+001  0.1527704896132518E+001  0.1533210748957859E+001 -0.3182541424018119E-001  0.2060635629556388E+000
 0.7666666699999999E-001  0.1494964800000000E+001 -0.1950528961760849E+001  0.1526836136156719E+001  0.1532927813644820E+001 -0.3481365236712965E-001  0.2262825931057263E+000
 0.8333333300000000E-001  0.1494964800000000E+001 -0.1954797613952551E+001  0.1525834947505594E+001  0.1532596944773633E+001 -0.3795849733555539E-001  0.2473942801368279E+000
 0.9027777800000000E-001  0.1494964800000000E+001 -0.1959552299345949E+001  0.1524655989651006E+001  0.1532195465876152E+001 -0.4125955350961596E-001  0.2693471974072216E+000
 0.9750000000000000E-001  0.1494964800000000E+001 -0.1964764038760222E+001  0.1523240884069448E+001  0.1531694273045185E+001 -0.4471594527131453E-001  0.2920689275081221E+000
 0.1050000000000000E+000  0.1494964800000000E+001 -0.1970371791283491E+001  0.1521514927058482E+001  0.1531055727261042E+001 -0.4832615640784745E-001  0.3154593913153527E+000
 0.1127777800000000E+000  0.1494964800000000E+001 -0.1976270573421660E+001  0.1519383291557600E+001  0.1530231059925245E+001 -0.5208786352428461E-001  0.3393826576545751E+000
 0.1208333300000000E+000  0.1494964800000000E+001 -0.1982296683844608E+001  0.1516726801605691E+001  0.1529157217673104E+001 -0.5599776193136795E-001  0.3636571772446049E+000
 0.1291666700000000E+000  0.1494964800000000E+001 -0.1988210114476626E+001  0.1513397479136569E+001  0.1527753104027754E+001 -0.6005141761474253E-001  0.3880448495048936E+000
 0.1377777800000000E+000  0.1494964800000000E+001 -0.1993674741790001E+001  0.1509214367018476E+001  0.1525915298599644E+001 -0.6424306738212711E-001  0.4122391066015522E+000
 0.1466666700000000E+000  0.1494964800000000E+001 -0.1998238398858789E+001  0.1503960307933310E+001  0.1523513440149386E+001 -0.6856549394848048E-001  0.4358542112402018E+000
 0.1558333300000000E+000  0.1494964800000000E+001 -0.2001316383488887E+001  0.1497380961631416E+001  0.1520385808484372E+001 -0.7300985428789361E-001  0.4584175291481289E+000
 0.1652777800000000E+000  0.1494964800000000E+001 -0.2002184617365857E+001  0.1489187568823863E+001  0.1516335933650031E+001 -0.7756557191106828E-001  0.4793692083290719E+000
 0.1750000000000000E+000  0.1494964800000000E+001 -0.1999990721136714E+001  0.1479065496029391E+001  0.1511131629121488E+001 -0.8222018822629555E-001  0.4980736310939890E+000
 0.1850000000000000E+000  0.1494964800000000E+001 -0.1993792260514141E+001  0.1466690069790825E+001  0.1504508063489786E+001 -0.8695929819546633E-001  0.5138483265502242E+000
 0.1952777800000000E+000  0.1494964800000000E+001 -0.1982628645800736E+001  0.1451750592144992E+001  0.1496176714290328E+001 -0.9176644760241814E-001  0.5260128902596284E+000
 0.2058333300000000E+000  0.1494964800000000E+001 -0.1965625277098340E+001  0.1433981041376104E+001  0.1485841233311189E+001 -0.9662306466488085E-001  0.5339564975678467E+000
 0.2166666700000000E+000  0.1494964800000000E+001 -0.1942115466706516E+001  0.1413193176103135E+001  0.1473219685032957E+001 -0.1015084296906875E+000  0.5372146981246141E+000
 0.2277777800000000E+000  0.1494964800000000E+001 -0.1911752931529987E+001  0.1389305553820323E+001  0.1458070559090527E+001 -0.1063996260112154E+000  0.5355389548446817E+000
 0.2391666700000000E+000  0.1494964800000000E+001 -0.1874581643276309E+001  0.1362360600932720E+001  0.1440217475510159E+001 -0.1112716000081225E+000  0.5289399856574205E+000
 0.2508333300000000E+000  0.1494964800000000E+001 -0.1831039818928301E+001  0.1332525091332767E+001  0.1419567404804982E+001 -0.1160972198105636E+000  0.5176910662217169E+000
 0.2627777800000000E+000  0.1494964800000000E+001 -0.1781895149397342E+001  0.1300073158824360E+001  0.1396118089015965E+001 -0.1208474232970140E+000  0.5022897473263821E+000
 0.2750000000000000E+000  0.1494964800000000E+001 -0.1728132573438706E+001  0.1265356905797439E+001  0.1369954029564396E+001 -0.1254913421593852E+000  0.4833896651369808E+000
 0.2875000000000000E+000  0.1494964800000000E+001 -0.1670826497527376E+001  0.1228771328366961E+001  0.1341232744604544E+001 -0.1299964822848783E+000  0.4617210694086843E+000
 0.3002777800000000E+000  0.1494964800000000E+001 -0.1611028689579614E+001  0.1190721443408305E+001  0.1310165852412164E+001 -0.1343288396352089E+000  0.4380183265796525E+000
 0.3133333300000000E+000  0.1494964800000000E+001 -0.1549688858096033E+001  0.1151596060695401E+001  0.1276998968420372E+001 -0.1384530076400845E+000  0.4129654655641389E+000
 0.3266666700000000E+000  0.1494964800000000E+001 -0.1487611434210069E+001  0.1111750033827426E+001  0.1241993566348286E+001 -0.1423322800418430E+000  0.3871630235614091E+000
 0.3402777800000000E+000  0.1494964800000000E+001 -0.1425443258535594E+001  0.1071494957033772E+001  0.1205412886340467E+001 -0.1459287239894791E+000  0.3611140092178535E+000
 0.3541666700000000E+000  0.1494964800000000E+001 -0.1363681219053720E+001  0.1031095829646730E+001  0.1167511649941929E+001 -0.1492033240124944E+000  0.3352233651412752E+000
 0.3683333300000000E+000  0.1494964800000000E+001 -0.1302691675605219E+001  0.9907724255248105E+000  0.1128529848011752E+001 -0.1521161431380152E+000  0.3098060697916896E+000
 0.3827777800000000E+000  0.1494964800000000E+001 -0.1242733623227259E+001  0.9507029217221593E+000  0.1088689247321363E+001 -0.1546265808584899E+000  0.2850991417419236E+000
 0.3975000000000000E+000  0.1494964800000000E+001 -0.1183982128565988E+001  0.9110290723915905E+000  0.1048192382806339E+001 -0.1566936944885439E+000  0.2612749979174216E+000
 0.4125000000000000E+000  0.1494964800000000E+001 -0.1126548619500016E+001  0.8718613008191232E+000  0.1007222592941478E+001 -0.1582766467293944E+000  0.2384539688885956E+000
 0.4277777800000000E+000  0.1494964800000000E+001 -0.1070498193501525E+001  0.8332838818299215E+000  0.9659452177270617E+000 -0.1593352404918497E+000  0.2167155503177806E+000
 0.4433333300000000E+000  0.1494964800000000E+001 -0.1015863247487504E+001  0.7953595192977039E+000  0.9245091326783678E+000 -0.1598305744641403E+000  0.1961078289366154E+000
 0.4591666700000000E+000  0.1494964800000000E+001 -0.9626538243022444E+000  0.7581332356968742E+000  0.8830483454953375E+000 -0.1597258098426609E+000  0.1766551306401913E+000
 0.4752777800000000E+000  0.1494964800000000E+001 -0.9108656913707516E+000  0.7216359217305335E+000  0.8416838723404800E+000 -0.1589870430172987E+000  0.1583642553876781E+000
 0.4916666700000000E+000  0.1494964800000000E+001 -0.8604858059863477E+000  0.6858869872560159E+000  0.8005251244894477E+000 -0.1575842793614933E+000  0.1412292094661898E+000
 0.5083333300000000E+000  0.1494964800000000E+001 -0.8114965161341567E+000  0.6508967954335824E+000  0.7596714297953131E+000 -0.1554924928081697E+000  0.1252349963537537E+000
 0.5247222200000000E+000  0.1494964800000000E+001 -0.7654057844187884E+000  0.6177698906658807E+000  0.7205220793650271E+000 -0.1527950986481075E+000  0.1108269126115859E+000
 0.5408333300000000E+000  0.1494964800000000E+001 -0.7219980083988905E+000  0.5863821427234559E+000  0.6830507715980930E+000 -0.1495428758055850E+000  0.9785744787761563E-001
 0.5566666700000000E+000  0.1494964800000000E+001 -0.6810793133955783E+000  0.5566174281635057E+000  0.6472212529460808E+000 -0.1457892301011671E+000  0.8619262808979881E-001
 0.5722222200000000E+000  0.1494964800000000E+001 -0.6424752029963683E+000  0.5283679853054124E+000  0.6129903401633245E+000 -0.1415893868851934E+000  0.7571139758404138E-001
 0.5875000000000000E+000  0.1494964800000000E+001 -0.6060279879202134E+000  0.5015341531992684E+000  0.5803099102383511E+000 -0.1369995607298503E+000  0.6630458361991338E-001
 0.6025000000000000E+000  0.1494964800000000E+001 -0.5715947891903004E+000  0.4760241470207587E+000  0.5491286562910019E+000 -0.1320761868617483E+000  0.5787383337770960E-001
 0.6172222200000000E+000  0.1494964800000000E+001 -0.5390455301640270E+000  0.4517535146919940E+000  0.5193932043572457E+000 -0.1268751689094347E+000  0.5033046228023650E-001
 0.6316666700000000E+000  0.1494964800000000E+001 -0.5082613002574329E+000  0.4286446182803523E+000  0.4910490341953875E+000 -0.1214511963685308E+000  0.4359438139512968E-001
 0.6458333300000000E+000  0.1494964800000000E+001 -0.4791330462695826E+000  0.4066261652308502E+000  0.4640412635250561E+000 -0.1158571513754085E+000  0.3759311987981741E-001
 0.6597222200000000E+000  0.1494964800000000E+001 -0.4515602511061582E+000  0.3856325781997925E+000  0.4383150609698013E+000 -0.1101435548000649E+000  0.3226088974132385E-001
 0.6733333300000000E+000  0.1494964800000000E+001 -0.4254500941661827E+000  0.3656036121633067E+000  0.4138162109520895E+000 -0.1043581525905174E+000  0.2753780754671924E-001
 0.6866666700000000E+000  0.1494964800000000E+001 -0.4007165238352274E+000  0.3464838182595191E+000  0.3904913584782994E+000 -0.9854554292812311E-001  0.2336915692873687E-001
 0.6997222200000000E+000  0.1494964800000000E+001 -0.3772796580873098E+000  0.3282221933707714E+000  0.3682883654651588E+000 -0.9274693151536305E-001  0.1970477437949255E-001
 0.7125000000000000E+000  0.1494964800000000E+001 -0.3550650713610506E+000  0.3107716939955630E+000  0.3471564002318986E+000 -0.8699991758860197E-001  0.1649847733064232E-001
 0.7250000000000000E+000  0.1494964800000000E+001 -0.3340034261628208E+000  0.2940889837153896E+000  0.3270462223939521E+000 -0.8133841853488163E-001  0.1370760725926837E-001
 0.7372222200000000E+000  0.1494964800000000E+001 -0.3140299776479830E+000  0.2781340587894372E+000  0.3079102409184684E+000 -0.7579261562146591E-001  0.1129260823556673E-001
 0.7491666700000000E+000  0.1494964800000000E+001 -0.2950842118662285E+000  0.2628699622044657E+000  0.2897026109152653E+000 -0.7038897876192179E-001  0.9216680298483907E-002
 0.7608333300000000E+000  0.1494964800000000E+001 -0.2771095917357392E+000  0.2482625750109294E+000  0.2723793616239356E+000 -0.6515036211639012E-001  0.7445495416256150E-002
 0.7722222200000000E+000  0.1494964800000000E+001 -0.2600531684029854E+000  0.2342802932583262E+000  0.2558983348330143E+000 -0.6009609378866021E-001  0.5946948186593507E-002
 0.7833333300000000E+000  0.1494964800000000E+001 -0.2438654423938424E+000  0.2208939046566394E+000  0.2402193138367358E+000 -0.5524216371868008E-001  0.4690978726277975E-002
 0.7941666700000000E+000  0.1494964800000000E+001 -0.2285000648217215E+000  0.2080763350536891E+000  0.2253039566889425E+000 -0.5060138476829722E-001  0.3649423202753120E-002
 0.8047222200000000E+000  0.1494964800000000E+001 -0.2139137071360084E+000  0.1958025345998660E+000  0.2111158575244824E+000 -0.4618361710341525E-001  0.2795919375924798E-002
 0.8149999999999999E+000  0.1494964800000000E+001 -0.2000657774963432E+000  0.1840492376735925E+000  0.1976204295678315E+000 -0.4199595409997554E-001  0.2105839339672436E-002
 0.8250000000000000E+000  0.1494964800000000E+001 -0.1869183473958310E+000  0.1727949010143092E+000  0.1847849674961711E+000 -0.3804297456550802E-001  0.1556269168078649E-002
 0.8347222200000000E+000  0.1494964800000000E+001 -0.1744359371718175E+000  0.1620195256327268E+000  0.1725785514332780E+000 -0.3432695073767310E-001  0.1126008358286078E-002
 0.8441666700000000E+000  0.1494964800000000E+001 -0.1625853692879327E+000  0.1517045373079647E+000  0.1609719986625160E+000 -0.3084807192735219E-001  0.7955958610899714E-003
 0.8533333300000000E+000  0.1494964800000000E+001 -0.1513356793018934E+000  0.1418327195696310E+000  0.1499378564930319E+000 -0.2760467712335362E-001  0.5473514347250829E-003
 0.8622222200000000E+000  0.1494964800000000E+001 -0.1406578982813711E+000  0.1323880359814314E+000  0.1394502559642311E+000 -0.2459344015330418E-001  0.3654184186563293E-003
 0.8708333300000000E+000  0.1494964800000000E+001 -0.1305250167644494E+000  0.1233556123917753E+000  0.1294849322816902E+000 -0.2180959619463783E-001  0.2358048196930211E-003
 0.8791666700000000E+000  0.1494964800000000E+001 -0.1209118086225328E+000  0.1147215974218405E+000  0.1200190984023326E+000 -0.1924711546715910E-001  0.1464031069998575E-003
 0.8872222200000000E+000  0.1494964800000000E+001 -0.1117947808331788E+000  0.1064731356602069E+000  0.1110314344438566E+000 -0.1689889883854937E-001  0.8698205755609954E-004
 0.8950000000000000E+000  0.1494964800000000E+001 -0.1031519911831307E+000  0.9859822310766721E-001  0.1025019405180976E+000 -0.1475692504334230E-001  0.4913679159681770E-004
 0.9025000000000000E+000  0.1494964800000000E+001 -0.9496303205217636E-001  0.9108571308732960E-001  0.9441194784526785E-001 -0.1281242821959485E-001  0.2619211329257328E-004
 0.9097222200000000E+000  0.1494964800000000E+001 -0.8720889474032043E-001  0.8392521501215108E-001  0.8674400781802555E-001 -0.1105603133816556E-001  0.1305436008043794E-004
 0.9166666700000000E+000  0.1494964800000000E+001 -0.7987188568750214E-001  0.7710704028639125E-001  0.7948182866472495E-001 -0.9477881037571590E-002  0.6016991204193401E-005
 0.9233333300000000E+000  0.1494964800000000E+001 -0.7293558902749739E-001  0.7062219199694093E-001  0.7261025520078186E-001 -0.8067779750925770E-002  0.2530648095195142E-005
 0.9297222200000000E+000  0.1494964800000000E+001 -0.6638471841724382E-001  0.6446225165973181E-001  0.6611513663672665E-001 -0.6815283021655899E-002  0.9554130137436563E-006
 0.9358333300000000E+000  0.1494964800000000E+001 -0.6020512031362179E-001  0.5861940709107146E-001  0.5998334243800800E-001 -0.5709817677042550E-002  0.3172881164805799E-006
 0.9416666700000000E+000  0.1494964800000000E+001 -0.5438365676121527E-001  0.5308636741662286E-001  0.5420265721255579E-001 -0.4740765315496578E-002  0.9036989509024667E-007
 0.9472222200000000E+000  0.1494964800000000E+001 -0.4890819433579398E-001  0.4785637766760802E-001  0.4876177950302584E-001 -0.3897555977616457E-002  0.2138093496065182E-007
 0.9525000000000000E+000  0.1494964800000000E+001 -0.4376747728789309E-001  0.4292312268515760E-001  0.4365020440033047E-001 -0.3169733754211155E-002  0.4034452602547449E-008
 0.9575000000000000E+000  0.1494964800000000E+001 -0.3895114336378955E-001  0.3828076616491827E-001  0.3885824684530507E-001 -0.2547037129186687E-002  0.5765306252542703E-009
 0.9622222200000000E+000  0.1494964800000000E+001 -0.3444963445313171E-001  0.3392388847538468E-001  0.3437695953691079E-001 -0.2019455205446688E-002  0.5865638365534289E-010
 0.9666666700000000E+000  0.1494964800000000E+001 -0.3025415079840032E-001  0.2984746482647224E-001  0.3019809329817510E-001 -0.1577284422553775E-002  0.4069085357318534E-011
 0.9708333300000000E+000  0.1494964800000000E+001 -0.2635664570768749E-001  0.2604688187942227E-001  0.2631409711305960E-001 -0.1211182641236610E-002  0.2211893974504737E-012
 0.9747222200000000E+000  0.1494964800000000E+001 -0.2274971996469354E-001  0.2251785557188959E-001  0.2271801761810999E-001 -0.9122073719584824E-003  0.1441295693207055E-013
 0.9783333300000000E+000  0.1494964800000000E+001 -0.1942665088997218E-001  0.1925647875113768E-001  0.1940353219348850E-001 -0.6718622510796154E-003  0.8545566500339241E-015
 0.9816666700000000E+000  0.1494964800000000E+001 -0.1638131209058392E-001  0.1625916093437717E-001  0.1636487263318430E-001 -0.4821285039677441E-003  0.2467756580231043E-016
 0.9847222200000000E+000  0.1494964800000000E+001 -0.1360818854284437E-001  0.1352266011698635E-001  0.1359684343782892E-001 -0.3354996269327322E-003  0.2198528903550173E-018
 0.9875000000000000E+000  0.1494964800000000E+001 -0.1110228476839646E-001  0.1104400800276313E-001  0.1109473304293038E-001 -0.2250055193087973E-003  0.5436458818328290E-018
 0.9900000000000000E+000  0.1494964800000000E+001 -0.8859163158521848E-002  0.8820562095306276E-002  0.8854354577688361E-002 -0.1442405974436981E-003 -0.7776682792101201E-018
 0.9922222200000000E+000  0.1494964800000000E+001 -0.6874884845809462E-002  0.6849960286587431E-002  0.6871989039359086E-002 -0.8738326016925600E-004  0.9764521163342056E-018
 0.9941666700000000E+000  0.1494964800000000E+001 -0.5145989663379289E-002  0.5130113071814791E-002  0.5144367175945976E-002 -0.4921488923093398E-004 -0.2663368784170714E-018
 0.9958333300000000E+000  0.1494964800000000E+001 -0.3669513830497872E-002  0.3659229970481046E-002  0.3668688812043059E-002 -0.2513662156298939E-004  0.7878966763805759E-018
 0.9972222200000000E+000  0.1494964800000000E+001 -0.2442912323700832E-002  0.2435811909600094E-002  0.2442546674890135E-002 -0.1118175372036194E-004  0.7539863071772395E-018
 0.9983333300000000E+000  0.1494964800000000E+001 -0.1464107810745779E-002  0.1458518046207102E-002  0.1463976471219157E-002 -0.4028287538747157E-005  0.4286812794049368E-018
 0.9991666700000000E+000  0.1494964800000000E+001 -0.7314355125117208E-003  0.7273797351269512E-003  0.7314027330505816E-003 -0.1007591929245819E-005  0.1579135100813491E-017
 0.9997222200000000E+000  0.1494964800000000E+001 -0.2436785580660321E-003  0.2411368282036358E-003  0.2436749198835332E-003 -0.1119966787957137E-006 -0.1318389677034980E-017
 0.1000000000000000E+001  0.1494964800000000E+001  0.1462034973421130E-027  0.1403739517880587E-027  0.6932647159054030E-027 -0.2350249776075684E-039  0.2385975123274493E-040

 0.0000000000000000E+000  0.1516630900000000E+001 -0.1940217331458661E+001  0.1539467920460014E+001  0.1546811707657200E+001 -0.6792412197764048E-002  0.1506966714284647E-001
 0.2777777800000000E-003  0.1516630900000000E+001 -0.1940208292459859E+001  0.1539464877079694E+001  0.1546802471863938E+001 -0.6792106288063643E-002  0.1508122849384244E-001
 0.8333333300000000E-003  0.1516630900000000E+001 -0.1940136403882648E+001  0.1539440613398369E+001  0.1546729005573762E+001 -0.6789737981956420E-002  0.1517367268397548E-001
 0.1666666700000000E-002  0.1516630900000000E+001 -0.1939899964355215E+001  0.1539360051309648E+001  0.1546487212094220E+001 -0.6782768610776057E-002  0.1548421471402047E-001
 0.2777777800000000E-002  0.1516630900000000E+001 -0.1939376267306833E+001  0.1539177303266788E+001  0.1545950678377573E+001 -0.6772134148810195E-002  0.1620988395038294E-001
 0.4166666700000000E-002  0.1516630900000000E+001 -0.1938483367051006E+001  0.1538850657942657E+001  0.1545032194405820E+001 -0.6771693406455841E-002  0.1758497704157858E-001
 0.5833333300000000E-002  0.1516630900000000E+001 -0.1937252814472546E+001  0.1538363546103295E+001  0.1543756051650514E+001 -0.6818212122727506E-002  0.1984143655437772E-001
 0.7777777800000000E-002  0.1516630900000000E+001 -0.1935843676935822E+001  0.1537736950879378E+001  0.1542271510404043E+001 -0.6969453229083131E-002  0.2316405324355957E-001
 0.1000000000000000E-001  0.1516630900000000E+001 -0.1934466606796991E+001  0.1537020230539485E+001  0.1540776409528244E+001 -0.7285407464430595E-002  0.2766299236498541E-001
 0.1250000000000000E-001  0.1516630900000000E+001 -0.1933288573306107E+001  0.1536267756390716E+001  0.1539421721744737E+001 -0.7807339746614043E-002  0.3337602752014517E-001
 0.1527777800000000E-001  0.1516630900000000E+001 -0.1932396339564619E+001  0.1535520499971808E+001  0.1538275131187528E+001 -0.8551051919545012E-002  0.4029137957662439E-001
 0.1833333300000000E-001  0.1516630900000000E+001 -0.1931815356627640E+001  0.1534800913321519E+001  0.1537340147135158E+001 -0.9513534692832854E-002  0.4837351559548831E-001
 0.2166666700000000E-001  0.1516630900000000E+001 -0.1931542473879307E+001  0.1534116607909514E+001  0.1536589008490928E+001 -0.1068297235026820E-001  0.5758142357212719E-001
 0.2527777800000000E-001  0.1516630900000000E+001 -0.1931568822179445E+001  0.1533466166192708E+001  0.1535985688331297E+001 -0.1204584558801073E-001  0.6787802203168412E-001
 0.2916666700000000E-001  0.1516630900000000E+001 -0.1931890528554956E+001  0.1532843672131194E+001  0.1535496673470621E+001 -0.1359034073241632E-001  0.7923352254864416E-001
 0.3333333300000000E-001  0.1516630900000000E+001 -0.1932511957661253E+001  0.1532241335560371E+001  0.1535094260634758E+001 -0.1530736694629998E-001  0.9162556349841053E-001
 0.3777777800000000E-001  0.1516630900000000E+001 -0.1933445581231581E+001  0.1531650651277529E+001  0.1534756510626918E+001 -0.1719046238221572E-001  0.1050380151897328E+000
 0.4250000000000000E-001  0.1516630900000000E+001 -0.1934710657803902E+001  0.1531062652268766E+001  0.1534466089514890E+001 -0.1923531705860567E-001  0.1194593024411050E+000
 0.4750000000000000E-001  0.1516630900000000E+001 -0.1936331608717401E+001  0.1530467635507997E+001  0.1534208920647979E+001 -0.2143925151494749E-001  0.1348806783007300E+000
 0.5277777800000000E-001  0.1516630900000000E+001 -0.1938336326204727E+001  0.1529854569330075E+001  0.1533972943759244E+001 -0.2380075457796125E-001  0.1512944523958234E+000
 0.5833333300000000E-001  0.1516630900000000E+001 -0.1940754384616659E+001  0.1529210267348138E+001  0.1533747017963044E+001 -0.2631910818386542E-001  0.1686921699098292E+000
 0.6416666700000000E-001  0.1516630900000000E+001 -0.1943615013446978E+001  0.1528518346407801E+001  0.1533519918630469E+001 -0.2899408852259244E-001  0.1870626346353456E+000
 0.7027777800000000E-001  0.1516630900000000E+001 -0.1946944627031464E+001  0.1527757947977572E+001  0.1533279354076730E+001 -0.3182571786230790E-001  0.2063895898731027E+000
 0.7666666699999999E-001  0.1516630900000000E+001 -0.1950763680660185E+001  0.1526902174525458E+001  0.1533010922138921E+001 -0.3481406070379706E-001  0.2266489723852798E+000
 0.8333333300000000E-001  0.1516630900000000E+001 -0.1955082550355783E+001  0.1525916184725011E+001  0.1532696927910662E+001 -0.3795903812090761E-001  0.2478054704527372E+000
 0.9027777800000000E-001  0.1516630900000000E+001 -0.1959896100728588E+001  0.1524754879061667E+001  0.1532314979335627E+001 -0.4126025979984758E-001  0.2698082443622137E+000
 0.9750000000000000E-001  0.1516630900000000E+001 -0.1965176521846979E+001  0.1523360116060499E+001  0.1531836274541098E+001 -0.4471685598588601E-001  0.2925855107938045E+000
 0.1050000000000000E+000  0.1516630900000000E+001 -0.1970864003890564E+001  0.1521657409506694E+001  0.1531223487793982E+001 -0.4832731680237677E-001  0.3160378455978464E+000
 0.1127777800000000E+000  0.1516630900000000E+001 -0.1976854793805212E+001  0.1519552106287266E+001  0.1530428163597196E+001 -0.5208932555492381E-001  0.3400299470324016E+000
 0.1208333300000000E+000  0.1516630900000000E+001 -0.1982986310892549E+001  0.1516925125665308E+001  0.1529387542556078E+001 -0.5599958446882233E-001  0.3643807943545941E+000
 0.1291666700000000E+000  0.1516630900000000E+001 -0.1989019383810979E+001  0.1513628457133792E+001  0.1528020773781039E+001 -0.6005366647377117E-001  0.3888526009143392E+000
 0.1377777800000000E+000  0.1516630900000000E+001 -0.1994618180831191E+001  0.1509480918308951E+001  0.1526224590339861E+001 -0.6424581513652017E-001  0.4131387351745012E+000
 0.1466666700000000E+000  0.1516630900000000E+001 -0.1999329924563881E+001  0.1504264854426629E+001  0.1523868632042963E+001 -0.6856881953111908E-001  0.4368528046952384E+000
 0.1558333300000000E+000  0.1516630900000000E+001 -0.2002567952006284E+001  0.1497725067821239E+001  0.1520790948401801E+001 -0.7301384237952416E-001  0.4595206714113123E+000
 0.1652777800000000E+000  0.1516630900000000E+001 -0.2003604392115856E+001  0.1489571502941891E+001  0.1516794515373274E+001 -0.7757031213614148E-001  0.4805798685280760E+000
 0.1750000000000000E+000  0.1516630900000000E+001 -0.2001580846158209E+001  0.1479487749255415E+001  0.1511646174715519E+001 -0.8222577412923072E-001  0.4993908567419221E+000
 0.1850000000000000E+000  0.1516630900000000E+001 -0.1995546533718132E+001  0.1467146911649231E+001  0.1505079637743587E+001 -0.8696582591701070E-001  0.5152659247271753E+000
 0.1952777800000000E+000  0.1516630900000000E+001 -0.1984530626356807E+001  0.1452235779745088E+001  0.1496804433394592E+001 -0.9177401405948625E-001  0.5275184078464517E+000
 0.2058333300000000E+000  0.1516630900000000E+001 -0.1967647535028299E+001  0.1434485819489610E+001  0.1486521870271697E+001 -0.9663176499265665E-001  0.5355308961038303E+000
 0.2166666700000000E+000  0.1516630900000000E+001 -0.1944220613279179E+001  0.1413706674089748E+001  0.1473947494745455E+001 -0.1015183537893038E+000  0.5388330662735487E+000
 0.2277777800000000E+000  0.1516630900000000E+001 -0.1913896646256992E+001  0.1389815591908287E+001  0.1458837422923356E+001 -0.1064108542980938E+000  0.5371723594007194E+000
 0.2391666700000000E+000  0.1516630900000000E+001 -0.1876717234657052E+001  0.1362854786945912E+001  0.1441013392864544E+001 -0.1112841989007024E+000  0.5305581883308613E+000
 0.2508333300000000E+000  0.1516630900000000E+001 -0.1833123242686415E+001  0.1332991979596459E+001  0.1420381256239645E+001 -0.1161112377388453E+000  0.5192655002452038E+000
 0.2627777800000000E+000  0.1516630900000000E+001 -0.1783889233850822E+001  0.1300503218378647E+001  0.1396938514231616E+001 -0.1208628880598473E+000  0.5037960522105625E+000
 0.2750000000000000E+000  0.1516630900000000E+001 -0.1730009568120294E+001  0.1265743119690187E+001  0.1370770241550408E+001 -0.1255082600428150E+000  0.4848092737746953E+000
 0.2875000000000000E+000  0.1516630900000000E+001 -0.1672568723746785E+001  0.1229109373823827E+001  0.1342035145304402E+001 -0.1300148388498422E+000  0.4630417014335091E+000
 0.3002777800000000E+000  0.1516630900000000E+001 -0.1612627658219828E+001  0.1191009519532766E+001  0.1310946393014146E+001 -0.1343486016106836E+000  0.4392335700931887E+000
 0.3133333300000000E+000  0.1516630900000000E+001 -0.1551143495264020E+001  0.1151834490846545E+001  0.1277751269893578E+001 -0.1384741252066315E+000  0.4140737947854563E+000
 0.3266666700000000E+000  0.1516630900000000E+001 -0.1488926028423925E+001  0.1111940773043515E+001  0.1242712858584450E+001 -0.1423546888826257E+000  0.3881666007129756E+000
 0.3402777800000000E+000  0.1516630900000000E+001 -0.1426625555209680E+001  0.1071641103831421E+001  0.1206095836119782E+001 -0.1459523467073485E+000  0.3620175257556095E+000
 0.3541666700000000E+000  0.1516630900000000E+001 -0.1364740872613858E+001  0.1031201199600132E+001  0.1168156138076073E+001 -0.1492280707906580E+000  0.3360330603270252E+000
 0.3683333300000000E+000  0.1516630900000000E+001 -0.1303639112321068E+001  0.9908412105037494E+000  0.1129134739011221E+001 -0.1521419116927817E+000  0.3105289747527704E+000
 0.3827777800000000E+000  0.1516630900000000E+001 -0.1243579274583849E+001  0.9507394353707430E+000  0.1089254176924441E+001 -0.1546532558726968E+000  0.2857425391344851E+000
 0.3975000000000000E+000  0.1516630900000000E+001 -0.1184735960111517E+001  0.9110375713424895E+000  0.1048717575814616E+001 -0.1567211467533436E+000  0.2618460624729066E+000
 0.4125000000000000E+000  0.1516630900000000E+001 -0.1127219874078425E+001  0.8718458663194235E+000  0.1007708714238740E+001 -0.1583047322542928E+000  0.2389595458062115E+000
 0.4277777800000000E+000  0.1516630900000000E+001 -0.1071095280899921E+001  0.8332483471621170E+000  0.9663932550330534E+000 -0.1593637998174678E+000  0.2171620332677524E+000
 0.4433333300000000E+000  0.1516630900000000E+001 -0.1016393727219411E+001  0.7953074300841450E+000  0.9249203068013411E+000 -0.1598594324029154E+000  0.1965011058310543E+000
 0.4591666700000000E+000  0.1516630900000000E+001 -0.9631244434537026E+000  0.7580678329000538E+000  0.8834240431307917E+000 -0.1597547758446150E+000  0.1770005732574834E+000
 0.4752777800000000E+000  0.1516630900000000E+001 -0.9112824522072063E+000  0.7215601398129617E+000  0.8420255969428070E+000 -0.1590159123267978E+000  0.1586667361916515E+000
 0.4916666700000000E+000  0.1516630900000000E+001 -0.8608540460656204E+000  0.6858034618334075E+000  0.8008344607040314E+000 -0.1576128350992010E+000  0.1414931334893167E+000
 0.5083333300000000E+000  0.1516630900000000E+001 -0.8118209910580675E+000  0.6508078766421094E+000  0.7599500182026686E+000 -0.1555205090664309E+000  0.1254643407774109E+000
 0.5247222200000000E+000  0.1516630900000000E+001 -0.7656919698725079E+000  0.6176777371785489E+000  0.7207725173797062E+000 -0.1528223733342705E+000  0.1110262240137549E+000
 0.5408333300000000E+000  0.1516630900000000E+001 -0.7222505539608867E+000  0.5862884984132142E+000  0.6832754797410037E+000 -0.1495692270385148E+000  0.9803059620943116E-001
 0.5566666700000000E+000  0.1516630900000000E+001 -0.6813022011920433E+000  0.5565236938122333E+000  0.6474224814522663E+000 -0.1458144988734242E+000  0.8634292612801554E-001
 0.5722222200000000E+000  0.1516630900000000E+001 -0.6426718711866126E+000  0.5282752778275650E+000  0.6131701775968856E+000 -0.1416134390399048E+000  0.7584169723892401E-001
 0.5875000000000000E+000  0.1516630900000000E+001 -0.6062014268406803E+000  0.5014433544704160E+000  0.5804702925988812E+000 -0.1370222881714149E+000  0.6641735342943927E-001
 0.6025000000000000E+000  0.1516630900000000E+001 -0.5717476167392966E+000  0.4759359441443578E+000  0.5492713761260805E+000 -0.1320975079905563E+000  0.5797122113260800E-001
 0.6172222200000000E+000  0.1516630900000000E+001 -0.5391800511302368E+000  0.4516684332608991E+000  0.5195199194106627E+000 -0.1268950282984891E+000  0.5041434567185129E-001
 0.6316666700000000E+000  0.1516630900000000E+001 -0.5083795534169199E+000  0.4285630499157118E+000  0.4911612755400584E+000 -0.1214695637488762E+000  0.4366640916794461E-001
 0.6458333300000000E+000  0.1516630900000000E+001 -0.4792368421451685E+000  0.4065483904336813E+000  0.4641404432093998E+000 -0.1158740200277973E+000  0.3765474543247416E-001
 0.6597222200000000E+000  0.1516630900000000E+001 -0.4516512024416337E+000  0.3855587853934120E+000  0.4384024791139063E+000 -0.1101589394535826E+000  0.3231339860239949E-001
 0.6733333300000000E+000  0.1516630900000000E+001 -0.4255296409161286E+000  0.3655339135795816E+000  0.4138930624897426E+000 -0.1043720869650731E+000  0.2758234002859472E-001
 0.6866666700000000E+000  0.1516630900000000E+001 -0.4007859538009878E+000  0.3464182632582116E+000  0.3905587394959456E+000 -0.9855807703232654E-001  0.2340672681575812E-001
 0.6997222200000000E+000  0.1516630900000000E+001 -0.3773401242406992E+000  0.3281607796149811E+000  0.3683472792739036E+000 -0.9275812882928634E-001  0.1973628446380769E-001
 0.7125000000000000E+000  0.1516630900000000E+001 -0.3551176064879425E+000  0.3107143768871140E+000  0.3472077631304248E+000 -0.8700985222734260E-001  0.1652473233161516E-001
 0.7250000000000000E+000  0.1516630900000000E+001 -0.3340489554780163E+000  0.2940356843448297E+000  0.3270908692494904E+000 -0.8134717250143347E-001  0.1372932467680798E-001
 0.7372222200000000E+000  0.1516630900000000E+001 -0.3140693297219142E+000  0.2780846706790581E+000  0.3079489305140056E+000 -0.7580027621476081E-001  0.1131042747396177E-001
 0.7491666700000000E+000  0.1516630900000000E+001 -0.2951181282132234E+000  0.2628243570311399E+000  0.2897360311050509E+000 -0.7039563620389125E-001  0.9231170400326002E-002
 0.7608333300000000E+000  0.1516630900000000E+001 -0.2771387353217676E+000  0.2482206074597902E+000  0.2724081343180497E+000 -0.6515610744307272E-001  0.7457161677194441E-002
 0.7722222200000000E+000  0.1516630900000000E+001 -0.2600781312104638E+000  0.2342418051765529E+000  0.2559230207652072E+000 -0.6010101702183186E-001  0.5956237840053932E-002
 0.7833333300000000E+000  0.1516630900000000E+001 -0.2438867522469010E+000  0.2208587285742442E+000  0.2402404171721554E+000 -0.5524635234019159E-001  0.4698285918365818E-002
 0.7941666700000000E+000  0.1516630900000000E+001 -0.2285181915331095E+000  0.2080442972001391E+000  0.2253219294195656E+000 -0.5060492248606557E-001  0.3655093383963064E-002
 0.8047222200000000E+000  0.1516630900000000E+001 -0.2139290680971796E+000  0.1957734574621140E+000  0.2111311036816141E+000 -0.4618658290413705E-001  0.2800253262382621E-002
 0.8149999999999999E+000  0.1516630900000000E+001 -0.2000787427434596E+000  0.1840229421927912E+000  0.1976333092116384E+000 -0.4199842156172322E-001  0.2109096539007435E-002
 0.8250000000000000E+000  0.1516630900000000E+001 -0.1869292442454137E+000  0.1727712084331967E+000  0.1847958005159767E+000 -0.3804501141305694E-001  0.1558671585275813E-002
 0.8347222200000000E+000  0.1516630900000000E+001 -0.1744450544410275E+000  0.1619982590680298E+000  0.1725876211256232E+000 -0.3432861860577532E-001  0.1127743445980655E-002
 0.8441666700000000E+000  0.1516630900000000E+001 -0.1625929611490599E+000  0.1516855230720788E+000  0.1609795550966765E+000 -0.3084942630413052E-001  0.7968197829163470E-003
 0.8533333300000000E+000  0.1516630900000000E+001 -0.1513419688081679E+000  0.1418157882631070E+000  0.1499441196684466E+000 -0.2760576744431327E-001  0.5481921876317755E-003
 0.8622222200000000E+000  0.1516630900000000E+001 -0.1406630805751083E+000  0.1323730234080487E+000  0.1394554187441702E+000 -0.2459431001291779E-001  0.3659789346252553E-003
 0.8708333300000000E+000  0.1516630900000000E+001 -0.1305292620137758E+000  0.1233423602860460E+000  0.1294891631273412E+000 -0.2181028365214597E-001  0.2361660594364265E-003
 0.8791666700000000E+000  0.1516630900000000E+001 -0.1209152646920867E+000  0.1147099540359281E+000  0.1200225438951326E+000 -0.1924765341787370E-001  0.1466271255992106E-003
 0.8872222200000000E+000  0.1516630900000000E+001 -0.1117975757212676E+000  0.1064629562068680E+000  0.1110342216144257E+000 -0.1689931543062783E-001  0.8711500996918309E-004
 0.8950000000000000E+000  0.1516630900000000E+001 -0.1031542352327768E+000  0.9858937009833066E-001  0.1025041789783561E+000 -0.1475724411850496E-001  0.4921182324086461E-004
 0.9025000000000000E+000  0.1516630900000000E+001 -0.9496481996583078E-001  0.9107805655362514E-001  0.9441373174522660E-001 -0.1281266976380474E-001  0.2623207228497019E-004
 0.9097222200000000E+000  0.1516630900000000E+001 -0.8721030740481521E-001  0.8391863264454887E-001  0.8674541762782816E-001 -0.1105621192718264E-001  0.1307425940010742E-004
 0.9166666700000000E+000  0.1516630900000000E+001 -0.7987299182785638E-001  0.7710141749409069E-001  0.7948293279625113E-001 -0.9478014267553018E-002  0.6026156160320960E-005
 0.9233333300000000E+000  0.1516630900000000E+001 -0.7293644670434814E-001  0.7061742189497329E-001  0.7261111148060502E-001 -0.8067876646198367E-002  0.2534500026092774E-005
 0.9297222200000000E+000  0.1516630900000000E+001 -0.6638537637575886E-001  0.6445823500773219E-001  0.6611579363625651E-001 -0.6815352413193549E-002  0.9568663254771030E-006
 0.9358333300000000E+000  0.1516630900000000E+001 -0.6020561920105248E-001  0.5861605217351879E-001  0.5998384067655107E-001 -0.5709866548709721E-002  0.3177704701218505E-006
 0.9416666700000000E+000  0.1516630900000000E+001 -0.5438403021910695E-001  0.5308358988720460E-001  0.5420303023832687E-001 -0.4740799115273764E-002  0.9050720477547153E-007
 0.9472222200000000E+000  0.1516630900000000E+001 -0.4890846997954051E-001  0.4785410035261662E-001  0.4876205486405681E-001 -0.3897578893503031E-002  0.2141340552807156E-007
 0.9525000000000000E+000  0.1516630900000000E+001 -0.4376767757999667E-001  0.4292127536316331E-001  0.4365040451108491E-001 -0.3169748954915682E-002  0.4040576857284033E-008
 0.9575000000000000E+000  0.1516630900000000E+001 -0.3895128639189212E-001  0.3827928531404860E-001  0.3885838975962670E-001 -0.2547046971257031E-002  0.5774054441800523E-009
 0.9622222200000000E+000  0.1516630900000000E+001 -0.3444973461848152E-001  0.3392271700230751E-001  0.3437705963263032E-001 -0.2019461408621455E-002  0.5874535944243689E-010
 0.9666666700000000E+000  0.1516630900000000E+001 -0.3025421942281933E-001  0.2984655177631304E-001  0.3019816188116908E-001 -0.1577288215943325E-002  0.4075256777516712E-011
 0.9708333300000000E+000  0.1516630900000000E+001 -0.2635669156588405E-001  0.2604618212759264E-001  0.2631414294739242E-001 -0.1211184883161162E-002  0.2215251095306145E-012
 0.9747222200000000E+000  0.1516630900000000E+001 -0.2274974974748175E-001  0.2251732950638727E-001  0.2271804738765085E-001 -0.9122086463881692E-003  0.1443466705350061E-013
 0.9783333300000000E+000  0.1516630900000000E+001 -0.1942666960516664E-001  0.1925609193972982E-001  0.1940355090163838E-001 -0.6718629437859127E-003  0.8561211648093102E-015
 0.9816666700000000E+000  0.1516630900000000E+001 -0.1638132340643506E-001  0.1625888378459705E-001  0.1636488394547347E-001 -0.4821288613288863E-003  0.2432131200852708E-016
 0.9847222200000000E+000  0.1516630900000000E+001 -0.1360819507963028E-001  0.1352246752623528E-001  0.1359684997291848E-001 -0.3354998002700870E-003  0.7698444352490483E-018
 0.9875000000000000E+000  0.1516630900000000E+001 -0.1110228834283602E-001  0.1104387900377828E-001  0.1109473661661832E-001 -0.2250055973914041E-003 -0.3376483434165840E-018
 0.9900000000000000E+000  0.1516630900000000E+001 -0.8859164985971885E-002  0.8820479493857758E-002  0.8854356404833652E-002 -0.1442406295756073E-003  0.5559277987868182E-018
 0.9922222200000000E+000  0.1516630900000000E+001 -0.6874885704531162E-002  0.6849910295565910E-002  0.6871989897970264E-002 -0.8738327197641322E-004 -0.7115651502404440E-018
 0.9941666700000000E+000  0.1516630900000000E+001 -0.5145990025244388E-002  0.5130084941158767E-002  0.5144367537776398E-002 -0.4921489298017491E-004  0.6186175258410170E-019
 0.9958333300000000E+000  0.1516630900000000E+001 -0.3669513962246770E-002  0.3659215613429255E-002  0.3668688943782986E-002 -0.2513662254193733E-004 -0.1336969254181525E-017
 0.9972222200000000E+000  0.1516630900000000E+001 -0.2442912362706372E-002  0.2435805526990626E-002  0.2442546713893907E-002 -0.1118175391422445E-004 -0.6954526814494959E-018
 0.9983333300000000E+000  0.1516630900000000E+001 -0.1464107819165635E-002  0.1458515747977464E-002  0.1463976479638784E-002 -0.4028287563921087E-005 -0.6993900643710897E-018
 0.9991666700000000E+000  0.1516630900000000E+001 -0.7314355135636818E-003  0.7273791604858633E-003  0.7314027341025285E-003 -0.1007591930821491E-005  0.3680750954691405E-017
 0.9997222200000000E+000  0.1516630900000000E+001 -0.2436785581049827E-003  0.2411367643463530E-003  0.2436749199224827E-003 -0.1119966788150974E-006  0.2377975757346515E-017
 0.1000000000000000E+001  0.1516630900000000E+001  0.2155301414077183E-029 -0.3026857419582377E-027  0.5886357296749893E-027  0.6207134055903426E-039  0.6605254591970841E-041

 0.0000000000000000E+000  0.1534686100000000E+001 -0.1940223477590773E+001  0.1539461774350020E+001  0.1546817594585316E+001 -0.6792412197764048E-002  0.1508196588303920E-001
 0.2777777800000000E-003  0.1534686100000000E+001 -0.1940214433140164E+001  0.1539458735154768E+001  0.1546808352808658E+001 -0.6792106297216514E-002  0.1509353668116644E-001
 0.8333333300000000E-003  0.1534686100000000E+001 -0.1940142501327516E+001  0.1539434504769953E+001  0.1546734839017724E+001 -0.6789738062835727E-002  0.1518605641122273E-001
 0.1666666700000000E-002  0.1534686100000000E+001 -0.1939905921261771E+001  0.1539354052381944E+001  0.1546492890479688E+001 -0.6782768914984649E-002  0.1549685221052292E-001
 0.2777777800000000E-002  0.1534686100000000E+001 -0.1939381922511951E+001  0.1539171548455459E+001  0.1545956019977773E+001 -0.6772134880314421E-002  0.1622311452856365E-001
 0.4166666700000000E-002  0.1534686100000000E+001 -0.1938488541923049E+001  0.1538845323507886E+001  0.1545036984757222E+001 -0.6771694659570867E-002  0.1759933178409792E-001
 0.5833333300000000E-002  0.1534686100000000E+001 -0.1937257413754095E+001  0.1538358802158147E+001  0.1543760137445516E+001 -0.6818213694460042E-002  0.1985763696969792E-001
 0.7777777800000000E-002  0.1534686100000000E+001 -0.1935847787865374E+001  0.1537732907783084E+001  0.1542274889388873E+001 -0.6969454661253171E-002  0.2318297389017304E-001
 0.1000000000000000E-001  0.1534686100000000E+001 -0.1934470525454026E+001  0.1537016921400178E+001  0.1540779246071186E+001 -0.7285408345286406E-002  0.2768560183150753E-001
 0.1250000000000000E-001  0.1534686100000000E+001 -0.1933292759753433E+001  0.1536265166460508E+001  0.1539424290898053E+001 -0.7807339965117279E-002  0.3340333223140317E-001
 0.1527777800000000E-001  0.1534686100000000E+001 -0.1932401362583423E+001  0.1535518615605185E+001  0.1538277752835144E+001 -0.8551051701127618E-002  0.4032438742735678E-001
 0.1833333300000000E-001  0.1534686100000000E+001 -0.1931821868998252E+001  0.1534799761928650E+001  0.1537343151135855E+001 -0.9513534532801770E-002  0.4841322199649974E-001
 0.2166666700000000E-001  0.1534686100000000E+001 -0.1931551218329959E+001  0.1534116280405098E+001  0.1536592730377924E+001 -0.1068297298041950E-001  0.5762881395503566E-001
 0.2527777800000000E-001  0.1534686100000000E+001 -0.1931580653433138E+001  0.1533466826655808E+001  0.1535990480341932E+001 -0.1204584801153686E-001  0.6793408380072338E-001
 0.2916666700000000E-001  0.1534686100000000E+001 -0.1931906440824224E+001  0.1532845561474840E+001  0.1535502919665289E+001 -0.1359034631189564E-001  0.7929926181192641E-001
 0.3333333300000000E-001  0.1534686100000000E+001 -0.1932533113382050E+001  0.1532244773662115E+001  0.1535102391392094E+001 -0.1530737752714597E-001  0.9170202425223006E-001
 0.3777777800000000E-001  0.1534686100000000E+001 -0.1933473340536750E+001  0.1531656039668353E+001  0.1534767015522674E+001 -0.1719048044322417E-001  0.1051263002215702E+000
 0.4250000000000000E-001  0.1534686100000000E+001 -0.1934746609589462E+001  0.1531070478104559E+001  0.1534479528942370E+001 -0.1923534588776264E-001  0.1195605959393803E+000
 0.4750000000000000E-001  0.1534686100000000E+001 -0.1936377604489500E+001  0.1530478476940098E+001  0.1534225936816597E+001 -0.2143929541137546E-001  0.1349962705419196E+000
 0.5277777800000000E-001  0.1534686100000000E+001 -0.1938394517789189E+001  0.1529869102138118E+001  0.1533994271602441E+001 -0.2380081908123955E-001  0.1514257668814640E+000
 0.5833333300000000E-001  0.1534686100000000E+001 -0.1940827266645169E+001  0.1529229272599312E+001  0.1533773496329313E+001 -0.2631920033122259E-001  0.1688407932890807E+000
 0.6416666700000000E-001  0.1534686100000000E+001 -0.1943705471270272E+001  0.1528542718819579E+001  0.1533552501974643E+001 -0.2899421713305267E-001  0.1872303495594545E+000
 0.7027777800000000E-001  0.1534686100000000E+001 -0.1947055990243130E+001  0.1527788704509048E+001  0.1533319124699434E+001 -0.3182589384478028E-001  0.2065784105459667E+000
 0.7666666699999999E-001  0.1534686100000000E+001 -0.1950899781778816E+001  0.1526940462511716E+001  0.1533059102871496E+001 -0.3481429738364246E-001  0.2268611821128600E+000
 0.8333333300000000E-001  0.1534686100000000E+001 -0.1955247786957245E+001  0.1525963288479106E+001  0.1532754894884841E+001 -0.3795935157616706E-001  0.2480436595572226E+000
 0.9027777800000000E-001  0.1534686100000000E+001 -0.1960095497467226E+001  0.1524812223341517E+001  0.1532384274169079E+001 -0.4126066919475084E-001  0.2700753455888915E+000
 0.9750000000000000E-001  0.1534686100000000E+001 -0.1965415785672790E+001  0.1523429263984141E+001  0.1531918614747557E+001 -0.4471738388498966E-001  0.2928848272870667E+000
 0.1050000000000000E+000  0.1534686100000000E+001 -0.1971149561266232E+001  0.1521740051459187E+001  0.1531320773544651E+001 -0.4832798944514084E-001  0.3163730637747217E+000
 0.1127777800000000E+000  0.1534686100000000E+001 -0.1977193791928118E+001  0.1519650034944255E+001  0.1530542477895542E+001 -0.5209017306740191E-001  0.3404051226468301E+000
 0.1208333300000000E+000  0.1534686100000000E+001 -0.1983386555760769E+001  0.1517040190603525E+001  0.1529521140461895E+001 -0.5600064098818406E-001  0.3648002949086729E+000
 0.1291666700000000E+000  0.1534686100000000E+001 -0.1989489177226966E+001  0.1513762490987759E+001  0.1528176054679681E+001 -0.6005497016585394E-001  0.3893209820136100E+000
 0.1377777800000000E+000  0.1534686100000000E+001 -0.1995166005424177E+001  0.1509635624972056E+001  0.1526404044790924E+001 -0.6424740808908290E-001  0.4136605219397524E+000
 0.1466666700000000E+000  0.1534686100000000E+001 -0.1999963920165626E+001  0.1504441650886422E+001  0.1524074753517742E+001 -0.6857074752275329E-001  0.4374321483179781E+000
 0.1558333300000000E+000  0.1534686100000000E+001 -0.2003295129556245E+001  0.1497924874565586E+001  0.1521026098925973E+001 -0.7301615452665169E-001  0.4601608550457165E+000
 0.1652777800000000E+000  0.1534686100000000E+001 -0.2004429564297515E+001  0.1489794487907204E+001  0.1517060737030062E+001 -0.7757306042913024E-001  0.4812826588268431E+000
 0.1750000000000000E+000  0.1534686100000000E+001 -0.2002505324097416E+001  0.1479733046653439E+001  0.1511944945989401E+001 -0.8222901284238215E-001  0.5001557391589686E+000
 0.1850000000000000E+000  0.1534686100000000E+001 -0.1996566760955138E+001  0.1467412361174507E+001  0.1505411589623892E+001 -0.8696961084537155E-001  0.5160893294849174E+000
 0.1952777800000000E+000  0.1534686100000000E+001 -0.1985637062781022E+001  0.1452517755011943E+001  0.1497169061461156E+001 -0.9177840146682351E-001  0.5283931086066029E+000
 0.2058333300000000E+000  0.1534686100000000E+001 -0.1968824207284089E+001  0.1434779226185828E+001  0.1486917302795855E+001 -0.9663681012786050E-001  0.5364458139198406E+000
 0.2166666700000000E+000  0.1534686100000000E+001 -0.1945445709304959E+001  0.1414005180466424E+001  0.1474370389074036E+001 -0.1015241088767619E+000  0.5397736815609853E+000
 0.2277777800000000E+000  0.1534686100000000E+001 -0.1915144284032125E+001  0.1390112099468950E+001  0.1459283049075131E+001 -0.1064173660595736E+000  0.5381217929389833E+000
 0.2391666700000000E+000  0.1534686100000000E+001 -0.1877960135203421E+001  0.1363142071881115E+001  0.1441475920783039E+001 -0.1112915059157562E+000  0.5314987921972983E+000
 0.2508333300000000E+000  0.1534686100000000E+001 -0.1834335674464974E+001  0.1333263370985820E+001  0.1420854202545960E+001 -0.1161193681135937E+000  0.5201806026385245E+000
 0.2627777800000000E+000  0.1534686100000000E+001 -0.1785049491835975E+001  0.1300753164563053E+001  0.1397415256355818E+001 -0.1208718578830309E+000  0.5046714431227051E+000
 0.2750000000000000E+000  0.1534686100000000E+001 -0.1731101466777216E+001  0.1265967538152281E+001  0.1371244494161241E+001 -0.1255180728754771E+000  0.4856341338090135E+000
 0.2875000000000000E+000  0.1534686100000000E+001 -0.1673581974279744E+001  0.1229305755322346E+001  0.1342501319982905E+001 -0.1300254861938362E+000  0.4638088882456874E+000
 0.3002777800000000E+000  0.1534686100000000E+001 -0.1613557346324370E+001  0.1191176825943661E+001  0.1311399807974962E+001 -0.1343600640243506E+000  0.4399393702803928E+000
 0.3133333300000000E+000  0.1534686100000000E+001 -0.1551989037177438E+001  0.1151972921563519E+001  0.1278188219214595E+001 -0.1384863736475602E+000  0.4147173460826657E+000
 0.3266666700000000E+000  0.1534686100000000E+001 -0.1489689966182318E+001  0.1112051476450983E+001  0.1243130575428315E+001 -0.1423676859122905E+000  0.3887491892263390E+000
 0.3402777800000000E+000  0.1534686100000000E+001 -0.1427312440623205E+001  0.1071725891948698E+001  0.1206492391243371E+001 -0.1459660473231112E+000  0.3625419076762388E+000
 0.3541666700000000E+000  0.1534686100000000E+001 -0.1365356362487919E+001  0.1031262299313470E+001  0.1168530309002206E+001 -0.1492424228141672E+000  0.3365028885548370E+000
 0.3683333300000000E+000  0.1534686100000000E+001 -0.1304189305131406E+001  0.9908810651427192E+000  0.1129485875177289E+001 -0.1521568557439253E+000  0.3109483581105968E+000
 0.3827777800000000E+000  0.1534686100000000E+001 -0.1244070264349912E+001  0.9507605567904130E+000  0.1089582075537345E+001 -0.1546687250397692E+000  0.2861157279565730E+000
 0.3975000000000000E+000  0.1534686100000000E+001 -0.1185173563047692E+001  0.9110424362436493E+000  0.1049022375591058E+001 -0.1567370660925998E+000  0.2621772399530867E+000
 0.4125000000000000E+000  0.1534686100000000E+001 -0.1127609480325054E+001  0.8718368477801017E+000  0.1007990808631948E+001 -0.1583210182704369E+000  0.2392526997692400E+000
 0.4277777800000000E+000  0.1534686100000000E+001 -0.1071441791480702E+001  0.8332276728072130E+000  0.9666532240385800E+000 -0.1593803600615858E+000  0.2174208859335510E+000
 0.4433333300000000E+000  0.1534686100000000E+001 -0.1016701545071645E+001  0.7952771593450340E+000  0.9251588648278889E+000 -0.1598761653187631E+000  0.1967290829471520E+000
 0.4591666700000000E+000  0.1534686100000000E+001 -0.9633974963206268E+000  0.7580298474225536E+000  0.8836420000203272E+000 -0.1597715709777224E+000  0.1772007986445004E+000
 0.4752777800000000E+000  0.1534686100000000E+001 -0.9115242326640852E+000  0.7215161426271057E+000  0.8422238295151085E+000 -0.1590326509926634E+000  0.1588420419998632E+000
 0.4916666700000000E+000  0.1534686100000000E+001 -0.8610676586595265E+000  0.6857549819935458E+000  0.8010138921877432E+000 -0.1576293915883973E+000  0.1416460791168121E+000
 0.5083333300000000E+000  0.1534686100000000E+001 -0.8120092008474354E+000  0.6507562771459718E+000  0.7601116036559435E+000 -0.1555367524377615E+000  0.1255972361777144E+000
 0.5247222200000000E+000  0.1534686100000000E+001 -0.7658579584165816E+000  0.6176242693778575E+000  0.7209177665427756E+000 -0.1528381864648358E+000  0.1111417080931571E+000
 0.5408333300000000E+000  0.1534686100000000E+001 -0.7223970221346639E+000  0.5862341729196873E+000  0.6834057990528369E+000 -0.1495845045206145E+000  0.9813091456123180E-001
 0.5566666700000000E+000  0.1534686100000000E+001 -0.6814314616422137E+000  0.5564693221866166E+000  0.6475391780315678E+000 -0.1458291485579558E+000  0.8643000059388564E-001
 0.5722222200000000E+000  0.1534686100000000E+001 -0.6427859202577294E+000  0.5282215069908801E+000  0.6132744643548874E+000 -0.1416273831826341E+000  0.7591718196026126E-001
 0.5875000000000000E+000  0.1534686100000000E+001 -0.6063020005534705E+000  0.5013906950618905E+000  0.5805632936119233E+000 -0.1370354641351076E+000  0.6648267992772057E-001
 0.6025000000000000E+000  0.1534686100000000E+001 -0.5718362346668933E+000  0.4758847938974851E+000  0.5493541319921537E+000 -0.1321098684971971E+000  0.5802763472487268E-001
 0.6172222200000000E+000  0.1534686100000000E+001 -0.5392580509190369E+000  0.4516190963059235E+000  0.5195933923215534E+000 -0.1269065412419179E+000  0.5046293491127440E-001
 0.6316666700000000E+000  0.1534686100000000E+001 -0.5084481181832653E+000  0.4285157527561591E+000  0.4912263540429463E+000 -0.1214802116066153E+000  0.4370812975752570E-001
 0.6458333300000000E+000  0.1534686100000000E+001 -0.4792970224350699E+000  0.4065032951998792E+000  0.4641979466772103E+000 -0.1158837989285662E+000  0.3769043974514805E-001
 0.6597222200000000E+000  0.1534686100000000E+001 -0.4517039339500186E+000  0.3855160008840264E+000  0.4384531618894940E+000 -0.1101678579589117E+000  0.3234381163894378E-001
 0.6733333300000000E+000  0.1534686100000000E+001 -0.4255757590142514E+000  0.3654935044709864E+000  0.4139376178191507E+000 -0.1043801646444172E+000  0.2760813257203525E-001
 0.6866666700000000E+000  0.1534686100000000E+001 -0.4008262055306669E+000  0.3463802578242217E+000  0.3905978032235261E+000 -0.9856534289635890E-001  0.2342848628091333E-001
 0.6997222200000000E+000  0.1534686100000000E+001 -0.3773751783815654E+000  0.3281251762027778E+000  0.3683814333791303E+000 -0.9276461969647772E-001  0.1975453391508429E-001
 0.7125000000000000E+000  0.1534686100000000E+001 -0.3551480620658414E+000  0.3106811493839081E+000  0.3472375390826621E+000 -0.8701561107945079E-001  0.1653993798090663E-001
 0.7250000000000000E+000  0.1534686100000000E+001 -0.3340753490934295E+000  0.2940047867831735E+000  0.3271167512549757E+000 -0.8135224689082464E-001  0.1374190218133408E-001
 0.7372222200000000E+000  0.1534686100000000E+001 -0.3140921418967067E+000  0.2780560411424017E+000  0.3079713586254204E+000 -0.7580471676175243E-001  0.1132074722980059E-001
 0.7491666700000000E+000  0.1534686100000000E+001 -0.2951377889591277E+000  0.2627979209680438E+000  0.2897554042183983E+000 -0.7039949522113374E-001  0.9239562028925676E-002
 0.7608333300000000E+000  0.1534686100000000E+001 -0.2771556290806195E+000  0.2481962804944219E+000  0.2724248130691370E+000 -0.6515943771306748E-001  0.7463917862128121E-002
 0.7722222200000000E+000  0.1534686100000000E+001 -0.2600926012463159E+000  0.2342194955136474E+000  0.2559373302993987E+000 -0.6010387073712978E-001  0.5961617623905570E-002
 0.7833333300000000E+000  0.1534686100000000E+001 -0.2438991046082197E+000  0.2208383390373260E+000  0.2402526498203868E+000 -0.5524878021912083E-001  0.4702517587554393E-002
 0.7941666700000000E+000  0.1534686100000000E+001 -0.2285286986207370E+000  0.2080257269777099E+000  0.2253323472505083E+000 -0.5060697305756839E-001  0.3658377015044409E-002
 0.8047222200000000E+000  0.1534686100000000E+001 -0.2139379719087004E+000  0.1957566035882232E+000  0.2111399409471282E+000 -0.4618830195884280E-001  0.2802763018436543E-002
 0.8149999999999999E+000  0.1534686100000000E+001 -0.2000862578130822E+000  0.1840077008183770E+000  0.1976407746624027E+000 -0.4199985175368658E-001  0.2110982771308890E-002
 0.8250000000000000E+000  0.1534686100000000E+001 -0.1869355603338198E+000  0.1727574758951350E+000  0.1848020796069313E+000 -0.3804619200220697E-001  0.1560062807148616E-002
 0.8347222200000000E+000  0.1534686100000000E+001 -0.1744503389839641E+000  0.1619859327989785E+000  0.1725928780921651E+000 -0.3432958532090157E-001  0.1128748216241649E-002
 0.8441666700000000E+000  0.1534686100000000E+001 -0.1625973614934917E+000  0.1516745023651675E+000  0.1609839349072892E+000 -0.3085021131026828E-001  0.7975285387048696E-003
 0.8533333300000000E+000  0.1534686100000000E+001 -0.1513456142575669E+000  0.1418059749039381E+000  0.1499477498563973E+000 -0.2760639939741958E-001  0.5486790532609105E-003
 0.8622222200000000E+000  0.1534686100000000E+001 -0.1406660842503199E+000  0.1323643222040104E+000  0.1394584111092351E+000 -0.2459481418268044E-001  0.3663035183301643E-003
 0.8708333300000000E+000  0.1534686100000000E+001 -0.1305317225563134E+000  0.1233346794870390E+000  0.1294916153216150E+000 -0.2181068209938290E-001  0.2363752453333583E-003
 0.8791666700000000E+000  0.1534686100000000E+001 -0.1209172678130218E+000  0.1147032056737252E+000  0.1200245408859023E+000 -0.1924796520987894E-001  0.1467568492796007E-003
 0.8872222200000000E+000  0.1534686100000000E+001 -0.1117991956145774E+000  0.1064570563511319E+000  0.1110358370347757E+000 -0.1689955688285246E-001  0.8719199917803305E-004
 0.8950000000000000E+000  0.1534686100000000E+001 -0.1031555358574853E+000  0.9858423905194688E-001  0.1025054763635547E+000 -0.1475742905009618E-001  0.4925527192946971E-004
 0.9025000000000000E+000  0.1534686100000000E+001 -0.9496585621423030E-001  0.9107361898056823E-001  0.9441476566736932E-001 -0.1281280975890087E-001  0.2625521133018787E-004
 0.9097222200000000E+000  0.1534686100000000E+001 -0.8721112616059778E-001  0.8391481764978205E-001  0.8674623472909494E-001 -0.1105631659322066E-001  0.1308578246318608E-004
 0.9166666700000000E+000  0.1534686100000000E+001 -0.7987363292496318E-001  0.7709815865788920E-001  0.7948357272908978E-001 -0.9478091484894348E-002  0.6031463281507193E-005
 0.9233333300000000E+000  0.1534686100000000E+001 -0.7293694379511405E-001  0.7061465726512033E-001  0.7261160776168969E-001 -0.8067932804511175E-002  0.2536730545965900E-005
 0.9297222200000000E+000  0.1534686100000000E+001 -0.6638575771291932E-001  0.6445590706375524E-001  0.6611617441761515E-001 -0.6815392630845447E-002  0.9577078862207789E-006
 0.9358333300000000E+000  0.1534686100000000E+001 -0.6020590834356904E-001  0.5861410775704711E-001  0.5998412944299071E-001 -0.5709894873469372E-002  0.3180497832872852E-006
 0.9416666700000000E+000  0.1534686100000000E+001 -0.5438424666530831E-001  0.5308198011157324E-001  0.5420324643408378E-001 -0.4740818704709604E-002  0.9058671559779614E-007
 0.9472222200000000E+000  0.1534686100000000E+001 -0.4890862973494013E-001  0.4785278048876040E-001  0.4876221445560306E-001 -0.3897592174904118E-002  0.2143220796977965E-007
 0.9525000000000000E+000  0.1534686100000000E+001 -0.4376779366348046E-001  0.4292020471179044E-001  0.4365052048946431E-001 -0.3169757764799819E-002  0.4044123169420370E-008
 0.9575000000000000E+000  0.1534686100000000E+001 -0.3895136928669507E-001  0.3827842705906460E-001  0.3885847258848578E-001 -0.2547052675424939E-002  0.5779120164255290E-009
 0.9622222200000000E+000  0.1534686100000000E+001 -0.3444979267124042E-001  0.3392203805365666E-001  0.3437711764503379E-001 -0.2019465003790418E-002  0.5879688165307045E-010
 0.9666666700000000E+000  0.1534686100000000E+001 -0.3025425919537996E-001  0.2984602260178726E-001  0.3019820162972111E-001 -0.1577290414472692E-002  0.4078830545809961E-011
 0.9708333300000000E+000  0.1534686100000000E+001 -0.2635671814383200E-001  0.2604577657417167E-001  0.2631416951150974E-001 -0.1211186182509028E-002  0.2217193196102194E-012
 0.9747222200000000E+000  0.1534686100000000E+001 -0.2274976700862296E-001  0.2251702461606864E-001  0.2271806464111433E-001 -0.9122093850063778E-003  0.1444743340022196E-013
 0.9783333300000000E+000  0.1534686100000000E+001 -0.1942668045188182E-001  0.1925586775660769E-001  0.1940356174427077E-001 -0.6718633452558341E-003  0.8566975837475488E-015
 0.9816666700000000E+000  0.1534686100000000E+001 -0.1638132996472954E-001  0.1625872315778381E-001  0.1636489050170355E-001 -0.4821290684436248E-003  0.2460334306536877E-016
 0.9847222200000000E+000  0.1534686100000000E+001 -0.1360819886813464E-001  0.1352235590705508E-001  0.1359685376043970E-001 -0.3354999007306702E-003  0.4087267163183398E-018
 0.9875000000000000E+000  0.1534686100000000E+001 -0.1110229041446210E-001  0.1104380424027953E-001  0.1109473868780878E-001 -0.2250056426454844E-003  0.2425053175893458E-018
 0.9900000000000000E+000  0.1534686100000000E+001 -0.8859166045100829E-002  0.8820431620826037E-002  0.8854357463785975E-002 -0.1442406481981909E-003 -0.3162684505825346E-018
 0.9922222200000000E+000  0.1534686100000000E+001 -0.6874886202217478E-002  0.6849881322447579E-002  0.6871990395592527E-002 -0.8738327881944828E-004  0.3516969315940681E-018
 0.9941666700000000E+000  0.1534686100000000E+001 -0.5145990234969246E-002  0.5130068637575622E-002  0.5144367747481165E-002 -0.4921489515311080E-004  0.2939504646686068E-019
 0.9958333300000000E+000  0.1534686100000000E+001 -0.3669514038604002E-002  0.3659207292564703E-002  0.3668689020135021E-002 -0.2513662310930319E-004  0.1543811185057208E-017
 0.9972222200000000E+000  0.1534686100000000E+001 -0.2442912385312672E-002  0.2435801827844846E-002  0.2442546736499178E-002 -0.1118175402658067E-004 -0.2406628783600467E-019
 0.9983333300000000E+000  0.1534686100000000E+001 -0.1464107824045500E-002  0.1458514416000885E-002  0.1463976484518517E-002 -0.4028287578510644E-005 -0.6582336881370889E-020
 0.9991666700000000E+000  0.1534686100000000E+001 -0.7314355141733627E-003  0.7273788274432107E-003  0.7314027347122009E-003 -0.1007591931734633E-005 -0.3177116892534712E-017
 0.9997222200000000E+000  0.1534686100000000E+001 -0.2436785581275571E-003  0.2411367273368200E-003  0.2436749199450565E-003 -0.1119966788263631E-006 -0.1901050450706265E-017
 0.1000000000000000E+001  0.1534686100000000E+001  0.2486894916474355E-027 -0.7669404003641211E-027  0.5303506259239597E-027  0.2395853748414887E-039 -0.5164414710147340E-041

 0.0000000000000000E+000  0.1549130200000000E+001 -0.1940226627009785E+001  0.1539458624942348E+001  0.1546820611183435E+001 -0.6792412197764048E-002  0.1508826409968003E-001
 0.2777777800000000E-003  0.1549130200000000E+001 -0.1940217579765533E+001  0.1539455587891639E+001  0.1546811366340738E+001 -0.6792106301906618E-002  0.1509983973571863E-001
 0.8333333300000000E-003  0.1549130200000000E+001 -0.1940145625797957E+001  0.1539431374568855E+001  0.1546737828209243E+001 -0.6789738104279805E-002  0.1519239815005381E-001
 0.1666666700000000E-002  0.1549130200000000E+001 -0.1939908973716836E+001  0.1539350978394445E+001  0.1546495800215417E+001 -0.6782769070866885E-002  0.1550332390555631E-001
 0.2777777800000000E-002  0.1549130200000000E+001 -0.1939384820367580E+001  0.1539168599559690E+001  0.1545958757136439E+001 -0.6772135255151177E-002  0.1622988994305778E-001
 0.4166666700000000E-002  0.1549130200000000E+001 -0.1938491193643824E+001  0.1538842590024020E+001  0.1545039439442448E+001 -0.6771695301691366E-002  0.1760668288787154E-001
 0.5833333300000000E-002  0.1549130200000000E+001 -0.1937259770527549E+001  0.1538356371256045E+001  0.1543762231098751E+001 -0.6818214499846937E-002  0.1986593325118878E-001
 0.7777777800000000E-002  0.1549130200000000E+001 -0.1935849894394404E+001  0.1537730836012807E+001  0.1542276620855258E+001 -0.6969455395125861E-002  0.2319266321726030E-001
 0.1000000000000000E-001  0.1549130200000000E+001 -0.1934472533456838E+001  0.1537015225726208E+001  0.1540780699577027E+001 -0.7285408796654324E-002  0.2769718022906081E-001
 0.1250000000000000E-001  0.1549130200000000E+001 -0.1933294904977805E+001  0.1536263839324842E+001  0.1539425607386797E+001 -0.7807340077081173E-002  0.3341731510700226E-001
 0.1527777800000000E-001  0.1549130200000000E+001 -0.1932403936488674E+001  0.1535517650015047E+001  0.1538279096223292E+001 -0.8551051589202417E-002  0.4034129095195477E-001
 0.1833333300000000E-001  0.1549130200000000E+001 -0.1931825206090507E+001  0.1534799171929818E+001  0.1537344690451985E+001 -0.9513534450791920E-002  0.4843355596394511E-001
 0.2166666700000000E-001  0.1549130200000000E+001 -0.1931555699213735E+001  0.1534116112585764E+001  0.1536594637559843E+001 -0.1068297330331166E-001  0.5765308307172836E-001
 0.2527777800000000E-001  0.1549130200000000E+001 -0.1931586716113799E+001  0.1533467165097530E+001  0.1535992935889683E+001 -0.1204584925338798E-001  0.6796279381513419E-001
 0.2916666700000000E-001  0.1549130200000000E+001 -0.1931914594804644E+001  0.1532846529634653E+001  0.1535506120390081E+001 -0.1359034917092244E-001  0.7933292809417188E-001
 0.3333333300000000E-001  0.1549130200000000E+001 -0.1932543954397828E+001  0.1532246535466919E+001  0.1535106557846318E+001 -0.1530738294898621E-001  0.9174118163297466E-001
 0.3777777800000000E-001  0.1549130200000000E+001 -0.1933487565675369E+001  0.1531658800896668E+001  0.1534772398602665E+001 -0.1719048969808579E-001  0.1051715137150410E+000
 0.4250000000000000E-001  0.1549130200000000E+001 -0.1934765033232423E+001  0.1531074488427130E+001  0.1534486415847633E+001 -0.1923536066052053E-001  0.1196124723454797E+000
 0.4750000000000000E-001  0.1549130200000000E+001 -0.1936401175688481E+001  0.1530484032679604E+001  0.1534234656692112E+001 -0.2143931790506712E-001  0.1350554711186744E+000
 0.5277777800000000E-001  0.1549130200000000E+001 -0.1938424339633792E+001  0.1529876549678570E+001  0.1534005201136838E+001 -0.2380085213459493E-001  0.1514930212804529E+000
 0.5833333300000000E-001  0.1549130200000000E+001 -0.1940864618094764E+001  0.1529239012325095E+001  0.1533787065501137E+001 -0.2631924755048564E-001  0.1689169149281344E+000
 0.6416666700000000E-001  0.1549130200000000E+001 -0.1943751831788554E+001  0.1528555209419697E+001  0.1533569200058867E+001 -0.2899428303762714E-001  0.1873162525105839E+000
 0.7027777800000000E-001  0.1549130200000000E+001 -0.1947113067336281E+001  0.1527804467404444E+001  0.1533339506559907E+001 -0.3182598402515958E-001  0.2066751278214335E+000
 0.7666666699999999E-001  0.1549130200000000E+001 -0.1950969541213996E+001  0.1526960086055728E+001  0.1533083795488036E+001 -0.3481441866882566E-001  0.2269698849966328E+000
 0.8333333300000000E-001  0.1549130200000000E+001 -0.1955332484796013E+001  0.1525987431381394E+001  0.1532784603931734E+001 -0.3795951220604526E-001  0.2481656771496366E+000
 0.9027777800000000E-001  0.1549130200000000E+001 -0.1960197712099908E+001  0.1524841616495306E+001  0.1532419790303968E+001 -0.4126087899111949E-001  0.2702121830980752E+000
 0.9750000000000000E-001  0.1549130200000000E+001 -0.1965538446433953E+001  0.1523464709458914E+001  0.1531960819001929E+001 -0.4471765441265140E-001  0.2930381805483062E+000
 0.1050000000000000E+000  0.1549130200000000E+001 -0.1971295967899105E+001  0.1521782416886144E+001  0.1531370640857131E+001 -0.4832833415274684E-001  0.3165448260672193E+000
 0.1127777800000000E+000  0.1549130200000000E+001 -0.1977367615669487E+001  0.1519700240791922E+001  0.1530601077282209E+001 -0.5209060739607018E-001  0.3405973778016234E+000
 0.1208333300000000E+000  0.1549130200000000E+001 -0.1983591808095685E+001  0.1517099186987264E+001  0.1529589629583954E+001 -0.5600118243544393E-001  0.3650152880539717E+000
 0.1291666700000000E+000  0.1549130200000000E+001 -0.1989730126811685E+001  0.1513831219873960E+001  0.1528255665722921E+001 -0.6005563829476813E-001  0.3895610564296253E+000
 0.1377777800000000E+000  0.1549130200000000E+001 -0.1995447016935366E+001  0.1509714962876604E+001  0.1526496057300648E+001 -0.6424822447368578E-001  0.4139280071326546E+000
 0.1466666700000000E+000  0.1549130200000000E+001 -0.2000289185793233E+001  0.1504532327712365E+001  0.1524180449191980E+001 -0.6857173562983566E-001  0.4377291838473921E+000
 0.1558333300000000E+000  0.1549130200000000E+001 -0.2003668265207980E+001  0.1498027365928255E+001  0.1521146692690570E+001 -0.7301733953523067E-001  0.4604891366931373E+000
 0.1652777800000000E+000  0.1549130200000000E+001 -0.2004853059456747E+001  0.1489908883440087E+001  0.1517197280211314E+001 -0.7757446899337105E-001  0.4816431050090718E+000
 0.1750000000000000E+000  0.1549130200000000E+001 -0.2002979870320835E+001  0.1479858905207685E+001  0.1512098200999525E+001 -0.8223067279021691E-001  0.5005480969907387E+000
 0.1850000000000000E+000  0.1549130200000000E+001 -0.1997090546864071E+001  0.1467548576290391E+001  0.1505581883776345E+001 -0.8697155078856947E-001  0.5165117753694486E+000
 0.1952777800000000E+000  0.1549130200000000E+001 -0.1986205196650322E+001  0.1452662466130034E+001  0.1497356138530978E+001 -0.9178065026275452E-001  0.5288419371375092E+000
 0.2058333300000000E+000  0.1549130200000000E+001 -0.1969428482418083E+001  0.1434929817154279E+001  0.1487120203267189E+001 -0.9663939611896910E-001  0.5369153352253471E+000
 0.2166666700000000E+000  0.1549130200000000E+001 -0.1946074907902880E+001  0.1414158397771855E+001  0.1474587396400760E+001 -0.1015270588584633E+000  0.5402564321174498E+000
 0.2277777800000000E+000  0.1549130200000000E+001 -0.1915785087648924E+001  0.1390264294398584E+001  0.1459511732457649E+001 -0.1064207040057473E+000  0.5386090918488239E+000
 0.2391666700000000E+000  0.1549130200000000E+001 -0.1878598502996803E+001  0.1363289530873068E+001  0.1441713283039143E+001 -0.1112952516199875E+000  0.5319815611181996E+000
 0.2508333300000000E+000  0.1549130200000000E+001 -0.1834958362318609E+001  0.1333402665030789E+001  0.1421096910320309E+001 -0.1161235359888057E+000  0.5206502655243976E+000
 0.2627777800000000E+000  0.1549130200000000E+001 -0.1785645331371823E+001  0.1300881440925083E+001  0.1397659905088308E+001 -0.1208764561669630E+000  0.5051206922869963E+000
 0.2750000000000000E+000  0.1549130200000000E+001 -0.1731662134946838E+001  0.1266082700384350E+001  0.1371487853532944E+001 -0.1255231033693810E+000  0.4860574084477616E+000
 0.2875000000000000E+000  0.1549130200000000E+001 -0.1674102186717217E+001  0.1229406516541373E+001  0.1342740519037226E+001 -0.1300309445059918E+000  0.4642025213526052E+000
 0.3002777800000000E+000  0.1549130200000000E+001 -0.1614034586572113E+001  0.1191262655819372E+001  0.1311632442840454E+001 -0.1343659401470640E+000  0.4403014598653606E+000
 0.3133333300000000E+000  0.1549130200000000E+001 -0.1552423017254335E+001  0.1152043925711959E+001  0.1278412388395678E+001 -0.1384926526507498E+000  0.4150474566567345E+000
 0.3266666700000000E+000  0.1549130200000000E+001 -0.1490082004938685E+001  0.1112108247714085E+001  0.1243344860524378E+001 -0.1423743485653274E+000  0.3890479892833270E+000
 0.3402777800000000E+000  0.1549130200000000E+001 -0.1427664888526425E+001  0.1071769363482539E+001  0.1206695804429717E+001 -0.1459730705242091E+000  0.3628108202045894E+000
 0.3541666700000000E+000  0.1549130200000000E+001 -0.1365672135800266E+001  0.1031293616649901E+001  0.1168722225512674E+001 -0.1492497797909687E+000  0.3367437959206659E+000
 0.3683333300000000E+000  0.1549130200000000E+001 -0.1304471544795075E+001  0.9909014842490071E+000  0.1129665963814981E+001 -0.1521645160405282E+000  0.3111633754299067E+000
 0.3827777800000000E+000  0.1549130200000000E+001 -0.1244322106869725E+001  0.9507713681587978E+000  0.1089750234773484E+001 -0.1546766543472857E+000  0.2863070416303666E+000
 0.3975000000000000E+000  0.1549130200000000E+001 -0.1185398000345667E+001  0.9110449117475318E+000  0.1049178678920703E+001 -0.1567452259918402E+000  0.2623470006603412E+000
 0.4125000000000000E+000  0.1549130200000000E+001 -0.1127809283924464E+001  0.8718322056296780E+000  0.1008135459987801E+001 -0.1583293659646351E+000  0.2394029568218626E+000
 0.4277777800000000E+000  0.1549130200000000E+001 -0.1071619480466182E+001  0.8332170561823288E+000  0.9667865227783990E+000 -0.1593888481692947E+000  0.2175535514222005E+000
 0.4433333300000000E+000  0.1549130200000000E+001 -0.1016859381783275E+001  0.7952616248189455E+000  0.9252811789903248E+000 -0.1598847417941089E+000  0.1968459160858983E+000
 0.4591666700000000E+000  0.1549130200000000E+001 -0.9635374983595446E+000  0.7580103601214234E+000  0.8837537463421176E+000 -0.1597801792167299E+000  0.1773034031363006E+000
 0.4752777800000000E+000  0.1549130200000000E+001 -0.9116481936444623E+000  0.7214935758721713E+000  0.8423254588553720E+000 -0.1590412301750164E+000  0.1589318714380449E+000
 0.4916666700000000E+000  0.1549130200000000E+001 -0.8611771725669410E+000  0.6857301197372486E+000  0.8011058790011866E+000 -0.1576378772945213E+000  0.1417244468049761E+000
 0.5083333300000000E+000  0.1549130200000000E+001 -0.8121056870772735E+000  0.6507298180788854E+000  0.7601944385389110E+000 -0.1555450775674356E+000  0.1256653271783059E+000
 0.5247222200000000E+000  0.1549130200000000E+001 -0.7659430495477363E+000  0.6175968547874252E+000  0.7209922243581024E+000 -0.1528462910031121E+000  0.1112008757306592E+000
 0.5408333300000000E+000  0.1549130200000000E+001 -0.7224721038926456E+000  0.5862063206384182E+000  0.6834726015074044E+000 -0.1495923344559835E+000  0.9818231028795163E-001
 0.5566666700000000E+000  0.1549130200000000E+001 -0.6814977204194417E+000  0.5564414479909822E+000  0.6475989957595030E+000 -0.1458366566733528E+000  0.8647460972879227E-001
 0.5722222200000000E+000  0.1549130200000000E+001 -0.6428443800720098E+000  0.5281939422590628E+000  0.6133279195716977E+000 -0.1416345296429638E+000  0.7595585247759064E-001
 0.5875000000000000E+000  0.1549130200000000E+001 -0.6063535518054570E+000  0.5013637013215403E+000  0.5806109628945738E+000 -0.1370422168471572E+000  0.6651614560465731E-001
 0.6025000000000000E+000  0.1549130200000000E+001 -0.5718816566760411E+000  0.4758585748150518E+000  0.5493965490453376E+000 -0.1321162032389558E+000  0.5805653383573216E-001
 0.6172222200000000E+000  0.1549130200000000E+001 -0.5392980296515040E+000  0.4515938075847600E+000  0.5196310505938495E+000 -0.1269124415665841E+000  0.5048782533810774E-001
 0.6316666700000000E+000  0.1549130200000000E+001 -0.5084832603192124E+000  0.4284915103276954E+000  0.4912597091804500E+000 -0.1214856685411613E+000  0.4372950126189184E-001
 0.6458333300000000E+000  0.1549130200000000E+001 -0.4793278666427843E+000  0.4064801820176598E+000  0.4642274188252801E+000 -0.1158888104958166E+000  0.3770872398369839E-001
 0.6597222200000000E+000  0.1549130200000000E+001 -0.4517309599819396E+000  0.3854940725830556E+000  0.4384791378252821E+000 -0.1101724285530780E+000  0.3235939035018779E-001
 0.6733333300000000E+000  0.1549130200000000E+001 -0.4255993951636564E+000  0.3654727940874030E+000  0.4139604529744332E+000 -0.1043843043007907E+000  0.2762134432401007E-001
 0.6866666700000000E+000  0.1549130200000000E+001 -0.4008468347875133E+000  0.3463607797511030E+000  0.3906178235842114E+000 -0.9856906648831947E-001  0.2343963203595776E-001
 0.6997222200000000E+000  0.1549130200000000E+001 -0.3773931435988239E+000  0.3281069295082352E+000  0.3683989373026248E+000 -0.9276794609831480E-001  0.1976388165463416E-001
 0.7125000000000000E+000  0.1549130200000000E+001 -0.3551636703254705E+000  0.3106641206117954E+000  0.3472527990211242E+000 -0.8701856232351482E-001  0.1654772655046897E-001
 0.7250000000000000E+000  0.1549130200000000E+001 -0.3340888754665081E+000  0.2939889523122908E+000  0.3271300154226716E+000 -0.8135484735125743E-001  0.1374834451978183E-001
 0.7372222200000000E+000  0.1549130200000000E+001 -0.3141038326996091E+000  0.2780413691870672E+000  0.3079828525951180E+000 -0.7580699238437194E-001  0.1132603308348681E-001
 0.7491666700000000E+000  0.1549130200000000E+001 -0.2951478646101733E+000  0.2627843732756281E+000  0.2897653324595599E+000 -0.7040147281844483E-001  0.9243860251846207E-002
 0.7608333300000000E+000  0.1549130200000000E+001 -0.2771642866342244E+000  0.2481838137847742E+000  0.2724333604342928E+000 -0.6516114433777223E-001  0.7467378382817235E-002
 0.7722222200000000E+000  0.1549130200000000E+001 -0.2601000166458150E+000  0.2342080627107474E+000  0.2559446634452612E+000 -0.6010533313902638E-001  0.5964373135450398E-002
 0.7833333300000000E+000  0.1549130200000000E+001 -0.2439054347180169E+000  0.2208278903130482E+000  0.2402589185806621E+000 -0.5525002439197239E-001  0.4704685026269312E-002
 0.7941666700000000E+000  0.1549130200000000E+001 -0.2285340830561379E+000  0.2080162106459904E+000  0.2253376859450159E+000 -0.5060802387264815E-001  0.3660058865531456E-002
 0.8047222200000000E+000  0.1549130200000000E+001 -0.2139425346996759E+000  0.1957479668631678E+000  0.2111444696360413E+000 -0.4618918288367917E-001  0.2804048490462791E-002
 0.8149999999999999E+000  0.1549130200000000E+001 -0.2000901089117978E+000  0.1839998904652059E+000  0.1976446003337957E+000 -0.4200058464802484E-001  0.2111948876809110E-002
 0.8250000000000000E+000  0.1549130200000000E+001 -0.1869387969938677E+000  0.1727504387775186E+000  0.1848052973077191E+000 -0.3804679698608284E-001  0.1560775371646341E-002
 0.8347222200000000E+000  0.1549130200000000E+001 -0.1744530470158233E+000  0.1619796163448402E+000  0.1725955719926864E+000 -0.3433008070448552E-001  0.1129262843870694E-002
 0.8441666700000000E+000  0.1549130200000000E+001 -0.1625996164110041E+000  0.1516688549581505E+000  0.1609861793024636E+000 -0.3085061357720770E-001  0.7978915512313200E-003
 0.8533333300000000E+000  0.1549130200000000E+001 -0.1513474823265067E+000  0.1418009462069228E+000  0.1499496101048201E+000 -0.2760672323290984E-001  0.5489284167624625E-003
 0.8622222200000000E+000  0.1549130200000000E+001 -0.1406676234423709E+000  0.1323598634300493E+000  0.1394599445055903E+000 -0.2459507253644603E-001  0.3664697636264670E-003
 0.8708333300000000E+000  0.1549130200000000E+001 -0.1305329834222283E+000  0.1233307436146862E+000  0.1294928719096213E+000 -0.2181088627662783E-001  0.2364823859224944E-003
 0.8791666700000000E+000  0.1549130200000000E+001 -0.1209182942765982E+000  0.1146997476207035E+000  0.1200255642082044E+000 -0.1924812498167681E-001  0.1468232908595199E-003
 0.8872222200000000E+000  0.1549130200000000E+001 -0.1118000256971250E+000  0.1064540331053219E+000  0.1110366648252567E+000 -0.1689968061002587E-001  0.8723143125796167E-004
 0.8950000000000000E+000  0.1549130200000000E+001 -0.1031562023350154E+000  0.9858160977130750E-001  0.1025061411810762E+000 -0.1475752381419206E-001  0.4927752529554749E-004
 0.9025000000000000E+000  0.1549130200000000E+001 -0.9496638721623341E-001  0.9107134505850803E-001  0.9441529547734119E-001 -0.1281288149611003E-001  0.2626706256902927E-004
 0.9097222200000000E+000  0.1549130200000000E+001 -0.8721154571237717E-001  0.8391286275597298E-001  0.8674665343306141E-001 -0.1105637022676187E-001  0.1309168427818460E-004
 0.9166666700000000E+000  0.1549130200000000E+001 -0.7987396143906875E-001  0.7709648875574493E-001  0.7948390064659795E-001 -0.9478131052945349E-002  0.6034181447964942E-005
 0.9233333300000000E+000  0.1549130200000000E+001 -0.7293719851627622E-001  0.7061324060770330E-001  0.7261186206795342E-001 -0.8067961581349786E-002  0.2537872957511950E-005
 0.9297222200000000E+000  0.1549130200000000E+001 -0.6638595311882652E-001  0.6445471417537194E-001  0.6611636953871768E-001 -0.6815413239281710E-002  0.9581389102124548E-006
 0.9358333300000000E+000  0.1549130200000000E+001 -0.6020605650659479E-001  0.5861311139749541E-001  0.5998427741330691E-001 -0.5709909387697333E-002  0.3181928395630153E-006
 0.9416666700000000E+000  0.1549130200000000E+001 -0.5438435757698177E-001  0.5308115522976646E-001  0.5420335721742444E-001 -0.4740828742753428E-002  0.9062743874413456E-007
 0.9472222200000000E+000  0.1549130200000000E+001 -0.4890871159693471E-001  0.4785210416421148E-001  0.4876229623363595E-001 -0.3897598980569179E-002  0.2144183802852241E-007
 0.9525000000000000E+000  0.1549130200000000E+001 -0.4376785314701509E-001  0.4291965608907378E-001  0.4365057991914142E-001 -0.3169762279162640E-002  0.4045939485024195E-008
 0.9575000000000000E+000  0.1549130200000000E+001 -0.3895141176363878E-001  0.3827798727267720E-001  0.3885851503163859E-001 -0.2547055598353542E-002  0.5781714674224626E-009
 0.9622222200000000E+000  0.1549130200000000E+001 -0.3444982241860545E-001  0.3392169014746275E-001  0.3437714737171996E-001 -0.2019466846024903E-002  0.5882326975908753E-010
 0.9666666700000000E+000  0.1549130200000000E+001 -0.3025427957560264E-001  0.2984575144281443E-001  0.3019822199764133E-001 -0.1577291541041224E-002  0.4080660841197820E-011
 0.9708333300000000E+000  0.1549130200000000E+001 -0.2635673176287524E-001  0.2604556876104711E-001  0.2631418312346590E-001 -0.1211186848319419E-002  0.2218188942483431E-012
 0.9747222200000000E+000  0.1549130200000000E+001 -0.2274977585355456E-001  0.2251686838463512E-001  0.2271807348211172E-001 -0.9122097634881479E-003  0.1445386604416248E-013
 0.9783333300000000E+000  0.1549130200000000E+001 -0.1942668600993970E-001  0.1925575288105830E-001  0.1940356730023655E-001 -0.6718635509764563E-003  0.8571674092061097E-015
 0.9816666700000000E+000  0.1549130200000000E+001 -0.1638133332532030E-001  0.1625864084966858E-001  0.1636489386123647E-001 -0.4821291745730254E-003  0.2448225029783578E-016
 0.9847222200000000E+000  0.1549130200000000E+001 -0.1360820080943359E-001  0.1352229871135436E-001  0.1359685570123488E-001 -0.3354999522085115E-003  0.5910380585218773E-018
 0.9875000000000000E+000  0.1549130200000000E+001 -0.1110229147600105E-001  0.1104376593010497E-001  0.1109473974912450E-001 -0.2250056658345025E-003 -0.4839476820837665E-019
 0.9900000000000000E+000  0.1549130200000000E+001 -0.8859166587817739E-002  0.8820407089816908E-002  0.8854358006412379E-002 -0.1442406577407440E-003  0.1113265251438423E-018
 0.9922222200000000E+000  0.1549130200000000E+001 -0.6874886457240966E-002  0.6849866476097375E-002  0.6871990650583191E-002 -0.8738328232594555E-004 -0.4627247637504535E-019
 0.9941666700000000E+000  0.1549130200000000E+001 -0.5145990342436053E-002  0.5130060283324834E-002  0.5144367854937683E-002 -0.4921489626656398E-004 -0.2402754206606842E-019
 0.9958333300000000E+000  0.1549130200000000E+001 -0.3669514077730827E-002  0.3659203028803354E-002  0.3668689059259183E-002 -0.2513662340003235E-004 -0.1010093998891426E-017
 0.9972222200000000E+000  0.1549130200000000E+001 -0.2442912396896550E-002  0.2435799932335737E-002  0.2442546748082528E-002 -0.1118175408415408E-004  0.4056352303617135E-018
 0.9983333300000000E+000  0.1549130200000000E+001 -0.1464107826546031E-002  0.1458513733472039E-002  0.1463976487018980E-002 -0.4028287585986243E-005  0.1208742443244090E-018
 0.9991666700000000E+000  0.1549130200000000E+001 -0.7314355144857744E-003  0.7273786567861337E-003  0.7314027350246084E-003 -0.1007591932202532E-005  0.2159264640147790E-017
 0.9997222200000000E+000  0.1549130200000000E+001 -0.2436785581391246E-003  0.2411367083724687E-003  0.2436749199566234E-003 -0.1119966788320997E-006  0.5993466890559555E-018
 0.1000000000000000E+001  0.1549130200000000E+001  0.3022676198825234E-027 -0.8974589052274713E-027  0.5166381778034646E-027 -0.8987214742104940E-040 -0.1447220837801210E-040

 0.0000000000000000E+000  0.1559963200000000E+001 -0.1940227956194795E+001  0.1539457295762123E+001  0.1546821884312776E+001 -0.6792412197764048E-002  0.1509092140745518E-001
 0.2777777800000000E-003  0.1559963200000000E+001 -0.1940218907771508E+001  0.1539454259616504E+001  0.1546812638176082E+001 -0.6792106303886023E-002  0.1510249908468010E-001
 0.8333333300000000E-003  0.1559963200000000E+001 -0.1940146944453615E+001  0.1539430053494631E+001  0.1546739089771848E+001 -0.6789738121770844E-002  0.1519507382048448E-001
 0.1666666700000000E-002  0.1559963200000000E+001 -0.1939910261978963E+001  0.1539349681044774E+001  0.1546497028244340E+001 -0.6782769136655376E-002  0.1550605440643255E-001
 0.2777777800000000E-002  0.1559963200000000E+001 -0.1939386043382211E+001  0.1539167355004083E+001  0.1545959912330591E+001 -0.6772135413347211E-002  0.1623274858768568E-001
 0.4166666700000000E-002  0.1559963200000000E+001 -0.1938492312779134E+001  0.1538841436381408E+001  0.1545040475420945E+001 -0.6771695572691865E-002  0.1760978442441802E-001
 0.5833333300000000E-002  0.1559963200000000E+001 -0.1937260765182581E+001  0.1538355345315717E+001  0.1543763114706593E+001 -0.6818214839752499E-002  0.1986943357254060E-001
 0.7777777800000000E-002  0.1559963200000000E+001 -0.1935850783435606E+001  0.1537729961641118E+001  0.1542277351605051E+001 -0.6969455704849640E-002  0.2319675128614472E-001
 0.1000000000000000E-001  0.1559963200000000E+001 -0.1934473380915625E+001  0.1537014510082692E+001  0.1540781313015802E+001 -0.7285408987149671E-002  0.2770206532712600E-001
 0.1250000000000000E-001  0.1559963200000000E+001 -0.1933295810349695E+001  0.1536263279219534E+001  0.1539426162998586E+001 -0.7807340124334120E-002  0.3342321469509890E-001
 0.1527777800000000E-001  0.1559963200000000E+001 -0.1932405022782118E+001  0.1535517242496608E+001  0.1538279663187766E+001 -0.8551051541964715E-002  0.4034842281517207E-001
 0.1833333300000000E-001  0.1559963200000000E+001 -0.1931826614482243E+001  0.1534798922926181E+001  0.1537345340106471E+001 -0.9513534416179097E-002  0.4844213520002295E-001
 0.2166666700000000E-001  0.1559963200000000E+001 -0.1931557590337356E+001  0.1534116041759359E+001  0.1536595442469792E+001 -0.1068297343958308E-001  0.5766332263659826E-001
 0.2527777800000000E-001  0.1559963200000000E+001 -0.1931589274830898E+001  0.1533467307935002E+001  0.1535993972234701E+001 -0.1204584977749656E-001  0.6797490711087510E-001
 0.2916666700000000E-001  0.1559963200000000E+001 -0.1931918036155764E+001  0.1532846938241531E+001  0.1535507471234641E+001 -0.1359035037754456E-001  0.7934713259118427E-001
 0.3333333300000000E-001  0.1559963200000000E+001 -0.1932548529823630E+001  0.1532247279030043E+001  0.1535108316276002E+001 -0.1530738523722123E-001  0.9175770302411705E-001
 0.3777777800000000E-001  0.1559963200000000E+001 -0.1933493569400848E+001  0.1531659966268130E+001  0.1534774670511485E+001 -0.1719049360401725E-001  0.1051905904435921E+000
 0.4250000000000000E-001  0.1559963200000000E+001 -0.1934772808999844E+001  0.1531076180986623E+001  0.1534489322454015E+001 -0.1923536689524248E-001  0.1196343605050364E+000
 0.4750000000000000E-001  0.1559963200000000E+001 -0.1936411124097384E+001  0.1530486377500701E+001  0.1534238336921486E+001 -0.2143932739836640E-001  0.1350804498059654E+000
 0.5277777800000000E-001  0.1559963200000000E+001 -0.1938436926324043E+001  0.1529879692969782E+001  0.1534009813986064E+001 -0.2380086608455782E-001  0.1515213984827282E+000
 0.5833333300000000E-001  0.1559963200000000E+001 -0.1940880382972893E+001  0.1529243123095216E+001  0.1533792792466057E+001 -0.2631926747913818E-001  0.1689490340191571E+000
 0.6416666700000000E-001  0.1559963200000000E+001 -0.1943771399441405E+001  0.1528560481298235E+001  0.1533576247672480E+001 -0.2899431085241236E-001  0.1873524993887284E+000
 0.7027777800000000E-001  0.1559963200000000E+001 -0.1947137158675922E+001  0.1527811120515205E+001  0.1533348109052252E+001 -0.3182602208560216E-001  0.2067159386412405E+000
 0.7666666699999999E-001  0.1559963200000000E+001 -0.1950998986261391E+001  0.1526968368796143E+001  0.1533094217546400E+001 -0.3481446985720384E-001  0.2270157543458668E+000
 0.8333333300000000E-001  0.1559963200000000E+001 -0.1955368236240275E+001  0.1525997621875896E+001  0.1532797143484188E+001 -0.3795958000016430E-001  0.2482171663216898E+000
 0.9027777800000000E-001  0.1559963200000000E+001 -0.1960240858869747E+001  0.1524854023376836E+001  0.1532434781182641E+001 -0.4126096753650937E-001  0.2702699278418965E+000
 0.9750000000000000E-001  0.1559963200000000E+001 -0.1965590225840034E+001  0.1523479671456228E+001  0.1531978633229464E+001 -0.4471776859058550E-001  0.2931028972336582E+000
 0.1050000000000000E+000  0.1559963200000000E+001 -0.1971357773929157E+001  0.1521800300468489E+001  0.1531391690151854E+001 -0.4832847963971171E-001  0.3166173146065418E+000
 0.1127777800000000E+000  0.1559963200000000E+001 -0.1977440999539868E+001  0.1519721434813950E+001  0.1530625813146498E+001 -0.5209079070963602E-001  0.3406785187921323E+000
 0.1208333300000000E+000  0.1559963200000000E+001 -0.1983678465165018E+001  0.1517124092915643E+001  0.1529618541029846E+001 -0.5600141096127946E-001  0.3651060304831765E+000
 0.1291666700000000E+000  0.1559963200000000E+001 -0.1989831861610355E+001  0.1513860235844860E+001  0.1528289273330936E+001 -0.6005592029051645E-001  0.3896623910692134E+000
 0.1377777800000000E+000  0.1559963200000000E+001 -0.1995565675205133E+001  0.1509748459509520E+001  0.1526534901769552E+001 -0.6424856904596488E-001  0.4140409193185192E+000
 0.1466666700000000E+000  0.1559963200000000E+001 -0.2000426541128305E+001  0.1504570613832937E+001  0.1524225072264056E+001 -0.6857215268438717E-001  0.4378545790906090E+000
 0.1558333300000000E+000  0.1559963200000000E+001 -0.2003825848437196E+001  0.1498070643069250E+001  0.1521197608046877E+001 -0.7301783970080136E-001  0.4606277334226866E+000
 0.1652777800000000E+000  0.1559963200000000E+001 -0.2005031926017739E+001  0.1489957190161735E+001  0.1517254932558298E+001 -0.7757506352178405E-001  0.4817952935199740E+000
 0.1750000000000000E+000  0.1559963200000000E+001 -0.2003180316111213E+001  0.1479912055838794E+001  0.1512162913087459E+001 -0.8223137342937126E-001  0.5007137727599310E+000
 0.1850000000000000E+000  0.1559963200000000E+001 -0.1997311809671648E+001  0.1467606103969401E+001  0.1505653794558503E+001 -0.8697236961810910E-001  0.5166901699209449E+000
 0.1952777800000000E+000  0.1559963200000000E+001 -0.1986445211333176E+001  0.1452723585153255E+001  0.1497435140330865E+001 -0.9178159946708415E-001  0.5290314861397462E+000
 0.2058333300000000E+000  0.1559963200000000E+001 -0.1969683781013494E+001  0.1434993422233783E+001  0.1487205891049401E+001 -0.9664048766622224E-001  0.5371136347157579E+000
 0.2166666700000000E+000  0.1559963200000000E+001 -0.1946340747706531E+001  0.1414223113958405E+001  0.1474679044958773E+001 -0.1015283040644385E+000  0.5404603274137163E+000
 0.2277777800000000E+000  0.1559963200000000E+001 -0.1916055836306603E+001  0.1390328579482101E+001  0.1459608314454870E+001 -0.1064221129950617E+000  0.5388149128002424E+000
 0.2391666700000000E+000  0.1559963200000000E+001 -0.1878868221928380E+001  0.1363351815144305E+001  0.1441813531554623E+001 -0.1112968327513641E+000  0.5321854691103763E+000
 0.2508333300000000E+000  0.1559963200000000E+001 -0.1835221449968526E+001  0.1333461499126741E+001  0.1421199416269068E+001 -0.1161252953472824E+000  0.5208486343638152E+000
 0.2627777800000000E+000  0.1559963200000000E+001 -0.1785897064781164E+001  0.1300935619253556E+001  0.1397763229358937E+001 -0.1208783972278833E+000  0.5053104324874691E+000
 0.2750000000000000E+000  0.1559963200000000E+001 -0.1731898995484052E+001  0.1266131337246746E+001  0.1371590630844227E+001 -0.1255252268881527E+000  0.4862361697132997E+000
 0.2875000000000000E+000  0.1559963200000000E+001 -0.1674321941688076E+001  0.1229449068599057E+001  0.1342841536233552E+001 -0.1300332486215649E+000  0.4643687546086144E+000
 0.3002777800000000E+000  0.1559963200000000E+001 -0.1614236174293202E+001  0.1191298899585052E+001  0.1311730684407440E+001 -0.1343684206265304E+000  0.4404543625704273E+000
 0.3133333300000000E+000  0.1559963200000000E+001 -0.1552606318471482E+001  0.1152073906463709E+001  0.1278507051316324E+001 -0.1384953031831940E+000  0.4151868463184545E+000
 0.3266666700000000E+000  0.1559963200000000E+001 -0.1490247579586095E+001  0.1112132216550898E+001  0.1243435346052628E+001 -0.1423771610251988E+000  0.3891741499688408E+000
 0.3402777800000000E+000  0.1559963200000000E+001 -0.1427813732280520E+001  0.1071787715180922E+001  0.1206781695820311E+001 -0.1459760351531645E+000  0.3629243546502157E+000
 0.3541666700000000E+000  0.1559963200000000E+001 -0.1365805483036054E+001  0.1031306835574030E+001  0.1168803259428355E+001 -0.1492528852828448E+000  0.3368455007139387E+000
 0.3683333300000000E+000  0.1559963200000000E+001 -0.1304590724374675E+001  0.9909101012740753E+000  0.1129742000919884E+001 -0.1521677495359423E+000  0.3112541452086951E+000
 0.3827777800000000E+000  0.1559963200000000E+001 -0.1244428445341562E+001  0.9507759286105792E+000  0.1089821232705831E+001 -0.1546800013620359E+000  0.2863878008662894E+000
 0.3975000000000000E+000  0.1559963200000000E+001 -0.1185492762782490E+001  0.9110459529703738E+000  0.1049244669191065E+001 -0.1567486703081282E+000  0.2624186584795223E+000
 0.4125000000000000E+000  0.1559963200000000E+001 -0.1127893641959051E+001  0.8718302422046826E+000  0.1008196529137153E+001 -0.1583328895180480E+000  0.2394663793129549E+000
 0.4277777800000000E+000  0.1559963200000000E+001 -0.1071694498823456E+001  0.8332125709233998E+000  0.9668427975875001E+000 -0.1593924309611782E+000  0.2176095465324039E+000
 0.4433333300000000E+000  0.1559963200000000E+001 -0.1016926016522472E+001  0.7952550639027707E+000  0.9253328151861100E+000 -0.1598883618577116E+000  0.1968952270468992E+000
 0.4591666700000000E+000  0.1559963200000000E+001 -0.9635966019973005E+000  0.7580021310598247E+000  0.8838009201624154E+000 -0.1597838126619093E+000  0.1773467073851983E+000
 0.4752777800000000E+000  0.1559963200000000E+001 -0.9117005239623783E+000  0.7214840473748780E+000  0.8423683608985173E+000 -0.1590448513323454E+000  0.1589697829267721E+000
 0.4916666700000000E+000  0.1559963200000000E+001 -0.8612234029332357E+000  0.6857196227519551E+000  0.8011447097859946E+000 -0.1576414589756337E+000  0.1417575201703778E+000
 0.5083333300000000E+000  0.1559963200000000E+001 -0.8121464170478166E+000  0.6507186475345330E+000  0.7602294053622582E+000 -0.1555485914526676E+000  0.1256940628485951E+000
 0.5247222200000000E+000  0.1559963200000000E+001 -0.7659789686014692E+000  0.6175852813471628E+000  0.7210236544960689E+000 -0.1528497117639856E+000  0.1112258450863316E+000
 0.5408333300000000E+000  0.1559963200000000E+001 -0.7225037972162480E+000  0.5861945628431565E+000  0.6835007997568276E+000 -0.1495956392977801E+000  0.9820399944399313E-001
 0.5566666700000000E+000  0.1559963200000000E+001 -0.6815256889921470E+000  0.5564296812980353E+000  0.6476242453259908E+000 -0.1458398256689785E+000  0.8649343463709178E-001
 0.5722222200000000E+000  0.1559963200000000E+001 -0.6428690562843615E+000  0.5281823064994567E+000  0.6133504831967596E+000 -0.1416375459809395E+000  0.7597217109048460E-001
 0.5875000000000000E+000  0.1559963200000000E+001 -0.6063753116109928E+000  0.5013523068431219E+000  0.5806310840344392E+000 -0.1370450669835422E+000  0.6653026765387436E-001
 0.6025000000000000E+000  0.1559963200000000E+001 -0.5719008291131424E+000  0.4758475075446995E+000  0.5494144530428094E+000 -0.1321188769519414E+000  0.5806872872904337E-001
 0.6172222200000000E+000  0.1559963200000000E+001 -0.5393149043331680E+000  0.4515831332072263E+000  0.5196469457859075E+000 -0.1269149319159847E+000  0.5049832854162963E-001
 0.6316666700000000E+000  0.1559963200000000E+001 -0.5084980933758604E+000  0.4284812777435222E+000  0.4912737879365717E+000 -0.1214879717411870E+000  0.4373851948291451E-001
 0.6458333300000000E+000  0.1559963200000000E+001 -0.4793408854847749E+000  0.4064704262110759E+000  0.4642398585211205E+000 -0.1158909257133519E+000  0.3771643940032844E-001
 0.6597222200000000E+000  0.1559963200000000E+001 -0.4517423671417827E+000  0.3854848170107400E+000  0.4384901017445120E+000 -0.1101743576441034E+000  0.3236596406844886E-001
 0.6733333300000000E+000  0.1559963200000000E+001 -0.4256093714455879E+000  0.3654640526704999E+000  0.4139700911639527E+000 -0.1043860515021303E+000  0.2762691922707307E-001
 0.6866666700000000E+000  0.1559963200000000E+001 -0.4008555418674937E+000  0.3463525585447410E+000  0.3906262736570510E+000 -0.9857063807870949E-001  0.2344433513376739E-001
 0.6997222200000000E+000  0.1559963200000000E+001 -0.3774007262065004E+000  0.3280992281018360E+000  0.3684063252059709E+000 -0.9276935004504384E-001  0.1976782603655121E-001
 0.7125000000000000E+000  0.1559963200000000E+001 -0.3551702580880339E+000  0.3106569333109789E+000  0.3472592397644572E+000 -0.8701980792667340E-001  0.1655101300859411E-001
 0.7250000000000000E+000  0.1559963200000000E+001 -0.3340945844966189E+000  0.2939822691344210E+000  0.3271356137821763E+000 -0.8135594489920923E-001  0.1375106291228646E-001
 0.7372222200000000E+000  0.1559963200000000E+001 -0.3141087669704423E+000  0.2780351767054289E+000  0.3079877037880352E+000 -0.7580795282870899E-001  0.1132826348040424E-001
 0.7491666700000000E+000  0.1559963200000000E+001 -0.2951521171616996E+000  0.2627786553357051E+000  0.2897695227938800E+000 -0.7040230747643454E-001  0.9245673906073774E-002
 0.7608333300000000E+000  0.1559963200000000E+001 -0.2771679406432694E+000  0.2481785521115958E+000  0.2724369679365037E+000 -0.6516186462794007E-001  0.7468838560401437E-002
 0.7722222200000000E+000  0.1559963200000000E+001 -0.2601031463772907E+000  0.2342032374285538E+000  0.2559477584604911E+000 -0.6010595035193801E-001  0.5965535828967934E-002
 0.7833333300000000E+000  0.1559963200000000E+001 -0.2439081063829457E+000  0.2208234803856656E+000  0.2402615643523789E+000 -0.5525054949899132E-001  0.4705599578975172E-002
 0.7941666700000000E+000  0.1559963200000000E+001 -0.2285363555842277E+000  0.2080121942540806E+000  0.2253399391678010E+000 -0.5060846737127914E-001  0.3660768522204780E-002
 0.8047222200000000E+000  0.1559963200000000E+001 -0.2139444604417573E+000  0.1957443217240651E+000  0.2111463809851622E+000 -0.4618955467887260E-001  0.2804590894129583E-002
 0.8149999999999999E+000  0.1559963200000000E+001 -0.2000917342762806E+000  0.1839965941075368E+000  0.1976462149665958E+000 -0.4200089396607225E-001  0.2112356523293806E-002
 0.8250000000000000E+000  0.1559963200000000E+001 -0.1869401630290148E+000  0.1727474687721050E+000  0.1848066553410881E+000 -0.3804705231894850E-001  0.1561076036427934E-002
 0.8347222200000000E+000  0.1559963200000000E+001 -0.1744541899397590E+000  0.1619769505012007E+000  0.1725967089524993E+000 -0.3433028978020855E-001  0.1129479989341792E-002
 0.8441666700000000E+000  0.1559963200000000E+001 -0.1626005680957001E+000  0.1516664714896397E+000  0.1609871265462292E+000 -0.3085078335288306E-001  0.7980447229714334E-003
 0.8533333300000000E+000  0.1559963200000000E+001 -0.1513482707404270E+000  0.1417988238672006E+000  0.1499503952181179E+000 -0.2760685990654630E-001  0.5490336345908693E-003
 0.8622222200000000E+000  0.1559963200000000E+001 -0.1406682730531759E+000  0.1323579816273657E+000  0.1394605916703483E+000 -0.2459518157355724E-001  0.3665399100081562E-003
 0.8708333300000000E+000  0.1559963200000000E+001 -0.1305335155653569E+000  0.1233290825027071E+000  0.1294934022472819E+000 -0.2181097244862671E-001  0.2365275933135272E-003
 0.8791666700000000E+000  0.1559963200000000E+001 -0.1209187274904160E+000  0.1146982881717582E+000  0.1200259960962671E+000 -0.1924819241247316E-001  0.1468513254949415E-003
 0.8872222200000000E+000  0.1559963200000000E+001 -0.1118003760287281E+000  0.1064527571656459E+000  0.1110370141895090E+000 -0.1689973282831606E-001  0.8724806937720075E-004
 0.8950000000000000E+000  0.1559963200000000E+001 -0.1031564836176302E+000  0.9858050010317708E-001  0.1025064217630968E+000 -0.1475756380874244E-001  0.4928691495581412E-004
 0.9025000000000000E+000  0.1559963200000000E+001 -0.9496661132195651E-001  0.9107038536779984E-001  0.9441551907997707E-001 -0.1281291177228179E-001  0.2627206311666562E-004
 0.9097222200000000E+000  0.1559963200000000E+001 -0.8721172278108816E-001  0.8391203770936272E-001  0.8674683014396005E-001 -0.1105639286238687E-001  0.1309417450606012E-004
 0.9166666700000000E+000  0.1559963200000000E+001 -0.7987410008585485E-001  0.7709578398806159E-001  0.7948403904159536E-001 -0.9478147752321826E-002  0.6035328357740685E-005
 0.9233333300000000E+000  0.1559963200000000E+001 -0.7293730601922872E-001  0.7061264272018265E-001  0.7261196939580179E-001 -0.8067973726371615E-002  0.2538354989124152E-005
 0.9297222200000000E+000  0.1559963200000000E+001 -0.6638603558819728E-001  0.6445421072787300E-001  0.6611645188788928E-001 -0.6815421936891513E-002  0.9583207773098026E-006
 0.9358333300000000E+000  0.1559963200000000E+001 -0.6020611903746955E-001  0.5861269089339795E-001  0.5998433986285045E-001 -0.5709915513295734E-002  0.3182532009735215E-006
 0.9416666700000000E+000  0.1559963200000000E+001 -0.5438440438622701E-001  0.5308080709638714E-001  0.5420340397250806E-001 -0.4740832979216293E-002  0.9064462153023068E-007
 0.9472222200000000E+000  0.1559963200000000E+001 -0.4890874614601216E-001  0.4785181872809861E-001  0.4876233074727822E-001 -0.3897601852835178E-002  0.2144590134840737E-007
 0.9525000000000000E+000  0.1559963200000000E+001 -0.4376787825146368E-001  0.4291942454834009E-001  0.4365060500085999E-001 -0.3169764184405510E-002  0.4046705863305488E-008
 0.9575000000000000E+000  0.1559963200000000E+001 -0.3895142969061324E-001  0.3827780166528182E-001  0.3885853294435191E-001 -0.2547056831946606E-002  0.5782809404518844E-009
 0.9622222200000000E+000  0.1559963200000000E+001 -0.3444983497318250E-001  0.3392154331720887E-001  0.3437715991756975E-001 -0.2019467623521455E-002  0.5883440398995904E-010
 0.9666666700000000E+000  0.1559963200000000E+001 -0.3025428817686869E-001  0.2984563700296382E-001  0.3019823059371526E-001 -0.1577292016498014E-002  0.4081433161854172E-011
 0.9708333300000000E+000  0.1559963200000000E+001 -0.2635673751065273E-001  0.2604548105567347E-001  0.2631418886825238E-001 -0.1211187129317854E-002  0.2218608519294885E-012
 0.9747222200000000E+000  0.1559963200000000E+001 -0.2274977958646648E-001  0.2251680244878785E-001  0.2271807721336325E-001 -0.9122099232224590E-003  0.1445663313842771E-013
 0.9783333300000000E+000  0.1559963200000000E+001 -0.1942668835566018E-001  0.1925570439903578E-001  0.1940356964507408E-001 -0.6718636377987005E-003  0.8572712546518342E-015
 0.9816666700000000E+000  0.1559963200000000E+001 -0.1638133474362246E-001  0.1625860611239343E-001  0.1636489527909219E-001 -0.4821292193638270E-003  0.2457319248678042E-016
 0.9847222200000000E+000  0.1559963200000000E+001 -0.1360820162873842E-001  0.1352227457251141E-001  0.1359685652032710E-001 -0.3354999739341942E-003  0.4724838530680199E-018
 0.9875000000000000E+000  0.1559963200000000E+001 -0.1110229192401238E-001  0.1104374976170015E-001  0.1109474019704162E-001 -0.2250056756211855E-003  0.1445417661235576E-018
 0.9900000000000000E+000  0.1559963200000000E+001 -0.8859166816865681E-002  0.8820396736763773E-002  0.8854358235422121E-002 -0.1442406617680801E-003 -0.1933534605982862E-018
 0.9922222200000000E+000  0.1559963200000000E+001 -0.6874886564870929E-002  0.6849860210352332E-002  0.6871990758199301E-002 -0.8738328380582732E-004  0.5588356746690209E-018
 0.9941666700000000E+000  0.1559963200000000E+001 -0.5145990387791274E-002  0.5130056757501732E-002  0.5144367900288565E-002 -0.4921489673648629E-004  0.1030867619426309E-018
 0.9958333300000000E+000  0.1559963200000000E+001 -0.3669514094243886E-002  0.3659201229328039E-002  0.3668689075771119E-002 -0.2513662352273192E-004 -0.5121684466615214E-019
 0.9972222200000000E+000  0.1559963200000000E+001 -0.2442912401785402E-002  0.2435799132356207E-002  0.2442546752971154E-002 -0.1118175410845234E-004  0.1335275616134437E-017
 0.9983333300000000E+000  0.1559963200000000E+001 -0.1464107827601353E-002  0.1458513445417977E-002  0.1463976488074273E-002 -0.4028287589140955E-005 -0.4036759465390264E-018
 0.9991666700000000E+000  0.1559963200000000E+001 -0.7314355146176239E-003  0.7273785847621162E-003  0.7314027351564560E-003 -0.1007591932399971E-005 -0.8518812747549340E-018
 0.9997222200000000E+000  0.1559963200000000E+001 -0.2436785581440065E-003  0.2411367003687655E-003  0.2436749199615049E-003 -0.1119966788345244E-006 -0.1359573766079737E-017
 0.1000000000000000E+001  0.1559963200000000E+001  0.9210797900069372E-027 -0.1455430347019113E-027  0.1006895232410228E-026 -0.2367961957373663E-039 -0.9191797506076543E-041

 0.0000000000000000E+000  0.1567185300000000E+001 -0.1940228350093762E+001  0.1539456901864574E+001  0.1546822261599884E+001 -0.6792412197764048E-002  0.1509170879944176E-001
 0.2777777800000000E-003  0.1567185300000000E+001 -0.1940219301321072E+001  0.1539453865987175E+001  0.1546813015079717E+001 -0.6792106304472613E-002  0.1510328708149478E-001
 0.8333333300000000E-003  0.1567185300000000E+001 -0.1940147335232246E+001  0.1539429661999270E+001  0.1546739463631194E+001 -0.6789738126954239E-002  0.1519586665354721E-001
 0.1666666700000000E-002  0.1567185300000000E+001 -0.1939910643750577E+001  0.1539349296580105E+001  0.1546497392166100E+001 -0.6782769156151517E-002  0.1550686348641744E-001
 0.2777777800000000E-002  0.1567185300000000E+001 -0.1939386405817959E+001  0.1539166986184757E+001  0.1545960254668029E+001 -0.6772135460227945E-002  0.1623359563821106E-001
 0.4166666700000000E-002  0.1567185300000000E+001 -0.1938492644430611E+001  0.1538841094503835E+001  0.1545040782429250E+001 -0.6771695653001739E-002  0.1761070344675786E-001
 0.5833333300000000E-002  0.1567185300000000E+001 -0.1937261059944760E+001  0.1538355041282266E+001  0.1543763376560403E+001 -0.6818214940482117E-002  0.1987047075966492E-001
 0.7777777800000000E-002  0.1567185300000000E+001 -0.1935851046899487E+001  0.1537729702524481E+001  0.1542277568159930E+001 -0.6969455796635022E-002  0.2319796263006099E-001
 0.1000000000000000E-001  0.1567185300000000E+001 -0.1934473632056682E+001  0.1537014298004547E+001  0.1540781494805982E+001 -0.7285409043602183E-002  0.2770351284067114E-001
 0.1250000000000000E-001  0.1567185300000000E+001 -0.1933296078653072E+001  0.1536263113234530E+001  0.1539426327651945E+001 -0.7807340138337305E-002  0.3342496281486007E-001
 0.1527777800000000E-001  0.1567185300000000E+001 -0.1932405344700974E+001  0.1535517121730115E+001  0.1538279831205454E+001 -0.8551051527965928E-002  0.4035053607405849E-001
 0.1833333300000000E-001  0.1567185300000000E+001 -0.1931827031853921E+001  0.1534798849134922E+001  0.1537345532629065E+001 -0.9513534405921573E-002  0.4844467733501980E-001
 0.2166666700000000E-001  0.1567185300000000E+001 -0.1931558150765331E+001  0.1534116020770255E+001  0.1536595681001859E+001 -0.1068297347996633E-001  0.5766635675057849E-001
 0.2527777800000000E-001  0.1567185300000000E+001 -0.1931590033098802E+001  0.1533467350264470E+001  0.1535994279351908E+001 -0.1204584993281371E-001  0.6797849643964954E-001
 0.2916666700000000E-001  0.1567185300000000E+001 -0.1931919055991106E+001  0.1532847059331029E+001  0.1535507871553061E+001 -0.1359035073512186E-001  0.7935134157706053E-001
 0.3333333300000000E-001  0.1567185300000000E+001 -0.1932549885741683E+001  0.1532247499383159E+001  0.1535108837381578E+001 -0.1530738591533041E-001  0.9176259854715760E-001
 0.3777777800000000E-001  0.1567185300000000E+001 -0.1933495348596959E+001  0.1531660311623732E+001  0.1534775343786124E+001 -0.1719049476152500E-001  0.1051962431637329E+000
 0.4250000000000000E-001  0.1567185300000000E+001 -0.1934775113345255E+001  0.1531076682574534E+001  0.1534490183821293E+001 -0.1923536874287967E-001  0.1196408463145327E+000
 0.4750000000000000E-001  0.1567185300000000E+001 -0.1936414072315156E+001  0.1530487072387501E+001  0.1534239427552873E+001 -0.2143933021167344E-001  0.1350878514161931E+000
 0.5277777800000000E-001  0.1567185300000000E+001 -0.1938440656415110E+001  0.1529880624486108E+001  0.1534011181001808E+001 -0.2380087021858592E-001  0.1515298071695807E+000
 0.5833333300000000E-001  0.1567185300000000E+001 -0.1940885054951663E+001  0.1529244341329615E+001  0.1533794489654861E+001 -0.2631927338493879E-001  0.1689585515490291E+000
 0.6416666700000000E-001  0.1567185300000000E+001 -0.1943777198423731E+001  0.1528562043637071E+001  0.1533578336244036E+001 -0.2899431909525675E-001  0.1873632401350844E+000
 0.7027777800000000E-001  0.1567185300000000E+001 -0.1947144298332613E+001  0.1527813092198481E+001  0.1533350658425972E+001 -0.3182603336473859E-001  0.2067280318774378E+000
 0.7666666699999999E-001  0.1567185300000000E+001 -0.1951007712610051E+001  0.1526970823445536E+001  0.1533097306170016E+001 -0.3481448502680266E-001  0.2270293466704930E+000
 0.8333333300000000E-001  0.1567185300000000E+001 -0.1955378831668078E+001  0.1526000641926419E+001  0.1532800859659463E+001 -0.3795960009088627E-001  0.2482324241127691E+000
 0.9027777800000000E-001  0.1567185300000000E+001 -0.1960253646161185E+001  0.1524857700309604E+001  0.1532439223855654E+001 -0.4126099377690389E-001  0.2702870395569975E+000
 0.9750000000000000E-001  0.1567185300000000E+001 -0.1965605571782729E+001  0.1523484105677588E+001  0.1531983912669502E+001 -0.4471780242725066E-001  0.2931220752412239E+000
 0.1050000000000000E+000  0.1567185300000000E+001 -0.1971376091781250E+001  0.1521805600613648E+001  0.1531397928399059E+001 -0.4832852275492127E-001  0.3166387960569018E+000
 0.1127777800000000E+000  0.1567185300000000E+001 -0.1977462749204183E+001  0.1519727716161747E+001  0.1530633144039932E+001 -0.5209084503493629E-001  0.3407025647763842E+000
 0.1208333300000000E+000  0.1567185300000000E+001 -0.1983704149322453E+001  0.1517131474493840E+001  0.1529627109535579E+001 -0.5600147868549811E-001  0.3651329223957285E+000
 0.1291666700000000E+000  0.1567185300000000E+001 -0.1989862015366967E+001  0.1513868835706650E+001  0.1528299233783486E+001 -0.6005600386091420E-001  0.3896924227281737E+000
 0.1377777800000000E+000  0.1567185300000000E+001 -0.1995600845958302E+001  0.1509758387565767E+001  0.1526546414480316E+001 -0.6424867116142272E-001  0.4140743829742466E+000
 0.1466666700000000E+000  0.1567185300000000E+001 -0.2000467254968974E+001  0.1504581961691603E+001  0.1524238297869094E+001 -0.6857227628063776E-001  0.4378917433766170E+000
 0.1558333300000000E+000  0.1567185300000000E+001 -0.2003872559565203E+001  0.1498083470545574E+001  0.1521212698880067E+001 -0.7301798792788002E-001  0.4606688115555535E+000
 0.1652777800000000E+000  0.1567185300000000E+001 -0.2005084947753473E+001  0.1489971508766444E+001  0.1517272020521301E+001 -0.7757523971442977E-001  0.4818404014689692E+000
 0.1750000000000000E+000  0.1567185300000000E+001 -0.2003239736603859E+001  0.1479927810607464E+001  0.1512182093938146E+001 -0.8223158106941270E-001  0.5007628798021233E+000
 0.1850000000000000E+000  0.1567185300000000E+001 -0.1997377403301797E+001  0.1467623156562055E+001  0.1505675109568121E+001 -0.8697261228579307E-001  0.5167430484538738E+000
 0.1952777800000000E+000  0.1567185300000000E+001 -0.1986516366032289E+001  0.1452741702675915E+001  0.1497458557642624E+001 -0.9178188077382932E-001  0.5290876725232265E+000
 0.2058333300000000E+000  0.1567185300000000E+001 -0.1969759468561974E+001  0.1435012277005717E+001  0.1487231290623519E+001 -0.9664081115947605E-001  0.5371724162476389E+000
 0.2166666700000000E+000  0.1567185300000000E+001 -0.1946419561670537E+001  0.1414242298309382E+001  0.1474706211797062E+001 -0.1015286730983974E+000  0.5405207686713682E+000
 0.2277777800000000E+000  0.1567185300000000E+001 -0.1916136106254411E+001  0.1390347636121006E+001  0.1459636943945690E+001 -0.1064225305708773E+000  0.5388759254111207E+000
 0.2391666700000000E+000  0.1567185300000000E+001 -0.1878948186525575E+001  0.1363370278615862E+001  0.1441843248023845E+001 -0.1112973013466850E+000  0.5322459146953714E+000
 0.2508333300000000E+000  0.1567185300000000E+001 -0.1835299447845040E+001  0.1333478939668773E+001  0.1421229801880221E+001 -0.1161258167656369E+000  0.5209074375432118E+000
 0.2627777800000000E+000  0.1567185300000000E+001 -0.1785971695227202E+001  0.1300951679408403E+001  0.1397793857380200E+001 -0.1208789724990253E+000  0.5053666770936157E+000
 0.2750000000000000E+000  0.1567185300000000E+001 -0.1731969215085632E+001  0.1266145754436959E+001  0.1371621096456612E+001 -0.1255258562353971E+000  0.4862891588557949E+000
 0.2875000000000000E+000  0.1567185300000000E+001 -0.1674387088512549E+001  0.1229461681783159E+001  0.1342871479752489E+001 -0.1300339314925329E+000  0.4644180290600549E+000
 0.3002777800000000E+000  0.1567185300000000E+001 -0.1614295933756964E+001  0.1191309642571661E+001  0.1311759804777105E+001 -0.1343691557657599E+000  0.4404996845211773E+000
 0.3133333300000000E+000  0.1567185300000000E+001 -0.1552660655495572E+001  0.1152082792751246E+001  0.1278535110507836E+001 -0.1384960887193499E+000  0.4152281618365258E+000
 0.3266666700000000E+000  0.1567185300000000E+001 -0.1490296660485042E+001  0.1112139320653875E+001  0.1243462166615985E+001 -0.1423779945492286E+000  0.3892115434576607E+000
 0.3402777800000000E+000  0.1567185300000000E+001 -0.1427857852540073E+001  0.1071793154197914E+001  0.1206807154272715E+001 -0.1459769137722572E+000  0.3629580049770966E+000
 0.3541666700000000E+000  0.1567185300000000E+001 -0.1365845008868949E+001  0.1031310753147562E+001  0.1168827277769687E+001 -0.1492538056456492E+000  0.3368756441903243E+000
 0.3683333300000000E+000  0.1567185300000000E+001 -0.1304626049955941E+001  0.9909126548189121E+000  0.1129764537909114E+001 -0.1521687078309749E+000  0.3112810471822931E+000
 0.3827777800000000E+000  0.1567185300000000E+001 -0.1244459964110147E+001  0.9507772798101009E+000  0.1089842275844907E+001 -0.1546809932964526E+000  0.2864117354971699E+000
 0.3975000000000000E+000  0.1567185300000000E+001 -0.1185520849907160E+001  0.9110462611285862E+000  0.1049264227874293E+001 -0.1567496910754680E+000  0.2624398953493967E+000
 0.4125000000000000E+000  0.1567185300000000E+001 -0.1127918644869708E+001  0.8718296598666431E+000  0.1008214629064628E+001 -0.1583339337647159E+000  0.2394851752202539E+000
 0.4277777800000000E+000  0.1567185300000000E+001 -0.1071716733226189E+001  0.8332112412085132E+000  0.9668594763803883E+000 -0.1593934927604519E+000  0.2176261410194720E+000
 0.4433333300000000E+000  0.1567185300000000E+001 -0.1016945765885430E+001  0.7952531190633657E+000  0.9253481190390934E+000 -0.1598894346996858E+000  0.1969098404555860E+000
 0.4591666700000000E+000  0.1567185300000000E+001 -0.9636141190753261E+000  0.7579996918820087E+000  0.8838149013437355E+000 -0.1597848894667253E+000  0.1773595405408290E+000
 0.4752777800000000E+000  0.1567185300000000E+001 -0.9117160334127390E+000  0.7214812231394457E+000  0.8423810759274655E+000 -0.1590459244928811E+000  0.1589810178259358E+000
 0.4916666700000000E+000  0.1567185300000000E+001 -0.8612371043791341E+000  0.6857165115439647E+000  0.8011562181174383E+000 -0.1576425204346461E+000  0.1417673212196475E+000
 0.5083333300000000E+000  0.1567185300000000E+001 -0.8121584882238276E+000  0.6507153367610607E+000  0.7602397684557926E+000 -0.1555496328176634E+000  0.1257025783802564E+000
 0.5247222200000000E+000  0.1567185300000000E+001 -0.7659896138849142E+000  0.6175818512197279E+000  0.7210329693674679E+000 -0.1528507255290012E+000  0.1112332444521244E+000
 0.5408333300000000E+000  0.1567185300000000E+001 -0.7225131900652879E+000  0.5861910781248653E+000  0.6835091567550650E+000 -0.1495966187077293E+000  0.9821042671988890E-001
 0.5566666700000000E+000  0.1567185300000000E+001 -0.6815339779011824E+000  0.5564261939829966E+000  0.6476317283974053E+000 -0.1458407648185945E+000  0.8649901310102161E-001
 0.5722222200000000E+000  0.1567185300000000E+001 -0.6428763694149601E+000  0.5281788580232978E+000  0.6133571702198727E+000 -0.1416384398882697E+000  0.7597700682850693E-001
 0.5875000000000000E+000  0.1567185300000000E+001 -0.6063817603946908E+000  0.5013489299038574E+000  0.5806370471699217E+000 -0.1370459116349735E+000  0.6653445245923131E-001
 0.6025000000000000E+000  0.1567185300000000E+001 -0.5719065110744338E+000  0.4758442276031519E+000  0.5494197590812563E+000 -0.1321196693183797E+000  0.5807234244309390E-001
 0.6172222200000000E+000  0.1567185300000000E+001 -0.5393199053099669E+000  0.4515799697255729E+000  0.5196516564764674E+000 -0.1269156699408514E+000  0.5050144094579179E-001
 0.6316666700000000E+000  0.1567185300000000E+001 -0.5085024892812953E+000  0.4284782452101380E+000  0.4912779602949685E+000 -0.1214886543027140E+000  0.4374119183499141E-001
 0.6458333300000000E+000  0.1567185300000000E+001 -0.4793447437190396E+000  0.4064675349904859E+000  0.4642435451184552E+000 -0.1158915525648009E+000  0.3771872568824948E-001
 0.6597222200000000E+000  0.1567185300000000E+001 -0.4517457477311407E+000  0.3854820740515510E+000  0.4384933509747271E+000 -0.1101749293356516E+000  0.3236791203499045E-001
 0.6733333300000000E+000  0.1567185300000000E+001 -0.4256123279760259E+000  0.3654614620957420E+000  0.4139729474974431E+000 -0.1043865692895174E+000  0.2762857121438097E-001
 0.6866666700000000E+000  0.1567185300000000E+001 -0.4008581222554486E+000  0.3463501221466223E+000  0.3906287778787400E+000 -0.9857110382279272E-001  0.2344572877978078E-001
 0.6997222200000000E+000  0.1567185300000000E+001 -0.3774029733456520E+000  0.3280969457567123E+000  0.3684085146430280E+000 -0.9276976610707681E-001  0.1976899485375063E-001
 0.7125000000000000E+000  0.1567185300000000E+001 -0.3551722103958658E+000  0.3106548033295937E+000  0.3472611485021781E+000 -0.8702017706287703E-001  0.1655198686513421E-001
 0.7250000000000000E+000  0.1567185300000000E+001 -0.3340962763851084E+000  0.2939802885569168E+000  0.3271372728728119E+000 -0.8135627015866878E-001  0.1375186843606349E-001
 0.7372222200000000E+000  0.1567185300000000E+001 -0.3141102292536417E+000  0.2780333415514985E+000  0.3079891414507044E+000 -0.7580823745704530E-001  0.1132892439864387E-001
 0.7491666700000000E+000  0.1567185300000000E+001 -0.2951533774132875E+000  0.2627769608168414E+000  0.2897707646071610E+000 -0.7040255482762335E-001  0.9246211333110972E-002
 0.7608333300000000E+000  0.1567185300000000E+001 -0.2771690235137201E+000  0.2481769928110584E+000  0.2724380370245154E+000 -0.6516207808595134E-001  0.7469271243752269E-002
 0.7722222200000000E+000  0.1567185300000000E+001 -0.2601040738758199E+000  0.2342018074553545E+000  0.2559486756707853E+000 -0.6010613326280751E-001  0.5965880360751573E-002
 0.7833333300000000E+000  0.1567185300000000E+001 -0.2439088981318253E+000  0.2208221735050558E+000  0.2402623484277684E+000 -0.5525070511414622E-001  0.4705870580887684E-002
 0.7941666700000000E+000  0.1567185300000000E+001 -0.2285370290477701E+000  0.2080110039993339E+000  0.2253406069102030E+000 -0.5060859880170655E-001  0.3660978808766660E-002
 0.8047222200000000E+000  0.1567185300000000E+001 -0.2139450311345103E+000  0.1957432414912459E+000  0.2111469474125609E+000 -0.4618966485994518E-001  0.2804751619891290E-002
 0.8149999999999999E+000  0.1567185300000000E+001 -0.2000922159516633E+000  0.1839956172368713E+000  0.1976466934616504E+000 -0.4200098563203229E-001  0.2112477317541773E-002
 0.8250000000000000E+000  0.1567185300000000E+001 -0.1869405678518932E+000  0.1727465886163973E+000  0.1848070577926484E+000 -0.3804712798641201E-001  0.1561165129681157E-002
 0.8347222200000000E+000  0.1567185300000000E+001 -0.1744545286435289E+000  0.1619761604840557E+000  0.1725970458888110E+000 -0.3433035173939530E-001  0.1129544334039257E-002
 0.8441666700000000E+000  0.1567185300000000E+001 -0.1626008501257292E+000  0.1516657651543926E+000  0.1609874072601975E+000 -0.3085083366553776E-001  0.7980901109024751E-003
 0.8533333300000000E+000  0.1567185300000000E+001 -0.1513485043852430E+000  0.1417981949173510E+000  0.1499506278848022E+000 -0.2760690040945390E-001  0.5490648127771846E-003
 0.8622222200000000E+000  0.1567185300000000E+001 -0.1406684655638161E+000  0.1323574239604391E+000  0.1394607834561088E+000 -0.2459521388642429E-001  0.3665606958003259E-003
 0.8708333300000000E+000  0.1567185300000000E+001 -0.1305336732646041E+000  0.1233285902371643E+000  0.1294935594114840E+000 -0.2181099798546048E-001  0.2365409891723155E-003
 0.8791666700000000E+000  0.1567185300000000E+001 -0.1209188558721259E+000  0.1146978556686970E+000  0.1200261240850935E+000 -0.1924821239539164E-001  0.1468596327176810E-003
 0.8872222200000000E+000  0.1567185300000000E+001 -0.1118004798484576E+000  0.1064523790451671E+000  0.1110371177225673E+000 -0.1689974830304464E-001  0.8725299958262805E-004
 0.8950000000000000E+000  0.1567185300000000E+001 -0.1031565669748489E+000  0.9858017125686709E-001  0.1025065049126967E+000 -0.1475757566099770E-001  0.4928969729784170E-004
 0.9025000000000000E+000  0.1567185300000000E+001 -0.9496667773494832E-001  0.9107010096689451E-001  0.9441558534388082E-001 -0.1281292074452300E-001  0.2627354487736386E-004
 0.9097222200000000E+000  0.1567185300000000E+001 -0.8721177525479197E-001  0.8391179320984073E-001  0.8674688251162752E-001 -0.1105639957037508E-001  0.1309491240938981E-004
 0.9166666700000000E+000  0.1567185300000000E+001 -0.7987414117333606E-001  0.7709557513282181E-001  0.7948408005445996E-001 -0.9478152701121739E-002  0.6035668209499266E-005
 0.9233333300000000E+000  0.1567185300000000E+001 -0.7293733787733392E-001  0.7061246553852389E-001  0.7261200120201555E-001 -0.8067977325503763E-002  0.2538497824467950E-005
 0.9297222200000000E+000  0.1567185300000000E+001 -0.6638606002768438E-001  0.6445406153318588E-001  0.6611647629175588E-001 -0.6815424514395133E-002  0.9583746680568855E-006
 0.9358333300000000E+000  0.1567185300000000E+001 -0.6020613756825317E-001  0.5861256627868773E-001  0.5998435836953192E-001 -0.5709917328593063E-002  0.3182710872262439E-006
 0.9416666700000000E+000  0.1567185300000000E+001 -0.5438441825796286E-001  0.5308070392846881E-001  0.5420341782819332E-001 -0.4740834234675336E-002  0.9064971312094787E-007
 0.9472222200000000E+000  0.1567185300000000E+001 -0.4890875638449324E-001  0.4785173414027451E-001  0.4876234097525823E-001 -0.3897602704019691E-002  0.2144710538813117E-007
 0.9525000000000000E+000  0.1567185300000000E+001 -0.4376788569106529E-001  0.4291935593220009E-001  0.4365061243372566E-001 -0.3169764749016493E-002  0.4046932955928631E-008
 0.9575000000000000E+000  0.1567185300000000E+001 -0.3895143500319864E-001  0.3827774666130297E-001  0.3885853825271107E-001 -0.2547057197516842E-002  0.5783133793949604E-009
 0.9622222200000000E+000  0.1567185300000000E+001 -0.3444983869367944E-001  0.3392149980467850E-001  0.3437716363548042E-001 -0.2019467853929333E-002  0.5883770324604900E-010
 0.9666666700000000E+000  0.1567185300000000E+001 -0.3025429072581798E-001  0.2984560308919632E-001  0.3019823314112589E-001 -0.1577292157397643E-002  0.4081661969131443E-011
 0.9708333300000000E+000  0.1567185300000000E+001 -0.2635673921398244E-001  0.2604545506455722E-001  0.2631419057069572E-001 -0.1211187212590556E-002  0.2218733303407982E-012
 0.9747222200000000E+000  0.1567185300000000E+001 -0.2274978069269918E-001  0.2251678290897958E-001  0.2271807831910389E-001 -0.9122099705590442E-003  0.1445741325665439E-013
 0.9783333300000000E+000  0.1567185300000000E+001 -0.1942668905080449E-001  0.1925569003159492E-001  0.1940357033995675E-001 -0.6718636635281030E-003  0.8573950067084803E-015
 0.9816666700000000E+000  0.1567185300000000E+001 -0.1638133516393028E-001  0.1625859581815023E-001  0.1636489569926769E-001 -0.4821292326373898E-003  0.2447148904371787E-016
 0.9847222200000000E+000  0.1567185300000000E+001 -0.1360820187153590E-001  0.1352226741906851E-001  0.1359685676306159E-001 -0.3354999803725078E-003  0.6148705634395145E-018
 0.9875000000000000E+000  0.1567185300000000E+001 -0.1110229205677863E-001  0.1104374497026260E-001  0.1109474032977995E-001 -0.2250056785214288E-003 -0.9242345048753497E-019
 0.9900000000000000E+000  0.1567185300000000E+001 -0.8859166884743058E-002  0.8820393668680837E-002  0.8854358303288177E-002 -0.1442406629615655E-003  0.2168064520849353E-018
 0.9922222200000000E+000  0.1567185300000000E+001 -0.6874886596766608E-002  0.6849858353525654E-002  0.6871990790090872E-002 -0.8738328424438504E-004 -0.7477324917115469E-018
 0.9941666700000000E+000  0.1567185300000000E+001 -0.5145990401232097E-002  0.5130055712639184E-002  0.5144367913728107E-002 -0.4921489687574652E-004 -0.1244531412529708E-018
 0.9958333300000000E+000  0.1567185300000000E+001 -0.3669514099137460E-002  0.3659200696061257E-002  0.3668689080664359E-002 -0.2513662355909374E-004  0.5219365943338192E-018
 0.9972222200000000E+000  0.1567185300000000E+001 -0.2442912403234193E-002  0.2435798895285711E-002  0.2442546754419878E-002 -0.1118175411565305E-004 -0.1901512914519538E-017
 0.9983333300000000E+000  0.1567185300000000E+001 -0.1464107827914094E-002  0.1458513360054398E-002  0.1463976488387005E-002 -0.4028287590075657E-005  0.4597304675203248E-018
 0.9991666700000000E+000  0.1567185300000000E+001 -0.7314355146566970E-003  0.7273785634181042E-003  0.7314027351955288E-003 -0.1007591932458475E-005  0.6011746474507254E-018
 0.9997222200000000E+000  0.1567185300000000E+001 -0.2436785581454532E-003  0.2411366979969033E-003  0.2436749199629514E-003 -0.1119966788352244E-006  0.6013112297914524E-018
 0.1000000000000000E+001  0.1567185300000000E+001  0.5405683777117530E-027  0.3830016174059757E-027  0.7534302500433738E-027 -0.1168422667334638E-039 -0.3648913107827183E-041

 0.0000000000000000E+000  0.1570796300000000E+001 -0.1940228399332059E+001  0.1539456852626455E+001  0.1546822308761660E+001 -0.6792412197764048E-002  0.1509180722236102E-001
 0.2777777800000000E-003  0.1570796300000000E+001 -0.1940219350515693E+001  0.1539453816782584E+001  0.1546813062193559E+001 -0.6792106304545937E-002  0.1510338558001672E-001
 0.8333333300000000E-003  0.1570796300000000E+001 -0.1940147384080494E+001  0.1539429613061430E+001  0.1546739510364492E+001 -0.6789738127602173E-002  0.1519596575659361E-001
 0.1666666700000000E-002  0.1570796300000000E+001 -0.1939910691472925E+001  0.1539349248521119E+001  0.1546497437657176E+001 -0.6782769158588577E-002  0.1550696462030707E-001
 0.2777777800000000E-002  0.1570796300000000E+001 -0.1939386451123279E+001  0.1539166940081476E+001  0.1545960297461013E+001 -0.6772135466088145E-002  0.1623370151836681E-001
 0.4166666700000000E-002  0.1570796300000000E+001 -0.1938492685887823E+001  0.1538841051768337E+001  0.1545040820806010E+001 -0.6771695663040659E-002  0.1761081832329313E-001
 0.5833333300000000E-002  0.1570796300000000E+001 -0.1937261096790722E+001  0.1538355003277373E+001  0.1543763409292743E+001 -0.6818214953073553E-002  0.1987060040663923E-001
 0.7777777800000000E-002  0.1570796300000000E+001 -0.1935851079833087E+001  0.1537729670134296E+001  0.1542277595229796E+001 -0.6969455808108409E-002  0.2319811404640167E-001
 0.1000000000000000E-001  0.1570796300000000E+001 -0.1934473663449900E+001  0.1537014271494284E+001  0.1540781517530179E+001 -0.7285409050658876E-002  0.2770369377790389E-001
 0.1250000000000000E-001  0.1570796300000000E+001 -0.1933296112191619E+001  0.1536263092486017E+001  0.1539426348233998E+001 -0.7807340140087734E-002  0.3342518132748103E-001
 0.1527777800000000E-001  0.1570796300000000E+001 -0.1932405384941584E+001  0.1535517106634021E+001  0.1538279852208057E+001 -0.8551051526216043E-002  0.4035080022861180E-001
 0.1833333300000000E-001  0.1570796300000000E+001 -0.1931827084026365E+001  0.1534798839910842E+001  0.1537345556694840E+001 -0.9513534404639354E-002  0.4844499509857215E-001
 0.2166666700000000E-001  0.1570796300000000E+001 -0.1931558220820166E+001  0.1534116018146569E+001  0.1536595710818929E+001 -0.1068297348501432E-001  0.5766673601095040E-001
 0.2527777800000000E-001  0.1570796300000000E+001 -0.1931590127884128E+001  0.1533467355555758E+001  0.1535994317742289E+001 -0.1204584995222871E-001  0.6797894510130240E-001
 0.2916666700000000E-001  0.1570796300000000E+001 -0.1931919183473047E+001  0.1532847074467513E+001  0.1535507921593827E+001 -0.1359035077981985E-001  0.7935186769529845E-001
 0.3333333300000000E-001  0.1570796300000000E+001 -0.1932550055234879E+001  0.1532247526927848E+001  0.1535108902521050E+001 -0.1530738600009563E-001  0.9176321048204387E-001
 0.3777777800000000E-001  0.1570796300000000E+001 -0.1933495571001127E+001  0.1531660354794063E+001  0.1534775427947134E+001 -0.1719049490621618E-001  0.1051969497478668E+000
 0.4250000000000000E-001  0.1570796300000000E+001 -0.1934775401394685E+001  0.1531076745274339E+001  0.1534490291494402E+001 -0.1923536897383869E-001  0.1196416570346207E+000
 0.4750000000000000E-001  0.1570796300000000E+001 -0.1936414440850732E+001  0.1530487159250238E+001  0.1534239563884658E+001 -0.2143933056334355E-001  0.1350887766114196E+000
 0.5277777800000000E-001  0.1570796300000000E+001 -0.1938441122687603E+001  0.1529880740928282E+001  0.1534011351882480E+001 -0.2380087073534944E-001  0.1515308582498087E+000
 0.5833333300000000E-001  0.1570796300000000E+001 -0.1940885638963737E+001  0.1529244493612523E+001  0.1533794701808233E+001 -0.2631927412317837E-001  0.1689597412355825E+000
 0.6416666700000000E-001  0.1570796300000000E+001 -0.1943777923316008E+001  0.1528562238934303E+001  0.1533578597321606E+001 -0.2899432012563289E-001  0.1873645827253631E+000
 0.7027777800000000E-001  0.1570796300000000E+001 -0.1947145190815451E+001  0.1527813338665422E+001  0.1533350977105528E+001 -0.3182603477465933E-001  0.2067295435315777E+000
 0.7666666699999999E-001  0.1570796300000000E+001 -0.1951008803437642E+001  0.1526971130285388E+001  0.1533097692257990E+001 -0.3481448692304189E-001  0.2270310457146064E+000
 0.8333333300000000E-001  0.1570796300000000E+001 -0.1955380156141456E+001  0.1526001019444202E+001  0.1532801324194163E+001 -0.3795960260227985E-001  0.2482343313458133E+000
 0.9027777800000000E-001  0.1570796300000000E+001 -0.1960255244631890E+001  0.1524858159941278E+001  0.1532439779206094E+001 -0.4126099705702459E-001  0.2702891785384044E+000
 0.9750000000000000E-001  0.1570796300000000E+001 -0.1965607490103783E+001  0.1523484659974999E+001  0.1531984572620302E+001 -0.4471780665692827E-001  0.2931244725199584E+000
 0.1050000000000000E+000  0.1570796300000000E+001 -0.1971378381615879E+001  0.1521806263157527E+001  0.1531398708206456E+001 -0.4832852814444617E-001  0.3166414812805054E+000
 0.1127777800000000E+000  0.1570796300000000E+001 -0.1977465468047936E+001  0.1519728501363610E+001  0.1530634060435345E+001 -0.5209085182575917E-001  0.3407055705860201E+000
 0.1208333300000000E+000  0.1570796300000000E+001 -0.1983707360020236E+001  0.1517132397234193E+001  0.1529628180641690E+001 -0.5600148715123118E-001  0.3651362839716825E+000
 0.1291666700000000E+000  0.1570796300000000E+001 -0.1989865784819240E+001  0.1513869910744577E+001  0.1528300478894481E+001 -0.6005601430747528E-001  0.3896961768050461E+000
 0.1377777800000000E+000  0.1570796300000000E+001 -0.1995605242604491E+001  0.1509759628642929E+001  0.1526547853637984E+001 -0.6424868392618374E-001  0.4140785660920531E+000
 0.1466666700000000E+000  0.1570796300000000E+001 -0.2000472344587545E+001  0.1504583380262063E+001  0.1524239951156304E+001 -0.6857229173057870E-001  0.4378963891244654E+000
 0.1558333300000000E+000  0.1570796300000000E+001 -0.2003878398949719E+001  0.1498085074089330E+001  0.1521214585342335E+001 -0.7301800645677063E-001  0.4606739465960821E+000
 0.1652777800000000E+000  0.1570796300000000E+001 -0.2005091576087270E+001  0.1489973298725051E+001  0.1517274156650332E+001 -0.7757526173913007E-001  0.4818460403084812E+000
 0.1750000000000000E+000  0.1570796300000000E+001 -0.2003247164920631E+001  0.1479929780112125E+001  0.1512184491707503E+001 -0.8223160702517167E-001  0.5007690186082929E+000
 0.1850000000000000E+000  0.1570796300000000E+001 -0.1997385603406939E+001  0.1467625288320356E+001  0.1505677774139797E+001 -0.8697264262016581E-001  0.5167496587801254E+000
 0.1952777800000000E+000  0.1570796300000000E+001 -0.1986525261413502E+001  0.1452743967573838E+001  0.1497461485036145E+001 -0.9178191593827144E-001  0.5290946964116366E+000
 0.2058333300000000E+000  0.1570796300000000E+001 -0.1969768930673250E+001  0.1435014634078128E+001  0.1487234465833338E+001 -0.9664085159745048E-001  0.5371797645992146E+000
 0.2166666700000000E+000  0.1570796300000000E+001 -0.1946429414673737E+001  0.1414244696589814E+001  0.1474709607945136E+001 -0.1015287192292124E+000  0.5405283245385689E+000
 0.2277777800000000E+000  0.1570796300000000E+001 -0.1916146141299661E+001  0.1390350018438535E+001  0.1459640522949561E+001 -0.1064225827697084E+000  0.5388835527211008E+000
 0.2391666700000000E+000  0.1570796300000000E+001 -0.1878958183395001E+001  0.1363372586778546E+001  0.1441846962916065E+001 -0.1112973599232623E+000  0.5322534711216765E+000
 0.2508333300000000E+000  0.1570796300000000E+001 -0.1835309198819390E+001  0.1333481119947322E+001  0.1421233600421903E+001 -0.1161258819454139E+000  0.5209147886360451E+000
 0.2627777800000000E+000  0.1570796300000000E+001 -0.1785981025179752E+001  0.1300953687113820E+001  0.1397797686220608E+001 -0.1208790444107188E+000  0.5053737083102402E+000
 0.2750000000000000E+000  0.1570796300000000E+001 -0.1731977993565282E+001  0.1266147556743100E+001  0.1371624904985246E+001 -0.1255259349069043E+000  0.4862957830707574E+000
 0.2875000000000000E+000  0.1570796300000000E+001 -0.1674395232767091E+001  0.1229463258558653E+001  0.1342875223002449E+001 -0.1300340168547774E+000  0.4644241888635456E+000
 0.3002777800000000E+000  0.1570796300000000E+001 -0.1614303404464074E+001  0.1191310985543662E+001  0.1311763445112106E+001 -0.1343692476617721E+000  0.4405053501870957E+000
 0.3133333300000000E+000  0.1570796300000000E+001 -0.1552667448278719E+001  0.1152083903609678E+001  0.1278538618171849E+001 -0.1384961869151725E+000  0.4152333266280414E+000
 0.3266666700000000E+000  0.1570796300000000E+001 -0.1490302796146167E+001  0.1112140208716516E+001  0.1243465519426897E+001 -0.1423780987436897E+000  0.3892162179325189E+000
 0.3402777800000000E+000  0.1570796300000000E+001 -0.1427863368029130E+001  0.1071793834105837E+001  0.1206810336795470E+001 -0.1459770236037177E+000  0.3629622115021331E+000
 0.3541666700000000E+000  0.1570796300000000E+001 -0.1365849949976593E+001  0.1031311242859734E+001  0.1168830280255339E+001 -0.1492539206951561E+000  0.3368794123129307E+000
 0.3683333300000000E+000  0.1570796300000000E+001 -0.1304630465966938E+001  0.9909129740155046E+000  0.1129767355204065E+001 -0.1521688276220629E+000  0.3112844100787991E+000
 0.3827777800000000E+000  0.1570796300000000E+001 -0.1244463904215625E+001  0.9507774487044300E+000  0.1089844906388665E+001 -0.1546811172924898E+000  0.2864147274445460E+000
 0.3975000000000000E+000  0.1570796300000000E+001 -0.1185524361012756E+001  0.9110462996360860E+000  0.1049266672842978E+001 -0.1567498186756234E+000  0.2624425500513169E+000
 0.4125000000000000E+000  0.1570796300000000E+001 -0.1127921770412084E+001  0.8718295870574407E+000  0.1008216891672549E+001 -0.1583340642997688E+000  0.2394875247815104E+000
 0.4277777800000000E+000  0.1570796300000000E+001 -0.1071719512675101E+001  0.8332110749741348E+000  0.9668615613318934E+000 -0.1593936254895416E+000  0.2176282153869659E+000
 0.4433333300000000E+000  0.1570796300000000E+001 -0.1016948234679680E+001  0.7952528759366134E+000  0.9253500321100927E+000 -0.1598895688090544E+000  0.1969116671753946E+000
 0.4591666700000000E+000  0.1570796300000000E+001 -0.9636163088135556E+000  0.7579993869621213E+000  0.8838166490691948E+000 -0.1597850240713704E+000  0.1773611447188214E+000
 0.4752777800000000E+000  0.1570796300000000E+001 -0.9117179721805774E+000  0.7214808700872638E+000  0.8423826653735932E+000 -0.1590460586418918E+000  0.1589824222138580E+000
 0.4916666700000000E+000  0.1570796300000000E+001 -0.8612388171323009E+000  0.6857161226206713E+000  0.8011576567172575E+000 -0.1576426531208459E+000  0.1417685463700591E+000
 0.5083333300000000E+000  0.1570796300000000E+001 -0.8121599971814417E+000  0.6507149228929379E+000  0.7602410638927958E+000 -0.1555497629919685E+000  0.1257036428360796E+000
 0.5247222200000000E+000  0.1570796300000000E+001 -0.7659909445963200E+000  0.6175814224334530E+000  0.7210341337697791E+000 -0.1528508522531498E+000  0.1112341693835376E+000
 0.5408333300000000E+000  0.1570796300000000E+001 -0.7225143642144592E+000  0.5861906425159573E+000  0.6835102014172765E+000 -0.1495967411373210E+000  0.9821123013729401E-001
 0.5566666700000000E+000  0.1570796300000000E+001 -0.6815350140512679E+000  0.5564257580507767E+000  0.6476326638136313E+000 -0.1458408822154590E+000  0.8649971041484071E-001
 0.5722222200000000E+000  0.1570796300000000E+001 -0.6428772835872367E+000  0.5281784269472276E+000  0.6133580061256282E+000 -0.1416385516296532E+000  0.7597761130001143E-001
 0.5875000000000000E+000  0.1570796300000000E+001 -0.6063825665189778E+000  0.5013485077711645E+000  0.5806377925858885E+000 -0.1370460172191675E+000  0.6653497556296627E-001
 0.6025000000000000E+000  0.1570796300000000E+001 -0.5719072213420110E+000  0.4758438175963933E+000  0.5494204223567731E+000 -0.1321197683667436E+000  0.5807279415952561E-001
 0.6172222200000000E+000  0.1570796300000000E+001 -0.5393205304511672E+000  0.4515795742774618E+000  0.5196522453306209E+000 -0.1269157621963119E+000  0.5050182999782335E-001
 0.6316666700000000E+000  0.1570796300000000E+001 -0.5085030387857549E+000  0.4284778661316551E+000  0.4912784818551074E+000 -0.1214887396250519E+000  0.4374152588002041E-001
 0.6458333300000000E+000  0.1570796300000000E+001 -0.4793452260121980E+000  0.4064671735771273E+000  0.4642440059562997E+000 -0.1158916309231782E+000  0.3771901147489834E-001
 0.6597222200000000E+000  0.1570796300000000E+001 -0.4517461703166315E+000  0.3854817311718223E+000  0.4384937571398086E+000 -0.1101750007988469E+000  0.3236815553120604E-001
 0.6733333300000000E+000  0.1570796300000000E+001 -0.4256126975523947E+000  0.3654611382649532E+000  0.4139733045488121E+000 -0.1043866340145068E+000  0.2762877771300715E-001
 0.6866666700000000E+000  0.1570796300000000E+001 -0.4008584448125035E+000  0.3463498175887323E+000  0.3906290909147307E+000 -0.9857116204219343E-001  0.2344590298561697E-001
 0.6997222200000000E+000  0.1570796300000000E+001 -0.3774032542453193E+000  0.3280966604562022E+000  0.3684087883297271E+000 -0.9276981811605679E-001  0.1976914095589951E-001
 0.7125000000000000E+000  0.1570796300000000E+001 -0.3551724544405162E+000  0.3106545370752463E+000  0.3472613871004135E+000 -0.8702022320597592E-001  0.1655210859714661E-001
 0.7250000000000000E+000  0.1570796300000000E+001 -0.3340964878763978E+000  0.2939800409786932E+000  0.3271374802642593E+000 -0.8135631081703486E-001  0.1375196912644937E-001
 0.7372222200000000E+000  0.1570796300000000E+001 -0.3141104120434636E+000  0.2780331121518076E+000  0.3079893211628795E+000 -0.7580827303639384E-001  0.1132900701332278E-001
 0.7491666700000000E+000  0.1570796300000000E+001 -0.2951535349484688E+000  0.2627767489970708E+000  0.2897709198374955E+000 -0.7040258574721392E-001  0.9246278511386085E-002
 0.7608333300000000E+000  0.1570796300000000E+001 -0.2771691588756710E+000  0.2481767978940699E+000  0.2724381706636189E+000 -0.6516210476879238E-001  0.7469325329070573E-002
 0.7722222200000000E+000  0.1570796300000000E+001 -0.2601041898157792E+000  0.2342016287047324E+000  0.2559487903246844E+000 -0.6010615612716522E-001  0.5965923427132583E-002
 0.7833333300000000E+000  0.1570796300000000E+001 -0.2439089971026515E+000  0.2208220101414175E+000  0.2402624464393858E+000 -0.5525072456646001E-001  0.4705904456045910E-002
 0.7941666700000000E+000  0.1570796300000000E+001 -0.2285371132325662E+000  0.2080108552143026E+000  0.2253406903798403E+000 -0.5060861523086004E-001  0.3661005094518138E-002
 0.8047222200000000E+000  0.1570796300000000E+001 -0.2139451024726498E+000  0.1957431064592963E+000  0.2111470182175193E+000 -0.4618967863286936E-001  0.2804771710554744E-002
 0.8149999999999999E+000  0.1570796300000000E+001 -0.2000922761623708E+000  0.1839954951255010E+000  0.1976467532748083E+000 -0.4200099709051597E-001  0.2112492416777223E-002
 0.8250000000000000E+000  0.1570796300000000E+001 -0.1869406184558173E+000  0.1727464785946786E+000  0.1848071081001516E+000 -0.3804713744503989E-001  0.1561176266302269E-002
 0.8347222200000000E+000  0.1570796300000000E+001 -0.1744545709823788E+000  0.1619760617299133E+000  0.1725970880067241E+000 -0.3433035948445162E-001  0.1129552377099486E-002
 0.8441666700000000E+000  0.1570796300000000E+001 -0.1626008853802054E+000  0.1516656768607192E+000  0.1609874423501628E+000 -0.3085083995474665E-001  0.7980957843740115E-003
 0.8533333300000000E+000  0.1570796300000000E+001 -0.1513485335914367E+000  0.1417981162970620E+000  0.1499506569687269E+000 -0.2760690547241868E-001  0.5490687100363202E-003
 0.8622222200000000E+000  0.1570796300000000E+001 -0.1406684896281284E+000  0.1323573542507048E+000  0.1394608074298094E+000 -0.2459521792561280E-001  0.3665632940145923E-003
 0.8708333300000000E+000  0.1570796300000000E+001 -0.1305336929774011E+000  0.1233285287027736E+000  0.1294935790573991E+000 -0.2181100117762751E-001  0.2365426636481890E-003
 0.8791666700000000E+000  0.1570796300000000E+001 -0.1209188719201552E+000  0.1146978016047699E+000  0.1200261400840114E+000 -0.1924821489330523E-001  0.1468606711164011E-003
 0.8872222200000000E+000  0.1570796300000000E+001 -0.1118004928261768E+000  0.1064523317792004E+000  0.1110371306644519E+000 -0.1689975023742322E-001  0.8725361585580201E-004
 0.8950000000000000E+000  0.1570796300000000E+001 -0.1031565773947028E+000  0.9858013015029442E-001  0.1025065153065978E+000 -0.1475757714255814E-001  0.4929004508915161E-004
 0.9025000000000000E+000  0.1570796300000000E+001 -0.9496668603673178E-001  0.9107006541610707E-001  0.9441559362702795E-001 -0.1281292186607462E-001  0.2627373009666773E-004
 0.9097222200000000E+000  0.1570796300000000E+001 -0.8721178181413018E-001  0.8391176264682358E-001  0.8674688905771093E-001 -0.1105640040888957E-001  0.1309500464690911E-004
 0.9166666700000000E+000  0.1570796300000000E+001 -0.7987414630936869E-001  0.7709554902542617E-001  0.7948408518116536E-001 -0.9478153319733448E-002  0.6035710690783450E-005
 0.9233333300000000E+000  0.1570796300000000E+001 -0.7293734185967229E-001  0.7061244339040185E-001  0.7261200517786737E-001 -0.8067977775403763E-002  0.2538515678806823E-005
 0.9297222200000000E+000  0.1570796300000000E+001 -0.6638606308267769E-001  0.6445404288350196E-001  0.6611647934229656E-001 -0.6815424836589134E-002  0.9583814043700508E-006
 0.9358333300000000E+000  0.1570796300000000E+001 -0.6020613988464450E-001  0.5861255070155908E-001  0.5998436068291043E-001 -0.5709917555509471E-002  0.3182733229976137E-006
 0.9416666700000000E+000  0.1570796300000000E+001 -0.5438441999196220E-001  0.5308069103223963E-001  0.5420341956018630E-001 -0.4740834391610641E-002  0.9065034956687183E-007
 0.9472222200000000E+000  0.1570796300000000E+001 -0.4890875766432719E-001  0.4785172356660064E-001  0.4876234225377953E-001 -0.3897602810419731E-002  0.2144725589249336E-007
 0.9525000000000000E+000  0.1570796300000000E+001 -0.4376788662103275E-001  0.4291934735502400E-001  0.4365061336285111E-001 -0.3169764819594172E-002  0.4046961342345012E-008
 0.9575000000000000E+000  0.1570796300000000E+001 -0.3895143566728412E-001  0.3827773978567867E-001  0.3885853891626825E-001 -0.2547057243213964E-002  0.5783174342567448E-009
 0.9622222200000000E+000  0.1570796300000000E+001 -0.3444983915875014E-001  0.3392149436551192E-001  0.3437716410022785E-001 -0.2019467882730847E-002  0.5883811568419901E-010
 0.9666666700000000E+000  0.1570796300000000E+001 -0.3025429104444253E-001  0.2984559884989731E-001  0.3019823345955809E-001 -0.1577292175010420E-002  0.4081690613242555E-011
 0.9708333300000000E+000  0.1570796300000000E+001 -0.2635673942690258E-001  0.2604545181560791E-001  0.2631419078350506E-001 -0.1211187222999834E-002  0.2218748503354818E-012
 0.9747222200000000E+000  0.1570796300000000E+001 -0.2274978083098082E-001  0.2251678046645863E-001  0.2271807845732402E-001 -0.9122099764762252E-003  0.1445754483352274E-013
 0.9783333300000000E+000  0.1570796300000000E+001 -0.1942668913769913E-001  0.1925568823563181E-001  0.1940357042681867E-001 -0.6718636667443368E-003  0.8573217152799366E-015
 0.9816666700000000E+000  0.1570796300000000E+001 -0.1638133521646972E-001  0.1625859453134618E-001  0.1636489575179059E-001 -0.4821292342966152E-003  0.2457748222855380E-016
 0.9847222200000000E+000  0.1570796300000000E+001 -0.1360820190188615E-001  0.1352226652487172E-001  0.1359685679340397E-001 -0.3354999811773120E-003  0.4685015082260155E-018
 0.9875000000000000E+000  0.1570796300000000E+001 -0.1110229207337472E-001  0.1104374437132190E-001  0.1109474034637254E-001 -0.2250056788839665E-003  0.1524959132791472E-018
 0.9900000000000000E+000  0.1570796300000000E+001 -0.8859166893227884E-002  0.8820393285163427E-002  0.8854358311771589E-002 -0.1442406631107546E-003 -0.2152632819219314E-018
 0.9922222200000000E+000  0.1570796300000000E+001 -0.6874886600753642E-002  0.6849858121418057E-002  0.6871990794077390E-002 -0.8738328429920627E-004  0.7292607664760073E-018
 0.9941666700000000E+000  0.1570796300000000E+001 -0.5145990402912229E-002  0.5130055582028970E-002  0.5144367915408079E-002 -0.4921489689315472E-004  0.1210535280816692E-018
 0.9958333300000000E+000  0.1570796300000000E+001 -0.3669514099749168E-002  0.3659200629401687E-002  0.3668689081276025E-002 -0.2513662356363916E-004 -0.4476686934366399E-018
 0.9972222200000000E+000  0.1570796300000000E+001 -0.2442912403415295E-002  0.2435798865651359E-002  0.2442546754600972E-002 -0.1118175411655317E-004  0.1781337882800339E-017
 0.9983333300000000E+000  0.1570796300000000E+001 -0.1464107827953187E-002  0.1458513349383757E-002  0.1463976488426097E-002 -0.4028287590192412E-005 -0.4322099957602548E-018
 0.9991666700000000E+000  0.1570796300000000E+001 -0.7314355146615813E-003  0.7273785607500518E-003  0.7314027352004129E-003 -0.1007591932465774E-005 -0.7879614952174925E-018
 0.9997222200000000E+000  0.1570796300000000E+001 -0.2436785581456341E-003  0.2411366977004150E-003  0.2436749199631323E-003 -0.1119966788353208E-006 -0.7983783499860264E-018
 0.1000000000000000E+001  0.1570796300000000E+001 -0.1757296963537870E-027 -0.2415132751840688E-027 -0.3128994678418631E-027  0.3443476007295351E-040  0.1330652563532617E-041

