 0.0000000000000000E+000  0.0000000000000000E+000 -0.3647564763219796E+000  0.3645724403496596E+000  0.3646461897962501E+000 -0.2963999999999999E+000  0.0000000000000000E+000
 0.2777777800000000E-003  0.0000000000000000E+000 -0.3647563180935144E+000  0.3645722821205127E+000  0.3646460315678482E+000 -0.2963999046259775E+000 -0.1392349226800261E-188
 0.8333333300000000E-003  0.0000000000000000E+000 -0.3647550506888366E+000  0.3645710147103776E+000  0.3646447641636808E+000 -0.2963991406808812E+000 -0.1392349226800261E-188
 0.1666666700000000E-002  0.0000000000000000E+000 -0.3647507643605549E+000  0.3645667283636475E+000  0.3646404778371240E+000 -0.2963965570078805E+000  0.1392349226800261E-188
 0.2777777800000000E-002  0.0000000000000000E+000 -0.3647405750175602E+000  0.3645565389768343E+000  0.3646302884982300E+000 -0.2963904149763587E+000 -0.1392349226800261E-188
 0.4166666700000000E-002  0.0000000000000000E+000 -0.3647206013117471E+000  0.3645365651852037E+000  0.3646103148004572E+000 -0.2963783742374924E+000 -0.1392349226800261E-188
 0.5833333300000000E-002  0.0000000000000000E+000 -0.3646859348808041E+000  0.3645018986055135E+000  0.3645756483834748E+000 -0.2963574737952864E+000 -0.1392349226800261E-188
 0.7777777800000000E-002  0.0000000000000000E+000 -0.3646306044692391E+000  0.3644465679570204E+000  0.3645203179942070E+000 -0.2963241084488354E+000 -0.1392349226800261E-188
 0.1000000000000000E-001  0.0000000000000000E+000 -0.3645475349712117E+000  0.3643634981043767E+000  0.3644372485296913E+000 -0.2962740007317016E+000 -0.1392349226800261E-188
 0.1250000000000000E-001  0.0000000000000000E+000 -0.3644285026586709E+000  0.3642444652859707E+000  0.3643182162652466E+000 -0.2962021684659781E+000  0.1392349226800261E-188
 0.1527777800000000E-001  0.0000000000000000E+000 -0.3642640883480368E+000  0.3640800502810105E+000  0.3641538020211922E+000 -0.2961028881848053E+000 -0.1392349226800261E-188
 0.1833333300000000E-001  0.0000000000000000E+000 -0.3640436307395942E+000  0.3638595917496182E+000  0.3639333445022906E+000 -0.2959696547911194E+000  0.1392349226800261E-188
 0.2166666700000000E-001  0.0000000000000000E+000 -0.3637551821048414E+000  0.3635711419212709E+000  0.3636448959851563E+000 -0.2957951375948648E+000  0.1392349226800261E-188
 0.2527777800000000E-001  0.0000000000000000E+000 -0.3633854708408104E+000  0.3632014291507455E+000  0.3632751848726477E+000 -0.2955711340928669E+000  0.1392349226800261E-188
 0.2916666700000000E-001  0.0000000000000000E+000 -0.3629198728612336E+000  0.3627358293115836E+000  0.3628095870851261E+000 -0.2952885211283459E+000  0.1392349226800261E-188
 0.3333333300000000E-001  0.0000000000000000E+000 -0.3623423986188888E+000  0.3621583528215871E+000  0.3622321130829065E+000 -0.2949372058287176E+000 -0.1392349226800261E-188
 0.3777777800000000E-001  0.0000000000000000E+000 -0.3616356989459995E+000  0.3614516504874081E+000  0.3615254137067921E+000 -0.2945060764375672E+000 -0.1392349226800261E-188
 0.4250000000000000E-001  0.0000000000000000E+000 -0.3607810985814301E+000  0.3605970470371859E+000  0.3606708137054295E+000 -0.2939829566077571E+000  0.1392349226800261E-188
 0.4750000000000000E-001  0.0000000000000000E+000 -0.3597586603108265E+000  0.3595746052675624E+000  0.3596483758756420E+000 -0.2933545632547609E+000  0.1392349226800261E-188
 0.5277777800000000E-001  0.0000000000000000E+000 -0.3585472906023622E+000  0.3583632316879310E+000  0.3584370066984076E+000 -0.2926064732761640E+000 -0.1392349226800261E-188
 0.5833333300000000E-001  0.0000000000000000E+000 -0.3571248918631492E+000  0.3569408287870964E+000  0.3570146085955456E+000 -0.2917231015778429E+000  0.1392349226800261E-188
 0.6416666700000000E-001  0.0000000000000000E+000 -0.3554685676974506E+000  0.3552845003035152E+000  0.3553582851882578E+000 -0.2906876945797602E+000 -0.1392349226800261E-188
 0.7027777800000000E-001  0.0000000000000000E+000 -0.3535548915413438E+000  0.3533708198736880E+000  0.3534446099321773E+000 -0.2894823472887528E+000  0.1392349226800261E-188
 0.7666666699999999E-001  0.0000000000000000E+000 -0.3513602368328325E+000  0.3511761612174148E+000  0.3512499562879337E+000 -0.2880880463022148E+000  0.1392349226800261E-188
 0.8333333300000000E-001  0.0000000000000000E+000 -0.3488611785219911E+000  0.3486770996640162E+000  0.3487508992318254E+000 -0.2864847507308895E+000  0.1392349226800261E-188
 0.9027777800000000E-001  0.0000000000000000E+000 -0.3460349587050633E+000  0.3458508778026834E+000  0.3459246808905259E+000 -0.2846515151386488E+000  0.1392349226800261E-188
 0.9750000000000000E-001  0.0000000000000000E+000 -0.3428600196689362E+000  0.3426759385423797E+000  0.3427497435862570E+000 -0.2825666683690393E+000  0.0000000000000000E+000
 0.1050000000000000E+000  0.0000000000000000E+000 -0.3393165850450117E+000  0.3391325062790582E+000  0.3392063109914572E+000 -0.2802080507952253E+000 -0.1392349226800261E-188
 0.1127777800000000E+000  0.0000000000000000E+000 -0.3353872831366368E+000  0.3352032102329650E+000  0.3352770114571098E+000 -0.2775533239677790E+000  0.1392349226800261E-188
 0.1208333300000000E+000  0.0000000000000000E+000 -0.3310577952240076E+000  0.3308737327585005E+000  0.3309475263186517E+000 -0.2745803618089200E+000  0.1392349226800261E-188
 0.1291666700000000E+000  0.0000000000000000E+000 -0.3263174669515416E+000  0.3261334207304388E+000  0.3262072012844823E+000 -0.2712677024007348E+000 -0.1392349226800261E-188
 0.1377777800000000E+000  0.0000000000000000E+000 -0.3211599433738884E+000  0.3209759205815302E+000  0.3210496814831959E+000 -0.2675951227403878E+000  0.1392349226800261E-188
 0.1466666700000000E+000  0.0000000000000000E+000 -0.3155836561195724E+000  0.3153996654504804E+000  0.3154733986286186E+000 -0.2635442349534956E+000  0.0000000000000000E+000
 0.1558333300000000E+000  0.0000000000000000E+000 -0.3095922745006747E+000  0.3094083262685469E+000  0.3094820221309759E+000 -0.2590991927649580E+000 -0.1392349226800261E-188
 0.1652777800000000E+000  0.0000000000000000E+000 -0.3031949596942158E+000  0.3030110659120124E+000  0.3030847132799507E+000 -0.2542473960762393E+000  0.0000000000000000E+000
 0.1750000000000000E+000  0.0000000000000000E+000 -0.2964065346461554E+000  0.2962227090722265E+000  0.2962962951504499E+000 -0.2489802675953273E+000  0.1392349226800261E-188
 0.1850000000000000E+000  0.0000000000000000E+000 -0.2892473794928563E+000  0.2890636376414574E+000  0.2891371480260981E+000 -0.2432939377013893E+000  0.1392349226800261E-188
 0.1952777800000000E+000  0.0000000000000000E+000 -0.2817432107962415E+000  0.2815595699117269E+000  0.2816329886365622E+000 -0.2371899214193744E+000  0.0000000000000000E+000
 0.2058333300000000E+000  0.0000000000000000E+000 -0.2739246480045557E+000  0.2737411270014202E+000  0.2738144366207422E+000 -0.2306756684598355E+000 -0.1392349226800261E-188
 0.2166666700000000E+000  0.0000000000000000E+000 -0.2658265780542033E+000  0.2656431974272428E+000  0.2657163791313778E+000 -0.2237649351312499E+000 -0.1392349226800261E-188
 0.2277777800000000E+000  0.0000000000000000E+000 -0.2574874569914536E+000  0.2573042386996710E+000  0.2573772724597581E+000 -0.2164780338044197E+000 -0.1392349226800261E-188
 0.2391666700000000E+000  0.0000000000000000E+000 -0.2489483985183384E+000  0.2487653658498782E+000  0.2488382305852039E+000 -0.2088417734038255E+000  0.1392349226800261E-188
 0.2508333300000000E+000  0.0000000000000000E+000 -0.2402522850367219E+000  0.2400694624590920E+000  0.2401421362231113E+000 -0.2008892378207198E+000  0.1392349226800261E-188
 0.2627777800000000E+000  0.0000000000000000E+000 -0.2314427818576887E+000  0.2312601948606706E+000  0.2313326550390892E+000 -0.1926592582194082E+000  0.1392349226800261E-188
 0.2750000000000000E+000  0.0000000000000000E+000 -0.2225634619205067E+000  0.2223811368554590E+000  0.2224533603732581E+000 -0.1841957412856559E+000 -0.1392349226800261E-188
 0.2875000000000000E+000  0.0000000000000000E+000 -0.2136568873671372E+000  0.2134748512913424E+000  0.2135468148212832E+000 -0.1755467063494393E+000  0.1392349226800261E-188
 0.3002777800000000E+000  0.0000000000000000E+000 -0.2047638656257199E+000  0.2045821461559880E+000  0.2046538263253391E+000 -0.1667632465811014E+000  0.1392349226800261E-188
 0.3133333300000000E+000  0.0000000000000000E+000 -0.1959227920927613E+000  0.1957414172757216E+000  0.1958127908652277E+000 -0.1578983642350284E+000 -0.1392349226800261E-188
 0.3266666700000000E+000  0.0000000000000000E+000 -0.1871690982834709E+000  0.1869880964908946E+000  0.1870591406194701E+000 -0.1490057386303087E+000 -0.1392349226800261E-188
 0.3402777800000000E+000  0.0000000000000000E+000 -0.1785349110506995E+000  0.1783543109043907E+000  0.1784250031967168E+000 -0.1401385859919754E+000  0.1392349226800261E-188
 0.3541666700000000E+000  0.0000000000000000E+000 -0.1700487533543919E+000  0.1698685836920707E+000  0.1699389024206093E+000 -0.1313484958262683E+000  0.1392349226800261E-188
 0.3683333300000000E+000  0.0000000000000000E+000 -0.1617354497046066E+000  0.1615557395909517E+000  0.1616256637908684E+000 -0.1226844626538239E+000 -0.1392349226800261E-188
 0.3827777800000000E+000  0.0000000000000000E+000 -0.1536160816847992E+000  0.1534368604779277E+000  0.1535063700287875E+000 -0.1141920034183540E+000  0.1392349226800261E-188
 0.3975000000000000E+000  0.0000000000000000E+000 -0.1457081092365001E+000  0.1455294067129765E+000  0.1455984823881921E+000 -0.1059125195442109E+000 -0.1392349226800261E-188
 0.4125000000000000E+000  0.0000000000000000E+000 -0.1380254886334630E+000  0.1378473351833249E+000  0.1379159586622792E+000 -0.9788275641459644E-001 -0.1392349226800261E-188
 0.4277777800000000E+000  0.0000000000000000E+000 -0.1305789119183945E+000  0.1304013388136153E+000  0.1304694926596381E+000 -0.9013450875300696E-001 -0.1392349226800261E-188
 0.4433333300000000E+000  0.0000000000000000E+000 -0.1233760637520261E+000  0.1231991034975897E+000  0.1232667711017347E+000 -0.8269447111371982E-001  0.1392349226800261E-188
 0.4591666700000000E+000  0.0000000000000000E+000 -0.1164218869360665E+000  0.1162455737148576E+000  0.1163127392059618E+000 -0.7558422405521911E-001 -0.1392349226800261E-188
 0.4752777800000000E+000  0.0000000000000000E+000 -0.1097189102294221E+000  0.1095432804487904E+000  0.1096099285754015E+000 -0.6882040332672501E-001 -0.1392349226800261E-188
 0.4916666700000000E+000  0.0000000000000000E+000 -0.1032675139846568E+000  0.1030926069467799E+000  0.1031587229284394E+000 -0.6241491129344406E-001  0.1392349226800261E-188
 0.5083333300000000E+000  0.0000000000000000E+000 -0.9706624050505061E-001  0.9689209921960049E-001  0.9695766857154552E-001 -0.5637526417668103E-001 -0.1392349226800261E-188
 0.5247222200000000E+000  0.0000000000000000E+000 -0.9130188780513536E-001  0.9112853269801280E-001  0.9119355951513361E-001 -0.5088358731278990E-001  0.1392349226800261E-188
 0.5408333300000000E+000  0.0000000000000000E+000 -0.8593892267120444E-001  0.8576637602906295E-001  0.8583086479733133E-001 -0.4589723792950025E-001  0.1392349226800261E-188
 0.5566666700000000E+000  0.0000000000000000E+000 -0.8094455403385968E-001  0.8077284042766761E-001  0.8083679581268605E-001 -0.4137504613041355E-001 -0.1392349226800261E-188
 0.5722222200000000E+000  0.0000000000000000E+000 -0.7628867965628265E-001  0.7611782634298320E-001  0.7618125302033871E-001 -0.3727785957195588E-001 -0.1392349226800261E-188
 0.5875000000000000E+000  0.0000000000000000E+000 -0.7194373944083045E-001  0.7177377675817825E-001  0.7183667927456341E-001 -0.3356884178536718E-001  0.1392349226800261E-188
 0.6025000000000000E+000  0.0000000000000000E+000 -0.6788457980325205E-001  0.6771554155716884E-001  0.6777792422190482E-001 -0.3021365206233941E-001  0.1392349226800261E-188
 0.6172222200000000E+000  0.0000000000000000E+000 -0.6408826886429912E-001  0.6392019272131678E-001  0.6398205951981285E-001 -0.2718048244625761E-001  0.1392349226800261E-188
 0.6316666700000000E+000  0.0000000000000000E+000 -0.6053391968202626E-001  0.6036684757102728E-001  0.6042820209715857E-001 -0.2444002700611015E-001 -0.1392349226800261E-188
 0.6458333300000000E+000  0.0000000000000000E+000 -0.5720252496599961E-001  0.5703650349191867E-001  0.5709734889690576E-001 -0.2196540388607218E-001  0.1392349226800261E-188
 0.6597222200000000E+000  0.0000000000000000E+000 -0.5407677203348923E-001  0.5391185291577522E-001  0.5397219186632907E-001 -0.1973202246429141E-001 -0.1392349226800261E-188
 0.6733333300000000E+000  0.0000000000000000E+000 -0.5114090099815513E-001  0.5097714152816103E-001  0.5103697617609097E-001 -0.1771745554473666E-001  0.1392349226800261E-188
 0.6866666700000000E+000  0.0000000000000000E+000 -0.4838054557625405E-001  0.4821800910586364E-001  0.4827734106249622E-001 -0.1590128019659304E-001  0.1392349226800261E-188
 0.6997222200000000E+000  0.0000000000000000E+000 -0.4578260739299744E-001  0.4562136384853367E-001  0.4568019416569616E-001 -0.1426493103494066E-001 -0.1392349226800261E-188
 0.7125000000000000E+000  0.0000000000000000E+000 -0.4333511668151740E-001  0.4317524311515325E-001  0.4323357226659898E-001 -0.1279153889069887E-001  0.1392349226800261E-188
 0.7250000000000000E+000  0.0000000000000000E+000 -0.4102713223889939E-001  0.4086871340388411E-001  0.4092654127117117E-001 -0.1146579286235003E-001  0.1392349226800261E-188
 0.7372222200000000E+000  0.0000000000000000E+000 -0.3884862938865010E-001  0.3869175834677294E-001  0.3874908420429907E-001 -0.1027379532304978E-001 -0.1392349226800261E-188
 0.7491666700000000E+000  0.0000000000000000E+000 -0.3679040570232505E-001  0.3663518445560842E-001  0.3669200695535814E-001 -0.9202930760037441E-002  0.1392349226800261E-188
 0.7608333300000000E+000  0.0000000000000000E+000 -0.3484400178770714E-001  0.3469054192047510E-001  0.3474685907742590E-001 -0.8241746476834347E-002  0.1392349226800261E-188
 0.7722222200000000E+000  0.0000000000000000E+000 -0.3300161106328670E-001  0.3285003439852056E-001  0.3290584357132841E-001 -0.7379832592211824E-002 -0.1392349226800261E-188
 0.7833333300000000E+000  0.0000000000000000E+000 -0.3125602022831793E-001  0.3110645946119393E-001  0.3116175733349844E-001 -0.6607722784796514E-002  0.1392349226800261E-188
 0.7941666700000000E+000  0.0000000000000000E+000 -0.2960053590734258E-001  0.2945313521079934E-001  0.2950791776733341E-001 -0.5916793442848349E-002  0.1392349226800261E-188
 0.8047222200000000E+000  0.0000000000000000E+000 -0.2802893285758230E-001  0.2788384841070202E-001  0.2793811091215446E-001 -0.5299178001073325E-002 -0.1392349226800261E-188
 0.8149999999999999E+000  0.0000000000000000E+000 -0.2653538882755904E-001  0.2639278924891189E-001  0.2644652619920988E-001 -0.4747680974468600E-002  0.1392349226800261E-188
 0.8250000000000000E+000  0.0000000000000000E+000 -0.2511444511784699E-001  0.2497451171989645E-001  0.2502771683203646E-001 -0.4255707499903494E-002  0.1392349226800261E-188
 0.8347222200000000E+000  0.0000000000000000E+000 -0.2376095493068064E-001  0.2362388174884182E-001  0.2367654790320045E-001 -0.3817192879091693E-002  0.1392349226800261E-188
 0.8441666700000000E+000  0.0000000000000000E+000 -0.2247004207047106E-001  0.2233603557177016E-001  0.2238815476794653E-001 -0.3426541184025404E-002  0.0000000000000000E+000
 0.8533333300000000E+000  0.0000000000000000E+000 -0.2123706928841405E-001  0.2110634763678995E-001  0.2115791094052978E-001 -0.3078571808217587E-002  0.1392349226800261E-188
 0.8622222200000000E+000  0.0000000000000000E+000 -0.2005759647827915E-001  0.1993038826269818E-001  0.1998138574040064E-001 -0.2768468538925019E-002  0.1392349226800261E-188
 0.8708333300000000E+000  0.0000000000000000E+000 -0.1892736349991734E-001  0.1880390572412461E-001  0.1885432637202985E-001 -0.2491741938332766E-002  0.1392349226800261E-188
 0.8791666700000000E+000  0.0000000000000000E+000 -0.1784226379167042E-001  0.1772279899550698E-001  0.1777263065484980E-001 -0.2244196192786568E-002 -0.1392349226800261E-188
 0.8872222200000000E+000  0.0000000000000000E+000 -0.1679834007282272E-001  0.1668311235728448E-001  0.1673234162031171E-001 -0.2021910225072867E-002 -0.1392349226800261E-188
 0.8950000000000000E+000  0.0000000000000000E+000 -0.1579177577392705E-001  0.1568102560435473E-001  0.1572963770067335E-001 -0.1821228432794624E-002 -0.1392349226800261E-188
 0.9025000000000000E+000  0.0000000000000000E+000 -0.1481891925653615E-001  0.1471287681856109E-001  0.1476085548952541E-001 -0.1638771356649892E-002 -0.1392349226800261E-188
 0.9097222200000000E+000  0.0000000000000000E+000 -0.1387631216253727E-001  0.1377518924101087E-001  0.1382251659096672E-001 -0.1471461825662658E-002 -0.1392349226800261E-188
 0.9166666700000000E+000  0.0000000000000000E+000 -0.1296074538206622E-001  0.1286472578662461E-001  0.1291138210969481E-001 -0.1316572704730383E-002 -0.1392349226800261E-188
 0.9233333300000000E+000  0.0000000000000000E+000 -0.1206934641608259E-001  0.1197857516725971E-001  0.1202453874861151E-001 -0.1171795530318227E-002 -0.1392349226800261E-188
 0.9297222200000000E+000  0.0000000000000000E+000 -0.1119968016689421E-001  0.1111425206734255E-001  0.1115949894095467E-001 -0.1035322275985950E-002 -0.1392349226800261E-188
 0.9358333300000000E+000  0.0000000000000000E+000 -0.1034989453279237E-001  0.1026984294137532E-001  0.1031434660867349E-001 -0.9059345651446396E-003  0.1392349226800261E-188
 0.9416666700000000E+000  0.0000000000000000E+000 -0.9518867926925523E-002  0.9444155185410225E-002  0.9487886269116910E-002 -0.7830743519421454E-003  0.0000000000000000E+000
 0.9472222200000000E+000  0.0000000000000000E+000 -0.8706370915631388E-002  0.8636882084726516E-002  0.8679807912529652E-002 -0.6668707164520032E-003  0.1392349226800261E-188
 0.9525000000000000E+000  0.0000000000000000E+000 -0.7913181514137339E-002  0.7848723446060928E-002  0.7890807526352375E-002 -0.5580816969119051E-003  0.1392349226800261E-188
 0.9575000000000000E+000  0.0000000000000000E+000 -0.7141150953242668E-002  0.7081458235225561E-002  0.7122659618278813E-002 -0.4579249968937018E-003 -0.1392349226800261E-188
 0.9622222200000000E+000  0.0000000000000000E+000 -0.6393139263004210E-002  0.6337887915568593E-002  0.6378160394003351E-002 -0.3677854705263114E-003  0.1392349226800261E-188
 0.9666666700000000E+000  0.0000000000000000E+000 -0.5672809774122715E-002  0.5621637915337384E-002  0.5660929029909370E-002 -0.2888442158750352E-003  0.1392349226800261E-188
 0.9708333300000000E+000  0.0000000000000000E+000 -0.4984286345082643E-002  0.4936819206813083E-002  0.4975069010639752E-002 -0.2217297255530362E-003 -0.1392349226800261E-188
 0.9747222200000000E+000  0.0000000000000000E+000 -0.4331705930494958E-002  0.4287581415441144E-002  0.4324720878530059E-002 -0.1663204571223014E-003  0.1392349226800261E-188
 0.9783333300000000E+000  0.0000000000000000E+000 -0.3718814531040787E-002  0.3677705324969699E-002  0.3713654265583205E-002 -0.1217906224785389E-003 -0.1392349226800261E-188
 0.9816666700000000E+000  0.0000000000000000E+000 -0.3148677011166382E-002  0.3110307192596005E-002  0.3144971492938504E-002 -0.8685814389365415E-004 -0.1392349226800261E-188
 0.9847222200000000E+000  0.0000000000000000E+000 -0.2623591182015730E-002  0.2587747504078103E-002  0.2621015337792024E-002 -0.6008411286010632E-004  0.1392349226800261E-188
 0.9875000000000000E+000  0.0000000000000000E+000 -0.2145133398053518E-002  0.2111673306439727E-002  0.2143409844591636E-002 -0.4007469436702768E-004  0.1392349226800261E-188
 0.9900000000000000E+000  0.0000000000000000E+000 -0.1714298108235634E-002  0.1683156826310992E-002  0.1713196655446400E-002 -0.2556140286925270E-004 -0.1392349226800261E-188
 0.9922222200000000E+000  0.0000000000000000E+000 -0.1331626648961800E-002  0.1302825956704470E-002  0.1330961759634390E-002 -0.1541578396732948E-004  0.1392349226800261E-188
 0.9941666700000000E+000  0.0000000000000000E+000 -0.9973281252557047E-003  0.9709899944877508E-003  0.9969550581843448E-003 -0.8647721309493631E-005 -0.1392349226800261E-188
 0.9958333300000000E+000  0.0000000000000000E+000 -0.7113889019760747E-003  0.6877588299108547E-003  0.7111990549869839E-003 -0.4401637058607762E-005 -0.1392349226800261E-188
 0.9972222200000000E+000  0.0000000000000000E+000 -0.4736459951905258E-003  0.4531340436002655E-003  0.4735618280654622E-003 -0.1952358874381502E-005  0.1392349226800261E-188
 0.9983333300000000E+000  0.0000000000000000E+000 -0.2838689185188681E-003  0.2671136811844902E-003  0.2838386846696730E-003 -0.7017103951700068E-006 -0.1392349226800261E-188
 0.9991666700000000E+000  0.0000000000000000E+000 -0.1418068676661215E-003  0.1300458552960820E-003  0.1417993226193611E-003 -0.1752101489592741E-006  0.1392349226800261E-188
 0.9997222200000000E+000  0.0000000000000000E+000 -0.4724024050619350E-004  0.3948396157378302E-004  0.4723940318045244E-004 -0.1945223034389163E-007 -0.1392349226800261E-188
 0.1000000000000000E+001  0.0000000000000000E+000 -0.1392349226882091E-188 -0.4340381471653009E-189  0.6643184421162110E-189 -0.1112969532178270E-188 -0.1392349226800261E-188

 0.0000000000000000E+000  0.1047197600000000E+000 -0.3657651766348321E+000  0.3635638008015358E+000  0.3656548884107552E+000 -0.2964000000000000E+000  0.6229356654124477E-004
 0.2777777800000000E-003  0.1047197600000000E+000 -0.3657650176485764E+000  0.3635636431194031E+000  0.3656547294245596E+000 -0.2963999047510399E+000  0.6229361509288770E-004
 0.8333333300000000E-003  0.1047197600000000E+000 -0.3657637441740255E+000  0.3635623800908336E+000  0.3656534559504908E+000 -0.2963991418076844E+000  0.6229400399117996E-004
 0.1666666700000000E-002  0.1047197600000000E+000 -0.3657594373176346E+000  0.3635581085624554E+000  0.3656491490957303E+000 -0.2963965615224745E+000  0.6229531925134372E-004
 0.2777777800000000E-002  0.1047197600000000E+000 -0.3657491991760057E+000  0.3635479544015105E+000  0.3656389109579782E+000 -0.2963904275438942E+000  0.6229844595530680E-004
 0.4166666700000000E-002  0.1047197600000000E+000 -0.3657291298133836E+000  0.3635280496618890E+000  0.3656188416029569E+000 -0.2963784025891182E+000  0.6230457551276302E-004
 0.5833333300000000E-002  0.1047197600000000E+000 -0.3656942973631016E+000  0.3634935029301670E+000  0.3655840091658728E+000 -0.2963575295364083E+000  0.6231521531966317E-004
 0.7777777800000000E-002  0.1047197600000000E+000 -0.3656387019790539E+000  0.3634383635714753E+000  0.3655284138029050E+000 -0.2963242078915341E+000  0.6233220079478703E-004
 0.1000000000000000E-001  0.1047197600000000E+000 -0.3655552346863650E+000  0.3633555809154290E+000  0.3654449465418989E+000 -0.2962741657521822E+000  0.6235770974315734E-004
 0.1250000000000000E-001  0.1047197600000000E+000 -0.3654356324015879E+000  0.3632369596415694E+000  0.3653253443025938E+000 -0.2962024273855171E+000  0.6239427900473433E-004
 0.1527777800000000E-001  0.1047197600000000E+000 -0.3652704308850505E+000  0.3630731131118879E+000  0.3651601428490063E+000 -0.2961032766695084E+000  0.6244482328561431E-004
 0.1833333300000000E-001  0.1047197600000000E+000 -0.3650489178714760E+000  0.3628534168773647E+000  0.3649386299200973E+000 -0.2959702167618642E+000  0.6251265602321778E-004
 0.2166666700000000E-001  0.1047197600000000E+000 -0.3647590885660739E+000  0.3625659645267851E+000  0.3646488007259190E+000 -0.2957959261344669E+000  0.6260151227047088E-004
 0.2527777800000000E-001  0.1047197600000000E+000 -0.3643876080486679E+000  0.3621975303818559E+000  0.3642773203518144E+000 -0.2955722123308427E+000  0.6271557298992474E-004
 0.2916666700000000E-001  0.1047197600000000E+000 -0.3639197825674968E+000  0.3617335410023347E+000  0.3638094950523041E+000 -0.2952899630784873E+000  0.6285949106972259E-004
 0.3333333300000000E-001  0.1047197600000000E+000 -0.3633395465523579E+000  0.3611580622726687E+000  0.3632292592643347E+000 -0.2949390971452788E+000  0.6303841802761310E-004
 0.3777777800000000E-001  0.1047197600000000E+000 -0.3626294685526016E+000  0.3604538052465718E+000  0.3625191815454019E+000 -0.2945085150488632E+000  0.6325803161751490E-004
 0.4250000000000000E-001  0.1047197600000000E+000 -0.3617707850151402E+000  0.3596021595880109E+000  0.3616604983517142E+000 -0.2939860531742975E+000  0.6352456291526760E-004
 0.4750000000000000E-001  0.1047197600000000E+000 -0.3607434648472763E+000  0.3585832575246909E+000  0.3606331786012086E+000 -0.2933584413919545E+000  0.6384482338907859E-004
 0.5277777800000000E-001  0.1047197600000000E+000 -0.3595263157043629E+000  0.3573760791586219E+000  0.3594160299614365E+000 -0.2926112694687555E+000  0.6422623002342975E-004
 0.5833333300000000E-001  0.1047197600000000E+000 -0.3580971371577650E+000  0.3559586042398982E+000  0.3579868520177921E+000 -0.2917289647057441E+000  0.6467682830188918E-004
 0.6416666700000000E-001  0.1047197600000000E+000 -0.3564329271611189E+000  0.3543080167605528E+000  0.3563226427400917E+000 -0.2906947849680736E+000  0.6520531231864875E-004
 0.7027777800000000E-001  0.1047197600000000E+000 -0.3545101522455180E+000  0.3524009727037236E+000  0.3543998686781361E+000 -0.2894908351875941E+000  0.6582103970752156E-004
 0.7666666699999999E-001  0.1047197600000000E+000 -0.3523050795999789E+000  0.3502139291084587E+000  0.3521947970426170E+000 -0.2880981097076843E+000  0.6653404247608496E-004
 0.8333333300000000E-001  0.1047197600000000E+000 -0.3497941808933830E+000  0.3477235442139812E+000  0.3496838995275728E+000 -0.2864965724608138E+000  0.6735503044059375E-004
 0.9027777800000000E-001  0.1047197600000000E+000 -0.3469546005901429E+000  0.3449071414837588E+000  0.3468443206266498E+000 -0.2846652790982074E+000  0.6829538850699170E-004
 0.9750000000000000E-001  0.1047197600000000E+000 -0.3437646920604079E+000  0.3417432407741787E+000  0.3436544137439882E+000 -0.2825825549635164E+000  0.6936716450302547E-004
 0.1050000000000000E+000  0.1047197600000000E+000 -0.3402046020856515E+000  0.3382121374025255E+000  0.3400943257005866E+000 -0.2802262314945259E+000  0.7058305037673063E-004
 0.1127777800000000E+000  0.1047197600000000E+000 -0.3362568977813699E+000  0.3342965231875135E+000  0.3361466236578785E+000 -0.2775739550753058E+000  0.7195635375802624E-004
 0.1208333300000000E+000  0.1047197600000000E+000 -0.3319072186349117E+000  0.3299821323155085E+000  0.3317969471565411E+000 -0.2746035775535342E+000  0.7350095894962869E-004
 0.1291666700000000E+000  0.1047197600000000E+000 -0.3271448914379997E+000  0.3252583503454519E+000  0.3270346230501278E+000 -0.2712936075705310E+000  0.7523129117561240E-004
 0.1377777800000000E+000  0.1047197600000000E+000 -0.3219635689228921E+000  0.3201188467144082E+000  0.3218533041424199E+000 -0.2676237851085606E+000  0.7716225301064740E-004
 0.1466666700000000E+000  0.1047197600000000E+000 -0.3163617197012279E+000  0.3145620598050102E+000  0.3162514591276343E+000 -0.2635756779121412E+000  0.7930918492362204E-004
 0.1558333300000000E+000  0.1047197600000000E+000 -0.3103430817819228E+000  0.3085916460254128E+000  0.3102328261097681E+000 -0.2591333885735808E+000  0.8168779965344145E-004
 0.1652777800000000E+000  0.1047197600000000E+000 -0.3039169179739738E+000  0.3022167326112009E+000  0.3038066680070380E+000 -0.2542842602536540E+000  0.8431414188073793E-004
 0.1750000000000000E+000  0.1047197600000000E+000 -0.2970981862625986E+000  0.2954520864372845E+000  0.2969879429297440E+000 -0.2490196549355311E+000  0.8720452214041333E-004
 0.1850000000000000E+000  0.1047197600000000E+000 -0.2899074340249477E+000  0.2883180093392654E+000  0.2897971983979600E+000 -0.2433356404440420E+000  0.9037549747714405E-004
 0.1952777800000000E+000  0.1047197600000000E+000 -0.2823705750541046E+000  0.2808401177299903E+000  0.2822603483676488E+000 -0.2372336699541958E+000  0.9384383498301160E-004
 0.2058333300000000E+000  0.1047197600000000E+000 -0.2745184523524307E+000  0.2730489103055802E+000  0.2744082360263783E+000 -0.2307211348560435E+000  0.9762650155951853E-004
 0.2166666700000000E+000  0.1047197600000000E+000 -0.2663861976981911E+000  0.2649791347575891E+000  0.2662759933626465E+000 -0.2238117395934431E+000  0.1017406886144250E-003
 0.2277777800000000E+000  0.1047197600000000E+000 -0.2580125275340324E+000  0.2566690919141952E+000  0.2579023370572935E+000 -0.2165257539192196E+000  0.1062038185325375E-003
 0.2391666700000000E+000  0.1047197600000000E+000 -0.2494388245654877E+000  0.2481597277553727E+000  0.2493286500855050E+000 -0.2088899558490552E+000  0.1110336266412483E-003
 0.2508333300000000E+000  0.1047197600000000E+000 -0.2407082418040564E+000  0.2394937480517330E+000  0.2405980857637730E+000 -0.2009374119576346E+000  0.1162482226224356E-003
 0.2627777800000000E+000  0.1047197600000000E+000 -0.2318647094157369E+000  0.2307146366912940E+000  0.2317545746030698E+000 -0.1927069508325212E+000  0.1218662189022557E-003
 0.2750000000000000E+000  0.1047197600000000E+000 -0.2229520527560926E+000  0.2218657842832199E+000  0.2228419423491297E+000 -0.1842424916147173E+000  0.1279068310506142E-003
 0.2875000000000000E+000  0.1047197600000000E+000 -0.2140130675275753E+000  0.2129895738676824E+000  0.2139029851461523E+000 -0.1755920805201451E+000  0.1343900677221595E-003
 0.3002777800000000E+000  0.1047197600000000E+000 -0.2050887707266837E+000  0.2041266405768123E+000  0.2049787204912797E+000 -0.1668068505958230E+000  0.1413368944717595E-003
 0.3133333300000000E+000  0.1047197600000000E+000 -0.1962177392426027E+000  0.1953152175828881E+000  0.1961077258419789E+000 -0.1579398548083938E+000  0.1487694391232160E-003
 0.3266666700000000E+000  0.1047197600000000E+000 -0.1874355551355281E+000  0.1865905870789411E+000  0.1873255839048989E+000 -0.1490448313332541E+000  0.1567112452158327E-003
 0.3402777800000000E+000  0.1047197600000000E+000 -0.1787744635527696E+000  0.1779847414929413E+000  0.1786645405642004E+000 -0.1401750604189446E+000  0.1651874856446146E-003
 0.3541666700000000E+000  0.1047197600000000E+000 -0.1702630731495463E+000  0.1695260859490360E+000  0.1701532053174569E+000 -0.1313821976923753E+000  0.1742252819205307E-003
 0.3683333300000000E+000  0.1047197600000000E+000 -0.1619262625760774E+000  0.1612393445353114E+000  0.1618164577804728E+000 -0.1227153029928237E+000  0.1838539768272096E-003
 0.3827777800000000E+000  0.1047197600000000E+000 -0.1537851378123009E+000  0.1531455162880258E+000  0.1536754050438021E+000 -0.1142199551946865E+000  0.1941054971613563E-003
 0.3975000000000000E+000  0.1047197600000000E+000 -0.1458571562112867E+000  0.1452619962084903E+000  0.1457475057419774E+000 -0.1059376121677111E+000  0.2050146629680027E-003
 0.4125000000000000E+000  0.1047197600000000E+000 -0.1381562475388547E+000  0.1376026927985703E+000  0.1380466911252522E+000 -0.9790506867115224E-001  0.2166196243114474E-003
 0.4277777800000000E+000  0.1047197600000000E+000 -0.1306930569624565E+000  0.1301782665210317E+000  0.1305836080871238E+000 -0.9015416073716809E-001  0.2289622535651115E-003
 0.4433333300000000E+000  0.1047197600000000E+000 -0.1234752055069250E+000  0.1229963854981907E+000  0.1233658796677248E+000 -0.8271161569429711E-001  0.2420885985442173E-003
 0.4591666700000000E+000  0.1047197600000000E+000 -0.1165075591127225E+000  0.1160619897664973E+000  0.1163983741712501E+000 -0.7559903834735862E-001  0.2560494068668110E-003
 0.4752777800000000E+000  0.1047197600000000E+000 -0.1097925599184105E+000  0.1093776175929740E+000  0.1096835365209158E+000 -0.6883308058328129E-001  0.2709005907099198E-003
 0.4916666700000000E+000  0.1047197600000000E+000 -0.1033304949693833E+000  0.1029436697778065E+000  0.1032216570595678E+000 -0.6242565349435504E-001  0.2867038425363881E-003
 0.5083333300000000E+000  0.1047197600000000E+000 -0.9711980942022393E-001  0.9675871857420348E-001  0.9701118486629159E-001 -0.5638427553710031E-001  0.3035271649159945E-003
 0.5247222200000000E+000  0.1047197600000000E+000 -0.9134745399579293E-001  0.9100912131750576E-001  0.9123906679577994E-001 -0.5089111548243824E-001  0.3208445673240766E-003
 0.5408333300000000E+000  0.1047197600000000E+000 -0.8597769148309252E-001  0.8565950717516405E-001  0.8586956785587278E-001 -0.4590350320524701E-001  0.3386530270586834E-003
 0.5566666700000000E+000  0.1047197600000000E+000 -0.8097755507250402E-001  0.8067723367492756E-001  0.8086972366924754E-001 -0.4138024199630687E-001  0.3569488517813892E-003
 0.5722222200000000E+000  0.1047197600000000E+000 -0.7631679179292011E-001  0.7603233388498316E-001  0.7620928392873852E-001 -0.3728215421859288E-001  0.3757271435477429E-003
 0.5875000000000000E+000  0.1047197600000000E+000 -0.7196771266743184E-001  0.7169737056528230E-001  0.7186056257728059E-001 -0.3357238017788074E-001  0.3949813601347610E-003
 0.6025000000000000E+000  0.1047197600000000E+000 -0.6790505422440091E-001  0.6764730142641442E-001  0.6779829934238622E-001 -0.3021655826866112E-001  0.4147026571703346E-003
 0.6172222200000000E+000  0.1047197600000000E+000 -0.6410579107330239E-001  0.6385929534769089E-001  0.6399947233956675E-001 -0.2718286201861277E-001  0.4348792938551071E-003
 0.6316666700000000E+000  0.1047197600000000E+000 -0.6054895683083857E-001  0.6031255661313270E-001  0.6044311902738179E-001 -0.2444196928993969E-001  0.4554959112329759E-003
 0.6458333300000000E+000  0.1047197600000000E+000 -0.5721547682006689E-001  0.5698816058400764E-001  0.5711016893596386E-001 -0.2196698418029680E-001  0.4765326508427102E-003
 0.6597222200000000E+000  0.1047197600000000E+000 -0.5408798126015233E-001  0.5386886962149471E-001  0.5398325689185938E-001 -0.1973330398895687E-001  0.4979643144599490E-003
 0.6733333300000000E+000  0.1047197600000000E+000 -0.5115066195242219E-001  0.5093899210925965E-001  0.5104657973590063E-001 -0.1771849120355872E-001  0.5197591810938131E-003
 0.6866666700000000E+000  0.1047197600000000E+000 -0.4838911178030154E-001  0.4818422408570247E-001  0.4828573586081650E-001 -0.1590211413078715E-001  0.5418778399314871E-003
 0.6997222200000000E+000  0.1047197600000000E+000 -0.4579019790842182E-001  0.4559152426081923E-001  0.4568759844425910E-001 -0.1426559997968903E-001  0.5642716778008636E-003
 0.7125000000000000E+000  0.1047197600000000E+000 -0.4334192152473792E-001  0.4314897540637929E-001  0.4324017523121717E-001 -0.1279207334727971E-001  0.5868813486373426E-003
 0.7250000000000000E+000  0.1047197600000000E+000 -0.4103331698861692E-001  0.4084568487691283E-001  0.4093250771334633E-001 -0.1146621810545261E-001  0.6096347584100129E-003
 0.7372222200000000E+000  0.1047197600000000E+000 -0.3885433909218465E-001  0.3867167311420427E-001  0.3875455842508815E-001 -0.1027413226019192E-001  0.6324449548994560E-003
 0.7491666700000000E+000  0.1047197600000000E+000 -0.3679576818022852E-001  0.3661777982719371E-001  0.3669711609152276E-001 -0.9203196661704816E-002  0.6552076349098689E-003
 0.7608333300000000E+000  0.1047197600000000E+000 -0.3484913041477294E-001  0.3467558515677787E-001  0.3475171590869040E-001 -0.8241955594395502E-002  0.6777982207264298E-003
 0.7722222200000000E+000  0.1047197600000000E+000 -0.3300660708410671E-001  0.3283731979668762E-001  0.3291054886740157E-001 -0.7379996678421373E-002  0.7000687631503046E-003
 0.7833333300000000E+000  0.1047197600000000E+000 -0.3126097465636159E-001  0.3109580568471813E-001  0.3116640179072006E-001 -0.6607851531405904E-002  0.7218441654229517E-003
 0.7941666700000000E+000  0.1047197600000000E+000 -0.2960553103594584E-001  0.2944438283012627E-001  0.2951258356376084E-001 -0.5916894846781024E-002  0.7429182144623416E-003
 0.8047222200000000E+000  0.1047197600000000E+000 -0.2803404340028458E-001  0.2787685757477779E-001  0.2794287289917457E-001 -0.5299258669910063E-002  0.7630490017506246E-003
 0.8149999999999999E+000  0.1047197600000000E+000 -0.2654068269089315E-001  0.2638743744460266E-001  0.2645145273278521E-001 -0.4747746379697206E-002  0.7819542005719785E-003
 0.8250000000000000E+000  0.1047197600000000E+000 -0.2511998379456370E-001  0.2497069152606948E-001  0.2503287023159661E-001 -0.4255762185491377E-002  0.7993057919964482E-003
 0.8347222200000000E+000  0.1047197600000000E+000 -0.2376679349023102E-001  0.2362149852851290E-001  0.2368198451389076E-001 -0.3817240630959075E-002  0.8147248934854954E-003
 0.8441666700000000E+000  0.1047197600000000E+000 -0.2247622871068406E-001  0.2233500501383391E-001  0.2239392458831257E-001 -0.3426585164992759E-002  0.8277766841119462E-003
 0.8533333300000000E+000  0.1047197600000000E+000 -0.2124364440131635E-001  0.2110659305562906E-001  0.2116405676525086E-001 -0.3078614661647730E-002  0.8379659192960711E-003
 0.8622222200000000E+000  0.1047197600000000E+000 -0.2006459118516749E-001  0.1993183758395360E-001  0.1998794176763141E-001 -0.2768512463141352E-002  0.8447339151053131E-003
 0.8708333300000000E+000  0.1047197600000000E+000 -0.1893479760634774E-001  0.1880648805652113E-001  0.1886131621822539E-001 -0.2491788733062116E-002  0.8474576987826176E-003
 0.8791666700000000E+000  0.1047197600000000E+000 -0.1785014314436054E-001  0.1772644074631356E-001  0.1778006474768380E-001 -0.2244247278271968E-002  0.8454530722357454E-003
 0.8872222200000000E+000  0.1047197600000000E+000 -0.1680665333557387E-001  0.1668773286337723E-001  0.1674021397190285E-001 -0.2021966634546320E-002  0.8379834274415439E-003
 0.8950000000000000E+000  0.1047197600000000E+000 -0.1580049073112076E-001  0.1568653235885709E-001  0.1573792215088814E-001 -0.1821290780078724E-002  0.8242770128157017E-003
 0.9025000000000000E+000  0.1047197600000000E+000 -0.1482797886828243E-001  0.1471916046944584E-001  0.1476950162157268E-001 -0.1638839782935869E-002  0.8035562578452465E-003
 0.9097222200000000E+000  0.1047197600000000E+000 -0.1388563079985679E-001  0.1378211876180819E-001  0.1383144572511261E-001 -0.1471535933989425E-002  0.7750832727013180E-003
 0.9166666700000000E+000  0.1047197600000000E+000 -0.1297020591991329E-001  0.1287214446482347E-001  0.1292048403427478E-001 -0.1316651497110027E-002  0.7382264088612950E-003
 0.9233333300000000E+000  0.1047197600000000E+000 -0.1207879917569966E-001  0.1198629838560717E-001  0.1203367017278039E-001 -0.1171877370773786E-002  0.6925529075016546E-003
 0.9297222200000000E+000  0.1047197600000000E+000 -0.1120894501242175E-001  0.1112206820015206E-001  0.1116848499119601E-001 -0.1035404911224659E-002  0.6379498754106032E-003
 0.9358333300000000E+000  0.1047197600000000E+000 -0.1035876761728254E-001  0.1027751890626798E-001  0.1032298691738327E-001 -0.9060152388708561E-003  0.5747740194419656E-003
 0.9416666700000000E+000  0.1047197600000000E+000 -0.9527134448998413E-002  0.9451448121266727E-002  0.9495967120294680E-002 -0.7831500428679278E-003  0.5040188885983836E-003
 0.9472222200000000E+000  0.1047197600000000E+000 -0.8713824497881524E-002  0.8643557918380397E-002  0.8687121208312706E-002 -0.6669385056878350E-003  0.4274772727497927E-003
 0.9525000000000000E+000  0.1047197600000000E+000 -0.7919649126779249E-002  0.7854581457544408E-002  0.7897175678459550E-002 -0.5581392234193431E-003  0.3478507859286646E-003
 0.9575000000000000E+000  0.1047197600000000E+000 -0.7146519701240895E-002  0.7086358078284045E-002  0.7127962826175506E-002 -0.4579708985181993E-003  0.2687384851543784E-003
 0.9622222200000000E+000  0.1047197600000000E+000 -0.6397378311558063E-002  0.6341772378710008E-002  0.6382359599766192E-002 -0.3678196603830854E-003  0.1944094107315705E-003
 0.9666666700000000E+000  0.1047197600000000E+000 -0.5675978934987017E-002  0.5624542721384423E-002  0.5664075866235972E-002 -0.2888678558895681E-003  0.1292761944801895E-003
 0.9708333300000000E+000  0.1047197600000000E+000 -0.4986524729780816E-002  0.4938862807136004E-002  0.4977295724439577E-002 -0.2217448622764199E-003  0.7705429290225738E-004
 0.9747222200000000E+000  0.1047197600000000E+000 -0.4333201100138014E-002  0.4288934716793840E-002  0.4326210193275600E-002 -0.1663294488784678E-003  0.3975352959080975E-004
 0.9783333300000000E+000  0.1047197600000000E+000 -0.3719762587863922E-002  0.3678551568047644E-002  0.3714599419623272E-002 -0.1217956033983633E-003  0.1689495999826658E-004
 0.9816666700000000E+000  0.1047197600000000E+000 -0.3149249645233447E-002  0.3110808234090739E-002  0.3145542701109809E-002 -0.8686072814505390E-004  0.5505767752707566E-005
 0.9847222200000000E+000  0.1047197600000000E+000 -0.2623920442680284E-002  0.2588027762293831E-002  0.2621343922824892E-002 -0.6008536708978277E-004  0.1237211844631003E-005
 0.9875000000000000E+000  0.1047197600000000E+000 -0.2145312471558203E-002  0.2111819964464202E-002  0.2143588618357482E-002 -0.4007525881098961E-004  0.1626065569478024E-006
 0.9900000000000000E+000  0.1047197600000000E+000 -0.1714389167261910E-002  0.1683227340924650E-002  0.1713287592752685E-002 -0.2556163479317673E-004  0.9143560924268028E-008
 0.9922222200000000E+000  0.1047197600000000E+000 -0.1331669217860152E-002  0.1302856195688302E-002  0.1331004284348780E-002 -0.1541586903967018E-004 -0.6506593030724700E-011
 0.9941666700000000E+000  0.1047197600000000E+000 -0.9973459784563608E-003  0.9710009561469127E-003  0.9969728975100821E-003 -0.8647748273426987E-005 -0.1057819849835830E-010
 0.9958333300000000E+000  0.1047197600000000E+000 -0.7113953742847043E-003  0.6877618037774887E-003  0.7112055237084524E-003 -0.4401644086344619E-005 -0.7284075558108006E-013
 0.9972222200000000E+000  0.1047197600000000E+000 -0.4736479043113001E-003  0.4531344039155961E-003  0.4735637364819029E-003 -0.1952360263803684E-005  0.9645707618455145E-015
 0.9983333300000000E+000  0.1047197600000000E+000 -0.2838693293755202E-003  0.2671135361067298E-003  0.2838390954355092E-003 -0.7017105753522639E-006  0.1816391193493273E-017
 0.9991666700000000E+000  0.1047197600000000E+000 -0.1418069188781813E-003  0.1300457678198094E-003  0.1417993738257698E-003 -0.1752101602257292E-006 -0.1505849175509377E-019
 0.9997222200000000E+000  0.1047197600000000E+000 -0.4724024239940712E-004  0.3948394807840678E-004  0.4723940507359654E-004 -0.1945223048302099E-007 -0.3163105383479078E-018
 0.1000000000000000E+001  0.1047197600000000E+000  0.1392349226800261E-188  0.1392349226800261E-188 -0.1392349226800261E-188  0.1392349226800261E-188  0.1392349226800261E-188

 0.0000000000000000E+000  0.2058284800000000E+000 -0.3686237649072475E+000  0.3607053137297488E+000  0.3685134718876390E+000 -0.2964000000000000E+000  0.1217935614558390E-003
 0.2777777800000000E-003  0.2058284800000000E+000 -0.3686236037700550E+000  0.3607051576031575E+000  0.3685133107504969E+000 -0.2963999051041814E+000  0.1217936563818523E-003
 0.8333333300000000E-003  0.2058284800000000E+000 -0.3686223130665822E+000  0.3607039070344251E+000  0.3685120200474274E+000 -0.2963991449894617E+000  0.1217944167384996E-003
 0.1666666700000000E-002  0.2058284800000000E+000 -0.3686179479425501E+000  0.3606996776449146E+000  0.3685076549247597E+000 -0.2963965742704297E+000  0.1217969882766842E-003
 0.2777777800000000E-002  0.2058284800000000E+000 -0.3686075712893298E+000  0.3606896236555599E+000  0.3684972782747832E+000 -0.2963904630311175E+000  0.1218031014692345E-003
 0.4166666700000000E-002  0.2058284800000000E+000 -0.3685872304114272E+000  0.3606699152786494E+000  0.3684769374032411E+000 -0.2963784826462362E+000  0.1218150857074088E-003
 0.5833333300000000E-002  0.2058284800000000E+000 -0.3685519267267881E+000  0.3606357093575255E+000  0.3684416337296464E+000 -0.2963576869339087E+000  0.1218358881847534E-003
 0.7777777800000000E-002  0.2058284800000000E+000 -0.3684955792371066E+000  0.3605811139673559E+000  0.3683852862576063E+000 -0.2963244886903380E+000  0.1218690974304867E-003
 0.1000000000000000E-001  0.2058284800000000E+000 -0.3684109828332324E+000  0.3604991480075051E+000  0.3683006898802492E+000 -0.2962746317249537E+000  0.1219189713922266E-003
 0.1250000000000000E-001  0.2058284800000000E+000 -0.3682897627254295E+000  0.3603816970332456E+000  0.3681794698105089E+000 -0.2962031585044100E+000  0.1219904699868158E-003
 0.1527777800000000E-001  0.2058284800000000E+000 -0.3681223267877967E+000  0.3602194670580077E+000  0.3680120339255777E+000 -0.2961043736471589E+000  0.1220892919182952E-003
 0.1833333300000000E-001  0.2058284800000000E+000 -0.3678978180969342E+000  0.3600019385321592E+000  0.3677875253056140E+000 -0.2959718036213385E+000  0.1222219154726743E-003
 0.2166666700000000E-001  0.2058284800000000E+000 -0.3676040698860769E+000  0.3597173226463614E+000  0.3674937771879249E+000 -0.2957981527716350E+000  0.1223956432601779E-003
 0.2527777800000000E-001  0.2058284800000000E+000 -0.3672275675241587E+000  0.3593525244203647E+000  0.3671172749460940E+000 -0.2955752570138513E+000  0.1226186497141902E-003
 0.2916666700000000E-001  0.2058284800000000E+000 -0.3667534195349092E+000  0.3588931145228947E+000  0.3666431271091549E+000 -0.2952940348144635E+000  0.1229000319567339E-003
 0.3333333300000000E-001  0.2058284800000000E+000 -0.3661653445860518E+000  0.3583233165285315E+000  0.3660550523508840E+000 -0.2949444378178142E+000  0.1232498620092657E-003
 0.3777777800000000E-001  0.2058284800000000E+000 -0.3654456777070861E+000  0.3576260127576117E+000  0.3653353857076997E+000 -0.2945154012100929E+000  0.1236792407681917E-003
 0.4250000000000000E-001  0.2058284800000000E+000 -0.3645754047826777E+000  0.3567827774507887E+000  0.3644651130721918E+000 -0.2939947973423914E+000  0.1242003509622327E-003
 0.4750000000000000E-001  0.2058284800000000E+000 -0.3635342283194989E+000  0.3557739401650590E+000  0.3634239369601345E+000 -0.2933693926848505E+000  0.1248265100800112E-003
 0.5277777800000000E-001  0.2058284800000000E+000 -0.3623006755893883E+000  0.3545786901269045E+000  0.3621903846538516E+000 -0.2926248133685531E+000  0.1255722194920317E-003
 0.5833333300000000E-001  0.2058284800000000E+000 -0.3608522543906328E+000  0.3531752265944642E+000  0.3607419639637450E+000 -0.2917455217269605E+000  0.1264532093866998E-003
 0.6416666700000000E-001  0.2058284800000000E+000 -0.3591656629499879E+000  0.3515409615164850E+000  0.3590553731306093E+000 -0.2907148079834850E+000  0.1274864780928113E-003
 0.7027777800000000E-001  0.2058284800000000E+000 -0.3572170645548420E+000  0.3496527847116188E+000  0.3571067754581430E+000 -0.2895148051449440E+000  0.1286903212696694E-003
 0.7666666699999999E-001  0.2058284800000000E+000 -0.3549824250641814E+000  0.3474873897332769E+000  0.3548721368243227E+000 -0.2881265294865809E+000  0.1300843530914691E-003
 0.8333333300000000E-001  0.2058284800000000E+000 -0.3524379233007276E+000  0.3450216700698497E+000  0.3523276360740166E+000 -0.2865299586253270E+000  0.1316895129654293E-003
 0.9027777800000000E-001  0.2058284800000000E+000 -0.3495604269861356E+000  0.3422331785302272E+000  0.3494501409547345E+000 -0.2847041513610852E+000  0.1335280602185260E-003
 0.9750000000000000E-001  0.2058284800000000E+000 -0.3463280375602890E+000  0.3391006530218287E+000  0.3462177529365553E+000 -0.2826274232401396E+000  0.1356235503106374E-003
 0.1050000000000000E+000  0.2058284800000000E+000 -0.3427206842061066E+000  0.3356045896389618E+000  0.3426104012376567E+000 -0.2802775805582820E+000  0.1380007980784285E-003
 0.1127777800000000E+000  0.2058284800000000E+000 -0.3387207609802348E+000  0.3317278571660883E+000  0.3386104799558236E+000 -0.2776322269612456E+000  0.1406858221381562E-003
 0.1208333300000000E+000  0.2058284800000000E+000 -0.3343137894460167E+000  0.3274563359948990E+000  0.3342035107023291E+000 -0.2746691520438019E+000  0.1437057686217095E-003
 0.1291666700000000E+000  0.2058284800000000E+000 -0.3294890436637529E+000  0.3227795203645326E+000  0.3293787675932281E+000 -0.2713667813775721E+000  0.1470888412824692E-003
 0.1377777800000000E+000  0.2058284800000000E+000 -0.3242401990065276E+000  0.3176911436830895E+000  0.3241299260662919E+000 -0.2677047504614504E+000  0.1508641772106313E-003
 0.1466666700000000E+000  0.2058284800000000E+000 -0.3185658299596723E+000  0.3121896577045256E+000  0.3184555606817380E+000 -0.2636645017197177E+000  0.1550617696966239E-003
 0.1558333300000000E+000  0.2058284800000000E+000 -0.3124698704505732E+000  0.3062786759394741E+000  0.3123596054533860E+000 -0.2592299933132635E+000  0.1597123399330110E-003
 0.1652777800000000E+000  0.2058284800000000E+000 -0.3059618726885214E+000  0.2999672226636225E+000  0.3058516126900250E+000 -0.2543884080805639E+000  0.1648472581747248E-003
 0.1750000000000000E+000  0.2058284800000000E+000 -0.2990571788445368E+000  0.2932698987780188E+000  0.2989469246768429E+000 -0.2491309363719405E+000  0.1704984145369504E-003
 0.1850000000000000E+000  0.2058284800000000E+000 -0.2917768118041699E+000  0.2862067770105500E+000  0.2916665644300631E+000 -0.2434534691522160E+000  0.1766981811840583E-003
 0.1952777800000000E+000  0.2058284800000000E+000 -0.2841472458714385E+000  0.2788031827888996E+000  0.2840370064028482E+000 -0.2373572846693292E+000  0.1834793410516978E-003
 0.2058333300000000E+000  0.2058284800000000E+000 -0.2761999591084671E+000  0.2710892656531529E+000  0.2760897288271419E+000 -0.2308496093077556E+000  0.1908750678433715E-003
 0.2166666700000000E+000  0.2058284800000000E+000 -0.2679707785690131E+000  0.2630993721171473E+000  0.2678605589497038E+000 -0.2239440007083946E+000  0.1989189743322218E-003
 0.2277777800000000E+000  0.2058284800000000E+000 -0.2594991598772781E+000  0.2548713571046242E+000  0.2593889526136532E+000 -0.2166606079267482E+000  0.2076451250303531E-003
 0.2391666700000000E+000  0.2058284800000000E+000 -0.2508272490804124E+000  0.2464456859239136E+000  0.2507170561142291E+000 -0.2090261213662648E+000  0.2170881964656733E-003
 0.2508333300000000E+000  0.2058284800000000E+000 -0.2419989668035883E+000  0.2378645591961295E+000  0.2418887903574850E+000 -0.2010735584179665E+000  0.2272835972767643E-003
 0.2627777800000000E+000  0.2058284800000000E+000 -0.2330589942033207E+000  0.2291709429154189E+000  0.2329488368179405E+000 -0.1928417401785397E+000  0.2382677192652559E-003
 0.2750000000000000E+000  0.2058284800000000E+000 -0.2240518720415060E+000  0.2204077080968079E+000  0.2239417366175019E+000 -0.1843746208340356E+000  0.2500781337284197E-003
 0.2875000000000000E+000  0.2058284800000000E+000 -0.2150210576544496E+000  0.2116167281961124E+000  0.2149109475004605E+000 -0.1757203224939750E+000  0.2627539628679879E-003
 0.3002777800000000E+000  0.2058284800000000E+000 -0.2060081613587237E+000  0.2028381488680809E+000  0.2058980802462176E+000 -0.1669300908827974E+000  0.2763362001290727E-003
 0.3133333300000000E+000  0.2058284800000000E+000 -0.1970522735077190E+000  0.1941097430907520E+000  0.1969422257340508E+000 -0.1580571223351506E+000  0.2908681117952721E-003
 0.3266666700000000E+000  0.2058284800000000E+000 -0.1881894016747367E+000  0.1854663700492633E+000  0.1880793921361111E+000 -0.1491553214692191E+000  0.3063957326006289E-003
 0.3402777800000000E+000  0.2058284800000000E+000 -0.1794521249302788E+000  0.1769396418639459E+000  0.1793421592062441E+000 -0.1402781496238649E+000  0.3229682835342710E-003
 0.3541666700000000E+000  0.2058284800000000E+000 -0.1708692933345104E+000  0.1685576306665054E+000  0.1707593777867013E+000 -0.1314774494702801E+000  0.3406387961778549E-003
 0.3683333300000000E+000  0.2058284800000000E+000 -0.1624659374442963E+000  0.1603447770121794E+000  0.1623560793319440E+000 -0.1228024656345825E+000  0.3594646459599783E-003
 0.3827777800000000E+000  0.2058284800000000E+000 -0.1542632308409826E+000  0.1523218469494471E+000  0.1541534384570629E+000 -0.1142989521959101E+000  0.3795082615857342E-003
 0.3975000000000000E+000  0.2058284800000000E+000 -0.1462786220456135E+000  0.1445060520538043E+000  0.1461689048774990E+000 -0.1060085267058850E+000  0.4008377299127363E-003
 0.4125000000000000E+000  0.2058284800000000E+000 -0.1385259642926145E+000  0.1369111654694744E+000  0.1384163332132464E+000 -0.9796812359659603E-001  0.4235276502595321E-003
 0.4277777800000000E+000  0.2058284800000000E+000 -0.1310157686220554E+000  0.1295477573514056E+000  0.1309062361179232E+000 -0.9020969573829089E-001  0.4476599018460334E-003
 0.4433333300000000E+000  0.2058284800000000E+000 -0.1237554745834401E+000  0.1224234470351270E+000  0.1236460550280259E+000 -0.8276006314198610E-001  0.4733245303257822E-003
 0.4591666700000000E+000  0.2058284800000000E+000 -0.1167497293298669E+000  0.1155431634052592E+000  0.1166404393136746E+000 -0.7564089916000549E-001  0.5006207737606903E-003
 0.4752777800000000E+000  0.2058284800000000E+000 -0.1100007287308602E+000  0.1089094666571102E+000  0.1098915874609554E+000 -0.6886890128160029E-001  0.5296579722935094E-003
 0.4916666700000000E+000  0.2058284800000000E+000 -0.1035084947874274E+000  0.1025228084585612E+000  0.1033995245752410E+000 -0.6245600523509242E-001  0.5605567733199170E-003
 0.5083333300000000E+000  0.2058284800000000E+000 -0.9727119689020314E-001  0.9638183639132350E-001  0.9716242374943948E-001 -0.5640973575006654E-001  0.5934501691353066E-003
 0.5247222200000000E+000  0.2058284800000000E+000 -0.9147621649683835E-001  0.9067172703062895E-001  0.9136766294924833E-001 -0.5091238428311397E-001  0.6273097622681789E-003
 0.5408333300000000E+000  0.2058284800000000E+000 -0.8608723866763074E-001  0.8535756451293958E-001  0.8597892936823433E-001 -0.4592120333554062E-001  0.6621296737824485E-003
 0.5566666700000000E+000  0.2058284800000000E+000 -0.8107079901865716E-001  0.8040712090255230E-001  0.8096276096534885E-001 -0.4139492036252336E-001  0.6979027206678802E-003
 0.5722222200000000E+000  0.2058284800000000E+000 -0.7639621789996554E-001  0.7579080487840863E-001  0.7628848066410836E-001 -0.3729428619762451E-001  0.7346193687824331E-003
 0.5875000000000000E+000  0.2058284800000000E+000 -0.7203544159532924E-001  0.7148151833722639E-001  0.7192803757748548E-001 -0.3358237547303444E-001  0.7722668761760742E-003
 0.6025000000000000E+000  0.2058284800000000E+000 -0.6796289570107251E-001  0.6745452421056969E-001  0.6785586041150442E-001 -0.3022476749957110E-001  0.8108280079853028E-003
 0.6172222200000000E+000  0.2058284800000000E+000 -0.6415529027744134E-001  0.6368726559936197E-001  0.6404866264575049E-001 -0.2718958345987103E-001  0.8502798758516615E-003
 0.6316666700000000E+000  0.2058284800000000E+000 -0.6059143423223511E-001  0.6015919284414979E-001  0.6048525694796808E-001 -0.2444745540292439E-001  0.8905925283479661E-003
 0.6458333300000000E+000  0.2058284800000000E+000 -0.5725206230581759E-001  0.5685160189140300E-001  0.5714638219109962E-001 -0.2197144772333442E-001  0.9317272295327565E-003
 0.6597222200000000E+000  0.2058284800000000E+000 -0.5411964325394462E-001  0.5374745289284149E-001  0.5401451167419701E-001 -0.1973692358180549E-001  0.9736348181168573E-003
 0.6733333300000000E+000  0.2058284800000000E+000 -0.5117823227596222E-001  0.5083123154335803E-001  0.5107370558645857E-001 -0.1772141631117317E-001  0.1016253396726928E-002
 0.6866666700000000E+000  0.2058284800000000E+000 -0.4841330681457902E-001  0.4808879296908572E-001  0.4830944684926483E-001 -0.1590446945637792E-001  0.1059506052659252E-002
 0.6997222200000000E+000  0.2058284800000000E+000 -0.4581163661939016E-001  0.4550723868841575E-001  0.4570851121946228E-001 -0.1426748929935411E-001  0.1103297903386125E-002
 0.7125000000000000E+000  0.2058284800000000E+000 -0.4336114078011026E-001  0.4307477985564009E-001  0.4325882436952563E-001 -0.1279358282318936E-001  0.1147513107188486E-002
 0.7250000000000000E+000  0.2058284800000000E+000 -0.4105078458785200E-001  0.4078063931607021E-001  0.4094935878846137E-001 -0.1146741913289473E-001  0.1192010926543864E-002
 0.7372222200000000E+000  0.2058284800000000E+000 -0.3887046481253761E-001  0.3861494155504194E-001  0.3877001910352431E-001 -0.1027508389639514E-001  0.1236621605641564E-002
 0.7491666700000000E+000  0.2058284800000000E+000 -0.3681091312051896E-001  0.3656862010752439E-001  0.3671154553709462E-001 -0.9203947689140870E-002  0.1281141499826166E-002
 0.7608333300000000E+000  0.2058284800000000E+000 -0.3486361485823048E-001  0.3463333976045570E-001  0.3476543271937510E-001 -0.8242546266817658E-002  0.1325327362438885E-002
 0.7722222200000000E+000  0.2058284800000000E+000 -0.3302071704509270E-001  0.3280140761420524E-001  0.3292383771080182E-001 -0.7380460191546500E-002  0.1368890291984242E-002
 0.7833333300000000E+000  0.2058284800000000E+000 -0.3127496724972494E-001  0.3106571446507234E-001  0.3117951887939524E-001 -0.6608215259303477E-002  0.1411488349975622E-002
 0.7941666700000000E+000  0.2058284800000000E+000 -0.2961963874952327E-001  0.2941966222999581E-001  0.2952576105215290E-001 -0.5917181376369805E-002  0.1452718800010258E-002
 0.8047222200000000E+000  0.2058284800000000E+000 -0.2804847732004038E-001  0.2785711257905343E-001  0.2795632225346538E-001 -0.5299486663944310E-002  0.1492109149877719E-002
 0.8149999999999999E+000  0.2058284800000000E+000 -0.2655563468762717E-001  0.2637232203638613E-001  0.2646536708264545E-001 -0.4747931292143491E-002  0.1529107908014108E-002
 0.8250000000000000E+000  0.2058284800000000E+000 -0.2513562763830639E-001  0.2495990234263779E-001  0.2504742567005766E-001 -0.4255916850660547E-002  0.1563074254437843E-002
 0.8347222200000000E+000  0.2058284800000000E+000 -0.2378328482682296E-001  0.2361476834313768E-001  0.2369734027673829E-001 -0.3817375742158171E-002  0.1593267902370069E-002
 0.8441666700000000E+000  0.2058284800000000E+000 -0.2249370379850087E-001  0.2233209579320405E-001  0.2241022200576432E-001 -0.3426709655621358E-002  0.1618839134712754E-002
 0.8533333300000000E+000  0.2058284800000000E+000 -0.2126221747487174E-001  0.2110728833339849E-001  0.2118141684330037E-001 -0.3078735997837274E-002  0.1638819974462162E-002
 0.8622222200000000E+000  0.2058284800000000E+000 -0.2008435031821283E-001  0.1993593394719845E-001  0.2000646125607028E-001 -0.2768636853817157E-002  0.1652118205621492E-002
 0.8708333300000000E+000  0.2058284800000000E+000 -0.1895579893421540E-001  0.1881378546143017E-001  0.1888106200317035E-001 -0.2491921260951822E-002  0.1657515600269564E-002
 0.8791666700000000E+000  0.2058284800000000E+000 -0.1787240339347680E-001  0.1773673154204519E-001  0.1780106648443490E-001 -0.2244391953680211E-002  0.1653673764839332E-002
 0.8872222200000000E+000  0.2058284800000000E+000 -0.1683014070687624E-001  0.1670078944327452E-001  0.1676245496283097E-001 -0.2022126373841340E-002  0.1639151199176376E-002
 0.8950000000000000E+000  0.2058284800000000E+000 -0.1582511444221297E-001  0.1570209366299656E-001  0.1576132872005852E-001 -0.1821467313887503E-002  0.1612436853997562E-002
 0.9025000000000000E+000  0.2058284800000000E+000 -0.1485357798548593E-001  0.1473691783471220E-001  0.1479393155531132E-001 -0.1639033505487853E-002  0.1572007256024616E-002
 0.9097222200000000E+000  0.2058284800000000E+000 -0.1391196356911894E-001  0.1380170224822618E-001  0.1385667692335658E-001 -0.1471745717712150E-002  0.1516415290302180E-002
 0.9166666700000000E+000  0.2058284800000000E+000 -0.1299694151175475E-001  0.1289311148161050E-001  0.1294620523459195E-001 -0.1316874514745041E-002  0.1444420256467125E-002
 0.9233333300000000E+000  0.2058284800000000E+000 -0.1210551464863346E-001  0.1200812737443096E-001  0.1205947653065368E-001 -0.1172108990828146E-002  0.1355169124915045E-002
 0.9297222200000000E+000  0.2058284800000000E+000 -0.1123513118959378E-001  0.1114416111786444E-001  0.1119388225858406E-001 -0.1035638756517880E-002  0.1248433499912494E-002
 0.9358333300000000E+000  0.2058284800000000E+000 -0.1038384811445713E-001  0.1029921687239536E-001  0.1034740860708358E-001 -0.9062435100765261E-003  0.1124903262117509E-002
 0.9416666700000000E+000  0.2058284800000000E+000 -0.9550501719102402E-002  0.9472064405034588E-002  0.9518808814576545E-002 -0.7833641921435388E-003  0.9865149744650594E-003
 0.9472222200000000E+000  0.2058284800000000E+000 -0.8734894638612982E-002  0.8662430441211363E-002  0.8707794191046355E-002 -0.6671302764968131E-003  0.8367712774291611E-003
 0.9525000000000000E+000  0.2058284800000000E+000 -0.7937932420140372E-002  0.7871142309748978E-002  0.7915177373115138E-002 -0.5583019395582121E-003  0.6809571257115971E-003
 0.9575000000000000E+000  0.2058284800000000E+000 -0.7161696469078829E-002  0.7100210029775285E-002  0.7142954033849100E-002 -0.4581007121189690E-003  0.5261189093688443E-003
 0.9622222200000000E+000  0.2058284800000000E+000 -0.6409361037856468E-002  0.6352753367263112E-002  0.6394229534113050E-002 -0.3679163334226315E-003  0.3806195088625789E-003
 0.9666666700000000E+000  0.2058284800000000E+000 -0.5684936627505715E-002  0.5632753656101641E-002  0.5672970375356138E-002 -0.2889346839117674E-003  0.2531064728414260E-003
 0.9708333300000000E+000  0.2058284800000000E+000 -0.4992850825825553E-002  0.4944638715012558E-002  0.4983588802063022E-002 -0.2217876419420866E-003  0.1508632041548261E-003
 0.9747222200000000E+000  0.2058284800000000E+000 -0.4337426130008417E-002  0.4292759048348254E-002  0.4330418666770289E-002 -0.1663548555137886E-003  0.7783152199194098E-004
 0.9783333300000000E+000  0.2058284800000000E+000 -0.3722441194387967E-002  0.3680942617449614E-002  0.3717269821354124E-002 -0.1218096743943082E-003  0.3307679840946753E-004
 0.9816666700000000E+000  0.2058284800000000E+000 -0.3150867324783656E-002  0.3112223714980925E-002  0.3147156351635724E-002 -0.8686802752628985E-004  0.1077868682165950E-004
 0.9847222200000000E+000  0.2058284800000000E+000 -0.2624850493516277E-002  0.2588819416876920E-002  0.2622272064996469E-002 -0.6008890939098305E-004  0.2421981825056955E-005
 0.9875000000000000E+000  0.2058284800000000E+000 -0.2145818251125277E-002  0.2112234194313180E-002  0.2144093551283213E-002 -0.4007685285478916E-004  0.3183037697722796E-006
 0.9900000000000000E+000  0.2058284800000000E+000 -0.1714646340708009E-002  0.1683426491768357E-002  0.1713544422424122E-002 -0.2556228973782715E-004  0.1789735361697580E-007
 0.9922222200000000E+000  0.2058284800000000E+000 -0.1331789437881117E-002  0.1302941592967234E-002  0.1331124379589523E-002 -0.1541610927296325E-004 -0.1279613477241519E-010
 0.9941666700000000E+000  0.2058284800000000E+000 -0.9973963967331288E-003  0.9710319110118167E-003  0.9970232766044480E-003 -0.8647824414411645E-005 -0.2070642959819934E-010
 0.9958333300000000E+000  0.2058284800000000E+000 -0.7114136520593141E-003  0.6877702010932175E-003  0.7112237913533139E-003 -0.4401663931052481E-005 -0.1425589428069196E-012
 0.9972222200000000E+000  0.2058284800000000E+000 -0.4736532956051745E-003  0.4531354210035796E-003  0.4735691257868509E-003 -0.1952364187179427E-005  0.1888168172024279E-014
 0.9983333300000000E+000  0.2058284800000000E+000 -0.2838704896149863E-003  0.2671131262514156E-003  0.2838402554185276E-003 -0.7017110841392202E-006  0.3518450678128922E-017
 0.9991666700000000E+000  0.2058284800000000E+000 -0.1418070634982603E-003  0.1300455207501255E-003  0.1417995184298915E-003 -0.1752101920391339E-006  0.1169855458917247E-018
 0.9997222200000000E+000  0.2058284800000000E+000 -0.4724024774573665E-004  0.3948390996360490E-004  0.4723941041972971E-004 -0.1945223087595429E-007 -0.1271451283550674E-018
 0.1000000000000000E+001  0.2058284800000000E+000 -0.1392349226800261E-188 -0.1392349226800261E-188  0.1392349226800261E-188 -0.1392349226800261E-188 -0.1392349226800261E-188

 0.0000000000000000E+000  0.3033261900000000E+000 -0.3730534118178833E+000  0.3562757602282970E+000  0.3729431114211145E+000 -0.2964000000000000E+000  0.1779953395519206E-003
 0.2777777800000000E-003  0.3033261900000000E+000 -0.3730532473367678E+000  0.3562756065294649E+000  0.3729429469400342E+000 -0.2963999056474451E+000  0.1779954782817732E-003
 0.8333333300000000E-003  0.3033261900000000E+000 -0.3730519298485956E+000  0.3562743754070066E+000  0.3729416294521444E+000 -0.2963991498842269E+000  0.1779965895068441E-003
 0.1666666700000000E-002  0.3033261900000000E+000 -0.3730474741396066E+000  0.3562702117843141E+000  0.3729371737441105E+000 -0.2963965938815614E+000  0.1780003476875773E-003
 0.2777777800000000E-002  0.3033261900000000E+000 -0.3730368821513493E+000  0.3562603141343361E+000  0.3729265817581237E+000 -0.2963905176237752E+000  0.1780092818276966E-003
 0.4166666700000000E-002  0.3033261900000000E+000 -0.3730161191662881E+000  0.3562409122235679E+000  0.3729058187775147E+000 -0.2963786058041533E+000  0.1780267962217263E-003
 0.5833333300000000E-002  0.3033261900000000E+000 -0.3729800828846447E+000  0.3562072382097888E+000  0.3728697825036028E+000 -0.2963579290705430E+000  0.1780571980528614E-003
 0.7777777800000000E-002  0.3033261900000000E+000 -0.3729225661470007E+000  0.3561534917961797E+000  0.3728122657783103E+000 -0.2963249206651072E+000  0.1781057317858991E-003
 0.1000000000000000E-001  0.3033261900000000E+000 -0.3728362143925905E+000  0.3560728004570664E+000  0.3727259140424701E+000 -0.2962753485684584E+000  0.1781786202088424E-003
 0.1250000000000000E-001  0.3033261900000000E+000 -0.3727124791733403E+000  0.3559571759645613E+000  0.3726021788498839E+000 -0.2962042832461309E+000  0.1782831120044202E-003
 0.1527777800000000E-001  0.3033261900000000E+000 -0.3725415695545968E+000  0.3557974689215236E+000  0.3724312692680770E+000 -0.2961060612254746E+000  0.1784275355578771E-003
 0.1833333300000000E-001  0.3033261900000000E+000 -0.3723124037355848E+000  0.3555833234738633E+000  0.3722021034987861E+000 -0.2959742448386798E+000  0.1786213585766831E-003
 0.2166666700000000E-001  0.3033261900000000E+000 -0.3720125631639056E+000  0.3553031343183458E+000  0.3719022629924996E+000 -0.2958015782388191E+000  0.1788752534793465E-003
 0.2527777800000000E-001  0.3033261900000000E+000 -0.3716282538577747E+000  0.3549440103990138E+000  0.3715179537707446E+000 -0.2955799409987676E+000  0.1792011668130521E-003
 0.2916666700000000E-001  0.3033261900000000E+000 -0.3711442770033826E+000  0.3544917472092418E+000  0.3710339770235114E+000 -0.2953002988879768E+000  0.1796123935914148E-003
 0.3333333300000000E-001  0.3033261900000000E+000 -0.3705440159138184E+000  0.3539308143024636E+000  0.3704337160682562E+000 -0.2949526541489063E+000  0.1801236535984285E-003
 0.3777777800000000E-001  0.3033261900000000E+000 -0.3698094426906947E+000  0.3532443611096404E+000  0.3696991430116228E+000 -0.2945259953319365E+000  0.1807511702715943E-003
 0.4250000000000000E-001  0.3033261900000000E+000 -0.3689211538407812E+000  0.3524142496790712E+000  0.3688108543661954E+000 -0.2940082501603061E+000  0.1815127480972057E-003
 0.4750000000000000E-001  0.3033261900000000E+000 -0.3678584379282220E+000  0.3514211171791731E+000  0.3677481387028618E+000 -0.2933862414663111E+000  0.1824278499622985E-003
 0.5277777800000000E-001  0.3033261900000000E+000 -0.3665993866185780E+000  0.3502444787295120E+000  0.3664890876950331E+000 -0.2926456513993149E+000  0.1835176689450976E-003
 0.5833333300000000E-001  0.3033261900000000E+000 -0.3651210544908124E+000  0.3488628755271896E+000  0.3650107559308425E+000 -0.2917709962845542E+000  0.1848051939881465E-003
 0.6416666700000000E-001  0.3033261900000000E+000 -0.3633996743023975E+000  0.3472540744485742E+000  0.3632893761785072E+000 -0.2907456162490868E+000  0.1863152673678415E-003
 0.7027777800000000E-001  0.3033261900000000E+000 -0.3614109385434539E+000  0.3453953291761747E+000  0.3613006409407710E+000 -0.2895516876427668E+000  0.1880746273563560E-003
 0.7666666699999999E-001  0.3033261900000000E+000 -0.3591303454159940E+000  0.3432637010244960E+000  0.3590200484345069E+000 -0.2881702606640484E+000  0.1901119391840055E-003
 0.8333333300000000E-001  0.3033261900000000E+000 -0.3565336194668329E+000  0.3408364489384769E+000  0.3564233232240447E+000 -0.2865813341961068E+000  0.1924578048603736E-003
 0.9027777800000000E-001  0.3033261900000000E+000 -0.3535971993941127E+000  0.3380914815942555E+000  0.3534869040281835E+000 -0.2847639721251598E+000  0.1951447554127041E-003
 0.9750000000000000E-001  0.3033261900000000E+000 -0.3502987964289767E+000  0.3350078747229778E+000  0.3501885021024233E+000 -0.2826964751898710E+000  0.1982072161266756E-003
 0.1050000000000000E+000  0.3033261900000000E+000 -0.3466180031769791E+000  0.3315664348340823E+000  0.3465077100810137E+000 -0.2803566112840369E+000  0.2016814528339669E-003
 0.1127777800000000E+000  0.3033261900000000E+000 -0.3425369466279723E+000  0.3277503034965111E+000  0.3424266549875638E+000 -0.2777219185774118E+000  0.2056054906653085E-003
 0.1208333300000000E+000  0.3033261900000000E+000 -0.3380409672586518E+000  0.3235455854097544E+000  0.3379306773383939E+000 -0.2747700911427841E+000  0.2100190026009712E-003
 0.1291666700000000E+000  0.3033261900000000E+000 -0.3331192596426899E+000  0.3189419401093305E+000  0.3330089717535830E+000 -0.2714794269543633E+000  0.2149632073315101E-003
 0.1377777800000000E+000  0.3033261900000000E+000 -0.3277655370574226E+000  0.3139331961297929E+000  0.3276552515646379E+000 -0.2678294008896120E+000  0.2204806876304603E-003
 0.1466666700000000E+000  0.3033261900000000E+000 -0.3219785414500314E+000  0.3085178210729074E+000  0.3218682587817935E+000 -0.2638012625825943E+000  0.2266152776331503E-003
 0.1558333300000000E+000  0.3033261900000000E+000 -0.3157625142812721E+000  0.3026993562922777E+000  0.3156522349389346E+000 -0.2593787478587323E+000  0.2334118753469018E-003
 0.1652777800000000E+000  0.3033261900000000E+000 -0.3091274606126762E+000  0.2964866601351649E+000  0.3090171851821357E+000 -0.2545487926039326E+000  0.2409163274441538E-003
 0.1750000000000000E+000  0.3033261900000000E+000 -0.3020893226962661E+000  0.2898940693841627E+000  0.3019790518607964E+000 -0.2493023226285809E+000  0.2491752404554872E-003
 0.1850000000000000E+000  0.3033261900000000E+000 -0.2946698652143479E+000  0.2829412944791644E+000  0.2945595997690504E+000 -0.2436349561267243E+000  0.2582359255291571E-003
 0.1952777800000000E+000  0.3033261900000000E+000 -0.2868964360181025E+000  0.2756532025751293E+000  0.2867861768860941E+000 -0.2375477013750916E+000  0.2681462942835328E-003
 0.2058333300000000E+000  0.3033261900000000E+000 -0.2788015020755080E+000  0.2680593949625237E+000  0.2786912503260536E+000 -0.2310475299112656E+000  0.2789548295987460E-003
 0.2166666700000000E+000  0.3033261900000000E+000 -0.2704219722921377E+000  0.2601935897315197E+000  0.2703117291609965E+000 -0.2241477724477729E+000  0.2907106562381709E-003
 0.2277777800000000E+000  0.3033261900000000E+000 -0.2617984516198433E+000  0.2520929447745689E+000  0.2616882185320387E+000 -0.2168683912584336E+000  0.3034635594003727E-003
 0.2391666700000000E+000  0.3033261900000000E+000 -0.2529742721291994E+000  0.2437971754346612E+000  0.2528640507246700E+000 -0.2092359409291822E+000  0.3172642190002847E-003
 0.2508333300000000E+000  0.3033261900000000E+000 -0.2439945461963785E+000  0.2353476955728656E+000  0.2438843383588508E+000 -0.2012833622995250E+000  0.3321643852350458E-003
 0.2627777800000000E+000  0.3033261900000000E+000 -0.2349051199680614E+000  0.2267866659530734E+000  0.2347949278577771E+000 -0.1930494642758926E+000  0.3482172455498993E-003
 0.2750000000000000E+000  0.3033261900000000E+000 -0.2257516429944942E+000  0.2181561510814665E+000  0.2256414690853052E+000 -0.1845782545688837E+000  0.3654777116472461E-003
 0.2875000000000000E+000  0.3033261900000000E+000 -0.2165785970086655E+000  0.2094972347855276E+000  0.2164684441304690E+000 -0.1759179719640193E+000  0.3840029623801801E-003
 0.3002777800000000E+000  0.3033261900000000E+000 -0.2074285098479576E+000  0.2008493055670489E+000  0.2073183812353054E+000 -0.1671200357644078E+000  0.4038529120317081E-003
 0.3133333300000000E+000  0.3033261900000000E+000 -0.1983412647235957E+000  0.1922494258378561E+000  0.1982311640717037E+000 -0.1582378633884430E+000  0.4250907973749977E-003
 0.3266666700000000E+000  0.3033261900000000E+000 -0.1893535250000999E+000  0.1837318028954949E+000  0.1892434565297984E+000 -0.1493256162785162E+000  0.4477839021721162E-003
 0.3402777800000000E+000  0.3033261900000000E+000 -0.1804983830040875E+000  0.1753274640085329E+000  0.1803883515372305E+000 -0.1404370353072581E+000  0.4720041680062196E-003
 0.3541666700000000E+000  0.3033261900000000E+000 -0.1718050582681431E+000  0.1670639704359735E+000  0.1716950693159497E+000 -0.1316242519386735E+000  0.4978291070138253E-003
 0.3683333300000000E+000  0.3033261900000000E+000 -0.1632988119112882E+000  0.1589653289498096E+000  0.1631888717779733E+000 -0.1229367961412066E+000  0.5253425815787458E-003
 0.3827777800000000E+000  0.3033261900000000E+000 -0.1550009174022599E+000  0.1510519503787041E+000  0.1548910333075140E+000 -0.1144206925472302E+000  0.5546358415997113E-003
 0.3975000000000000E+000  0.3033261900000000E+000 -0.1469288048422547E+000  0.1433407679285461E+000  0.1468189850662090E+000 -0.1061178052760202E+000  0.5858084090843717E-003
 0.4125000000000000E+000  0.3033261900000000E+000 -0.1390962044197949E+000  0.1358453507397842E+000  0.1389864584760381E+000 -0.9806528439923484E-001  0.6189693274506107E-003
 0.4277777800000000E+000  0.3033261900000000E+000 -0.1315134152745028E+000  0.1285761345125754E+000  0.1314037541170811E+000 -0.9029526312841878E-001  0.6542382840939773E-003
 0.4433333300000000E+000  0.3033261900000000E+000 -0.1241875921652617E+000  0.1215406680976649E+000  0.1240780284377935E+000 -0.8283470447900501E-001  0.6917469072981680E-003
 0.4591666700000000E+000  0.3033261900000000E+000 -0.1171230401689026E+000  0.1147438677609152E+000  0.1170135885062833E+000 -0.7570538750999635E-001  0.7316402673307221E-003
 0.4752777800000000E+000  0.3033261900000000E+000 -0.1103215710478893E+000  0.1081883318350329E+000  0.1102122484429219E+000 -0.6892407996803722E-001  0.7740782080901386E-003
 0.4916666700000000E+000  0.3033261900000000E+000 -0.1037827941547229E+000  0.1018745944349533E+000  0.1036736204074497E+000 -0.6250275545850892E-001  0.8192371113381783E-003
 0.5083333300000000E+000  0.3033261900000000E+000 -0.9750445014844518E-001  0.9580142295295449E-001  0.9739544841919330E-001 -0.5644894824061122E-001  0.8673114170701262E-003
 0.5247222200000000E+000  0.3033261900000000E+000 -0.9167458152456892E-001  0.9015217756233422E-001  0.9156577206347866E-001 -0.5094513862505887E-001  0.9167981754804042E-003
 0.5408333300000000E+000  0.3033261900000000E+000 -0.8625597936239454E-001  0.8489264755636275E-001  0.8614738441802958E-001 -0.4594845965918538E-001  0.9676888635847220E-003
 0.5566666700000000E+000  0.3033261900000000E+000 -0.8121440971201072E-001  0.7999124696204597E-001  0.8110605373808338E-001 -0.4141752175094749E-001  0.1019973064154314E-002
 0.5722222200000000E+000  0.3033261900000000E+000 -0.7651853330927046E-001  0.7541896572575883E-001  0.7641044319358203E-001 -0.3731296536073158E-001  0.1073636937402208E-002
 0.5875000000000000E+000  0.3033261900000000E+000 -0.7213973281443907E-001  0.7114923024017443E-001  0.7203193813430302E-001 -0.3359776380700259E-001  0.1128661971241540E-002
 0.6025000000000000E+000  0.3033261900000000E+000 -0.6805195353208311E-001  0.6715777522191704E-001  0.6794448683660981E-001 -0.3023740527287672E-001  0.1185023105733272E-002
 0.6172222200000000E+000  0.3033261900000000E+000 -0.6423149702145138E-001  0.6342246743562138E-001  0.6412439414536077E-001 -0.2719993022311755E-001  0.1242687039949630E-002
 0.6316666700000000E+000  0.3033261900000000E+000 -0.6065682532048219E-001  0.5992313720811373E-001  0.6055012573199411E-001 -0.2445590007468780E-001  0.1301610175392699E-002
 0.6458333300000000E+000  0.3033261900000000E+000 -0.5730837906546316E-001  0.5664142100659583E-001  0.5720212625024894E-001 -0.2197831802142333E-001  0.1361736104103760E-002
 0.6597222200000000E+000  0.3033261900000000E+000 -0.5416837791239726E-001  0.5356058421073608E-001  0.5406261980020528E-001 -0.1974249460954372E-001  0.1422993215200962E-002
 0.6733333300000000E+000  0.3033261900000000E+000 -0.5122066636902481E-001  0.5066538605667407E-001  0.5111545580231180E-001 -0.1772591824543738E-001  0.1485291322891658E-002
 0.6866666700000000E+000  0.3033261900000000E+000 -0.4845054386643839E-001  0.4794192703119481E-001  0.4834593911829966E-001 -0.1590809432271182E-001  0.1548518341205812E-002
 0.6997222200000000E+000  0.3033261900000000E+000 -0.4584462997105797E-001  0.4537752885234416E-001  0.4574069531187876E-001 -0.1427039688451019E-001  0.1612535972409472E-002
 0.7125000000000000E+000  0.3033261900000000E+000 -0.4339071722900281E-001  0.4296060058770108E-001  0.4328752355021462E-001 -0.1279590578261210E-001  0.1677175345158007E-002
 0.7250000000000000E+000  0.3033261900000000E+000 -0.4107766449280482E-001  0.4068054308829640E-001  0.4097528998313425E-001 -0.1146926737878552E-001  0.1742231268567251E-002
 0.7372222200000000E+000  0.3033261900000000E+000 -0.3889527913403319E-001  0.3852764117508189E-001  0.3879381001468944E-001 -0.1027654834053868E-001  0.1807456215007907E-002
 0.7491666700000000E+000  0.3033261900000000E+000 -0.3683421783246214E-001  0.3649297295268589E-001  0.3673374914894736E-001 -0.9205103421957753E-002  0.1872553209441728E-002
 0.7608333300000000E+000  0.3033261900000000E+000 -0.3488590307418094E-001  0.3456833361800053E-001  0.3478653953757878E-001 -0.8243455247197662E-002  0.1937167486449524E-002
 0.7722222200000000E+000  0.3033261900000000E+000 -0.3304242911432584E-001  0.3274614797700632E-001  0.3294428599473470E-001 -0.7381173512185987E-002  0.2000877649502103E-002
 0.7833333300000000E+000  0.3033261900000000E+000 -0.3129649903802863E-001  0.3101941289761343E-001  0.3119970308565053E-001 -0.6608775050921535E-002  0.2063184884053696E-002
 0.7941666700000000E+000  0.3033261900000000E+000 -0.2964134822967534E-001  0.2938162565906759E-001  0.2954603861613593E-001 -0.5917622400806293E-002  0.2123501612539517E-002
 0.8047222200000000E+000  0.3033261900000000E+000 -0.2807068954889821E-001  0.2782673316054396E-001  0.2797701878889796E-001 -0.5299837643002998E-002  0.2181138391942080E-002
 0.8149999999999999E+000  0.3033261900000000E+000 -0.2657864518407070E-001  0.2634906740984327E-001  0.2648678001332931E-001 -0.4748216009044601E-002  0.2235290383143044E-002
 0.8250000000000000E+000  0.3033261900000000E+000 -0.2515970411008889E-001  0.2494330586735634E-001  0.2506982624221741E-001 -0.4256155057041681E-002  0.2285022216526035E-002
 0.8347222200000000E+000  0.3033261900000000E+000 -0.2380866714538989E-001  0.2360441906854603E-001  0.2372097384635727E-001 -0.3817583894928980E-002  0.2329253113896118E-002
 0.8441666700000000E+000  0.3033261900000000E+000 -0.2252060206416091E-001  0.2232762777737408E-001  0.2243530643545873E-001 -0.3426901503591302E-002  0.2366742234400706E-002
 0.8533333300000000E+000  0.3033261900000000E+000 -0.2129080796605908E-001  0.2110836890889139E-001  0.2120813878828049E-001 -0.3078923032135326E-002  0.2396075635660448E-002
 0.8622222200000000E+000  0.3033261900000000E+000 -0.2011476912692950E-001  0.1994225061945133E-001  0.2003497011748589E-001 -0.2768828631156768E-002  0.2415657349550601E-002
 0.8708333300000000E+000  0.3033261900000000E+000 -0.1898813306895043E-001  0.1882503100019076E-001  0.1891146129664114E-001 -0.2492125605154845E-002  0.2423706539307791E-002
 0.8791666700000000E+000  0.3033261900000000E+000 -0.1790667926560852E-001  0.1775258707560144E-001  0.1783340249055935E-001 -0.2244615038238297E-002  0.2418265721097820E-002
 0.8872222200000000E+000  0.3033261900000000E+000 -0.1686631006751026E-001  0.1672090542599780E-001  0.1679670266199787E-001 -0.2022372688472099E-002  0.2397225297449031E-002
 0.8950000000000000E+000  0.3033261900000000E+000 -0.1586303823302172E-001  0.1572606905491403E-001  0.1579737539315643E-001 -0.1821739522728027E-002  0.2358372146156289E-002
 0.9025000000000000E+000  0.3033261900000000E+000 -0.1489300906946170E-001  0.1476427825049673E-001  0.1483155892026060E-001 -0.1639332214482456E-002  0.2299472632725350E-002
 0.9097222200000000E+000  0.3033261900000000E+000 -0.1395253019876727E-001  0.1383187880817537E-001  0.1389554356499988E-001 -0.1472069188263743E-002  0.2218401959983027E-002
 0.9166666700000000E+000  0.3033261900000000E+000 -0.1303813448460577E-001  0.1292542317108036E-001  0.1298583219368186E-001 -0.1317218388719611E-002  0.2113334052731188E-002
 0.9233333300000000E+000  0.3033261900000000E+000 -0.1214668247879364E-001  0.1204177116519448E-001  0.1209924034570106E-001 -0.1172466128368076E-002  0.1983006704100502E-002
 0.9297222200000000E+000  0.3033261900000000E+000 -0.1127548901013352E-001  0.1117821563607309E-001  0.1123302124489890E-001 -0.1035999325168411E-002  0.1827068859349566E-002
 0.9358333300000000E+000  0.3033261900000000E+000 -0.1042250688085978E-001  0.1033266637675412E-001  0.1038504917079486E-001 -0.9065954826400840E-003  0.1646511751974277E-002
 0.9416666700000000E+000  0.3033261900000000E+000 -0.9586523726778057E-002  0.9503849565123420E-002  0.9554018266280823E-002 -0.7836943849542846E-003  0.1444152048220212E-002
 0.9472222200000000E+000  0.3033261900000000E+000 -0.8767378106737927E-002  0.8691529334584462E-002  0.8739663482444055E-002 -0.6674259534636973E-003  0.1225102861478004E-002
 0.9525000000000000E+000  0.3033261900000000E+000 -0.7966120506391649E-002  0.7896677829184198E-002  0.7942929922448104E-002 -0.5585528017760595E-003  0.9970942454954692E-003
 0.9575000000000000E+000  0.3033261900000000E+000 -0.7185094631442464E-002  0.7121568240601641E-002  0.7166065201781803E-002 -0.4583008249439574E-003  0.7704457829604128E-003
 0.9622222200000000E+000  0.3033261900000000E+000 -0.6427833254862444E-002  0.6369683387428928E-002  0.6412527343257047E-002 -0.3680653334920669E-003  0.5574158222569291E-003
 0.9666666700000000E+000  0.3033261900000000E+000 -0.5698743236795627E-002  0.5645410839267230E-002  0.5686679334792325E-002 -0.2890376611066075E-003  0.3706875737395293E-003
 0.9708333300000000E+000  0.3033261900000000E+000 -0.5002598985558982E-002  0.4953540156463395E-002  0.4993285972070441E-002 -0.2218535442025903E-003  0.2209482379445918E-003
 0.9747222200000000E+000  0.3033261900000000E+000 -0.4343934770567326E-002  0.4298651103331452E-002  0.4336901764253893E-002 -0.1663939829132957E-003  0.1139861654811924E-003
 0.9783333300000000E+000  0.3033261900000000E+000 -0.3726566317656443E-002  0.3684625284889729E-002  0.3721382297731452E-002 -0.1218313382778129E-003  0.4843941673432842E-004
 0.9816666700000000E+000  0.3033261900000000E+000 -0.3153357898124975E-002  0.3114403182109306E-002  0.3149640718716775E-002 -0.8687926310855403E-004  0.1578384148548642E-004
 0.9847222200000000E+000  0.3033261900000000E+000 -0.2626282069514525E-002  0.2590038057926909E-002  0.2623700702180955E-002 -0.6009436091018723E-004  0.3546376204889438E-005
 0.9875000000000000E+000  0.3033261900000000E+000 -0.2146596634581137E-002  0.2112871721723876E-002  0.2144870631530075E-002 -0.4007930573077350E-004  0.4660363478879015E-006
 0.9900000000000000E+000  0.3033261900000000E+000 -0.1715042074941490E-002  0.1683732954373261E-002  0.1713939627605685E-002 -0.2556329745590575E-004  0.2620111488858114E-007
 0.9922222200000000E+000  0.3033261900000000E+000 -0.1331974414149714E-002  0.1303072992279589E-002  0.1331309163855266E-002 -0.1541647887890954E-004 -0.1886976204237744E-010
 0.9941666700000000E+000  0.3033261900000000E+000 -0.9974739681493743E-003  0.9710795368000230E-003  0.9971007877353896E-003 -0.8647941554344933E-005 -0.3031564564916955E-010
 0.9958333300000000E+000  0.3033261900000000E+000 -0.7114417724323732E-003  0.6877831197980853E-003  0.7112518961418660E-003 -0.4401694460504906E-005 -0.2086613751724211E-012
 0.9972222200000000E+000  0.3033261900000000E+000 -0.4736615899402745E-003  0.4531369853676519E-003  0.4735774170621149E-003 -0.1952370222872374E-005  0.2764467294123474E-014
 0.9983333300000000E+000  0.3033261900000000E+000 -0.2838722745874706E-003  0.2671124955418771E-003  0.2838420399964904E-003 -0.7017118668468270E-006  0.5235367550977116E-017
 0.9991666700000000E+000  0.3033261900000000E+000 -0.1418072859882751E-003  0.1300451406027300E-003  0.1417997408953578E-003 -0.1752102409800686E-006 -0.1691374785258591E-018
 0.9997222200000000E+000  0.3033261900000000E+000 -0.4724025597076076E-004  0.3948385132116628E-004  0.4723941864445171E-004 -0.1945223148040073E-007 -0.2966212214766043E-018
 0.1000000000000000E+001  0.3033261900000000E+000  0.1392349226800261E-188 -0.1392349226800261E-188  0.1392349226800261E-188  0.1392349226800261E-188  0.1392349226800261E-188

 0.0000000000000000E+000  0.3972128600000000E+000 -0.3787526564530820E+000  0.3505766001857591E+000  0.3786423466605585E+000 -0.2964000000000000E+000  0.2305230122714977E-003
 0.2777777800000000E-003  0.3972128600000000E+000 -0.3787524876497373E+000  0.3505764496421321E+000  0.3786421778572298E+000 -0.2963999063393711E+000  0.2305231919417094E-003
 0.8333333300000000E-003  0.3972128600000000E+000 -0.3787511355406737E+000  0.3505752437927626E+000  0.3786408257482943E+000 -0.2963991561184299E+000  0.2305246310987335E-003
 0.1666666700000000E-002  0.3972128600000000E+000 -0.3787465627449986E+000  0.3505711656430155E+000  0.3786362529530528E+000 -0.2963966188592230E+000  0.2305294983505120E-003
 0.2777777800000000E-002  0.3972128600000000E+000 -0.3787356924228861E+000  0.3505614711772682E+000  0.3786253826319710E+000 -0.2963905871555749E+000  0.2305410690312418E-003
 0.4166666700000000E-002  0.3972128600000000E+000 -0.3787143838384646E+000  0.3505424675604093E+000  0.3786040740495713E+000 -0.2963787626640042E+000  0.2305637520716768E-003
 0.5833333300000000E-002  0.3972128600000000E+000 -0.3786774006311095E+000  0.3505094848303341E+000  0.3785670908457283E+000 -0.2963582374676965E+000  0.2306031257413665E-003
 0.7777777800000000E-002  0.3972128600000000E+000 -0.3786183725722030E+000  0.3504568417701846E+000  0.3785080627924359E+000 -0.2963254708502695E+000  0.2306659821912606E-003
 0.1000000000000000E-001  0.3972128600000000E+000 -0.3785297519295521E+000  0.3503778069554557E+000  0.3784194421582333E+000 -0.2962762615790122E+000  0.2307603806070643E-003
 0.1250000000000000E-001  0.3972128600000000E+000 -0.3784027657988936E+000  0.3502645561808973E+000  0.3782924560397215E+000 -0.2962057157823458E+000  0.2308957088195784E-003
 0.1527777800000000E-001  0.3972128600000000E+000 -0.3782273662874973E+000  0.3501081279386999E+000  0.3781170565451826E+000 -0.2961082106322863E+000  0.2310827529917023E-003
 0.1833333300000000E-001  0.3972128600000000E+000 -0.3779921809516636E+000  0.3498983790776303E+000  0.3778818712320978E+000 -0.2959773541460035E+000  0.2313337748325556E-003
 0.2166666700000000E-001  0.3972128600000000E+000 -0.3776844658314245E+000  0.3496239427172091E+000  0.3775741561418754E+000 -0.2958059411895415E+000  0.2316625962832532E-003
 0.2527777800000000E-001  0.3972128600000000E+000 -0.3772900659312989E+000  0.3492721927212783E+000  0.3771797562806422E+000 -0.2955859069568917E+000  0.2320846894205303E-003
 0.2916666700000000E-001  0.3972128600000000E+000 -0.3767933852825546E+000  0.3488292166099399E+000  0.3766830756815507E+000 -0.2953082774910771E+000  0.2326172727325243E-003
 0.3333333300000000E-001  0.3972128600000000E+000 -0.3761773738760662E+000  0.3482798033783266E+000  0.3760670643376944E+000 -0.2949631195171191E+000  0.2332794099411192E-003
 0.3777777800000000E-001  0.3972128600000000E+000 -0.3754235349142965E+000  0.3476074492569871E+000  0.3753132254541636E+000 -0.2945394896071568E+000  0.2340921121647374E-003
 0.4250000000000000E-001  0.3972128600000000E+000 -0.3745119619006016E+000  0.3467943898517594E+000  0.3744016525374414E+000 -0.2940253860846490E+000  0.2350784381544006E-003
 0.4750000000000000E-001  0.3972128600000000E+000 -0.3734214087538585E+000  0.3458216614428736E+000  0.3733110995101455E+000 -0.2934077036696427E+000  0.2362635944738770E-003
 0.5277777800000000E-001  0.3972128600000000E+000 -0.3721294046325159E+000  0.3446692017864988E+000  0.3720190955352189E+000 -0.2926721959940440E+000  0.2376750284773540E-003
 0.5833333300000000E-001  0.3972128600000000E+000 -0.3706124190179363E+000  0.3433159952753044E+000  0.3705021100994428E+000 -0.2918034483237789E+000  0.2393425133648423E-003
 0.6416666700000000E-001  0.3972128600000000E+000 -0.3688460839521478E+000  0.3417402684981748E+000  0.3687357752513951E+000 -0.2907848645651724E+000  0.2412982226134304E-003
 0.7027777800000000E-001  0.3972128600000000E+000 -0.3668054845838630E+000  0.3399197460240506E+000  0.3666951761477160E+000 -0.2895986765421184E+000  0.2435767852315462E-003
 0.7666666699999999E-001  0.3972128600000000E+000 -0.3644655161413546E+000  0.3378319645968295E+000  0.3643552080262777E+000 -0.2882259779835871E+000  0.2462153258615777E-003
 0.8333333300000000E-001  0.3972128600000000E+000 -0.3618013178510626E+000  0.3354546549891811E+000  0.3616910101251368E+000 -0.2866467952369232E+000  0.2492534775029541E-003
 0.9027777800000000E-001  0.3972128600000000E+000 -0.3587887761356122E+000  0.3327661845532493E+000  0.3586784688809549E+000 -0.2848401990946693E+000  0.2527333714644444E-003
 0.9750000000000000E-001  0.3972128600000000E+000 -0.3554051005670916E+000  0.3297460634828462E+000  0.3552947938827404E+000 -0.2827844719028985E+000  0.2566995923525090E-003
 0.1050000000000000E+000  0.3972128600000000E+000 -0.3516294518909787E+000  0.3263754963071459E+000  0.3515191458963076E+000 -0.2804573331323487E+000  0.2611991085142201E-003
 0.1127777800000000E+000  0.3972128600000000E+000 -0.3474436155761796E+000  0.3226379728535256E+000  0.3473333104149168E+000 -0.2778362380399338E+000  0.2662811668211996E-003
 0.1208333300000000E+000  0.3972128600000000E+000 -0.3428327021988645E+000  0.3185198822244269E+000  0.3427223980437861E+000 -0.2748987594733732E+000  0.2719971483393269E-003
 0.1291666700000000E+000  0.3972128600000000E+000 -0.3377858082086066E+000  0.3140110908566836E+000  0.3376755052669888E+000 -0.2716230332387023E+000  0.2784004360578737E-003
 0.1377777800000000E+000  0.3972128600000000E+000 -0.3322967008771737E+000  0.3091055422844096E+000  0.3321863993970705E+000 -0.2679883298402705E+000  0.2855461796747737E-003
 0.1466666700000000E+000  0.3972128600000000E+000 -0.3263643438872118E+000  0.3038017155281525E+000  0.3262540441646594E+000 -0.2639756533665482E+000  0.2934911496250661E-003
 0.1558333300000000E+000  0.3972128600000000E+000 -0.3199933816206682E+000  0.2981030486653525E+000  0.3198830840078865E+000 -0.2595684562110043E+000  0.3022934942783433E-003
 0.1652777800000000E+000  0.3972128600000000E+000 -0.3131944098471161E+000  0.2920181748633531E+000  0.3130841147618209E+000 -0.2547533591719597E+000  0.3120125907536046E-003
 0.1750000000000000E+000  0.3972128600000000E+000 -0.3059841515632124E+000  0.2855610784254091E+000  0.3058738594991113E+000 -0.2495209502404361E+000  0.3227088004174871E-003
 0.1850000000000000E+000  0.3972128600000000E+000 -0.2983853348661311E+000  0.2787509904209324E+000  0.2982750464047567E+000 -0.2438664989723250E+000  0.3344433973702868E-003
 0.1952777800000000E+000  0.3972128600000000E+000 -0.2904264405536319E+000  0.2716121749926120E+000  0.2903161563776206E+000 -0.2377906682632680E+000  0.3472784335971999E-003
 0.2058333300000000E+000  0.3972128600000000E+000 -0.2821412166294500E+000  0.2641735149909512E+000  0.2820309375374370E+000 -0.2313001032864247E+000  0.3612767011806072E-003
 0.2166666700000000E+000  0.3972128600000000E+000 -0.2735679719202997E+000  0.2564679077510125E+000  0.2734576988436527E+000 -0.2244078437984681E+000  0.3765018238110897E-003
 0.2277777800000000E+000  0.3972128600000000E+000 -0.2647487970599694E+000  0.2485316034523333E+000  0.2646385310815512E+000 -0.2171336122247551E+000  0.3930182808722342E-003
 0.2391666700000000E+000  0.3972128600000000E+000 -0.2557285556355769E+000  0.2404033433662993E+000  0.2556182980109131E+000 -0.2095037883303064E+000  0.4108917109310721E-003
 0.2508333300000000E+000  0.3972128600000000E+000 -0.2465538972666478E+000  0.2321235220371045E+000  0.2464436494478073E+000 -0.2015512138795051E+000  0.4301891392004048E-003
 0.2627777800000000E+000  0.3972128600000000E+000 -0.2372721690818669E+000  0.2237332594933986E+000  0.2371619327445888E+000 -0.1933146810698529E+000  0.4509794529045453E-003
 0.2750000000000000E+000  0.3972128600000000E+000 -0.2279304473769383E+000  0.2152735803382559E+000  0.2278202244514720E+000 -0.1848382650936218E+000  0.4733337731148950E-003
 0.2875000000000000E+000  0.3972128600000000E+000 -0.2185745301258585E+000  0.2067845527054979E+000  0.2184643228323425E+000 -0.1761703532017384E+000  0.4973261580146076E-003
 0.3002777800000000E+000  0.3972128600000000E+000 -0.2092481220731094E+000  0.1983045935730595E+000  0.2091379329622389E+000 -0.1673625861956472E+000  0.5230342095659504E-003
 0.3133333300000000E+000  0.3972128600000000E+000 -0.1999921213051375E+000  0.1898698559490320E+000  0.1998819533051950E+000 -0.1584686640136550E+000  0.5505398340594915E-003
 0.3266666700000000E+000  0.3972128600000000E+000 -0.1908440283325258E+000  0.1815137151156998E+000  0.1907338848041256E+000 -0.1495430765695133E+000  0.5799301807220091E-003
 0.3402777800000000E+000  0.3972128600000000E+000 -0.1818375881751745E+000  0.1732664541216746E+000  0.1817274729750983E+000 -0.1406399224437584E+000  0.6112984331881279E-003
 0.3541666700000000E+000  0.3972128600000000E+000 -0.1730024873450714E+000  0.1651549863530133E+000  0.1728924049013598E+000 -0.1318117027778294E+000  0.6447449920663849E-003
 0.3683333300000000E+000  0.3972128600000000E+000 -0.1643642748466902E+000  0.1572027706702443E+000  0.1642542302471390E+000 -0.1231083128624711E+000  0.6803784853294762E-003
 0.3827777800000000E+000  0.3972128600000000E+000 -0.1559443438740431E+000  0.1494297714711920E+000  0.1558343429712696E+000 -0.1145761237306588E+000  0.7183171124566728E-003
 0.3975000000000000E+000  0.3972128600000000E+000 -0.1477600923076528E+000  0.1418525744649300E+000  0.1476501418440744E+000 -0.1062573151657228E+000  0.7586897910546305E-003
 0.4125000000000000E+000  0.3972128600000000E+000 -0.1398250840320847E+000  0.1344844967282723E+000  0.1397151917898035E+000 -0.9818931325167903E-001  0.8016377760972091E-003
 0.4277777800000000E+000  0.3972128600000000E+000 -0.1321493382942304E+000  0.1273358108844168E+000  0.1320395132753011E+000 -0.9040448195359661E-001  0.8473161153914700E-003
 0.4433333300000000E+000  0.3972128600000000E+000 -0.1247396370575026E+000  0.1204139843195942E+000  0.1246298897020434E+000 -0.8292996717350902E-001  0.8958953313220089E-003
 0.4591666700000000E+000  0.3972128600000000E+000 -0.1175998398676509E+000  0.1137239254499595E+000  0.1174901823194529E+000 -0.7578768305319862E-001  0.9475633676879628E-003
 0.4752777800000000E+000  0.3972128600000000E+000 -0.1107312598820283E+000  0.1072682891365438E+000  0.1106217063132409E+000 -0.6899448700477882E-001  0.1002527317943767E-002
 0.4916666700000000E+000  0.3972128600000000E+000 -0.1041329721220401E+000  0.1010477220561971E+000  0.1040235391334650E+000 -0.6256240083440778E-001  0.1061015714877771E-002
 0.5083333300000000E+000  0.3972128600000000E+000 -0.9780216317070259E-001  0.9506115125235021E-001  0.9769287028764576E-001 -0.5649897072356198E-001  0.1123280506057288E-002
 0.5247222200000000E+000  0.3972128600000000E+000 -0.9192771455396563E-001  0.8948962387004947E-001  0.9181857913239495E-001 -0.5098691772198899E-001  0.1187375221816154E-002
 0.5408333300000000E+000  0.3972128600000000E+000 -0.8647126948214831E-001  0.8429983660875628E-001  0.8636231070447593E-001 -0.4598322198332283E-001  0.1253288937125926E-002
 0.5566666700000000E+000  0.3972128600000000E+000 -0.8139760657366632E-001  0.7946102863649342E-001  0.8128884565175321E-001 -0.4144634415969282E-001  0.1321008292833596E-002
 0.5722222200000000E+000  0.3972128600000000E+000 -0.7667454075082630E-001  0.7494493628539015E-001  0.7656600115275256E-001 -0.3733678354389913E-001  0.1390515519488219E-002
 0.5875000000000000E+000  0.3972128600000000E+000 -0.7227273236925613E-001  0.7072565885011216E-001  0.7216444007427580E-001 -0.3361738391576081E-001  0.1461786822507555E-002
 0.6025000000000000E+000  0.3972128600000000E+000 -0.6816551155003570E-001  0.6677953586224097E-001  0.6805749533304103E-001 -0.3025351697864779E-001  0.1534789957383050E-002
 0.6172222200000000E+000  0.3972128600000000E+000 -0.6432865687841656E-001  0.6308497684447360E-001  0.6422094862895436E-001 -0.2721312005265868E-001  0.1609482041843316E-002
 0.6316666700000000E+000  0.3972128600000000E+000 -0.6074018651942716E-001  0.5962229863462826E-001  0.6063282159873352E-001 -0.2446666432215126E-001  0.1685806898056752E-002
 0.6458333300000000E+000  0.3972128600000000E+000 -0.5738016491318230E-001  0.5637357344947126E-001  0.5727318255238926E-001 -0.2198707481623157E-001  0.1763691805951223E-002
 0.6597222200000000E+000  0.3972128600000000E+000 -0.5423049320633174E-001  0.5332245706951684E-001  0.5412393695316375E-001 -0.1974959489828097E-001  0.1843044410932874E-002
 0.6733333300000000E+000  0.3972128600000000E+000 -0.5127474660136081E-001  0.5045405845454268E-001  0.5116866481665632E-001 -0.1773165562104789E-001  0.1923748365154134E-002
 0.6866666700000000E+000  0.3972128600000000E+000 -0.4849799706896000E-001  0.4775479166684855E-001  0.4839244348141225E-001 -0.1591271368353007E-001  0.2005659030449954E-002
 0.6997222200000000E+000  0.3972128600000000E+000 -0.4588667233158857E-001  0.4521225974872065E-001  0.4578170665257620E-001 -0.1427410198848347E-001  0.2088597904757831E-002
 0.7125000000000000E+000  0.3972128600000000E+000 -0.4342840333458248E-001  0.4281512454315294E-001  0.4332409194301531E-001 -0.1279886577107557E-001  0.2172346984619415E-002
 0.7250000000000000E+000  0.3972128600000000E+000 -0.4111191304178778E-001  0.4055301419057977E-001  0.4100832973778103E-001 -0.1147162237985170E-001  0.2256641335614050E-002
 0.7372222200000000E+000  0.3972128600000000E+000 -0.3892689472224758E-001  0.3841641819195782E-001  0.3882412155831838E-001 -0.1027841424740338E-001  0.2341161312082078E-002
 0.7491666700000000E+000  0.3972128600000000E+000 -0.3686390937456286E-001  0.3639659916952136E-001  0.3676203756551639E-001 -0.9206575950571498E-002  0.2425523360418656E-002
 0.7608333300000000E+000  0.3972128600000000E+000 -0.3491429930114344E-001  0.3448551873895380E-001  0.3481343020942013E-001 -0.8244613368820385E-002  0.2509269224966300E-002
 0.7722222200000000E+000  0.3972128600000000E+000 -0.3307009147560427E-001  0.3267575189452122E-001  0.3297033767757887E-001 -0.7382082343710489E-002  0.2591854507080350E-002
 0.7833333300000000E+000  0.3972128600000000E+000 -0.3132393228465161E-001  0.3096043083725469E-001  0.3122541869836897E-001 -0.6609488284044320E-002  0.2672634698059862E-002
 0.7941666700000000E+000  0.3972128600000000E+000 -0.2966900883934327E-001  0.2933317451223779E-001  0.2957187390873516E-001 -0.5918184334014589E-002  0.2750850481834489E-002
 0.8047222200000000E+000  0.3972128600000000E+000 -0.2809899209246398E-001  0.2778803855936043E-001  0.2800338899189274E-001 -0.5300284876287702E-002  0.2825610748244210E-002
 0.8149999999999999E+000  0.3972128600000000E+000 -0.2660796665243964E-001  0.2631945130287631E-001  0.2651406448778225E-001 -0.4748578848462636E-002  0.2895875034053700E-002
 0.8250000000000000E+000  0.3972128600000000E+000 -0.2519038613569544E-001  0.2492217407729023E-001  0.2509837106510483E-001 -0.4256458671211718E-002  0.2960433858420155E-002
 0.8347222200000000E+000  0.3972128600000000E+000 -0.2384101598939165E-001  0.2359124851527977E-001  0.2375109219669573E-001 -0.3817849254514090E-002  0.3017889353444158E-002
 0.8441666700000000E+000  0.3972128600000000E+000 -0.2255488616747541E-001  0.2232195287262297E-001  0.2246727656961387E-001 -0.3427146129207220E-002  0.3066636132761540E-002
 0.8533333300000000E+000  0.3972128600000000E+000 -0.2132725279934368E-001  0.2110976660900149E-001  0.2124219932183062E-001 -0.3079161568580782E-002  0.3104844182640408E-002
 0.8622222200000000E+000  0.3972128600000000E+000 -0.2015354908398556E-001  0.1995032373165748E-001  0.2007131232820328E-001 -0.2769073259512064E-002  0.3130446997256164E-002
 0.8708333300000000E+000  0.3972128600000000E+000 -0.1902936011979141E-001  0.1883938917711098E-001  0.1895021812257247E-001 -0.2492386299629805E-002  0.3141137480998187E-002
 0.8791666700000000E+000  0.3972128600000000E+000 -0.1795038825531907E-001  0.1777282524855327E-001  0.1787463404695452E-001 -0.2244899671264441E-002  0.3134378063162196E-002
 0.8872222200000000E+000  0.3972128600000000E+000 -0.1691244073737592E-001  0.1674657950306082E-001  0.1684037827133172E-001 -0.2022686987727952E-002  0.3107431813304727E-002
 0.8950000000000000E+000  0.3972128600000000E+000 -0.1591141454473991E-001  0.1575666930473347E-001  0.1584335260423281E-001 -0.1822086889728090E-002  0.3057424616848033E-002
 0.9025000000000000E+000  0.3972128600000000E+000 -0.1494331705360039E-001  0.1479920132585286E-001  0.1487956061411544E-001 -0.1639713426976724E-002  0.2981451898774238E-002
 0.9097222200000000E+000  0.3972128600000000E+000 -0.1400429668903458E-001  0.1387040060902475E-001  0.1394513537942837E-001 -0.1472482033584980E-002  0.2876745475136297E-002
 0.9166666700000000E+000  0.3972128600000000E+000 -0.1309071050119242E-001  0.1296667612357090E-001  0.1303640391868438E-001 -0.1317657311019698E-002  0.2740919157243459E-002
 0.9233333300000000E+000  0.3972128600000000E+000 -0.1219923679940899E-001  0.1208473135403205E-001  0.1214999677878521E-001 -0.1172922019243708E-002  0.2572312546242497E-002
 0.9297222200000000E+000  0.3972128600000000E+000 -0.1132701926189873E-001  0.1122170720662172E-001  0.1128298992230651E-001 -0.1036459634747300E-002  0.2370442402852967E-002
 0.9358333300000000E+000  0.3972128600000000E+000 -0.1047187661050435E-001  0.1037539190656552E-001  0.1043311371783383E-001 -0.9070448527418944E-003  0.2136564302685549E-002
 0.9416666700000000E+000  0.3972128600000000E+000 -0.9632533226358013E-002  0.9544454790684172E-002  0.9598985720046957E-002 -0.7841159735043728E-003  0.1874303647594932E-002
 0.9472222200000000E+000  0.3972128600000000E+000 -0.8808872616987063E-002  0.8728706714230995E-002  0.8780370073338038E-002 -0.6678034836663679E-003  0.1590272698293368E-002
 0.9525000000000000E+000  0.3972128600000000E+000 -0.8002129943598999E-002  0.7929304161902073E-002  0.7978380500898809E-002 -0.5588731065191063E-003  0.1294493076024887E-002
 0.9575000000000000E+000  0.3972128600000000E+000 -0.7214984246666061E-002  0.7148856570672822E-002  0.7195586567152305E-002 -0.4585563133681576E-003  0.1000365425059283E-002
 0.9622222200000000E+000  0.3972128600000000E+000 -0.6451427341713492E-002  0.6391311408845417E-002  0.6435897714888716E-002 -0.3682555374746608E-003  0.7238257990509110E-003
 0.9666666700000000E+000  0.3972128600000000E+000 -0.5716373965536063E-002  0.5661576625089785E-002  0.5704184894394435E-002 -0.2891690858394995E-003  0.4813751465759378E-003
 0.9708333300000000E+000  0.3972128600000000E+000 -0.5015043015900498E-002  0.4964905301462055E-002  0.5005664714314182E-002 -0.2219376273074375E-003  0.2869254423473102E-003
 0.9747222200000000E+000  0.3972128600000000E+000 -0.4352240022967043E-002  0.4306170836212905E-002  0.4345174354563323E-002 -0.1664438877798191E-003  0.1480188125422554E-003
 0.9783333300000000E+000  0.3972128600000000E+000 -0.3731827884030805E-002  0.3689323224754674E-002  0.3726627712690190E-002 -0.1218589600338214E-003  0.6289794223986589E-004
 0.9816666700000000E+000  0.3972128600000000E+000 -0.3156533374058633E-002  0.3117182372126881E-002  0.3152808275846888E-002 -0.8689358436400620E-004  0.2049337977131596E-004
 0.9847222200000000E+000  0.3972128600000000E+000 -0.2628106746492307E-002  0.2591591505983269E-002  0.2625521631661981E-002 -0.6010130795159311E-004  0.4604086791205393E-005
 0.9875000000000000E+000  0.3972128600000000E+000 -0.2147588517247588E-002  0.2113684189384258E-002  0.2145860853057942E-002 -0.4008243094882318E-004  0.6049681607614329E-006
 0.9900000000000000E+000  0.3972128600000000E+000 -0.1715546264788731E-002  0.1684123435537989E-002  0.1714443143289714E-002 -0.2556458122616332E-004  0.3400731170411052E-007
 0.9922222200000000E+000  0.3972128600000000E+000 -0.1332210056457188E-002  0.1303240391830559E-002  0.1331544561545100E-002 -0.1541694969088559E-004 -0.2471843538953272E-010
 0.9941666700000000E+000  0.3972128600000000E+000 -0.9975727787490715E-003  0.9711402047297974E-003  0.9971995215399077E-003 -0.8648090760537634E-005 -0.3935124300790137E-010
 0.9958333300000000E+000  0.3972128600000000E+000 -0.7114775903806288E-003  0.6877995749324686E-003  0.7112876942392515E-003 -0.4401733345678069E-005 -0.2707621895442889E-012
 0.9972222200000000E+000  0.3972128600000000E+000 -0.4736721544277488E-003  0.4531389776965689E-003  0.4735879776522889E-003 -0.1952377910323410E-005  0.3588617094800821E-014
 0.9983333300000000E+000  0.3972128600000000E+000 -0.2838745480713328E-003  0.2671116921024814E-003  0.2838443129778646E-003 -0.7017128637425619E-006  0.6692478289074492E-017
 0.9991666700000000E+000  0.3972128600000000E+000 -0.1418075693675923E-003  0.1300446563856206E-003  0.1418000242434087E-003 -0.1752103033133782E-006  0.1703165965127639E-018
 0.9997222200000000E+000  0.3972128600000000E+000 -0.4724026644672834E-004  0.3948377662615369E-004  0.4723942912003449E-004 -0.1945223225027788E-007 -0.2984108835241753E-018
 0.1000000000000000E+001  0.3972128600000000E+000 -0.1392349226800261E-188  0.1392349226800261E-188  0.1392349226800261E-188  0.1392349226800261E-188  0.1392349226800261E-188

 0.0000000000000000E+000  0.4874885200000000E+000 -0.3854126878890873E+000  0.3439166466374958E+000  0.3853023672518412E+000 -0.2964000000000000E+000  0.2791206959657548E-003
 0.2777777800000000E-003  0.4874885200000000E+000 -0.3854125140057755E+000  0.3439164998267262E+000  0.3853021933685231E+000 -0.2963999071380093E+000  0.2791209135134026E-003
 0.8333333300000000E-003  0.4874885200000000E+000 -0.3854111212063668E+000  0.3439153238774206E+000  0.3853008005690647E+000 -0.2963991633141006E+000  0.2791226560684088E-003
 0.1666666700000000E-002  0.4874885200000000E+000 -0.3854064107973332E+000  0.3439113468489061E+000  0.3852960901598625E+000 -0.2963966476890594E+000  0.2791285494169490E-003
 0.2777777800000000E-002  0.4874885200000000E+000 -0.3853952133462624E+000  0.3439018927659692E+000  0.3852848927083916E+000 -0.2963906674109291E+000  0.2791425593875680E-003
 0.4166666700000000E-002  0.4874885200000000E+000 -0.3853732635130649E+000  0.3438833603612881E+000  0.3852629428744105E+000 -0.2963789437157091E+000  0.2791700243861760E-003
 0.5833333300000000E-002  0.4874885200000000E+000 -0.3853351673749721E+000  0.3438511954708003E+000  0.3852248467349597E+000 -0.2963585934280755E+000  0.2792176986733604E-003
 0.7777777800000000E-002  0.4874885200000000E+000 -0.3852743630490608E+000  0.3437998577540378E+000  0.3851640424068858E+000 -0.2963261058900592E+000  0.2792938062973201E-003
 0.1000000000000000E-001  0.4874885200000000E+000 -0.3851830757726480E+000  0.3437227827103467E+000  0.3850727551272385E+000 -0.2962773154052529E+000  0.2794081054528693E-003
 0.1250000000000000E-001  0.4874885200000000E+000 -0.3850522688475769E+000  0.3436123401666236E+000  0.3849419481975576E+000 -0.2962073692681231E+000  0.2795719630803095E-003
 0.1527777800000000E-001  0.4874885200000000E+000 -0.3848715923973310E+000  0.3434597908672886E+000  0.3847612717409932E+000 -0.2961106915693262E+000  0.2797984392437058E-003
 0.1833333300000000E-001  0.4874885200000000E+000 -0.3846293324200551E+000  0.3432552432441022E+000  0.3845190117553340E+000 -0.2959809430662865E+000  0.2801023806231570E-003
 0.2166666700000000E-001  0.4874885200000000E+000 -0.3843123625624397E+000  0.3429876123892477E+000  0.3842020418869037E+000 -0.2958109771747307E+000  0.2805005230539432E-003
 0.2527777800000000E-001  0.4874885200000000E+000 -0.3839061036228143E+000  0.3426445854299540E+000  0.3837957829336729E+000 -0.2955927933121809E+000  0.2810116003836008E-003
 0.2916666700000000E-001  0.4874885200000000E+000 -0.3833944929996324E+000  0.3422125951374469E+000  0.3832841722937684E+000 -0.2953174871275144E+000  0.2816564610446291E-003
 0.3333333300000000E-001  0.4874885200000000E+000 -0.3827599716134020E+000  0.3416768080781654E+000  0.3826496508874391E+000 -0.2949751998266528E+000  0.2824581877107410E-003
 0.3777777800000000E-001  0.4874885200000000E+000 -0.3819834918776457E+000  0.3410211302657715E+000  0.3818731711280602E+000 -0.2945550665702353E+000  0.2834422209979628E-003
 0.4250000000000000E-001  0.4874885200000000E+000 -0.3810445565503861E+000  0.3402282385402117E+000  0.3809342357736793E+000 -0.2940451672756654E+000  0.2846364808330196E-003
 0.4750000000000000E-001  0.4874885200000000E+000 -0.3799212917811411E+000  0.3392796403802851E+000  0.3798109709740887E+000 -0.2934324797801399E+000  0.2860714877542929E-003
 0.5277777800000000E-001  0.4874885200000000E+000 -0.3785905664233552E+000  0.3381557722293037E+000  0.3784802455833538E+000 -0.2927028404107143E+000  0.2877804754922191E-003
 0.5833333300000000E-001  0.4874885200000000E+000 -0.3770281633665167E+000  0.3368361410592176E+000  0.3769178424920521E+000 -0.2918409142492872E+000  0.2897994939576756E-003
 0.6416666700000000E-001  0.4874885200000000E+000 -0.3752090100294769E+000  0.3352995150482472E+000  0.3750986891207421E+000 -0.2908301791241071E+000  0.2921674993669482E-003
 0.7027777800000000E-001  0.4874885200000000E+000 -0.3731074795414084E+000  0.3335241729325644E+000  0.3729971586011041E+000 -0.2896529312656721E+000  0.2949264211474553E-003
 0.7666666699999999E-001  0.4874885200000000E+000 -0.3706977607065104E+000  0.3314882102372806E+000  0.3705874397408653E+000 -0.2882903150995480E+000  0.2981212104983072E-003
 0.8333333300000000E-001  0.4874885200000000E+000 -0.3679543076093356E+000  0.3291699113723874E+000  0.3678439866293862E+000 -0.2867223892013013E+000  0.3017998558000836E-003
 0.9027777800000000E-001  0.4874885200000000E+000 -0.3648523609711500E+000  0.3265481807663540E+000  0.3647420399943281E+000 -0.2849282329329768E+000  0.3060133704543456E-003
 0.9750000000000000E-001  0.4874885200000000E+000 -0.3613685448145618E+000  0.3236030359357552E+000  0.3612582238666361E+000 -0.2828861080643103E+000  0.3108157383893599E-003
 0.1050000000000000E+000  0.4874885200000000E+000 -0.3574815170758694E+000  0.3203161444283910E+000  0.3573711961932962E+000 -0.2805736788569017E+000  0.3162638298471583E-003
 0.1127777800000000E+000  0.4874885200000000E+000 -0.3531726673144804E+000  0.3166713989846994E+000  0.3530623465472186E+000 -0.2779683055403898E+000  0.3224172739956758E-003
 0.1208333300000000E+000  0.4874885200000000E+000 -0.3484268420933918E+000  0.3126555148473392E+000  0.3483165215082391E+000 -0.2750474216533482E+000  0.3293382841825718E-003
 0.1291666700000000E+000  0.4874885200000000E+000 -0.3432330293782374E+000  0.3082585917473185E+000  0.3431227090627493E+000 -0.2717889763098196E+000  0.3370914977929957E-003
 0.1377777800000000E+000  0.4874885200000000E+000 -0.3375850672850486E+000  0.3034746967847311E+000  0.3374747473520991E+000 -0.2681720044078466E+000  0.3457436914636928E-003
 0.1466666700000000E+000  0.4874885200000000E+000 -0.3314821878683999E+000  0.2983023092382243E+000  0.3313718684614499E+000 -0.2641772266273942E+000  0.3553636043573232E-003
 0.1558333300000000E+000  0.4874885200000000E+000 -0.3249295169885201E+000  0.2927447313221139E+000  0.3248191982876562E+000 -0.2597877678664626E+000  0.3660216441956942E-003
 0.1652777800000000E+000  0.4874885200000000E+000 -0.3179383524825967E+000  0.2868103161109004E+000  0.3178280347114155E+000 -0.2549898844677874E+000  0.3777897066508938E-003
 0.1750000000000000E+000  0.4874885200000000E+000 -0.3105263423196589E+000  0.2805126177091026E+000  0.3104160257530653E+000 -0.2497737732648499E+000  0.3907408793304291E-003
 0.1850000000000000E+000  0.4874885200000000E+000 -0.3027173534590184E+000  0.2738702879195429E+000  0.3026070384320372E+000 -0.2441342996980762E+000  0.4049493552253267E-003
 0.1952777800000000E+000  0.4874885200000000E+000 -0.2945412036299728E+000  0.2669068669873584E+000  0.2944308905476703E+000 -0.2380717258734851E+000  0.4204902694787938E-003
 0.2058333300000000E+000  0.4874885200000000E+000 -0.2860331502656391E+000  0.2596503795356679E+000  0.2859228396142806E+000 -0.2315923177770024E+000  0.4374396536872679E-003
 0.2166666700000000E+000  0.4874885200000000E+000 -0.2772331494630939E+000  0.2521327463857689E+000  0.2771228418227074E+000 -0.2247087766352229E+000  0.4558745467700656E-003
 0.2277777800000000E+000  0.4874885200000000E+000 -0.2681850377531462E+000  0.2443891415439571E+000  0.2680747338116601E+000 -0.2174405452946989E+000  0.4758730242116137E-003
 0.2391666700000000E+000  0.4874885200000000E+000 -0.2589354761334628E+000  0.2364571551348371E+000  0.2588251767026974E+000 -0.2098137991597620E+000  0.4975145656305642E-003
 0.2508333300000000E+000  0.4874885200000000E+000 -0.2495329159143080E+000  0.2283759807426377E+000  0.2494226219480940E+000 -0.2018612634266898E+000  0.5208803303133811E-003
 0.2627777800000000E+000  0.4874885200000000E+000 -0.2400264608772737E+000  0.2201855158096222E+000  0.2399161734921139E+000 -0.1936217093430706E+000  0.5460537329407636E-003
 0.2750000000000000E+000  0.4874885200000000E+000 -0.2304648544391538E+000  0.2119255668977875E+000  0.2303545749378440E+000 -0.1851392890169894E+000  0.5731208939898338E-003
 0.2875000000000000E+000  0.4874885200000000E+000 -0.2208954298051267E+000  0.2036350159633436E+000  0.2207851597039870E+000 -0.1764625608615847E+000  0.6021714914791549E-003
 0.3002777800000000E+000  0.4874885200000000E+000 -0.2113632615338120E+000  0.1953511488270877E+000  0.2112530025941875E+000 -0.1676434219217559E+000  0.6332994958030030E-003
 0.3133333300000000E+000  0.4874885200000000E+000 -0.2019104258703717E+000  0.1871090630252394E+000  0.2018001801352984E+000 -0.1587358995380478E+000  0.6666040909544983E-003
 0.3266666700000000E+000  0.4874885200000000E+000 -0.1925753918736316E+000  0.1789411714673899E+000  0.1924651617107966E+000 -0.1497948646702012E+000  0.7021908114300183E-003
 0.3402777800000000E+000  0.4874885200000000E+000 -0.1833926561006196E+000  0.1708768995846105E+000  0.1832824442528368E+000 -0.1408748311298768E+000  0.7401725010822006E-003
 0.3541666700000000E+000  0.4874885200000000E+000 -0.1743924386147412E+000  0.1629424173413546E+000  0.1742822482597444E+000 -0.1320287293538953E+000  0.7806707456568966E-003
 0.3683333300000000E+000  0.4874885200000000E+000 -0.1656006122226469E+000  0.1551605580395894E+000  0.1654904470441119E+000 -0.1233068789574000E+000  0.8238170970286582E-003
 0.3827777800000000E+000  0.4874885200000000E+000 -0.1570386974278898E+000  0.1475507796183003E+000  0.1569285617003956E+000 -0.1147560533376607E+000  0.8697547017800706E-003
 0.3975000000000000E+000  0.4874885200000000E+000 -0.1487240423005601E+000  0.1401292769661366E+000  0.1486139409914884E+000 -0.1064187989021369E+000  0.9186396909077367E-003
 0.4125000000000000E+000  0.4874885200000000E+000 -0.1406700050319584E+000  0.1329090874580137E+000  0.1405599439246658E+000 -0.9833286222638507E-001  0.9706431421775573E-003
 0.4277777800000000E+000  0.4874885200000000E+000 -0.1328862675218988E+000  0.1259003072523432E+000  0.1327762533651136E+000 -0.9053087510495218E-001  0.1025952844682527E-002
 0.4433333300000000E+000  0.4874885200000000E+000 -0.1253791671044772E+000  0.1191103216184407E+000  0.1252692077946032E+000 -0.8304019558081421E-001  0.1084775338058419E-002
 0.4591666700000000E+000  0.4874885200000000E+000 -0.1181520350995516E+000  0.1125440416602358E+000  0.1180421399045842E+000 -0.7588289433982187E-001  0.1147338273585399E-002
 0.4752777800000000E+000  0.4874885200000000E+000 -0.1112055958583221E+000  0.1062041988183016E+000  0.1110957756940806E+000 -0.6907593254133608E-001  0.1213892511807641E-002
 0.4916666700000000E+000  0.4874885200000000E+000 -0.1045382952698546E+000  0.1000915804253390E+000  0.1044285630436200E+000 -0.6263138756591453E-001  0.1284714901615761E-002
 0.5083333300000000E+000  0.4874885200000000E+000 -0.9814666905893513E-001  0.9420530780077374E-001  0.9803704009921271E-001 -0.5655681905253303E-001  0.1360110681076840E-002
 0.5247222200000000E+000  0.4874885200000000E+000 -0.9222056303314649E-001  0.8872375914993529E-001  0.9211105135405176E-001 -0.5103522620197942E-001  0.1437723055166446E-002
 0.5408333300000000E+000  0.4874885200000000E+000 -0.8672028249820286E-001  0.8361469157544710E-001  0.8661090374146753E-001 -0.4602341164097799E-001  0.1517538953647149E-002
 0.5566666700000000E+000  0.4874885200000000E+000 -0.8160945613714453E-001  0.7884830718011086E-001  0.8150022777075319E-001 -0.4147966221869473E-001  0.1599542385740352E-002
 0.5722222200000000E+000  0.4874885200000000E+000 -0.7685491461982283E-001  0.7439721228058548E-001  0.7674585616219015E-001 -0.3736431346119586E-001  0.1683712051763224E-002
 0.5875000000000000E+000  0.4874885200000000E+000 -0.7242647836639467E-001  0.7023628968001736E-001  0.7231761164067228E-001 -0.3364005893084689E-001  0.1770019393064353E-002
 0.6025000000000000E+000  0.4874885200000000E+000 -0.6829676259022678E-001  0.6634258249075123E-001  0.6818811201115396E-001 -0.3027213530635830E-001  0.1858425661990681E-002
 0.6172222200000000E+000  0.4874885200000000E+000 -0.6444093848539936E-001  0.6269513111019194E-001  0.6433253138417017E-001 -0.2722836038222894E-001  0.1948879279762501E-002
 0.6316666700000000E+000  0.4874885200000000E+000 -0.6083650897469303E-001  0.5927481746246289E-001  0.6072837596635919E-001 -0.2447910081341297E-001  0.2041312626350169E-002
 0.6458333300000000E+000  0.4874885200000000E+000 -0.5746310203143911E-001  0.5606421956492442E-001  0.5735527742934720E-001 -0.2199719110672023E-001  0.2135638118434062E-002
 0.6597222200000000E+000  0.4874885200000000E+000 -0.5430224943338720E-001  0.5304744609863987E-001  0.5419477171877584E-001 -0.1975779684315494E-001  0.2231744475745801E-002
 0.6733333300000000E+000  0.4874885200000000E+000 -0.5133721420655338E-001  0.5021001152651742E-001  0.5123012655695170E-001 -0.1773828269042124E-001  0.2329491455161875E-002
 0.6866666700000000E+000  0.4874885200000000E+000 -0.4855280475413801E-001  0.4753869333342959E-001  0.4844615564022299E-001 -0.1591804899876824E-001  0.2428704661094521E-002
 0.6997222200000000E+000  0.4874885200000000E+000 -0.4593522658205491E-001  0.4502142047302235E-001  0.4582907043765760E-001 -0.1427838107463154E-001  0.2529168811493120E-002
 0.7125000000000000E+000  0.4874885200000000E+000 -0.4347192351466503E-001  0.4264714751962014E-001  0.4336632149162335E-001 -0.1280228411280192E-001  0.2630620928106540E-002
 0.7250000000000000E+000  0.4874885200000000E+000 -0.4115146121952061E-001  0.4040576574643304E-001  0.4104648203014186E-001 -0.1147434190932611E-001  0.2732741357557473E-002
 0.7372222200000000E+000  0.4874885200000000E+000 -0.3896340093118994E-001  0.3828800154647949E-001  0.3885912178960931E-001 -0.1028056887526331E-001  0.2835144368664004E-002
 0.7491666700000000E+000  0.4874885200000000E+000 -0.3689819296799091E-001  0.3628533104817364E-001  0.3679470063561679E-001 -0.9208276261502554E-002  0.2937367034362275E-002
 0.7608333300000000E+000  0.4874885200000000E+000 -0.3494708691345530E-001  0.3438990839416864E-001  0.3484447884980619E-001 -0.8245950592786575E-002  0.3038856177512192E-002
 0.7722222200000000E+000  0.4874885200000000E+000 -0.3310203197471035E-001  0.3259448230342505E-001  0.3300041760241656E-001 -0.7383131699133511E-002  0.3138954530514182E-002
 0.7833333300000000E+000  0.4874885200000000E+000 -0.3135560903781122E-001  0.3089234150371875E-001  0.3125511110805378E-001 -0.6610311787021413E-002  0.3236883828438810E-002
 0.7941666700000000E+000  0.4874885200000000E+000 -0.2970094948105296E-001  0.2927724565414197E-001  0.2960170553740181E-001 -0.5918833147804825E-002  0.3331727007612246E-002
 0.8047222200000000E+000  0.4874885200000000E+000 -0.2813167591106621E-001  0.2774337616420602E-001  0.2803383981999784E-001 -0.5300801270528366E-002  0.3422407613569615E-002
 0.8149999999999999E+000  0.4874885200000000E+000 -0.2664182961868411E-001  0.2628527277122331E-001  0.2654557314343617E-001 -0.4748997822747346E-002  0.3507668491449168E-002
 0.8250000000000000E+000  0.4874885200000000E+000 -0.2522582349770801E-001  0.2489779385293634E-001  0.2513133783941528E-001 -0.4256809291789762E-002  0.3586047887150594E-002
 0.8347222200000000E+000  0.4874885200000000E+000 -0.2387838228491049E-001  0.2357606333465524E-001  0.2378587951769294E-001 -0.3818155740090983E-002  0.3655855854256308E-002
 0.8441666700000000E+000  0.4874885200000000E+000 -0.2259449241877931E-001  0.2231542606038668E-001  0.2250420668937353E-001 -0.3427428715305708E-002  0.3715150876347907E-002
 0.8533333300000000E+000  0.4874885200000000E+000 -0.2136936058205758E-001  0.2111141082345604E-001  0.2128154888800192E-001 -0.3079437171178040E-002  0.3761718841063625E-002
 0.8622222200000000E+000  0.4874885200000000E+000 -0.2019836117001925E-001  0.1995968168744515E-001  0.2011330350620514E-001 -0.2769355951301979E-002  0.3793058245055325E-002
 0.8708333300000000E+000  0.4874885200000000E+000 -0.1907700735960019E-001  0.1885601168521001E-001  0.1899500588544247E-001 -0.2492687606832573E-002  0.3806374650405531E-002
 0.8791666700000000E+000  0.4874885200000000E+000 -0.1800091255838816E-001  0.1779624627575983E-001  0.1792228942018577E-001 -0.2245228694952425E-002  0.3798592184526682E-002
 0.8872222200000000E+000  0.4874885200000000E+000 -0.1696577422685309E-001  0.1677628803719288E-001  0.1689086751382921E-001 -0.2023050353810344E-002  0.3766390291560146E-002
 0.8950000000000000E+000  0.4874885200000000E+000 -0.1596735554306629E-001  0.1579207849684616E-001  0.1589651286068337E-001 -0.1822488538552979E-002  0.3706277957948704E-002
 0.9025000000000000E+000  0.4874885200000000E+000 -0.1500150429580501E-001  0.1483961599563882E-001  0.1493507329129578E-001 -0.1640154268049103E-002  0.3614721826806736E-002
 0.9097222200000000E+000  0.4874885200000000E+000 -0.1406418448327367E-001  0.1391498564238432E-001  0.1400249981296307E-001 -0.1472959519672404E-002  0.3488347275211783E-002
 0.9166666700000000E+000  0.4874885200000000E+000 -0.1315154918853945E-001  0.1301442989304577E-001  0.1309491554885227E-001 -0.1318165027397702E-002  0.3324235337942716E-002
 0.9233333300000000E+000  0.4874885200000000E+000 -0.1226006494095494E-001  0.1213447046570009E-001  0.1220873619883074E-001 -0.1173449437903969E-002  0.3120339526332559E-002
 0.9297222200000000E+000  0.4874885200000000E+000 -0.1138667609352553E-001  0.1127207120166181E-001  0.1134083142729925E-001 -0.1036992238840338E-002  0.2876034582008919E-002
 0.9358333300000000E+000  0.4874885200000000E+000 -0.1052904465239664E-001  0.1042487807833442E-001  0.1048876356506545E-001 -0.9075648655156522E-003  0.2592801140224288E-002
 0.9416666700000000E+000  0.4874885200000000E+000 -0.9685820190988020E-002  0.9591492964883050E-002  0.9651059910622857E-002 -0.7846038890637292E-003  0.2274997190495007E-002
 0.9472222200000000E+000  0.4874885200000000E+000 -0.8856936960994507E-002  0.8771779342972465E-002  0.8827517011279297E-002 -0.6682404400417020E-003  0.1930615062098739E-002
 0.9525000000000000E+000  0.4874885200000000E+000 -0.8043843377675488E-002  0.7967106314446238E-002  0.8019443073011235E-002 -0.5592438362884084E-003  0.1571803465422143E-002
 0.9575000000000000E+000  0.4874885200000000E+000 -0.7249607288474455E-002  0.7180472891475399E-002  0.7229780744542280E-002 -0.4588520073674015E-003  0.1214838056264904E-002
 0.9622222200000000E+000  0.4874885200000000E+000 -0.6478753728042567E-002  0.6416365999807908E-002  0.6462963662853633E-002 -0.3684756429604487E-003  0.8790988746349489E-003
 0.9666666700000000E+000  0.4874885200000000E+000 -0.5736787919236873E-002  0.5680298395219494E-002  0.5724453255018141E-002 -0.2893211363269277E-003  0.5846705776723245E-003
 0.9708333300000000E+000  0.4874885200000000E+000 -0.5029445672644235E-002  0.4978062078434262E-002  0.5019991529825459E-002 -0.2220348755210229E-003  0.3484975494588776E-003
 0.9747222200000000E+000  0.4874885200000000E+000 -0.4361847767063883E-002  0.4314871659925505E-002  0.4354744218301725E-002 -0.1665015847686808E-003  0.1797758930803842E-003
 0.9783333300000000E+000  0.4874885200000000E+000 -0.3737911479595355E-002  0.3694756163043595E-002  0.3732692604760157E-002 -0.1218908823635979E-003  0.7638696731974672E-004
 0.9816666700000000E+000  0.4874885200000000E+000 -0.3160203237888814E-002  0.3120394786276102E-002  0.3156468979769175E-002 -0.8691012963931551E-004  0.2488592930994670E-004
 0.9847222200000000E+000  0.4874885200000000E+000 -0.2630214696042282E-002  0.2593386373999300E-002  0.2627625249516359E-002 -0.6010933157740153E-004  0.5590296914305596E-005
 0.9875000000000000E+000  0.4874885200000000E+000 -0.2148734050330715E-002  0.2114622625748756E-002  0.2147004466994490E-002 -0.4008603970986432E-004  0.7344642165792222E-006
 0.9900000000000000E+000  0.4874885200000000E+000 -0.1716128434007548E-002  0.1684574353242238E-002  0.1715024533905164E-002 -0.2556606339304937E-004  0.4128009861272537E-007
 0.9922222200000000E+000  0.4874885200000000E+000 -0.1332482103530061E-002  0.1303433668101635E-002  0.1331816326172688E-002 -0.1541749320322038E-004 -0.3032328175146507E-010
 0.9941666700000000E+000  0.4874885200000000E+000 -0.9976868435073469E-003  0.9712102425222127E-003  0.9973134976416027E-003 -0.8648262993616411E-005 -0.4777185663365716E-010
 0.9958333300000000E+000  0.4874885200000000E+000 -0.7115189352699703E-003  0.6878185699207369E-003  0.7113290162139515E-003 -0.4401778229870308E-005 -0.3285738212645434E-012
 0.9972222200000000E+000  0.4874885200000000E+000 -0.4736843486505192E-003  0.4531412773461784E-003  0.4736001673765111E-003 -0.1952386783516349E-005  0.4356702802250070E-014
 0.9983333300000000E+000  0.4874885200000000E+000 -0.2838771722276723E-003  0.2671107646640425E-003  0.2838469365542129E-003 -0.7017140143871745E-006  0.8228111293907346E-017
 0.9991666700000000E+000  0.4874885200000000E+000 -0.1418078964541417E-003  0.1300440974600979E-003  0.1418003512938699E-003 -0.1752103752597791E-006 -0.1706427164981902E-018
 0.9997222200000000E+000  0.4874885200000000E+000 -0.4724027853844285E-004  0.3948369040773745E-004  0.4723944121130488E-004 -0.1945223313885843E-007 -0.3931723551093959E-018
 0.1000000000000000E+001  0.4874885200000000E+000  0.1392349226800261E-188  0.1392349226800261E-188  0.1392349226800261E-188  0.1392349226800261E-188 -0.1392349226800261E-188

 0.0000000000000000E+000  0.5741531400000000E+000 -0.3927302975721899E+000  0.3365991103053602E+000  0.3926199651849158E+000 -0.2964000000000000E+000  0.3236406080959561E-003
 0.2777777800000000E-003  0.5741531400000000E+000 -0.3927301180701584E+000  0.3365989676536724E+000  0.3926197856828541E+000 -0.2963999080033188E+000  0.3236408603429228E-003
 0.8333333300000000E-003  0.5741531400000000E+000 -0.3927286802650204E+000  0.3365978250184718E+000  0.3926183478774735E+000 -0.2963991711104754E+000  0.3236428808392172E-003
 0.1666666700000000E-002  0.5741531400000000E+000 -0.3927238176481658E+000  0.3365939606573570E+000  0.3926134852597986E+000 -0.2963966789256534E+000  0.3236497141895821E-003
 0.2777777800000000E-002  0.5741531400000000E+000 -0.3927122583748903E+000  0.3365847744042910E+000  0.3926019259845726E+000 -0.2963907543661503E+000  0.3236659587807852E-003
 0.4166666700000000E-002  0.5741531400000000E+000 -0.3926895992865982E+000  0.3365667670143016E+000  0.3925792668924574E+000 -0.2963791398820879E+000  0.3236978045060244E-003
 0.5833333300000000E-002  0.5741531400000000E+000 -0.3926502721897827E+000  0.3365355133409897E+000  0.3925399397890072E+000 -0.2963589791054409E+000  0.3237530829450741E-003
 0.7777777800000000E-002  0.5741531400000000E+000 -0.3925875032252548E+000  0.3364856299998774E+000  0.3924771708138913E+000 -0.2963267939468446E+000  0.3238413298996705E-003
 0.1000000000000000E-001  0.5741531400000000E+000 -0.3924932665304930E+000  0.3364107384610430E+000  0.3923829341032370E+000 -0.2962784572147035E+000  0.3239738600179551E-003
 0.1250000000000000E-001  0.5741531400000000E+000 -0.3923582336530683E+000  0.3363034247133952E+000  0.3922479012030474E+000 -0.2962091608098283E+000  0.3241638532921099E-003
 0.1527777800000000E-001  0.5741531400000000E+000 -0.3921717207353052E+000  0.3361551970850848E+000  0.3920613882538549E+000 -0.2961133796650762E+000  0.3244264528952582E-003
 0.1833333300000000E-001  0.5741531400000000E+000 -0.3919216360437741E+000  0.3359564442386904E+000  0.3918113035202092E+000 -0.2959848316924712E+000  0.3247788735861314E-003
 0.2166666700000000E-001  0.5741531400000000E+000 -0.3915944303596181E+000  0.3356963953069861E+000  0.3914840977809979E+000 -0.2958164337640007E+000  0.3252405206036662E-003
 0.2527777800000000E-001  0.5741531400000000E+000 -0.3911750554153164E+000  0.3353630862480433E+000  0.3910647227662102E+000 -0.2956002549115338E+000  0.3258331158873629E-003
 0.2916666700000000E-001  0.5741531400000000E+000 -0.3906469326843220E+000  0.3349433341994618E+000  0.3905365999465773E+000 -0.2953274662448800E+000  0.3265808332440433E-003
 0.3333333300000000E-001  0.5741531400000000E+000 -0.3899919403169758E+000  0.3344227259591572E+000  0.3898816074694946E+000 -0.2949882897333913E+000  0.3275104370901523E-003
 0.3777777800000000E-001  0.5741531400000000E+000 -0.3891904219398866E+000  0.3337856234645260E+000  0.3890800889584176E+000 -0.2945719457789617E+000  0.3286514258842569E-003
 0.4250000000000000E-001  0.5741531400000000E+000 -0.3882212274978359E+000  0.3330151942587605E+000  0.3881108943547920E+000 -0.2940666028320838E+000  0.3300361728550127E-003
 0.4750000000000000E-001  0.5741531400000000E+000 -0.3870617895945569E+000  0.3320934695675634E+000  0.3869514562588697E+000 -0.2934593289583321E+000  0.3317000666512430E-003
 0.5277777800000000E-001  0.5741531400000000E+000 -0.3856882478296547E+000  0.3310014397709931E+000  0.3855779142666798E+000 -0.2927360503112645E+000  0.3336816418808929E-003
 0.5833333300000000E-001  0.5741531400000000E+000 -0.3840756271121210E+000  0.3297191918491675E+000  0.3839652932836123E+000 -0.2918815187460184E+000  0.3360226985284776E-003
 0.6416666700000000E-001  0.5741531400000000E+000 -0.3821980773639401E+000  0.3282260944934657E+000  0.3820877432281120E+000 -0.2908792925548420E+000  0.3387684064579277E-003
 0.7027777800000000E-001  0.5741531400000000E+000 -0.3800291865507227E+000  0.3265010401512272E+000  0.3799188520624248E+000 -0.2897117382084337E+000  0.3419673829933458E-003
 0.7666666699999999E-001  0.5741531400000000E+000 -0.3775423651079108E+000  0.3245227422333842E+000  0.3774320302189418E+000 -0.2883600556097071E+000  0.3456717492293097E-003
 0.8333333300000000E-001  0.5741531400000000E+000 -0.3747113129888687E+000  0.3222700961848741E+000  0.3746009776484591E+000 -0.2868043388936148E+000  0.3499371479037437E-003
 0.9027777800000000E-001  0.5741531400000000E+000 -0.3715105611924219E+000  0.3197225977493338E+000  0.3714002253479171E+000 -0.2850236774326863E+000  0.3548227293041551E-003
 0.9750000000000000E-001  0.5741531400000000E+000 -0.3679160914090776E+000  0.3168608212089539E+000  0.3678057550068605E+000 -0.2829963114952220E+000  0.3603910880891201E-003
 0.1050000000000000E+000  0.5741531400000000E+000 -0.3639060116684710E+000  0.3136669400161683E+000  0.3637956746551584E+000 -0.2806998463535050E+000  0.3667081656525263E-003
 0.1127777800000000E+000  0.5741531400000000E+000 -0.3594612807876921E+000  0.3101252842985316E+000  0.3593509431116451E+000 -0.2781115400955184E+000  0.3738431024283167E-003
 0.1208333300000000E+000  0.5741531400000000E+000 -0.3545664613710626E+000  0.3062229196143086E+000  0.3544561229842527E+000 -0.2752086760668268E+000  0.3818680352853982E-003
 0.1291666700000000E+000  0.5741531400000000E+000 -0.3492104302650797E+000  0.3019501911288375E+000  0.3491000911253470E+000 -0.2719690016992465E+000  0.3908579118585765E-003
 0.1377777800000000E+000  0.5741531400000000E+000 -0.3433871134761399E+000  0.2973012878902349E+000  0.3432767735498926E+000 -0.2683712969689385E+000  0.4008901603579495E-003
 0.1466666700000000E+000  0.5741531400000000E+000 -0.3370960498667403E+000  0.2922746728189412E+000  0.3369857091321262E+000 -0.2643959755024370E+000  0.4120444846782506E-003
 0.1558333300000000E+000  0.5741531400000000E+000 -0.3303429079530884E+000  0.2868734796223219E+000  0.3302325664036893E+000 -0.2600258069433414E+000  0.4244025235712429E-003
 0.1652777800000000E+000  0.5741531400000000E+000 -0.3231397719866236E+000  0.2811057322239606E+000  0.3230294296357101E+000 -0.2552466518213857E+000  0.4380476412623886E-003
 0.1750000000000000E+000  0.5741531400000000E+000 -0.3155053222377390E+000  0.2749844890329788E+000  0.3153949791231451E+000 -0.2500482816610643E+000  0.4530645842602366E-003
 0.1850000000000000E+000  0.5741531400000000E+000 -0.3074646934190788E+000  0.2685277414716802E+000  0.3073543496087404E+000 -0.2444251219806009E+000  0.4695393810467347E-003
 0.1952777800000000E+000  0.5741531400000000E+000 -0.2990491884816167E+000  0.2617582104083192E+000  0.2989388440798544E+000 -0.2383769980377518E+000  0.4875591528668231E-003
 0.2058333300000000E+000  0.5741531400000000E+000 -0.2902957387978396E+000  0.2547029542975482E+000  0.2901853939524676E+000 -0.2319097619506051E+000  0.5072120608087756E-003
 0.2166666700000000E+000  0.5741531400000000E+000 -0.2812461243771229E+000  0.2473927995304684E+000  0.2811357792874935E+000 -0.2250357448672205E+000  0.5285874344406795E-003
 0.2277777800000000E+000  0.5741531400000000E+000 -0.2719461119222632E+000  0.2398617187327552E+000  0.2718357668483929E+000 -0.2177740833779822E+000  0.5517758058165918E-003
 0.2391666700000000E+000  0.5741531400000000E+000 -0.2624443465412826E+000  0.2321460215758077E+000  0.2623340018142358E+000 -0.2101507283218114E+000  0.5768693357959393E-003
 0.2508333300000000E+000  0.5741531400000000E+000 -0.2527912652624507E+000  0.2242835703524137E+000  0.2526809212962136E+000 -0.2021982758927437E+000  0.6039621336734379E-003
 0.2627777800000000E+000  0.5741531400000000E+000 -0.2430379047187242E+000  0.2163129117487481E+000  0.2429275620238618E+000 -0.1939554726036493E+000  0.6331509249175034E-003
 0.2750000000000000E+000  0.5741531400000000E+000 -0.2332348393092243E+000  0.2082725110467383E+000  0.2331244985086770E+000 -0.1854665527045956E+000  0.6645355736349796E-003
 0.2875000000000000E+000  0.5741531400000000E+000 -0.2234310848737256E+000  0.2001999483849732E+000  0.2233207467212127E+000 -0.1767802598072774E+000  0.6982200704476820E-003
 0.3002777800000000E+000  0.5741531400000000E+000 -0.2136732136528918E+000  0.1921312724351960E+000  0.2135628790544778E+000 -0.1679487692969310E+000  0.7343133848746183E-003
 0.3133333300000000E+000  0.5741531400000000E+000 -0.2040045861751652E+000  0.1841004305455018E+000  0.2038942562146929E+000 -0.1590264648406429E+000  0.7729305339155474E-003
 0.3266666700000000E+000  0.5741531400000000E+000 -0.1944647231608185E+000  0.1761387909780754E+000  0.1943543991300994E+000 -0.1500686325867274E+000  0.8141939008238175E-003
 0.3402777800000000E+000  0.5741531400000000E+000 -0.1850889326576198E+000  0.1682748522209176E+000  0.1849786160924295E+000 -0.1411302391119790E+000  0.8582343475582952E-003
 0.3541666700000000E+000  0.5741531400000000E+000 -0.1759080056067819E+000  0.1605339846765951E+000  0.1757976983300732E+000 -0.1322646831611222E+000  0.9051928766486611E-003
 0.3683333300000000E+000  0.5741531400000000E+000 -0.1669481547529779E+000  0.1529383528005429E+000  0.1668378589269638E+000 -0.1235227473397988E+000  0.9552220517503566E-003
 0.3827777800000000E+000  0.5741531400000000E+000 -0.1582310247550756E+000  0.1455068770922013E+000  0.1581207429443969E+000 -0.1149516440957480E+000  0.1008487887326852E-002
 0.3975000000000000E+000  0.5741531400000000E+000 -0.1497738938601112E+000  0.1382553420080709E+000  0.1496636291087202E+000 -0.1065943198415411E+000  0.1065171461720522E-002
 0.4125000000000000E+000  0.5741531400000000E+000 -0.1415898802308045E+000  0.1311964960090595E+000  0.1414796361561789E+000 -0.9848887072749483E-001  0.1125471194706068E-002
 0.4277777800000000E+000  0.5741531400000000E+000 -0.1336882824870740E+000  0.1243402587775067E+000  0.1335780633961459E+000 -0.9066822054781239E-001  0.1189604896328118E-002
 0.4433333300000000E+000  0.5741531400000000E+000 -0.1260749384411403E+000  0.1176939414527954E+000  0.1259647494737755E+000 -0.8315995847141371E-001  0.1257812135053943E-002
 0.4591666700000000E+000  0.5741531400000000E+000 -0.1187525898064031E+000  0.1112624726374115E+000  0.1186424371141086E+000 -0.7598632555897614E-001  0.1330356980292415E-002
 0.4752777800000000E+000  0.5741531400000000E+000 -0.1117213065686707E+000  0.1050486807728893E+000  0.1116111975382788E+000 -0.6916439568319742E-001  0.1407530440909366E-002
 0.4916666700000000E+000  0.5741531400000000E+000 -0.1049788377123568E+000  0.9905351884170982E-001  0.1048687812482109E+000 -0.6270630636210811E-001  0.1489653695990345E-002
 0.5083333300000000E+000  0.5741531400000000E+000 -0.9852099985309745E-001  0.9327633097771604E-001  0.9841100673511717E-001 -0.5661963144329282E-001  0.1577080889816028E-002
 0.5247222200000000E+000  0.5741531400000000E+000 -0.9253867842368875E-001  0.8789260481252799E-001  0.9242875904353742E-001 -0.5108767183974491E-001  0.1667079344099595E-002
 0.5408333300000000E+000  0.5741531400000000E+000 -0.8699071323804412E-001  0.8287126233408533E-001  0.8688087939918047E-001 -0.4606703654836868E-001  0.1759634102222629E-002
 0.5566666700000000E+000  0.5741531400000000E+000 -0.8183947457035981E-001  0.7818356183179007E-001  0.8172973968185354E-001 -0.4151582294841025E-001  0.1854726854793086E-002
 0.5722222200000000E+000  0.5741531400000000E+000 -0.7705071692069353E-001  0.7380306258431674E-001  0.7694109621848555E-001 -0.3739418812090338E-001  0.1952333175892326E-002
 0.5875000000000000E+000  0.5741531400000000E+000 -0.7259334305769073E-001  0.6970550462856742E-001  0.7248385385806837E-001 -0.3366466201833253E-001  0.2052420268514664E-002
 0.6025000000000000E+000  0.5741531400000000E+000 -0.6843918770222973E-001  0.6586870007105793E-001  0.6832984969110666E-001 -0.3029233431673386E-001  0.2154943574672297E-002
 0.6172222200000000E+000  0.5741531400000000E+000 -0.6456275937401827E-001  0.6227237821004619E-001  0.6445359493795272E-001 -0.2724489273162340E-001  0.2259843720582751E-002
 0.6316666700000000E+000  0.5741531400000000E+000 -0.6094099919800422E-001  0.5889803753242710E-001  0.6083203380260960E-001 -0.2449259019996426E-001  0.2367042804569856E-002
 0.6458333300000000E+000  0.5741531400000000E+000 -0.5755305950730934E-001  0.5572880753545986E-001  0.5744432212900707E-001 -0.2200816278195302E-001  0.2476439860899303E-002
 0.6597222200000000E+000  0.5741531400000000E+000 -0.5438006976505273E-001  0.5274929038512348E-001  0.5427159338516014E-001 -0.1976669149365730E-001  0.2587906543848178E-002
 0.6733333300000000E+000  0.5741531400000000E+000 -0.5140495313606512E-001  0.4994544213152376E-001  0.5129677530335060E-001 -0.1774546885009401E-001  0.2701281036638145E-002
 0.6866666700000000E+000  0.5741531400000000E+000 -0.4861223120697186E-001  0.4730443581873420E-001  0.4850439467969514E-001 -0.1592383397375834E-001  0.2816362050891895E-002
 0.6997222200000000E+000  0.5741531400000000E+000 -0.4598786776363577E-001  0.4481455496961545E-001  0.4588042123880973E-001 -0.1428302046667324E-001  0.2932901036937589E-002
 0.7125000000000000E+000  0.5741531400000000E+000 -0.4351910316426280E-001  0.4246507250080304E-001  0.4341210210774636E-001 -0.1280599003753933E-001  0.3050594308390359E-002
 0.7250000000000000E+000  0.5741531400000000E+000 -0.4119433210334128E-001  0.4024616573773396E-001  0.4108783968780138E-001 -0.1147729005044103E-001  0.3169072652433466E-002
 0.7372222200000000E+000  0.5741531400000000E+000 -0.3900297235345036E-001  0.3814881851943173E-001  0.3889706051828475E-001 -0.1028290449624600E-001  0.3287890449909290E-002
 0.7491666700000000E+000  0.5741531400000000E+000 -0.3693535401912816E-001  0.3616473894424620E-001  0.3683010466190361E-001 -0.9210119307914447E-002  0.3406512805985807E-002
 0.7608333300000000E+000  0.5741531400000000E+000 -0.3498262602045963E-001  0.3428629028643503E-001  0.3487813232609722E-001 -0.8247400006276570E-002  0.3524300433481841E-002
 0.7722222200000000E+000  0.5741531400000000E+000 -0.3313665317496837E-001  0.3250640994175946E-001  0.3303302109503287E-001 -0.7384269048312607E-002  0.3640493620893253E-002
 0.7833333300000000E+000  0.5741531400000000E+000 -0.3138994533019483E-001  0.3081855661871714E-001  0.3128729520488661E-001 -0.6611204317755717E-002  0.3754192635090976E-002
 0.7941666700000000E+000  0.5741531400000000E+000 -0.2973557346189194E-001  0.2921664277903024E-001  0.2963404178594712E-001 -0.5919536333834254E-002  0.3864337073864981E-002
 0.8047222200000000E+000  0.5741531400000000E+000 -0.2816710782379902E-001  0.2769498641181238E-001  0.2806684912951606E-001 -0.5301360940050987E-002  0.3969681959467654E-002
 0.8149999999999999E+000  0.5741531400000000E+000 -0.2667854284389727E-001  0.2624824825963357E-001  0.2657973167861417E-001 -0.4749451920454352E-002  0.4068772969256998E-002
 0.8250000000000000E+000  0.5741531400000000E+000 -0.2526424740227129E-001  0.2487139212602214E-001  0.2516708032538806E-001 -0.4257189329406503E-002  0.4159918614168106E-002
 0.8347222200000000E+000  0.5741531400000000E+000 -0.2391890226813385E-001  0.2355963137656805E-001  0.2382359978789550E-001 -0.3818487974574986E-002  0.4241162706989615E-002
 0.8441666700000000E+000  0.5741531400000000E+000 -0.2263744689954609E-001  0.2230838327966783E-001  0.2254425520894162E-001 -0.3427735086739019E-002  0.4310256988803387E-002
 0.8533333300000000E+000  0.5741531400000000E+000 -0.2141503458863506E-001  0.2111323035583921E-001  0.2132422689336749E-001 -0.3079736022871639E-002  0.4364636359959184E-002
 0.8622222200000000E+000  0.5741531400000000E+000 -0.2024697620193933E-001  0.1996986949889450E-001  0.2015885339410750E-001 -0.2769662546602443E-002  0.4401401185935662E-002
 0.8708333300000000E+000  0.5741531400000000E+000 -0.1912870714999733E-001  0.1887408275089748E-001  0.1904359742821630E-001 -0.2493014451189754E-002  0.4417310137073409E-002
 0.8791666700000000E+000  0.5741531400000000E+000 -0.1805574457215916E-001  0.1782169750023503E-001  0.1797400156568742E-001 -0.2245585667467803E-002  0.4408792581205011E-002
 0.8872222200000000E+000  0.5741531400000000E+000 -0.1702366696184102E-001  0.1680856766850609E-001  0.1694566573466961E-001 -0.2023444652610633E-002  0.4371990031313771E-002
 0.8950000000000000E+000  0.5741531400000000E+000 -0.1602809232939152E-001  0.1583055252739366E-001  0.1595422261552371E-001 -0.1822924451664415E-002  0.4302840872752397E-002
 0.9025000000000000E+000  0.5741531400000000E+000 -0.1506469509081672E-001  0.1488353270821140E-001  0.1499535093752628E-001 -0.1640632797170507E-002  0.4197227506654115E-002
 0.9097222200000000E+000  0.5741531400000000E+000 -0.1412923860093119E-001  0.1396344102915274E-001  0.1406480373971176E-001 -0.1473477915468634E-002  0.4051208289647325E-002
 0.9166666700000000E+000  0.5741531400000000E+000 -0.1321765368835912E-001  0.1306633842583720E-001  0.1315848210443711E-001 -0.1318716340060438E-002  0.3861361222108273E-002
 0.9233333300000000E+000  0.5741531400000000E+000 -0.1232617568374331E-001  0.1218854808063022E-001  0.1227256734100387E-001 -0.1174022245711119E-002  0.3625267918247752E-002
 0.9297222200000000E+000  0.5741531400000000E+000 -0.1145153080982668E-001  0.1132683992911343E-001  0.1140370352734389E-001 -0.1037570778183235E-002  0.3342152676406494E-002
 0.9358333300000000E+000  0.5741531400000000E+000 -0.1059120888881192E-001  0.1047870347277048E-001  0.1054926857452377E-001 -0.9081298180899630E-003  0.3013682141139644E-002
 0.9416666700000000E+000  0.5741531400000000E+000 -0.9743776245719132E-002  0.9642665209942787E-002  0.9707689724534901E-002 -0.7851340425402571E-003  0.2644869185866757E-002
 0.9472222200000000E+000  0.5741531400000000E+000 -0.8909220718873840E-002  0.8818644048477218E-002  0.8878797049560759E-002 -0.6687152683539052E-003  0.2244963134646194E-002
 0.9525000000000000E+000  0.5741531400000000E+000 -0.8089221888895042E-002  0.8008239259832130E-002  0.8064109290362987E-002 -0.5596467130011871E-003  0.1828068349276356E-002
 0.9575000000000000E+000  0.5741531400000000E+000 -0.7287270999929661E-002  0.7214873739008234E-002  0.7266975123835725E-002 -0.4591733286628873E-003  0.1413119382784245E-002
 0.9622222200000000E+000  0.5741531400000000E+000 -0.6508474936404535E-002  0.6443622733787666E-002  0.6492399980240321E-002 -0.3687147921320543E-003  0.1022693969732313E-002
 0.9666666700000000E+000  0.5741531400000000E+000 -0.5758983920401703E-002  0.5700659380509316E-002  0.5746490142597467E-002 -0.2894863027680814E-003  0.6802129964170482E-003
 0.9708333300000000E+000  0.5741531400000000E+000 -0.5045098546459772E-002  0.4992364352778886E-002  0.5035561641000401E-002 -0.2221404769649471E-003  0.4054492597746730E-003
 0.9747222200000000E+000  0.5741531400000000E+000 -0.4372283779838556E-002  0.4324324749182495E-002  0.4365138968145854E-002 -0.1665642125531635E-003  0.2091464378313107E-003
 0.9783333300000000E+000  0.5741531400000000E+000 -0.3744515731235183E-002  0.3700655323767682E-002  0.3739276517241152E-002 -0.1219255183550665E-003  0.8885945358361426E-004
 0.9816666700000000E+000  0.5741531400000000E+000 -0.3164185087010652E-002  0.3123880949299196E-002  0.3160440880254303E-002 -0.8692807459965298E-004  0.2894622005897748E-004
 0.9847222200000000E+000  0.5741531400000000E+000 -0.2632500865302069E-002  0.2595333304063584E-002  0.2629906717905576E-002 -0.6011803127922817E-004  0.6501591250764447E-005
 0.9875000000000000E+000  0.5741531400000000E+000 -0.2149976028452773E-002  0.2115640208470390E-002  0.2148244363556409E-002 -0.4008995161728871E-004  0.8540780167136445E-006
 0.9900000000000000E+000  0.5741531400000000E+000 -0.1716759467652816E-002  0.1685063173377547E-002  0.1715654723383393E-002 -0.2556766978599905E-004  0.4799454733881318E-007
 0.9922222200000000E+000  0.5741531400000000E+000 -0.1332776936084044E-002  0.1303643151432083E-002  0.1332110852579985E-002 -0.1541808219694578E-004 -0.3565789477417416E-010
 0.9941666700000000E+000  0.5741531400000000E+000 -0.9978104482132469E-003  0.9712861435454730E-003  0.9974370062684813E-003 -0.8648449623812661E-005 -0.5554851221908873E-010
 0.9958333300000000E+000  0.5741531400000000E+000 -0.7115637350002442E-003  0.6878391533301861E-003  0.7113737911139183E-003 -0.4401826863430633E-005 -0.3819003319194263E-012
 0.9972222200000000E+000  0.5741531400000000E+000 -0.4736975613163022E-003  0.4531437691593716E-003  0.4736133751679805E-003 -0.1952396397632947E-005  0.5066241300149111E-014
 0.9983333300000000E+000  0.5741531400000000E+000 -0.2838800154920875E-003  0.2671097597471028E-003  0.2838497791902106E-003 -0.7017152610926805E-006  0.9461419201025946E-017
 0.9991666700000000E+000  0.5741531400000000E+000 -0.1418082508482970E-003  0.1300434918532055E-003  0.1418007056489241E-003 -0.1752104532120473E-006  0.1324480401517881E-018
 0.9997222200000000E+000  0.5741531400000000E+000 -0.4724029163963635E-004  0.3948359698915078E-004  0.4723945431201714E-004 -0.1945223410163539E-007 -0.1925308469374047E-018
 0.1000000000000000E+001  0.5741531400000000E+000  0.1392349226800261E-188 -0.1392349226800261E-188  0.1392349226800261E-188 -0.1392349226800261E-188 -0.1392349226800261E-188

 0.0000000000000000E+000  0.6572067400000000E+000 -0.4004187738550952E+000  0.3289107044437719E+000  0.4003084293061696E+000 -0.2964000000000000E+000  0.3640302794958467E-003
 0.2777777800000000E-003  0.6572067400000000E+000 -0.4004185884063551E+000  0.3289105662279749E+000  0.4003082438573745E+000 -0.2963999088989399E+000  0.3640305632230987E-003
 0.8333333300000000E-003  0.6572067400000000E+000 -0.4004171029683110E+000  0.3289094591241079E+000  0.4003067584188883E+000 -0.2963991791799560E+000  0.3640328358762515E-003
 0.1666666700000000E-002  0.6572067400000000E+000 -0.4004120792586388E+000  0.3289057149289639E+000  0.4003017347077205E+000 -0.2963967112564659E+000  0.3640405220250919E-003
 0.2777777800000000E-002  0.6572067400000000E+000 -0.4004001370422569E+000  0.3288968143309433E+000  0.4002897924877835E+000 -0.2963908443674496E+000  0.3640587939326034E-003
 0.4166666700000000E-002  0.6572067400000000E+000 -0.4003767272976360E+000  0.3288793668966064E+000  0.4002663827361935E+000 -0.2963793429204102E+000  0.3640946139873592E-003
 0.5833333300000000E-002  0.6572067400000000E+000 -0.4003360973894627E+000  0.3288490850812310E+000  0.4002257528159241E+000 -0.2963593782940668E+000  0.3641567911461435E-003
 0.7777777800000000E-002  0.6572067400000000E+000 -0.4002712491129019E+000  0.3288007528957045E+000  0.4001609045200545E+000 -0.2963275061094918E+000  0.3642560512737423E-003
 0.1000000000000000E-001  0.6572067400000000E+000 -0.4001738908577182E+000  0.3287281901433207E+000  0.4000635462358770E+000 -0.2962796390307902E+000  0.3644051210805348E-003
 0.1250000000000000E-001  0.6572067400000000E+000 -0.4000343854056797E+000  0.3286242133325913E+000  0.3999240407422824E+000 -0.2962110151317269E+000  0.3646188254150621E-003
 0.1527777800000000E-001  0.6572067400000000E+000 -0.3998416954573915E+000  0.3284805948003521E+000  0.3997313507365746E+000 -0.2961161619757265E+000  0.3649141973110559E-003
 0.1833333300000000E-001  0.6572067400000000E+000 -0.3995833295587078E+000  0.3282880219997774E+000  0.3994729847608633E+000 -0.2959888566441491E+000  0.3653105999211269E-003
 0.2166666700000000E-001  0.6572067400000000E+000 -0.3992452910399667E+000  0.3280360588563237E+000  0.3991349461412766E+000 -0.2958220817086697E+000  0.3658298602496202E-003
 0.2527777800000000E-001  0.6572067400000000E+000 -0.3988120353422785E+000  0.3277131131413225E+000  0.3987016903142294E+000 -0.2956079782862386E+000  0.3664964111255694E-003
 0.2916666700000000E-001  0.6572067400000000E+000 -0.3982664381339766E+000  0.3273064115847407E+000  0.3981560929428536E+000 -0.2953377956395029E+000  0.3673374432387065E-003
 0.3333333300000000E-001  0.6572067400000000E+000 -0.3975897822927071E+000  0.3268019886600983E+000  0.3974794368990697E+000 -0.2950018394013356E+000  0.3683830611973999E-003
 0.3777777800000000E-001  0.6572067400000000E+000 -0.3967617676215028E+000  0.3261846918188763E+000  0.3966514219796459E+000 -0.2945894183017744E+000  0.3696664448623512E-003
 0.4250000000000000E-001  0.6572067400000000E+000 -0.3957605538469622E+000  0.3254382109079547E+000  0.3956502079043666E+000 -0.2940887925655107E+000  0.3712240076384969E-003
 0.4750000000000000E-001  0.6572067400000000E+000 -0.3945628405065532E+000  0.3245451343028182E+000  0.3944524942033307E+000 -0.2934871238362570E+000  0.3730955546796469E-003
 0.5277777800000000E-001  0.6572067400000000E+000 -0.3931439966752493E+000  0.3234870412255551E+000  0.3930336499435922E+000 -0.2927704314904804E+000  0.3753244297205425E-003
 0.5833333300000000E-001  0.6572067400000000E+000 -0.3914782467514430E+000  0.3222446346695114E+000  0.3913678995150862E+000 -0.2919235575187429E+000  0.3779576493999641E-003
 0.6416666700000000E-001  0.6572067400000000E+000 -0.3895389200027015E+000  0.3207979204273735E+000  0.3894285721764099E+000 -0.2909301439028665E+000  0.3810460208085173E-003
 0.7027777800000000E-001  0.6572067400000000E+000 -0.3872987762407069E+000  0.3191264411812343E+000  0.3871884277298029E+000 -0.2897726303155600E+000  0.3846442287552169E-003
 0.7666666699999999E-001  0.6572067400000000E+000 -0.3847304056613158E+000  0.3172095639143826E+000  0.3846200563612613E+000 -0.2884322746826239E+000  0.3888108991099847E-003
 0.8333333300000000E-001  0.6572067400000000E+000 -0.3818067144615671E+000  0.3150268290474037E+000  0.3816963642576204E+000 -0.2868892086477702E+000  0.3936086189128232E-003
 0.9027777800000000E-001  0.6572067400000000E+000 -0.3785014878162808E+000  0.3125583548097139E+000  0.3783911365832461E+000 -0.2851225327421485E+000  0.3991039205282389E-003
 0.9750000000000000E-001  0.6572067400000000E+000 -0.3747900339304613E+000  0.3097852995161779E+000  0.3746796815325547E+000 -0.2831104658512859E+000  0.4053672105907016E-003
 0.1050000000000000E+000  0.6572067400000000E+000 -0.3706498862376773E+000  0.3066903646930478E+000  0.3705395325285278E+000 -0.2808305531042535E+000  0.4124726601944635E-003
 0.1127777800000000E+000  0.6572067400000000E+000 -0.3660615561606114E+000  0.3032583337001004E+000  0.3659512009834229E+000 -0.2782599477719388E+000  0.4204980387786518E-003
 0.1208333300000000E+000  0.6572067400000000E+000 -0.3610093152987526E+000  0.2994766307254399E+000  0.3608989584866474E+000 -0.2753757785696501E+000  0.4295244862523939E-003
 0.1291666700000000E+000  0.6572067400000000E+000 -0.3554819333496747E+000  0.2953358460910358E+000  0.3553715747262323E+000 -0.2721555848418323E+000  0.4396363041726906E-003
 0.1377777800000000E+000  0.6572067400000000E+000 -0.3494734405301673E+000  0.2908302809324674E+000  0.3493630799101984E+000 -0.2685778831081474E+000  0.4509205843680952E-003
 0.1466666700000000E+000  0.6572067400000000E+000 -0.3429837120670614E+000  0.2859583617511128E+000  0.3428733492576080E+000 -0.2646227692096165E+000  0.4634669785042012E-003
 0.1558333300000000E+000  0.6572067400000000E+000 -0.3360190025457937E+000  0.2807230230750667E+000  0.3359086373473978E+000 -0.2602726446387126E+000  0.4773673147524051E-003
 0.1652777800000000E+000  0.6572067400000000E+000 -0.3285922399207218E+000  0.2751319184565763E+000  0.3284818721289581E+000 -0.2555129592302504E+000  0.4927153623135437E-003
 0.1750000000000000E+000  0.6572067400000000E+000 -0.3207232075354329E+000  0.2691975591966550E+000  0.3206128369427570E+000 -0.2503330426619020E+000  0.5096064454424516E-003
 0.1850000000000000E+000  0.6572067400000000E+000 -0.3124383909538694E+000  0.2629372156635046E+000  0.3123280173517682E+000 -0.2447268628465146E+000  0.5281373306743322E-003
 0.1952777800000000E+000  0.6572067400000000E+000 -0.3037706721576122E+000  0.2563727206425117E+000  0.3036602953391209E+000 -0.2386937900318259E+000  0.5484060140664687E-003
 0.2058333300000000E+000  0.6572067400000000E+000 -0.2947587587651206E+000  0.2495300913157227E+000  0.2946483785277402E+000 -0.2322392446387617E+000  0.5705116617532899E-003
 0.2166666700000000E+000  0.6572067400000000E+000 -0.2854463627790491E+000  0.2424389801057103E+000  0.2853359789281138E+000 -0.2253751711482287E+000  0.5945547547325888E-003
 0.2277777800000000E+000  0.6572067400000000E+000 -0.2758812920094196E+000  0.2351320763158899E+000  0.2757709043620350E+000 -0.2181203854815075E+000  0.6206371272312383E-003
 0.2391666700000000E+000  0.6572067400000000E+000 -0.2661142861988615E+000  0.2276443270706162E+000  0.2660038945884831E+000 -0.2105006025697966E+000  0.6488624463707934E-003
 0.2508333300000000E+000  0.6572067400000000E+000 -0.2561978750898096E+000  0.2200121831994946E+000  0.2560874793716533E+000 -0.2025482820939410E+000  0.6793365718590303E-003
 0.2627777800000000E+000  0.6572067400000000E+000 -0.2461851285830270E+000  0.2122727643990269E+000  0.2460747286404744E+000 -0.1943021427076200E+000  0.7121683072735694E-003
 0.2750000000000000E+000  0.6572067400000000E+000 -0.2361285433209317E+000  0.2044631240168617E+000  0.2360181390732276E+000 -0.1858065023499853E+000  0.7474699879884028E-003
 0.2875000000000000E+000  0.6572067400000000E+000 -0.2260788976371597E+000  0.1966194767500247E+000  0.2259684890486774E+000 -0.1771102960296032E+000  0.7853585926580900E-003
 0.3002777800000000E+000  0.6572067400000000E+000 -0.2160843283571950E+000  0.1887765785026126E+000  0.2159739154487173E+000 -0.1682659879926184E+000  0.8259567023724653E-003
 0.3133333300000000E+000  0.6572067400000000E+000 -0.2061895332625520E+000  0.1809671794546515E+000  0.2060791161250760E+000 -0.1593283324671086E+000  0.8693937030910998E-003
 0.3266666700000000E+000  0.6572067400000000E+000 -0.1964351233933404E+000  0.1732215651719721E+000  0.1963247022050479E+000 -0.1503530479062621E+000  0.9158072696142044E-003
 0.3402777800000000E+000  0.6572067400000000E+000 -0.1868572429273721E+000  0.1655672779549925E+000  0.1867468179746324E+000 -0.1413955726806324E+000  0.9653446176352766E-003
 0.3541666700000000E+000  0.6572067400000000E+000 -0.1774872649998070E+000  0.1580288678996372E+000  0.1773768367032243E+000 -0.1325097937536913E+000  0.1018164373977915E-002
 0.3683333300000000E+000  0.6572067400000000E+000 -0.1683517414805328E+000  0.1506278177525599E+000  0.1682413104274189E+000 -0.1237469765225483E+000  0.1074438175657791E-002
 0.3827777800000000E+000  0.6572067400000000E+000 -0.1594724296710432E+000  0.1433825048806315E+000  0.1593619966560189E+000 -0.1151547912856080E+000  0.1134352796955647E-002
 0.3975000000000000E+000  0.6572067400000000E+000 -0.1508665174609543E+000  0.1363083038981776E+000  0.1507560835369280E+000 -0.1067766015370454E+000  0.1198111965780072E-002
 0.4125000000000000E+000  0.6572067400000000E+000 -0.1425468551122477E+000  0.1294176803701412E+000  0.1424364216546403E+000 -0.9865086781752470E-001  0.1265938928014835E-002
 0.4277777800000000E+000  0.6572067400000000E+000 -0.1345223244784571E+000  0.1227203880299561E+000  0.1344118932664681E+000 -0.9081081814776375E-001  0.1338078755340847E-002
 0.4433333300000000E+000  0.6572067400000000E+000 -0.1267982263604000E+000  0.1162236780620013E+000  0.1266877996802738E+000 -0.8328428232392580E-001  0.1414801013211082E-002
 0.4591666700000000E+000  0.6572067400000000E+000 -0.1193766728305077E+000  0.1099325136011947E+000  0.1192662536074076E+000 -0.7609367858766658E-001  0.1496402851237591E-002
 0.4752777800000000E+000  0.6572067400000000E+000 -0.1122570382387565E+000  0.1038498392303912E+000  0.1121466302060070E+000 -0.6925619780637061E-001  0.1583211753386635E-002
 0.4916666700000000E+000  0.6572067400000000E+000 -0.1054363332325398E+000  0.9797679421417717E-001  0.1053259411501347E+000 -0.6278403965421256E-001  0.1675589181725503E-002
 0.5083333300000000E+000  0.6572067400000000E+000 -0.9890961462873919E-001  0.9231296705924036E-001  0.9879924456709728E-001 -0.5668479227098364E-001  0.1773933733252657E-002
 0.5247222200000000E+000  0.6572067400000000E+000 -0.9286883809283500E-001  0.8703085503424181E-001  0.9275849669249295E-001 -0.5114206922068676E-001  0.1875171730170044E-002
 0.5408333300000000E+000  0.6572067400000000E+000 -0.8727130899688101E-001  0.8210060350560683E-001  0.8716100408635742E-001 -0.4611227767193619E-001  0.1979286580146183E-002
 0.5566666700000000E+000  0.6572067400000000E+000 -0.8207808131739674E-001  0.7749457818680588E-001  0.8196782210192066E-001 -0.4155331762014908E-001  0.2086257958783407E-002
 0.5722222200000000E+000  0.6572067400000000E+000 -0.7725378490625104E-001  0.7318733614261964E-001  0.7714358218588550E-001 -0.3742516034059502E-001  0.2196058707428622E-002
 0.5875000000000000E+000  0.6572067400000000E+000 -0.7276636434380548E-001  0.6915551385665446E-001  0.7265623076591983E-001 -0.3369016550590229E-001  0.2308652304871173E-002
 0.6025000000000000E+000  0.6572067400000000E+000 -0.6858684000273872E-001  0.6537772673369116E-001  0.6847679035363136E-001 -0.3031326986254254E-001  0.2423989063116304E-002
 0.6172222200000000E+000  0.6572067400000000E+000 -0.6468902946706938E-001  0.6183442301216151E-001  0.6457908100914618E-001 -0.2726202585725807E-001  0.2542002701520730E-002
 0.6316666700000000E+000  0.6572067400000000E+000 -0.6104928848029550E-001  0.5850774407737513E-001  0.6093946134162623E-001 -0.2450656821682601E-001  0.2662606183141486E-002
 0.6458333300000000E+000  0.6572067400000000E+000 -0.5764627405981798E-001  0.5538139402552422E-001  0.5753659168351523E-001 -0.2201953070219854E-001  0.2785686625817119E-002
 0.6597222200000000E+000  0.6572067400000000E+000 -0.5446069693828240E-001  0.5244048884582213E-001  0.5435118660158512E-001 -0.1977590648427980E-001  0.2911100463077429E-002
 0.6733333300000000E+000  0.6572067400000000E+000 -0.5147512672767515E-001  0.4967144409660831E-001  0.5136582013943870E-001 -0.1775291314981211E-001  0.3038666610148039E-002
 0.6866666700000000E+000  0.6572067400000000E+000 -0.4867378678069748E-001  0.4706184421111859E-001  0.4856472076970603E-001 -0.1592982625653051E-001  0.3168159734182592E-002
 0.6997222200000000E+000  0.6572067400000000E+000 -0.4604238964878140E-001  0.4460034129317775E-001  0.4593360695376333E-001 -0.1428782574290172E-001  0.3299301513905176E-002
 0.7125000000000000E+000  0.6572067400000000E+000 -0.4356796430109657E-001  0.4227653903976018E-001  0.4345951447802186E-001 -0.1280982819501450E-001  0.3431751805294581E-002
 0.7250000000000000E+000  0.6572067400000000E+000 -0.4123872787086859E-001  0.4008091189290996E-001  0.4113066832898481E-001 -0.1148034318264325E-001  0.3565096980237287E-002
 0.7372222200000000E+000  0.6572067400000000E+000 -0.3904394919851554E-001  0.3800471100780394E-001  0.3893634638211477E-001 -0.1028532314565917E-001  0.3698837715192460E-002
 0.7491666700000000E+000  0.6572067400000000E+000 -0.3697383364136165E-001  0.3603988527903601E-001  0.3686676437135366E-001 -0.9212027763152315E-002  0.3832374541716470E-002
 0.7608333300000000E+000  0.6572067400000000E+000 -0.3501942570576137E-001  0.3417901502052360E-001  0.3491297869240020E-001 -0.8248900779584546E-002  0.3964990866432413E-002
 0.7722222200000000E+000  0.6572067400000000E+000 -0.3317250271982454E-001  0.3241523340546842E-001  0.3306678026268452E-001 -0.7385446643075692E-002  0.4095834957221000E-002
 0.7833333300000000E+000  0.6572067400000000E+000 -0.3142550092775603E-001  0.3074217550042767E-001  0.3132062080216354E-001 -0.6612128392842625E-002  0.4223897907889464E-002
 0.7941666700000000E+000  0.6572067400000000E+000 -0.2977142876834850E-001  0.2915391229579815E-001  0.2966752630292157E-001 -0.5920264349048084E-002  0.4347990406671364E-002
 0.8047222200000000E+000  0.6572067400000000E+000 -0.2820380234099292E-001  0.2764490348414038E-001  0.2810103266476357E-001 -0.5301940361393664E-002  0.4466715812030968E-002
 0.8149999999999999E+000  0.6572067400000000E+000 -0.2671656764751862E-001  0.2620993537061124E-001  0.2661510808485511E-001 -0.4749922047095506E-002  0.4578442222015168E-002
 0.8250000000000000E+000  0.6572067400000000E+000 -0.2530404813212497E-001  0.2484408118533137E-001  0.2520410067204060E-001 -0.4257582797518930E-002  0.4681271052446888E-002
 0.8347222200000000E+000  0.6572067400000000E+000 -0.2396087921220843E-001  0.2354264717144914E-001  0.2386267296598497E-001 -0.3818831978743282E-002  0.4773005865744391E-002
 0.8441666700000000E+000  0.6572067400000000E+000 -0.2268195190480986E-001  0.2230112586279693E-001  0.2258574540018475E-001 -0.3428052352232054E-002  0.4851121270901249E-002
 0.8533333300000000E+000  0.6572067400000000E+000 -0.2146236444435385E-001  0.2111515569118586E-001  0.2136844752808374E-001 -0.3080045552165604E-002  0.4912734610311670E-002
 0.8622222200000000E+000  0.6572067400000000E+000 -0.2029736214691549E-001  0.1998046782184407E-001  0.2020605721264930E-001 -0.2769980155181892E-002  0.4954585429279600E-002
 0.8708333300000000E+000  0.6572067400000000E+000 -0.1918230010936487E-001  0.1889285388284462E-001  0.1909396219900372E-001 -0.2493353101457820E-002  0.4973026567835289E-002
 0.8791666700000000E+000  0.6572067400000000E+000 -0.1811259594037171E-001  0.1784812275789210E-001  0.1802761119739331E-001 -0.2245955605043275E-002  0.4964037000256283E-002
 0.8872222200000000E+000  0.6572067400000000E+000 -0.1708370498477057E-001  0.1684207809479019E-001  0.1700248672956136E-001 -0.2023853349348280E-002  0.4923267091694577E-002
 0.8950000000000000E+000  0.6572067400000000E+000 -0.1609109478664985E-001  0.1587049393416359E-001  0.1601407642737281E-001 -0.1823376367260821E-002  0.4846132331452972E-002
 0.9025000000000000E+000  0.6572067400000000E+000 -0.1513025981062581E-001  0.1492912870951235E-001  0.1505788360057690E-001 -0.1641128987454278E-002  0.4727977187632821E-002
 0.9097222200000000E+000  0.6572067400000000E+000 -0.1419675484037702E-001  0.1401375687433174E-001  0.1412945562133629E-001 -0.1474015547840465E-002  0.4564334563060948E-002
 0.9166666700000000E+000  0.6572067400000000E+000 -0.1328627928009736E-001  0.1312025027046488E-001  0.1322446251909858E-001 -0.1319288223451687E-002  0.4351311657512786E-002
 0.9233333300000000E+000  0.6572067400000000E+000 -0.1239482724832085E-001  0.1224472483487237E-001  0.1233884123321504E-001 -0.1174616543917354E-002  0.4086135090951504E-002
 0.9297222200000000E+000  0.6572067400000000E+000 -0.1151889680881961E-001  0.1138374753549193E-001  0.1146900007591628E-001 -0.1038171139023556E-002  0.3767872964922632E-002
 0.9358333300000000E+000  0.6572067400000000E+000 -0.1065579693322313E-001  0.1053464331892857E-001  0.1061212347987408E-001 -0.9087161851078483E-003  0.3398341082414925E-002
 0.9416666700000000E+000  0.6572067400000000E+000 -0.9804005351572609E-002  0.9695858160594912E-002  0.9766532619678822E-002 -0.7856843759277045E-003  0.2983130606738836E-002
 0.9472222200000000E+000  0.6572067400000000E+000 -0.8963563817070166E-002  0.8867366567380137E-002  0.8932090509744051E-002 -0.6692082253949457E-003  0.2532624046017064E-002
 0.9525000000000000E+000  0.6572067400000000E+000 -0.8136391282287209E-002  0.8051005814048167E-002  0.8110533586471073E-002 -0.5600649918903986E-003  0.2062706657074649E-002
 0.9575000000000000E+000  0.6572067400000000E+000 -0.7326419565161279E-002  0.7250639488424556E-002  0.7305632753927310E-002 -0.4595069230875584E-003  0.1594749452321938E-002
 0.9622222200000000E+000  0.6572067400000000E+000 -0.6539362324916300E-002  0.6471955992946110E-002  0.6522989499086399E-002 -0.3689630425837944E-003  0.1154272525037217E-002
 0.9666666700000000E+000  0.6572067400000000E+000 -0.5782043140668980E-002  0.5721817589932085E-002  0.5769383164941429E-002 -0.2896577132115036E-003  0.7677750678620872E-003
 0.9708333300000000E+000  0.6572067400000000E+000 -0.5061352386354482E-002  0.5007219508292193E-002  0.5051729167277075E-002 -0.2222500327631874E-003  0.4576447970440625E-003
 0.9747222200000000E+000  0.6572067400000000E+000 -0.4383114161197567E-002  0.4334137462348658E-002  0.4375926398188233E-002 -0.1666291584902154E-003  0.2360607567876523E-003
 0.9783333300000000E+000  0.6572067400000000E+000 -0.3751365370401890E-002  0.3706775051779141E-002  0.3746105023005629E-002 -0.1219614208183131E-003  0.1002861117956512E-003
 0.9816666700000000E+000  0.6572067400000000E+000 -0.3168312582647080E-002  0.3127495346966417E-002  0.3164558052329051E-002 -0.8694666834889124E-004  0.3266485536602653E-004
 0.9847222200000000E+000  0.6572067400000000E+000 -0.2634869577478196E-002  0.2597350873402842E-002  0.2632270556244710E-002 -0.6012704257336674E-004  0.7335897228252005E-005
 0.9875000000000000E+000  0.6572067400000000E+000 -0.2151262403283379E-002  0.2116694318486477E-002  0.2149528581497384E-002 -0.4009400261955906E-004  0.9635428096765124E-006
 0.9900000000000000E+000  0.6572067400000000E+000 -0.1717412894489687E-002  0.1685569400869449E-002  0.1716307275863384E-002 -0.2556933299056478E-004  0.5413607700606888E-007
 0.9922222200000000E+000  0.6572067400000000E+000 -0.1333082177705341E-002  0.1303860052067197E-002  0.1332415777196226E-002 -0.1541869194168152E-004 -0.4069170076354952E-010
 0.9941666700000000E+000  0.6572067400000000E+000 -0.9979384018571334E-003  0.9713647214796655E-003  0.9975648604444482E-003 -0.8648642812331072E-005 -0.6266402620818013E-010
 0.9958333300000000E+000  0.6572067400000000E+000 -0.7116101075891592E-003  0.6878604608458554E-003  0.7114201379997533E-003 -0.4401877203226447E-005 -0.4306314068274307E-012
 0.9972222200000000E+000  0.6572067400000000E+000 -0.4737112372864695E-003  0.4531463485321660E-003  0.4736270460928482E-003 -0.1952406348726756E-005  0.5715481340902581E-014
 0.9983333300000000E+000  0.6572067400000000E+000 -0.2838829583930799E-003  0.2671087195968950E-003  0.2838527214407638E-003 -0.7017165514741713E-006  0.1076571531969353E-016
 0.9991666700000000E+000  0.6572067400000000E+000 -0.1418086176582060E-003  0.1300428650163847E-003  0.1418010724183625E-003 -0.1752105338946546E-006 -0.1270208114658817E-018
 0.9997222200000000E+000  0.6572067400000000E+000 -0.4724030519978428E-004  0.3948350029628575E-004  0.4723946787166697E-004 -0.1945223509811173E-007 -0.2126539623124096E-018
 0.1000000000000000E+001  0.6572067400000000E+000 -0.1392349226800261E-188 -0.1392349226800261E-188  0.1392349226800261E-188  0.1392349226800261E-188  0.1392349226800261E-188

 0.0000000000000000E+000  0.7366493100000000E+000 -0.4082167891187166E+000  0.3211127574953371E+000  0.4081064324243980E+000 -0.2964000000000000E+000  0.4003193574364990E-003
 0.2777777800000000E-003  0.7366493100000000E+000 -0.4082165975918786E+000  0.3211126238488115E+000  0.4081062408974800E+000 -0.2963999097933595E+000  0.4003196694480869E-003
 0.8333333300000000E-003  0.7366493100000000E+000 -0.4082150634685063E+000  0.3211115533446483E+000  0.4081047067734662E+000 -0.2963991872386118E+000  0.4003221686585531E-003
 0.1666666700000000E-002  0.7366493100000000E+000 -0.4082098751067892E+000  0.3211079329286334E+000  0.4080995184095795E+000 -0.2963967435439135E+000  0.4003306210278099E-003
 0.2777777800000000E-002  0.7366493100000000E+000 -0.4081975414866229E+000  0.3210993265745110E+000  0.4080871847842556E+000 -0.2963909342480661E+000  0.4003507144338213E-003
 0.4166666700000000E-002  0.7366493100000000E+000 -0.4081733645014882E+000  0.3210824559311457E+000  0.4080630077890102E+000 -0.2963795456866333E+000  0.4003901053350372E-003
 0.5833333300000000E-002  0.7366493100000000E+000 -0.4081314030012119E+000  0.3210531751899419E+000  0.4080210462711833E+000 -0.2963597769482528E+000  0.4004584808396993E-003
 0.7777777800000000E-002  0.7366493100000000E+000 -0.4080644294836511E+000  0.3210064407830458E+000  0.4079540727256046E+000 -0.2963282173201875E+000  0.4005676360577347E-003
 0.1000000000000000E-001  0.7366493100000000E+000 -0.4079638807303936E+000  0.3209362767945013E+000  0.4078535239302695E+000 -0.2962808192708798E+000  0.4007315664060043E-003
 0.1250000000000000E-001  0.7366493100000000E+000 -0.4078198039571359E+000  0.3208357371523364E+000  0.4077094470966895E+000 -0.2962128669892278E+000  0.4009665745999143E-003
 0.1527777800000000E-001  0.7366493100000000E+000 -0.4076208006532446E+000  0.3206968660831340E+000  0.4075104437094234E+000 -0.2961189406061054E+000  0.4012913916709892E-003
 0.1833333300000000E-001  0.7366493100000000E+000 -0.4073539708801689E+000  0.3205106587165386E+000  0.4072436138244541E+000 -0.2959928763056457E+000  0.4017273110561491E-003
 0.2166666700000000E-001  0.7366493100000000E+000 -0.4070048607423230E+000  0.3202670236766041E+000  0.4068945035400335E+000 -0.2958277222919545E+000  0.4022983356624625E-003
 0.2527777800000000E-001  0.7366493100000000E+000 -0.4065574185986042E+000  0.3199547514751216E+000  0.4064470612081613E+000 -0.2956156917030096E+000  0.4030313339935675E-003
 0.2916666700000000E-001  0.7366493100000000E+000 -0.4059939625177408E+000  0.3195614903665228E+000  0.4058836048898879E+000 -0.2953481118987214E+000  0.4039562073424461E-003
 0.3333333300000000E-001  0.7366493100000000E+000 -0.4052951673426176E+000  0.3190737353950245E+000  0.4051848094195964E+000 -0.2950153721353094E+000  0.4051060614072631E-003
 0.3777777800000000E-001  0.7366493100000000E+000 -0.4044400753878322E+000  0.3184768333118698E+000  0.4043297171025123E+000 -0.2946068694549363E+000  0.4065173837091127E-003
 0.4250000000000000E-001  0.7366493100000000E+000 -0.4034061416971345E+000  0.3177550108312399E+000  0.4032957829720978E+000 -0.2941109558753863E+000  0.4082302176650352E-003
 0.4750000000000000E-001  0.7366493100000000E+000 -0.4021693176228970E+000  0.3168914286624908E+000  0.4020589583694740E+000 -0.2935148866850580E+000  0.4102883365654215E-003
 0.5277777800000000E-001  0.7366493100000000E+000 -0.4007041861414237E+000  0.3158682704612900E+000  0.4005938262586876E+000 -0.2928047746120953E+000  0.4127394050455667E-003
 0.5833333300000000E-001  0.7366493100000000E+000 -0.3989841553688156E+000  0.3146668709595344E+000  0.3988737947425333E+000 -0.2919655519893876E+000  0.4156351268018129E-003
 0.6416666700000000E-001  0.7366493100000000E+000 -0.3969817182703654E+000  0.3132678885710350E+000  0.3968713567719105E+000 -0.2909809447897903E+000  0.4190313738607263E-003
 0.7027777800000000E-001  0.7366493100000000E+000 -0.3946687913723103E+000  0.3116515311156927E+000  0.3945584288575437E+000 -0.2898334662996928E+000  0.4229882825491842E-003
 0.7666666699999999E-001  0.7366493100000000E+000 -0.3920171304745286E+000  0.3097978329581858E+000  0.3919067667826508E+000 -0.2885044330026835E+000  0.4275703231563878E-003
 0.8333333300000000E-001  0.7366493100000000E+000 -0.3889988353636936E+000  0.3076869916659104E+000  0.3888884703160762E+000 -0.2869740147173802E+000  0.4328463220538521E-003
 0.9027777800000000E-001  0.7366493100000000E+000 -0.3855869348201656E+000  0.3052997578935728E+000  0.3854765682191684E+000 -0.2852213239310156E+000  0.4388894442777640E-003
 0.9750000000000000E-001  0.7366493100000000E+000 -0.3817560557023831E+000  0.3026178810648688E+000  0.3816456873301644E+000 -0.2832245590639640E+000  0.4457771154003495E-003
 0.1050000000000000E+000  0.7366493100000000E+000 -0.3774831523359239E+000  0.2996245943567291E+000  0.3773727819532497E+000 -0.2809612061141090E+000  0.4535909007840950E-003
 0.1127777800000000E+000  0.7366493100000000E+000 -0.3727482882166281E+000  0.2963051338249159E+000  0.3726379155616847E+000 -0.2784083145983610E+000  0.4624163229206847E-003
 0.1208333300000000E+000  0.7366493100000000E+000 -0.3675354479720860E+000  0.2926472770843030E+000  0.3674250727593049E+000 -0.2755428596531562E+000  0.4723426108560112E-003
 0.1291666700000000E+000  0.7366493100000000E+000 -0.3618333032217073E+000  0.2886418493210043E+000  0.3617229251405862E+000 -0.2723421734929233E+000  0.4834624705706894E-003
 0.1377777800000000E+000  0.7366493100000000E+000 -0.3556360028813433E+000  0.2842832480642727E+000  0.3555256215952974E+000 -0.2687845099444658E+000  0.4958716766054740E-003
 0.1466666700000000E+000  0.7366493100000000E+000 -0.3489437785911159E+000  0.2795698422443696E+000  0.3488333937363088E+000 -0.2648496475226256E+000  0.5096688186836971E-003
 0.1558333300000000E+000  0.7366493100000000E+000 -0.3417634965855095E+000  0.2745043407280114E+000  0.3416531077697000E+000 -0.2605196196109299E+000  0.5249548802005038E-003
 0.1652777800000000E+000  0.7366493100000000E+000 -0.3341089593108779E+000  0.2690939953110338E+000  0.3339985661122339E+000 -0.2557794648728755E+000  0.5418329793134540E-003
 0.1750000000000000E+000  0.7366493100000000E+000 -0.3260010886484213E+000  0.2633507345355013E+000  0.3258906906143456E+000 -0.2506180700684546E+000  0.5604079445390128E-003
 0.1850000000000000E+000  0.7366493100000000E+000 -0.3174677602973748E+000  0.2572910687436151E+000  0.3173573569432717E+000 -0.2450289438068387E+000  0.5807861907963436E-003
 0.1952777800000000E+000  0.7366493100000000E+000 -0.3085434773301328E+000  0.2509359014512039E+000  0.3084330681381645E+000 -0.2390109990221997E+000  0.6030754855110101E-003
 0.2058333300000000E+000  0.7366493100000000E+000 -0.2992687671958983E+000  0.2443101664425051E+000  0.2991583516137159E+000 -0.2325692216166538E+000  0.6273848833305521E-003
 0.2166666700000000E+000  0.7366493100000000E+000 -0.2896893176060819E+000  0.2374423004786399E+000  0.2895788950455211E+000 -0.2257151662175229E+000  0.6538248854492533E-003
 0.2277777800000000E+000  0.7366493100000000E+000 -0.2798550199265401E+000  0.2303636696031344E+000  0.2797445897623794E+000 -0.2184673247357684E+000  0.6825074819251126E-003
 0.2391666700000000E+000  0.7366493100000000E+000 -0.2698187482992154E+000  0.2231078215015200E+000  0.2697083098679558E+000 -0.2108511729491472E+000  0.7135466793179011E-003
 0.2508333300000000E+000  0.7366493100000000E+000 -0.2596351610131379E+000  0.2157097627736433E+000  0.2595247136119576E+000 -0.2028990311375228E+000  0.7470588964263397E-003
 0.2627777800000000E+000  0.7366493100000000E+000 -0.2493593920502311E+000  0.2082051583727220E+000  0.2492489349361486E+000 -0.1946495878105608E+000  0.7831637906982882E-003
 0.2750000000000000E+000  0.7366493100000000E+000 -0.2390458853013877E+000  0.2006296275513951E+000  0.2389354176908699E+000 -0.1861472431107036E+000  0.8219849050503105E-003
 0.2875000000000000E+000  0.7366493100000000E+000 -0.2287472002554815E+000  0.1930180033329304E+000  0.2286367213245803E+000 -0.1774411228795780E+000  0.8636508905063630E-003
 0.3002777800000000E+000  0.7366493100000000E+000 -0.2185130504527229E+000  0.1854037385685891E+000  0.2184025593380844E+000 -0.1685839806162901E+000  0.9082965614032783E-003
 0.3133333300000000E+000  0.7366493100000000E+000 -0.2083894766299419E+000  0.1778183817057800E+000  0.2082789724309949E+000 -0.1596309424004656E+000  0.9560642182342206E-003
 0.3266666700000000E+000  0.7366493100000000E+000 -0.1984181797941828E+000  0.1702911363329501E+000  0.1983076615769031E+000 -0.1506381610402264E+000  0.1007105280230227E-002
 0.3402777800000000E+000  0.7366493100000000E+000 -0.1886361344667837E+000  0.1628485939413148E+000  0.1885256012697216E+000 -0.1416615493096878E+000  0.1061581663070140E-002
 0.3541666700000000E+000  0.7366493100000000E+000 -0.1790752855212024E+000  0.1555144936497602E+000  0.1789647363643803E+000 -0.1327554853263500E+000  0.1119667836624675E-002
 0.3683333300000000E+000  0.7366493100000000E+000 -0.1697625097190570E+000  0.1483096489916939E+000  0.1696519436168512E+000 -0.1239717203002969E+000  0.1181552584768086E-002
 0.3827777800000000E+000  0.7366493100000000E+000 -0.1607196599131496E+000  0.1412519090852277E+000  0.1606090758923462E+000 -0.1153583852693457E+000  0.1247441346207126E-002
 0.3975000000000000E+000  0.7366493100000000E+000 -0.1519638146067761E+000  0.1343562552167316E+000  0.1518532117316665E+000 -0.1069592633873852E+000  0.1317558214088982E-002
 0.4125000000000000E+000  0.7366493100000000E+000 -0.1435075360407123E+000  0.1276348875212314E+000  0.1433969134473520E+000 -0.9881318172683470E-001  0.1392148758790236E-002
 0.4277777800000000E+000  0.7366493100000000E+000 -0.1353592688524656E+000  0.1210974115962951E+000  0.1352486257953013E+000 -0.9095367417022945E-001  0.1471482569413764E-002
 0.4433333300000000E+000  0.7366493100000000E+000 -0.1275237566936127E+000  0.1147510363275299E+000  0.1274130926085594E+000 -0.8340881225324347E-001  0.1555856192425882E-002
 0.4591666700000000E+000  0.7366493100000000E+000 -0.1200024626821269E+000  0.1086007764786553E+000  0.1198917772716314E+000 -0.7620119201470825E-001  0.1645596536270178E-002
 0.4752777800000000E+000  0.7366493100000000E+000 -0.1127940474318531E+000  0.1026497089990513E+000  0.1126833407797125E+000 -0.6934812149654679E-001  0.1741063903799497E-002
 0.4916666700000000E+000  0.7366493100000000E+000 -0.1058947666288207E+000  0.9689917457305690E-001  0.1057840393550235E+000 -0.6286186235185756E-001  0.1842656010007354E-002
 0.5083333300000000E+000  0.7366493100000000E+000 -0.9929890230209927E-001  0.9134901998755780E-001  0.9918815577227025E-001 -0.5675001656637946E-001  0.1950811467879904E-002
 0.5247222200000000E+000  0.7366493100000000E+000 -0.9319947284273894E-001  0.8616875782762357E-001  0.9308870994950640E-001 -0.5119651030764062E-001  0.2062150231441685E-002
 0.5408333300000000E+000  0.7366493100000000E+000 -0.8755223314313312E-001  0.8132977337451588E-001  0.8744145774315461E-001 -0.4615754773830855E-001  0.2176654307813373E-002
 0.5566666700000000E+000  0.7366493100000000E+000 -0.8231690847973154E-001  0.7680555289433245E-001  0.8220612557724356E-001 -0.4159083042925679E-001  0.2294301642997325E-002
 0.5722222200000000E+000  0.7366493100000000E+000 -0.7745699451425406E-001  0.7257166162827906E-001  0.7734621047594385E-001 -0.3745614296514353E-001  0.2415062717557717E-002
 0.5875000000000000E+000  0.7366493100000000E+000 -0.7293947033038366E-001  0.6860564070822500E-001  0.7282869313671532E-001 -0.3371567400841199E-001  0.2538897774660057E-002
 0.6025000000000000E+000  0.7366493100000000E+000 -0.6873453637862045E-001  0.6488691529489728E-001  0.6862377591762339E-001 -0.3033420678754063E-001  0.2665752646202270E-002
 0.6172222200000000E+000  0.7366493100000000E+000 -0.6481531507309811E-001  0.6139665763973087E-001  0.6470458348348762E-001 -0.2727915801594563E-001  0.2795554996634849E-002
 0.6316666700000000E+000  0.7366493100000000E+000 -0.6115757357254719E-001  0.5811765600187687E-001  0.6104688564416013E-001 -0.2452054385000996E-001  0.2928209757129712E-002
 0.6458333300000000E+000  0.7366493100000000E+000 -0.5773947116580719E-001  0.5503419218398425E-001  0.5762884480628232E-001 -0.2203089547674423E-001  0.3063593544051655E-002
 0.6597222200000000E+000  0.7366493100000000E+000 -0.5454129804647394E-001  0.5213189842094022E-001  0.5443075482493875E-001 -0.1978511801573081E-001  0.3201549354488418E-002
 0.6733333300000000E+000  0.7366493100000000E+000 -0.5154526892605547E-001  0.4939765166188868E-001  0.5143483470507881E-001 -0.1776035397321166E-001  0.3341879069959469E-002
 0.6866666700000000E+000  0.7366493100000000E+000 -0.4873530792660177E-001  0.4681944918730058E-001  0.4862501359621407E-001 -0.1593581523168305E-001  0.3484336077400646E-002
 0.6997222200000000E+000  0.7366493100000000E+000 -0.4609687563532063E-001  0.4438631280716228E-001  0.4598675796311351E-001 -0.1429262798741427E-001  0.3628615681175145E-002
 0.7125000000000000E+000  0.7366493100000000E+000 -0.4361678910566032E-001  0.4208817786385459E-001  0.4350689172050107E-001 -0.1281366364917854E-001  0.3774345414489060E-002
 0.7250000000000000E+000  0.7366493100000000E+000 -0.4128308753784109E-001  0.3991581657899013E-001  0.4117346206306599E-001 -0.1148339395547844E-001  0.3921072243141745E-002
 0.7372222200000000E+000  0.7366493100000000E+000 -0.3908489058725120E-001  0.3786074793103772E-001  0.3897559794322237E-001 -0.1028773977118616E-001  0.4068249166013979E-002
 0.7491666700000000E+000  0.7366493100000000E+000 -0.3701227870333987E-001  0.3591516199934927E-001  0.3690339059795972E-001 -0.9213934506835199E-002  0.4215219353870689E-002
 0.7608333300000000E+000  0.7366493100000000E+000 -0.3505619189090650E-001  0.3407185643754816E-001  0.3494779251456174E-001 -0.8250400122411943E-002  0.4361197502388964E-002
 0.7722222200000000E+000  0.7366493100000000E+000 -0.3320831995998162E-001  0.3232416043239265E-001  0.3310050790477606E-001 -0.7386623053624661E-002  0.4505250043760974E-002
 0.7833333300000000E+000  0.7366493100000000E+000 -0.3146102557265922E-001  0.3066588560115693E-001  0.3135391598180104E-001 -0.6613051494703467E-002  0.4646270923621265E-002
 0.7941666700000000E+000  0.7366493100000000E+000 -0.2980725469602911E-001  0.2909126162917372E-001  0.2970098165155681E-001 -0.5920991568306401E-002  0.4782956046240769E-002
 0.8047222200000000E+000  0.7366493100000000E+000 -0.2824046938107758E-001  0.2759489006690785E-001  0.2813518851379622E-001 -0.5302519133197079E-002  0.4913773629396479E-002
 0.8149999999999999E+000  0.7366493100000000E+000 -0.2675456734847129E-001  0.2617168293705653E-001  0.2665045864941323E-001 -0.4750391643440806E-002  0.5036933413181529E-002
 0.8250000000000000E+000  0.7366493100000000E+000 -0.2534382678968211E-001  0.2481682306216240E-001  0.2524109755147510E-001 -0.4257975831600830E-002  0.5150351965925888E-002
 0.8347222200000000E+000  0.7366493100000000E+000 -0.2400283799045273E-001  0.2352570974758328E-001  0.2390172578664604E-001 -0.3819175626704643E-002  0.5251618182993103E-002
 0.8441666700000000E+000  0.7366493100000000E+000 -0.2272644378108415E-001  0.2229391100099487E-001  0.2262721932112318E-001 -0.3428369325695318E-002  0.5337958746480693E-002
 0.8533333300000000E+000  0.7366493100000000E+000 -0.2150968762016715E-001  0.2111712139822709E-001  0.2141265723138140E-001 -0.3080354844982700E-002  0.5406206492456662E-002
 0.8622222200000000E+000  0.7366493100000000E+000 -0.2034774957018536E-001  0.1999110662704541E-001  0.2025325698781401E-001 -0.2770297579440259E-002  0.5452777143619317E-002
 0.8708333300000000E+000  0.7366493100000000E+000 -0.1923590470423536E-001  0.1891166815583902E-001  0.1914433166599826E-001 -0.2493691621533799E-002  0.5473658573088004E-002
 0.8791666700000000E+000  0.7366493100000000E+000 -0.1816947134824856E-001  0.1787459659284536E-001  0.1808123639359415E-001 -0.2246325473882741E-002  0.5464423712181551E-002
 0.8872222200000000E+000  0.7366493100000000E+000 -0.1714378185238084E-001  0.1687564547066646E-001  0.1705933649093044E-001 -0.2024262051140227E-002  0.5420278813628518E-002
 0.8950000000000000E+000  0.7366493100000000E+000 -0.1615415328242601E-001  0.1591050362039309E-001  0.1607397460694959E-001 -0.1823828378120976E-002  0.5336164795130966E-002
 0.9025000000000000E+000  0.7366493100000000E+000 -0.1519589988148718E-001  0.1497480707312304E-001  0.1512047846860412E-001 -0.1641625381911162E-002  0.5206935596174795E-002
 0.9097222200000000E+000  0.7366493100000000E+000 -0.1426436722822508E-001  0.1406417137961490E-001  0.1419418928191640E-001 -0.1474553511287295E-002  0.5027641904778015E-002
 0.9166666700000000E+000  0.7366493100000000E+000 -0.1335502220272254E-001  0.1317427830522294E-001  0.1329054507756289E-001 -0.1319860577766038E-002  0.4793954669150513E-002
 0.9233333300000000E+000  0.7366493100000000E+000 -0.1246361608115397E-001  0.1230103502977421E-001  0.1240523694917483E-001 -0.1175211455300313E-002  0.4502765365152062E-002
 0.9297222200000000E+000  0.7366493100000000E+000 -0.1158641663351860E-001  0.1144080350745288E-001  0.1153443543355978E-001 -0.1038772241364398E-002  0.4152983579043277E-002
 0.9358333300000000E+000  0.7366493100000000E+000 -0.1072054952495557E-001  0.1059074169242289E-001  0.1067512908546041E-001 -0.9093033873345967E-003  0.3746541008971758E-002
 0.9416666700000000E+000  0.7366493100000000E+000 -0.9864401515191506E-002  0.9749212569399941E-002  0.9825530584703809E-002 -0.7862355825796845E-003  0.3289533687980835E-002
 0.9472222200000000E+000  0.7366493100000000E+000 -0.9018066604000920E-002  0.8916244349695433E-002  0.8985534035742098E-002 -0.6697020232755604E-003  0.2793355485393227E-002
 0.9525000000000000E+000  0.7366493100000000E+000 -0.8183702894749303E-002  0.8093911745601612E-002  0.8157093047494584E-002 -0.5604840075419625E-003  0.2275497759264484E-002
 0.9575000000000000E+000  0.7366493100000000E+000 -0.7365684580719386E-002  0.7286520444117811E-002  0.7344402197234389E-002 -0.4598410956531489E-003  0.1759542863846848E-002
 0.9622222200000000E+000  0.7366493100000000E+000 -0.6570335929528210E-002  0.6500375498245491E-002  0.6553662557664661E-002 -0.3692116908498744E-003  0.1273692594735050E-002
 0.9666666700000000E+000  0.7366493100000000E+000 -0.5805158875511953E-002  0.5743033116644847E-002  0.5792331376272586E-002 -0.2898293568278840E-003  0.8472595119242690E-003
 0.9708333300000000E+000  0.7366493100000000E+000 -0.5077638116490601E-002  0.5022107645515019E-002  0.5067928032069070E-002 -0.2223596996919874E-003  0.5050258911041500E-003
 0.9747222200000000E+000  0.7366493100000000E+000 -0.4393959360248493E-002  0.4343966043587004E-002  0.4386728455114031E-002 -0.1666941431582339E-003  0.2604893273712758E-003
 0.9783333300000000E+000  0.7366493100000000E+000 -0.3758220117249837E-002  0.3712900746815612E-002  0.3752938581352869E-002 -0.1219973290049539E-003  0.1106548636069270E-003
 0.9816666700000000E+000  0.7366493100000000E+000 -0.3172440809655675E-002  0.3131111117897918E-002  0.3168675942704824E-002 -0.8696525762009932E-004  0.3603810678768369E-004
 0.9847222200000000E+000  0.7366493100000000E+000 -0.2637237610268330E-002  0.2599368215634871E-002  0.2634633713296469E-002 -0.6013604872348361E-004  0.8092431072100858E-005
 0.9875000000000000E+000  0.7366493100000000E+000 -0.2152547956188714E-002  0.2117747910264014E-002  0.2150811977954039E-002 -0.4009805028029883E-004  0.1062763361000192E-005
 0.9900000000000000E+000  0.7366493100000000E+000 -0.1718065736893376E-002  0.1686075237924975E-002  0.1716959244454516E-002 -0.2557099451232760E-004  0.5969990672594257E-007
 0.9922222200000000E+000  0.7366493100000000E+000 -0.1333387091944893E-002  0.1304076742232902E-002  0.1332720374719814E-002 -0.1541930098901238E-004 -0.4539365478137132E-010
 0.9941666700000000E+000  0.7366493100000000E+000 -0.9980662031055657E-003  0.9714432125045479E-003  0.9976925623347806E-003 -0.8648835762735083E-005 -0.6911243609565141E-010
 0.9958333300000000E+000  0.7366493100000000E+000 -0.7116564215092861E-003  0.6878817429728208E-003  0.7114664262482663E-003 -0.4401927478150977E-005 -0.4747371691014791E-012
 0.9972222200000000E+000  0.7366493100000000E+000 -0.4737248953709150E-003  0.4531489247608074E-003  0.4736406991385194E-003 -0.1952416286672405E-005  0.6304028447091694E-014
 0.9983333300000000E+000  0.7366493100000000E+000 -0.2838858973813518E-003  0.2671076808267126E-003  0.2838556597794607E-003 -0.7017178401290490E-006  0.1178326458145847E-016
 0.9991666700000000E+000  0.7366493100000000E+000 -0.1418089839770862E-003  0.1300422390090419E-003  0.1418014386968265E-003 -0.1752106144687100E-006  0.8469593305518285E-019
 0.9997222200000000E+000  0.7366493100000000E+000 -0.4724031874175006E-004  0.3948340373178797E-004  0.4723948141313531E-004 -0.1945223609326154E-007 -0.1489643696156337E-018
 0.1000000000000000E+001  0.7366493100000000E+000  0.1392349226800261E-188  0.1392349226800261E-188 -0.1392349226800261E-188  0.1392349226800261E-188 -0.1392349226800261E-188

 0.0000000000000000E+000  0.8124808600000000E+000 -0.4158952676631962E+000  0.3134343452124547E+000  0.4157848991932773E+000 -0.2964000000000000E+000  0.4326066279561398E-003
 0.2777777800000000E-003  0.8124808600000000E+000 -0.4158950701040806E+000  0.3134342161353025E+000  0.4157847016340574E+000 -0.2963999106605410E+000  0.4326069651330829E-003
 0.8333333300000000E-003  0.8124808600000000E+000 -0.4158934876624004E+000  0.3134331822316583E+000  0.4157831191915425E+000 -0.2963991950518541E+000  0.4326096659178327E-003
 0.1666666700000000E-002  0.8124808600000000E+000 -0.4158881358899163E+000  0.3134296855974904E+000  0.4157777674162357E+000 -0.2963967748481034E+000  0.4326188000145017E-003
 0.2777777800000000E-002  0.8124808600000000E+000 -0.4158754138168554E+000  0.3134213734934811E+000  0.4157650453364635E+000 -0.2963910213915591E+000  0.4326405140579109E-003
 0.4166666700000000E-002  0.8124808600000000E+000 -0.4158504753763414E+000  0.3134050796522658E+000  0.4157401068827925E+000 -0.2963797422781886E+000  0.4326830820396008E-003
 0.5833333300000000E-002  0.8124808600000000E+000 -0.4158071923266710E+000  0.3133768000014756E+000  0.4156968238102833E+000 -0.2963601634630647E+000  0.4327569723833676E-003
 0.7777777800000000E-002  0.8124808600000000E+000 -0.4157381096023662E+000  0.3133316633908295E+000  0.4156277410495166E+000 -0.2963289068753187E+000  0.4328749315360138E-003
 0.1000000000000000E-001  0.8124808600000000E+000 -0.4156343944360265E+000  0.3132638981734069E+000  0.4155240258284136E+000 -0.2962819635775584E+000  0.4330520837175564E-003
 0.1250000000000000E-001  0.8124808600000000E+000 -0.4154857808790355E+000  0.3131667956701317E+000  0.4153754121929056E+000 -0.2962146624733807E+000  0.4333060465423462E-003
 0.1527777800000000E-001  0.8124808600000000E+000 -0.4152805119741129E+000  0.3130326719452852E+000  0.4151701431794428E+000 -0.2961216346673907E+000  0.4336570617974807E-003
 0.1833333300000000E-001  0.8124808600000000E+000 -0.4150052824490176E+000  0.3128528297121040E+000  0.4148949135086492E+000 -0.2959967736588365E+000  0.4341281403472707E-003
 0.2166666700000000E-001  0.8124808600000000E+000 -0.4146451847456801E+000  0.3126175221377918E+000  0.4145348156144005E+000 -0.2958331913054436E+000  0.4347452210598238E-003
 0.2527777800000000E-001  0.8124808600000000E+000 -0.4141836641465831E+000  0.3123159222268114E+000  0.4140732947701457E+000 -0.2956231706040830E+000  0.4355373395262634E-003
 0.2916666700000000E-001  0.8124808600000000E+000 -0.4136024856022465E+000  0.3119360993782240E+000  0.4134921159163261E+000 -0.2953581146806153E+000  0.4365368087390225E-003
 0.3333333300000000E-001  0.8124808600000000E+000 -0.4128817209138755E+000  0.3114650086433494E+000  0.4127713508429539E+000 -0.2950284939367613E+000  0.4377794045501136E-003
 0.3777777800000000E-001  0.8124808600000000E+000 -0.4119997604516097E+000  0.3108884952599767E+000  0.4118893899077837E+000 -0.2946237911352144E+000  0.4393045573995107E-003
 0.4250000000000000E-001  0.8124808600000000E+000 -0.4109333607120475E+000  0.3101913216646768E+000  0.4108229895937579E+000 -0.2941324474270076E+000  0.4411555404293126E-003
 0.4750000000000000E-001  0.8124808600000000E+000 -0.4096577316322791E+000  0.3093572193239643E+000  0.4095473598229517E+000 -0.2935418090768302E+000  0.4433796574949564E-003
 0.5277777800000000E-001  0.8124808600000000E+000 -0.4081466775349545E+000  0.3083689741992344E+000  0.4080363049015515E+000 -0.2928380795640396E+000  0.4460284176623642E-003
 0.5833333300000000E-001  0.8124808600000000E+000 -0.4063727984119193E+000  0.3072085499430746E+000  0.4062624248033954E+000 -0.2920062791257814E+000  0.4491576948407918E-003
 0.6416666700000000E-001  0.8124808600000000E+000 -0.4043077598284074E+000  0.3058572539252216E+000  0.4041973850740660E+000 -0.2910302155634879E+000  0.4528278674815429E-003
 0.7027777800000000E-001  0.8124808600000000E+000 -0.4019226446900480E+000  0.3042959544181829E+000  0.4018122685977945E+000 -0.2898924740228538E+000  0.4571039222926722E-003
 0.7666666699999999E-001  0.8124808600000000E+000 -0.3991883848297970E+000  0.3025053472801473E+000  0.3990780071842835E+000 -0.2885744283479851E+000  0.4620555295247292E-003
 0.8333333300000000E-001  0.8124808600000000E+000 -0.3960762847922145E+000  0.3004662799507377E+000  0.3959659053528709E+000 -0.2870562860554395E+000  0.4677570668811656E-003
 0.9027777800000000E-001  0.8124808600000000E+000 -0.3925586288122189E+000  0.2981601266749083E+000  0.3924482473111659E+000 -0.2853171720023640E+000  0.4742876007036422E-003
 0.9750000000000000E-001  0.8124808600000000E+000 -0.3886093748272927E+000  0.2955692174419212E+000  0.3884989909671296E+000 -0.2833352656191017E+000  0.4817308015514068E-003
 0.1050000000000000E+000  0.8124808600000000E+000 -0.3842049109002983E+000  0.2926773047242826E+000  0.3840945243517548E+000 -0.2810879964665542E+000  0.4901748137283060E-003
 0.1127777800000000E+000  0.8124808600000000E+000 -0.3793248656430466E+000  0.2894700630689560E+000  0.3792144760424887E+000 -0.2785523143535449E+000  0.4997120579031777E-003
 0.1208333300000000E+000  0.8124808600000000E+000 -0.3739529496552323E+000  0.2859356075140330E+000  0.3738425566020139E+000 -0.2757050463270766E+000  0.5104389603416339E-003
 0.1291666700000000E+000  0.8124808600000000E+000 -0.3680777489612291E+000  0.2820649804648032E+000  0.3679673520148481E+000 -0.2725233244346328E+000  0.5224557047870667E-003
 0.1377777800000000E+000  0.8124808600000000E+000 -0.3616935427392607E+000  0.2778526568491818E+000  0.3615831414163453E+000 -0.2689851482101117E+000  0.5358657911731016E-003
 0.1466666700000000E+000  0.8124808600000000E+000 -0.3548009291873909E+000  0.2732969281030088E+000  0.3546905229584282E+000 -0.2650699885457787E+000  0.5507757618395301E-003
 0.1558333300000000E+000  0.8124808600000000E+000 -0.3474073943401727E+000  0.2684002571505747E+000  0.3472969826260067E+000 -0.2607595215025722E+000  0.5672947460600709E-003
 0.1652777800000000E+000  0.8124808600000000E+000 -0.3395276207143482E+000  0.2631694740843654E+000  0.3394172028823575E+000 -0.2560383861186272E+000  0.5855341802935253E-003
 0.1750000000000000E+000  0.8124808600000000E+000 -0.3311836711310871E+000  0.2576159058855241E+000  0.3310732464910806E+000 -0.2508950381379584E+000  0.6056073496012564E-003
 0.1850000000000000E+000  0.8124808600000000E+000 -0.3224048101296617E+000  0.2517552860748292E+000  0.3222943779293645E+000 -0.2453225386426113E+000  0.6276292537555064E-003
 0.1952777800000000E+000  0.8124808600000000E+000 -0.3132271564180638E+000  0.2456075750011971E+000  0.3131167158382264E+000 -0.2393193543885875E+000  0.6517163545528555E-003
 0.2058333300000000E+000  0.8124808600000000E+000 -0.3036930473394012E+000  0.2391966128967460E+000  0.3035825974884718E+000 -0.2328900467290609E+000  0.6779865053546326E-003
 0.2166666700000000E+000  0.8124808600000000E+000 -0.2938501317556184E+000  0.2325496151808719E+000  0.2937396716639095E+000 -0.2260457887505171E+000  0.7065591233718525E-003
 0.2277777800000000E+000  0.8124808600000000E+000 -0.2837503654295299E+000  0.2256966240210389E+000  0.2836398940429522E+000 -0.2188047545928067E+000  0.7375552355277118E-003
 0.2391666700000000E+000  0.8124808600000000E+000 -0.2734487334201880E+000  0.2186697924599888E+000  0.2733382495934085E+000 -0.2111921847319663E+000  0.7710980488148857E-003
 0.2508333300000000E+000  0.8124808600000000E+000 -0.2630019952052862E+000  0.2115026932046672E+000  0.2628914976944232E+000 -0.2032402613296140E+000  0.8073133781482610E-003
 0.2627777800000000E+000  0.8124808600000000E+000 -0.2524673182879558E+000  0.2042295521876469E+000  0.2523568057427185E+000 -0.1949876414247163E+000  0.8463305396724791E-003
 0.2750000000000000E+000  0.8124808600000000E+000 -0.2419010608378130E+000  0.1968845753000391E+000  0.2417905317932660E+000 -0.1864788035267652E+000  0.8882830500476932E-003
 0.2875000000000000E+000  0.8124808600000000E+000 -0.2313575290747423E+000  0.1895012389978026E+000  0.2312469819425899E+000 -0.1777630581928141E+000  0.9333099480692778E-003
 0.3002777800000000E+000  0.8124808600000000E+000 -0.2208879783542896E+000  0.1821117217705913E+000  0.2207774114139239E+000 -0.1688934401075125E+000  0.9815569354356629E-003
 0.3133333300000000E+000  0.8124808600000000E+000 -0.2105397579933843E+000  0.1747464016845766E+000  0.2104291693828090E+000 -0.1599254375918952E+000  0.1033177806851575E-002
 0.3266666700000000E+000  0.8124808600000000E+000 -0.2003556260781033E+000  0.1674334333598197E+000  0.2002450137848910E+000 -0.1509156271087960E+000  0.1088336214993463E-002
 0.3402777800000000E+000  0.8124808600000000E+000 -0.1903733569050030E+000  0.1601984911705746E+000  0.1902627187577986E+000 -0.1419203845080917E+000  0.1147207160220728E-002
 0.3541666700000000E+000  0.8124808600000000E+000 -0.1806254395779211E+000  0.1530645366650449E+000  0.1805147732387066E+000 -0.1329945675594676E+000  0.1209979215404035E-002
 0.3683333300000000E+000  0.8124808600000000E+000 -0.1711390518455776E+000  0.1460517464436956E+000  0.1710283548035534E+000 -0.1241904020234730E+000  0.1276856429079987E-002
 0.3827777800000000E+000  0.8124808600000000E+000 -0.1619361222061236E+000  0.1391774717845454E+000  0.1618253917738948E+000 -0.1155564690182675E+000  0.1348060856872221E-002
 0.3975000000000000E+000  0.8124808600000000E+000 -0.1530336040565745E+000  0.1324563286165981E+000  0.1529228373701402E+000 -0.1071369615969755E+000  0.1423834724655752E-002
 0.4125000000000000E+000  0.8124808600000000E+000 -0.1444437601364072E+000  0.1259002767224325E+000  0.1443329541603490E+000 -0.9897106473173299E-001  0.1504443481957009E-002
 0.4277777800000000E+000  0.8124808600000000E+000 -0.1361745905033092E+000  0.1195187954738131E+000  0.1360637420438136E+000 -0.9109261081650560E-001  0.1590178552218530E-002
 0.4433333300000000E+000  0.8124808600000000E+000 -0.1282302781725707E+000  0.1133190700522603E+000  0.1281193839015110E+000 -0.8352990714239117E-001  0.1681360513371090E-002
 0.4591666700000000E+000  0.8124808600000000E+000 -0.1206116373642158E+000  0.1073061820947548E+000  0.1205006938587920E+000 -0.7630572294869416E-001  0.1778342783490308E-002
 0.4752777800000000E+000  0.8124808600000000E+000 -0.1133166181340106E+000  0.1014833529041128E+000  0.1132056219387502E+000 -0.6943748020362538E-001  0.1881514906268280E-002
 0.4916666700000000E+000  0.8124808600000000E+000 -0.1063407270629954E+000  0.9585213345485422E-001  0.1062296747827944E+000 -0.6293750055778251E-001  0.1991306904052750E-002
 0.5083333300000000E+000  0.8124808600000000E+000 -0.9967747944707463E-001  0.9041263479500065E-001  0.9956636788449880E-001 -0.5681339900724661E-001  0.2108193059856866E-002
 0.5247222200000000E+000  0.8124808600000000E+000 -0.9352091807883998E-001  0.8533147747755622E-001  0.9340974649101083E-001 -0.5124940515467064E-001  0.2228520754323782E-002
 0.5408333300000000E+000  0.8124808600000000E+000 -0.8782527711388981E-001  0.8058126649764751E-001  0.8771404550440616E-001 -0.4620152494613168E-001  0.2352270808973365E-002
 0.5566666700000000E+000  0.8124808600000000E+000 -0.8254897992672387E-001  0.7613658864714078E-001  0.8243768922409629E-001 -0.4162726631603901E-001  0.2479419701719052E-002
 0.5722222200000000E+000  0.8124808600000000E+000 -0.7765441188169932E-001  0.7197399794217581E-001  0.7754306415095488E-001 -0.3748623175454288E-001  0.2609935895440751E-002
 0.5875000000000000E+000  0.8124808600000000E+000 -0.7310760769637283E-001  0.6807192166458567E-001  0.7299620638913230E-001 -0.3374044320139601E-001  0.2743776851244960E-002
 0.6025000000000000E+000  0.8124808600000000E+000 -0.6887796645713107E-001  0.6441057731683139E-001  0.6876651670733068E-001 -0.3035453428082316E-001  0.2880884528017336E-002
 0.6172222200000000E+000  0.8124808600000000E+000 -0.6493793161876277E-001  0.6097184491482624E-001  0.6482644059133574E-001 -0.2729578948692538E-001  0.3021181335042339E-002
 0.6316666700000000E+000  0.8124808600000000E+000 -0.6126269584933117E-001  0.5773914453622607E-001  0.6115117315095086E-001 -0.2453410951926136E-001  0.3164565211438969E-002
 0.6458333300000000E+000  0.8124808600000000E+000 -0.5782993291335074E-001  0.5469732181740504E-001  0.5771839107559810E-001 -0.2204192571991343E-001  0.3310903609879927E-002
 0.6597222200000000E+000  0.8124808600000000E+000 -0.5461952299874533E-001  0.5183251250053329E-001  0.5450797804530668E-001 -0.1979405752826175E-001  0.3460027782160260E-002
 0.6733333300000000E+000  0.8124808600000000E+000 -0.5161333497789137E-001  0.4913204326885319E-001  0.5150180708951733E-001 -0.1776757441450143E-001  0.3611724698221224E-002
 0.6866666700000000E+000  0.8124808600000000E+000 -0.4879500151636706E-001  0.4658431360207006E-001  0.4868351580872846E-001 -0.1594162633764369E-001  0.3765729094708570E-002
 0.6997222200000000E+000  0.8124808600000000E+000 -0.4614973788853514E-001  0.4417870530759734E-001  0.4603832532001442E-001 -0.1429728724425012E-001  0.3921713138558576E-002
 0.7125000000000000E+000  0.8124808600000000E+000 -0.4366415490991672E-001  0.4190547652547987E-001  0.4355285333875813E-001 -0.1281738463133783E-001  0.4079275984759744E-002
 0.7250000000000000E+000  0.8124808600000000E+000 -0.4132611868262707E-001  0.3975568920350259E-001  0.4121497409357629E-001 -0.1148635347438343E-001  0.4237929977078446E-002
 0.7372222200000000E+000  0.8124808600000000E+000 -0.3912460378712054E-001  0.3772112281474140E-001  0.3901367171023921E-001 -0.1029008396139998E-001  0.4397086198534904E-002
 0.7491666700000000E+000  0.8124808600000000E+000 -0.3704956925510693E-001  0.3579420195821843E-001  0.3693891639974081E-001 -0.9215783986618093E-002  0.4556037361250248E-002
 0.7608333300000000E+000  0.8124808600000000E+000 -0.3509185355435635E-001  0.3396793557317978E-001  0.3498155967971216E-001 -0.8251854353285678E-002  0.4713937682803530E-002
 0.7722222200000000E+000  0.8124808600000000E+000 -0.3324306150248396E-001  0.3223584336688165E-001  0.3313322154835078E-001 -0.7387764006755027E-002  0.4869781524371949E-002
 0.7833333300000000E+000  0.8124808600000000E+000 -0.3149548434630526E-001  0.3059190854052310E-001  0.3138621083629957E-001 -0.6613946728871110E-002  0.5022377223771364E-002
 0.7941666700000000E+000  0.8124808600000000E+000 -0.2984200746603794E-001  0.2903051500329700E-001  0.2973343319506640E-001 -0.5921696802099755E-002  0.5170319472362035E-002
 0.8047222200000000E+000  0.8124808600000000E+000 -0.2827604054229574E-001  0.2754640217246176E-001  0.2816832153747950E-001 -0.5303080388455971E-002  0.5311957240921390E-002
 0.8149999999999999E+000  0.8124808600000000E+000 -0.2679143456175586E-001  0.2613460426856426E-001  0.2668475329738959E-001 -0.4750847020508483E-002  0.5445360425984708E-002
 0.8250000000000000E+000  0.8124808600000000E+000 -0.2538242395857226E-001  0.2479041066780472E-001  0.2527699275553456E-001 -0.4258356970282698E-002  0.5568282211845589E-002
 0.8347222200000000E+000  0.8124808600000000E+000 -0.2404355541423352E-001  0.2350931119936340E-001  0.2393961992658406E-001 -0.3819508892709771E-002  0.5678121554318882E-002
 0.8441666700000000E+000  0.8124808600000000E+000 -0.2276962522165121E-001  0.2228694734238882E-001  0.2266746783837940E-001 -0.3428676755052109E-002  0.5771885499171888E-002
 0.8533333300000000E+000  0.8124808600000000E+000 -0.2155562393181482E-001  0.2111906840178322E-001  0.2145556682591931E-001 -0.3080654869230831E-002  0.5846154477589924E-002
 0.8622222200000000E+000  0.8124808600000000E+000 -0.2039666854222536E-001  0.2000147382159909E-001  0.2029907601405806E-001 -0.2770605546207724E-002  0.5897056438677168E-002
 0.8708333300000000E+000  0.8124808600000000E+000 -0.1928795671547247E-001  0.1892997486781896E-001  0.1919323627754343E-001 -0.2494020118995716E-002  0.5920254260648555E-002
 0.8791666700000000E+000  0.8124808600000000E+000 -0.1822471063022081E-001  0.1790034462721348E-001  0.1813331215826563E-001 -0.2246684463065982E-002  0.5910958426035599E-002
 0.8872222200000000E+000  0.8124808600000000E+000 -0.1720214337968032E-001  0.1690828813301865E-001  0.1711455539245996E-001 -0.2024658809953883E-002  0.5863977593134035E-002
 0.8950000000000000E+000  0.8124808600000000E+000 -0.1621542593242421E-001  0.1594941151575707E-001  0.1613216794099312E-001 -0.1824267268154507E-002  0.5773826284432117E-002
 0.9025000000000000E+000  0.8124808600000000E+000 -0.1525969731181184E-001  0.1501923178196876E-001  0.1518130691677533E-001 -0.1642107464685488E-002  0.5634915690662263E-002
 0.9097222200000000E+000  0.8124808600000000E+000 -0.1433009938996047E-001  0.1411320970291595E-001  0.1425711289876102E-001 -0.1475076072073093E-002  0.5441858586896094E-002
 0.9166666700000000E+000  0.8124808600000000E+000 -0.1342187225404658E-001  0.1322684157332232E-001  0.1335479778287184E-001 -0.1320416660877538E-002  0.5189926118088387E-002
 0.9233333300000000E+000  0.8124808600000000E+000 -0.1253052985920155E-001  0.1235583045787205E-001  0.1246981257528515E-001 -0.1175789575164109E-002  0.4875697293886408E-002
 0.9297222200000000E+000  0.8124808600000000E+000 -0.1165211434959480E-001  0.1149633731438979E-001  0.1159809504523129E-001 -0.1039356496676143E-002  0.4497924596071400E-002
 0.9358333300000000E+000  0.8124808600000000E+000 -0.1078357106879490E-001  0.1064535563327563E-001  0.1073644127715404E-001 -0.9098742406035168E-003  0.4058626773429825E-002
 0.9416666700000000E+000  0.8124808600000000E+000 -0.9923196170827540E-002  0.9801165453422892E-002  0.9882956283605498E-002 -0.7867715300684850E-003  0.3564335959231627E-002
 0.9472222200000000E+000  0.8124808600000000E+000 -0.9071132765388425E-002  0.8963845294928123E-002  0.9037562563734752E-002 -0.6701822091334201E-003  0.3027339742132714E-002
 0.9525000000000000E+000  0.8124808600000000E+000 -0.8229770908780444E-002  0.8135699828219880E-002  0.8202424051610487E-002 -0.5608914963711434E-003  0.2466563658039845E-002
 0.9575000000000000E+000  0.8124808600000000E+000 -0.7403915991631409E-002  0.7321465288063789E-002  0.7382148021862616E-002 -0.4601660674340714E-003  0.1907577122466827E-002
 0.9622222200000000E+000  0.8124808600000000E+000 -0.6600488763748608E-002  0.6528048748821264E-002  0.6583521033271603E-002 -0.3694534628519994E-003  0.1381001530236025E-002
 0.9666666700000000E+000  0.8124808600000000E+000 -0.5827654535991442E-002  0.5763684759460605E-002  0.5814663122899759E-002 -0.2899962145345503E-003  0.9186946495781464E-003
 0.9708333300000000E+000  0.8124808600000000E+000 -0.5093479365730077E-002  0.5036593112352931E-002  0.5083684418802754E-002 -0.2224662728730456E-003  0.5476091660591800E-003
 0.9747222200000000E+000  0.8124808600000000E+000 -0.4404502398947041E-002  0.4353523124521076E-002  0.4397229426751519E-002 -0.1667572688026728E-003  0.2824413719715112E-003
 0.9783333300000000E+000  0.8124808600000000E+000 -0.3764879797091398E-002  0.3718853464169942E-002  0.3759577637906538E-002 -0.1220321950499459E-003  0.1199701713224533E-003
 0.9816666700000000E+000  0.8124808600000000E+000 -0.3176449312043695E-002  0.3134622727261629E-002  0.3172674397469479E-002 -0.8698330030563778E-004  0.3906766644945671E-004
 0.9847222200000000E+000  0.8124808600000000E+000 -0.2639535915089143E-002  0.2601326492654867E-002  0.2636927282791435E-002 -0.6014478723151474E-004  0.8771634535180362E-005
 0.9875000000000000E+000  0.8124808600000000E+000 -0.2153795222292745E-002  0.2118770272352965E-002  0.2152057150937403E-002 -0.4010197667323788E-004  0.1151806539223552E-005
 0.9900000000000000E+000  0.8124808600000000E+000 -0.1718698976639594E-002  0.1686565946232360E-002  0.1717591636398474E-002 -0.2557260595853109E-004  0.6469044503265361E-007
 0.9922222200000000E+000  0.8124808600000000E+000 -0.1333682798722534E-002  0.1304286910381188E-002  0.1333015774296588E-002 -0.1541989160389518E-004 -0.4973571792935036E-010
 0.9941666700000000E+000  0.8124808600000000E+000 -0.9981901306822074E-003  0.9715193309417596E-003  0.9978163935565772E-003 -0.8649022857250951E-005 -0.7489835540325262E-010
 0.9958333300000000E+000  0.8124808600000000E+000 -0.7117013283677033E-003  0.6879023800819328E-003  0.7115113082139810E-003 -0.4401976224577435E-005 -0.5142617918817434E-012
 0.9972222200000000E+000  0.8124808600000000E+000 -0.4737381379528440E-003  0.4531514228600109E-003  0.4736539368348900E-003 -0.1952425922167285E-005  0.6832121542968592E-014
 0.9983333300000000E+000  0.8124808600000000E+000 -0.2838887468995251E-003  0.2671066736855467E-003  0.2838585086678330E-003 -0.7017190895444321E-006  0.1284109945581466E-016
 0.9991666700000000E+000  0.8124808600000000E+000 -0.1418093391411254E-003  0.1300416320574218E-003  0.1418017938216803E-003 -0.1752106925887324E-006 -0.9058169182004932E-019
 0.9997222200000000E+000  0.8124808600000000E+000 -0.4724033187131851E-004  0.3948331010702726E-004  0.4723949454222148E-004 -0.1945223705808542E-007  0.5559889775793605E-018
 0.1000000000000000E+001  0.8124808600000000E+000 -0.1392349226800261E-188  0.1392349226800261E-188 -0.1392349226800261E-188  0.1392349226800261E-188 -0.1392349226800261E-188

 0.0000000000000000E+000  0.8847013800000000E+000 -0.4232621381257407E+000  0.3060675384125749E+000  0.4231517585267476E+000 -0.2964000000000000E+000  0.4610474893737301E-003
 0.2777777800000000E-003  0.8847013800000000E+000 -0.4232619347336591E+000  0.3060674137857942E+000  0.4231515551345390E+000 -0.2963999114801047E+000  0.4610478487181350E-003
 0.8333333300000000E-003  0.8847013800000000E+000 -0.4232603055701526E+000  0.3060664155294630E+000  0.4231499259700151E+000 -0.2963992024360640E+000  0.4610507270640948E-003
 0.1666666700000000E-002  0.8847013800000000E+000 -0.4232547957861723E+000  0.3060630394533886E+000  0.4231444161825940E+000 -0.2963968044333558E+000  0.4610604616755752E-003
 0.2777777800000000E-002  0.8847013800000000E+000 -0.4232416980952982E+000  0.3060550139358544E+000  0.4231313184835401E+000 -0.2963911037499650E+000  0.4610836032936212E-003
 0.4166666700000000E-002  0.8847013800000000E+000 -0.4232160233597754E+000  0.3060392818732181E+000  0.4231056437319816E+000 -0.2963799280749493E+000  0.4611289698775866E-003
 0.5833333300000000E-002  0.8847013800000000E+000 -0.4231714624302153E+000  0.3060119772350871E+000  0.4230610827745850E+000 -0.2963605287548972E+000  0.4612077180905221E-003
 0.7777777800000000E-002  0.8847013800000000E+000 -0.4231003402020458E+000  0.3059683967911539E+000  0.4229899605019733E+000 -0.2963295585692542E+000  0.4613334323855788E-003
 0.1000000000000000E-001  0.8847013800000000E+000 -0.4229935632765620E+000  0.3059029678280092E+000  0.4228831835097370E+000 -0.2962830450573661E+000  0.4615222313142687E-003
 0.1250000000000000E-001  0.8847013800000000E+000 -0.4228405629107003E+000  0.3058092128462502E+000  0.4227301830481626E+000 -0.2962163593857581E+000  0.4617928907491105E-003
 0.1527777800000000E-001  0.8847013800000000E+000 -0.4226292355851367E+000  0.3056797126123885E+000  0.4225188555902752E+000 -0.2961241808402129E+000  0.4621669832601051E-003
 0.1833333300000000E-001  0.8847013800000000E+000 -0.4223458841572227E+000  0.3055060693168297E+000  0.4222355039847140E+000 -0.2960004570989280E+000  0.4626690325460524E-003
 0.2166666700000000E-001  0.8847013800000000E+000 -0.4219751625113890E+000  0.3052788715400274E+000  0.4218647821060664E+000 -0.2958383601959974E+000  0.4633266828099283E-003
 0.2527777800000000E-001  0.8847013800000000E+000 -0.4215000296572664E+000  0.3049876645713441E+000  0.4213896489529110E+000 -0.2956302391793618E+000  0.4641708785708355E-003
 0.2916666700000000E-001  0.8847013800000000E+000 -0.4209017159780244E+000  0.3046209276123959E+000  0.4207913348960703E+000 -0.2953675688230067E+000  0.4652360572213989E-003
 0.3333333300000000E-001  0.8847013800000000E+000 -0.4201597105637395E+000  0.3041660631901215E+000  0.4200493290118833E+000 -0.2950408962806313E+000  0.4665603466795909E-003
 0.3777777800000000E-001  0.8847013800000000E+000 -0.4192517739626755E+000  0.3036094012547889E+000  0.4191413918333819E+000 -0.2946397854170143E+000  0.4681857697231119E-003
 0.4250000000000000E-001  0.8847013800000000E+000 -0.4181539880200142E+000  0.3029362249024882E+000  0.4180436051889084E+000 -0.2941527617447954E+000  0.4701584444722410E-003
 0.4750000000000000E-001  0.8847013800000000E+000 -0.4168408468722943E+000  0.3021308199667793E+000  0.4167304631964291E+000 -0.2935672576754516E+000  0.4725287847633205E-003
 0.5277777800000000E-001  0.8847013800000000E+000 -0.4152854034181173E+000  0.3011765569742350E+000  0.4151750187341072E+000 -0.2928695626758924E+000  0.4753516861201549E-003
 0.5833333300000000E-001  0.8847013800000000E+000 -0.4134594782072442E+000  0.3000560094032337E+000  0.4133490923292527E+000 -0.2920447803443430E+000  0.4786866958844145E-003
 0.6416666700000000E-001  0.8847013800000000E+000 -0.4113339393082429E+000  0.2987511131519031E+000  0.4112235520258131E+000 -0.2910767961758340E+000  0.4825981621020235E-003
 0.7027777800000000E-001  0.8847013800000000E+000 -0.4088790668131831E+000  0.2972433752438264E+000  0.4087686778888979E+000 -0.2899482636714001E+000  0.4871553440606105E-003
 0.7666666699999999E-001  0.8847013800000000E+000 -0.4060649998918551E+000  0.2955141301549513E+000  0.4059546090588125E+000 -0.2886406114174673E+000  0.4924324925299471E-003
 0.8333333300000000E-001  0.8847013800000000E+000 -0.4028622791313836E+000  0.2935448513041182E+000  0.4027518860904729E+000 -0.2871340831806692E+000  0.4985088752506123E-003
 0.9027777800000000E-001  0.8847013800000000E+000 -0.3992424748629536E+000  0.2913175118363296E+000  0.3991320792799126E+000 -0.2854078162152436E+000  0.5054687568900600E-003
 0.9750000000000000E-001  0.8847013800000000E+000 -0.3951789053561694E+000  0.2888149971196152E+000  0.3950685068584062E+000 -0.2834399727784490E+000  0.5134013090812678E-003
 0.1050000000000000E+000  0.8847013800000000E+000 -0.3906474194229924E+000  0.2860215536221635E+000  0.3905370175961434E+000 -0.2812079299059986E+000  0.5224004713834006E-003
 0.1127777800000000E+000  0.8847013800000000E+000 -0.3856272346007374E+000  0.2829232694506904E+000  0.3855168289849383E+000 -0.2786885439809936E+000  0.5325647409395960E-003
 0.1208333300000000E+000  0.8847013800000000E+000 -0.3801018070142443E+000  0.2795085730902627E+000  0.3799913971000897E+000 -0.2758585028342938E+000  0.5439968839241825E-003
 0.1291666700000000E+000  0.8847013800000000E+000 -0.3740596513188554E+000  0.2757687018043656E+000  0.3739492365429800E+000 -0.2726947499379642E+000  0.5568036711317545E-003
 0.1377777800000000E+000  0.8847013800000000E+000 -0.3674951846927658E+000  0.2716981879747423E+000  0.3673847644330692E+000 -0.2691750448661497E+000  0.5710954077020415E-003
 0.1466666700000000E+000  0.8847013800000000E+000 -0.3604093721208284E+000  0.2672952288203371E+000  0.3602989456912170E+000 -0.2652785678239938E+000  0.5869856413658469E-003
 0.1558333300000000E+000  0.8847013800000000E+000 -0.3528103111548764E+000  0.2625620287295829E+000  0.3526998777995402E+000 -0.2609866567936004E+000  0.6045906770637244E-003
 0.1652777800000000E+000  0.8847013800000000E+000 -0.3447135468388258E+000  0.2575049884834659E+000  0.3446031057259259E+000 -0.2562835722527995E+000  0.6240292788483121E-003
 0.1750000000000000E+000  0.8847013800000000E+000 -0.3361422555278018E+000  0.2521348317602053E+000  0.3360318057425963E+000 -0.2511573611619204E+000  0.6454221812041390E-003
 0.1850000000000000E+000  0.8847013800000000E+000 -0.3271270531643177E+000  0.2464665200795356E+000  0.3270165937015464E+000 -0.2456006596452806E+000  0.6688919464158337E-003
 0.1952777800000000E+000  0.8847013800000000E+000 -0.3177056267304792E+000  0.2405190826110291E+000  0.3175951564860262E+000 -0.2396115102450228E+000  0.6945626953439498E-003
 0.2058333300000000E+000  0.8847013800000000E+000 -0.3079220667214677E+000  0.2343152855584842E+000  0.3078115844831979E+000 -0.2331940701093878E+000  0.7225600324239025E-003
 0.2166666700000000E+000  0.8847013800000000E+000 -0.2978259180247669E+000  0.2278811501398521E+000  0.2977154224624109E+000 -0.2263591484919553E+000  0.7530112293880727E-003
 0.2277777800000000E+000  0.8847013800000000E+000 -0.2874711285798289E+000  0.2212454292738762E+000  0.2873606182339693E+000 -0.2191246159012304E+000  0.7860452742767389E-003
 0.2391666700000000E+000  0.8847013800000000E+000 -0.2769147168114320E+000  0.2144389229416618E+000  0.2768041900813472E+000 -0.2115154872982001E+000  0.8217934794566000E-003
 0.2508333300000000E+000  0.8847013800000000E+000 -0.2662154624214565E+000  0.2074938177553244E+000  0.2661049175518990E+000 -0.2035638116007626E+000  0.8603899378009504E-003
 0.2627777800000000E+000  0.8847013800000000E+000 -0.2554324842343249E+000  0.2004429535691647E+000  0.2553219193010233E+000 -0.1953082140482015E+000  0.9019724749717577E-003
 0.2750000000000000E+000  0.8847013800000000E+000 -0.2446239733861439E+000  0.1933191798092313E+000  0.2445133862801522E+000 -0.1867932459877842E+000  0.9466833949782907E-003
 0.2875000000000000E+000  0.8847013800000000E+000 -0.2338459045909540E+000  0.1861546757732528E+000  0.2337352930015694E+000 -0.1780683922603337E+000  0.9946708890571185E-003
 0.3002777800000000E+000  0.8847013800000000E+000 -0.2231510017772106E+000  0.1789804060848380E+000  0.2230403631736048E+000 -0.1691869539644603E+000  0.1046090251896567E-002
 0.3133333300000000E+000  0.8847013800000000E+000 -0.2125878562877378E+000  0.1718256385603043E+000  0.2124771878992330E+000 -0.1602047633300178E+000  0.1101105406330548E-002
 0.3266666700000000E+000  0.8847013800000000E+000 -0.2022002248101080E+000  0.1647175372174519E+000  0.2020895236050271E+000 -0.1511787995143389E+000  0.1159890785052935E-002
 0.3402777800000000E+000  0.8847013800000000E+000 -0.1920266319467759E+000  0.1576809147312195E+000  0.1919158946102156E+000 -0.1421658788605705E+000  0.1222632919156741E-002
 0.3541666700000000E+000  0.8847013800000000E+000 -0.1821000712108562E+000  0.1507380064498382E+000  0.1819892941212284E+000 -0.1332213156059885E+000  0.1289532810356364E-002
 0.3683333300000000E+000  0.8847013800000000E+000 -0.1724479913380391E+000  0.1439083985657316E+000  0.1723371705429867E+000 -0.1243977872277563E+000  0.1360807960678603E-002
 0.3827777800000000E+000  0.8847013800000000E+000 -0.1630923761760431E+000  0.1372089855592976E+000  0.1629815073679513E+000 -0.1157443032879149E+000  0.1436695072114767E-002
 0.3975000000000000E+000  0.8847013800000000E+000 -0.1540500429355061E+000  0.1306540532280642E+000  0.1539391214277507E+000 -0.1073054469863998E+000  0.1517452354294236E-002
 0.4125000000000000E+000  0.8847013800000000E+000 -0.1453329523294450E+000  0.1242553502054333E+000  0.1452219730340944E+000 -0.9912074385024515E-001  0.1603362781587097E-002
 0.4277777800000000E+000  0.8847013800000000E+000 -0.1369486649625047E+000  0.1180222528690035E+000  0.1368376223715612E+000 -0.9122431018355560E-001  0.1694737027992484E-002
 0.4433333300000000E+000  0.8847013800000000E+000 -0.1289008149907831E+000  0.1119619401425012E+000  0.1287897031633864E+000 -0.8364467734153437E-001  0.1791916861768530E-002
 0.4591666700000000E+000  0.8847013800000000E+000 -0.1211895851097342E+000  0.1060795724953951E+000  0.1210783976688367E+000 -0.7640477899618327E-001  0.1895279079888605E-002
 0.4752777800000000E+000  0.8847013800000000E+000 -0.1138122366846390E+000  0.1003785225001767E+000  0.1137009668290407E+000 -0.6952214507477135E-001  0.2005239018032796E-002
 0.4916666700000000E+000  0.8847013800000000E+000 -0.1067635525261762E+000  0.9486055374040993E-001  0.1066521930650968E+000 -0.6300915384191939E-001  0.2122255201152538E-002
 0.5083333300000000E+000  0.8847013800000000E+000 -0.1000363089982866E+000  0.8952603978003018E-001  0.9992485242039473E-001 -0.5687343220931231E-001  0.2246833389240789E-002
 0.5247222200000000E+000  0.8847013800000000E+000 -0.9382551150103453E-001  0.8453886968035186E-001  0.9371395362600120E-001 -0.5129949686781059E-001  0.2375080869768319E-002
 0.5408333300000000E+000  0.8847013800000000E+000 -0.8808394095955571E-001  0.7987281725543853E-001  0.8797227814754330E-001 -0.4624316516104683E-001  0.2506977470925635E-002
 0.5566666700000000E+000  0.8847013800000000E+000 -0.8276877783811620E-001  0.7550352228654693E-001  0.8265700716329331E-001 -0.4166176087639470E-001  0.2642498437134252E-002
 0.5722222200000000E+000  0.8847013800000000E+000 -0.7784134844434538E-001  0.7140848359469093E-001  0.7772946790330094E-001 -0.3751471341640712E-001  0.2781610523773501E-002
 0.5875000000000000E+000  0.8847013800000000E+000 -0.7326678743561868E-001  0.6756697421311601E-001  0.7315479619613373E-001 -0.3376388631525933E-001  0.2924268822945220E-002
 0.6025000000000000E+000  0.8847013800000000E+000 -0.6901373069099874E-001  0.6395996708447299E-001  0.6890162938944472E-001 -0.3037377111506805E-001  0.3070411977297608E-002
 0.6172222200000000E+000  0.8847013800000000E+000 -0.6505397546856564E-001  0.6057001640942713E-001  0.6494176656366014E-001 -0.2731152678748180E-001  0.3219957878407787E-002
 0.6316666700000000E+000  0.8847013800000000E+000 -0.6136216800347732E-001  0.5738114361835876E-001  0.6124985619655093E-001 -0.2454694446300354E-001  0.3372798436361331E-002
 0.6458333300000000E+000  0.8847013800000000E+000 -0.5791552050876832E-001  0.5437873060541358E-001  0.5780311324225321E-001 -0.2205236076269155E-001  0.3528793183500551E-002
 0.6597222200000000E+000  0.8847013800000000E+000 -0.5469352361258582E-001  0.5154939168418960E-001  0.5458103165912259E-001 -0.1980251386859817E-001  0.3687763202337733E-002
 0.6733333300000000E+000  0.8847013800000000E+000 -0.5167771775066851E-001  0.4888088075231968E-001  0.5156515590889024E-001 -0.1777440400559461E-001  0.3849482533421309E-002
 0.6866666700000000E+000  0.8847013800000000E+000 -0.4885145892003978E-001  0.4636197915158867E-001  0.4873884683342098E-001 -0.1594712243938789E-001  0.4013669724086759E-002
 0.6997222200000000E+000  0.8847013800000000E+000 -0.4619972962444132E-001  0.4398241032620415E-001  0.4608709274310296E-001 -0.1430169360509779E-001  0.4179976837638208E-002
 0.7125000000000000E+000  0.8847013800000000E+000 -0.4370894506178605E-001  0.4173273862481826E-001  0.4359631576845467E-001 -0.1282090339919711E-001  0.4347978352678053E-002
 0.7250000000000000E+000  0.8847013800000000E+000 -0.4136680721117235E-001  0.3960430073290834E-001  0.4125422613545190E-001 -0.1148915197677353E-001  0.4517156486013847E-002
 0.7372222200000000E+000  0.8847013800000000E+000 -0.3916215315131201E-001  0.3758912306440979E-001  0.3904967069759614E-001 -0.1029230047595477E-001  0.4686885824286008E-002
 0.7491666700000000E+000  0.8847013800000000E+000 -0.3708482687872309E-001  0.3567985247650650E-001  0.3697250499487369E-001 -0.9217532632529455E-002  0.4856415119697450E-002
 0.7608333300000000E+000  0.8847013800000000E+000 -0.3512557070202364E-001  0.3386969810383351E-001  0.3501348491499327E-001 -0.8253229222401775E-002  0.5024845871146283E-002
 0.7722222200000000E+000  0.8847013800000000E+000 -0.3327590898691467E-001  0.3215236014391350E-001  0.3316415073234791E-001 -0.7388842636974180E-002  0.5191109581049163E-002
 0.7833333300000000E+000  0.8847013800000000E+000 -0.3152806541940392E-001  0.3052198433121412E-001  0.3141674468380366E-001 -0.6614793019450756E-002  0.5353939878411812E-002
 0.7941666700000000E+000  0.8847013800000000E+000 -0.2987486810385278E-001  0.2897310065784929E-001  0.2976411639439912E-001 -0.5922363449446091E-002  0.5511843073024470E-002
 0.8047222200000000E+000  0.8847013800000000E+000 -0.2830967725548637E-001  0.2750057913545225E-001  0.2819965089195528E-001 -0.5303610915563626E-002  0.5663063935081140E-002
 0.8149999999999999E+000  0.8847013800000000E+000 -0.2682629976315892E-001  0.2609956975225547E-001  0.2671718347387999E-001 -0.4751277457568060E-002  0.5805550069922222E-002
 0.8250000000000000E+000  0.8847013800000000E+000 -0.2541892881322959E-001  0.2476546285792442E-001  0.2531093956768598E-001 -0.4258717237614998E-002  0.5936911659701521E-002
 0.8347222200000000E+000  0.8847013800000000E+000 -0.2408207001656715E-001  0.2349383410291158E-001  0.2397546099269704E-001 -0.3819823923782021E-002  0.6054381247540682E-002
 0.8441666700000000E+000  0.8847013800000000E+000 -0.2281047584983100E-001  0.2228039467222747E-001  0.2270554035526849E-001 -0.3428967390399927E-002  0.6154773221389655E-002
 0.8533333300000000E+000  0.8847013800000000E+000 -0.2159908704415523E-001  0.2112094586256674E-001  0.2149616210604077E-001 -0.3080938542907387E-002  0.6234446304077086E-002
 0.8622222200000000E+000  0.8847013800000000E+000 -0.2044296117908630E-001  0.2001131928013961E-001  0.2034243041782487E-001 -0.2770896778593264E-002  0.6289275256062332E-002
 0.8708333300000000E+000  0.8847013800000000E+000 -0.1933722291906968E-001  0.1894733568490061E-001  0.1923951810735166E-001 -0.2494330823973226E-002  0.6314636463459024E-002
 0.8791666700000000E+000  0.8847013800000000E+000 -0.1827700367882956E-001  0.1792475178515143E-001  0.1818260424011040E-001 -0.2247024073228736E-002  0.6305420159760645E-002
 0.8872222200000000E+000  0.8847013800000000E+000 -0.1725740383857607E-001  0.1693922686145989E-001  0.1716683325129872E-001 -0.2025034223367081E-002  0.6256082718850075E-002
 0.8950000000000000E+000  0.8847013800000000E+000 -0.1627345611192197E-001  0.1598628880950580E-001  0.1618727403248035E-001 -0.1824682626904069E-002  0.6160759569115114E-002
 0.9025000000000000E+000  0.8847013800000000E+000 -0.1532013348494441E-001  0.1506134183225938E-001  0.1523892211047362E-001 -0.1642563790194721E-002  0.6013466571784407E-002
 0.9097222200000000E+000  0.8847013800000000E+000 -0.1439238451869865E-001  0.1415969977294615E-001  0.1431672778490157E-001 -0.1475570811909478E-002  0.5808423252696258E-002
 0.9166666700000000E+000  0.8847013800000000E+000 -0.1348523373531025E-001  0.1327668256728736E-001  0.1341568814469844E-001 -0.1320943245220650E-002  0.5540538699834724E-002
 0.9233333300000000E+000  0.8847013800000000E+000 -0.1259396909581211E-001  0.1240779881391203E-001  0.1253102572098696E-001 -0.1176337138565987E-002  0.5206104550635566E-002
 0.9297222200000000E+000  0.8847013800000000E+000 -0.1171441737108077E-001  0.1154901748456543E-001  0.1165845626370952E-001 -0.1039909980950725E-002  0.4803721216934848E-002
 0.9358333300000000E+000  0.8847013800000000E+000 -0.1084335111424581E-001  0.1069717430495854E-001  0.1079459162331595E-001 -0.9104151285737965E-003  0.4335470414260582E-002
 0.9416666700000000E+000  0.8847013800000000E+000 -0.9978978648828256E-002  0.9850468654350400E-002  0.9937432794160284E-002 -0.7872794253359084E-003  0.3808257199797707E-002
 0.9472222200000000E+000  0.8847013800000000E+000 -0.9121488078901655E-002  0.9009024985378403E-002  0.9086927507771765E-002 -0.6706373150527348E-003  0.3235151105887624E-002
 0.9525000000000000E+000  0.8847013800000000E+000 -0.8273488744802198E-002  0.8175365062489906E-002  0.8245438250929158E-002 -0.5612777246521436E-003  0.2636345307772732E-002
 0.9575000000000000E+000  0.8847013800000000E+000 -0.7440195642528282E-002  0.7354633762063418E-002  0.7417964082860758E-002 -0.4604740774179527E-003  0.2039176155575875E-002
 0.9622222200000000E+000  0.8847013800000000E+000 -0.6629097325314875E-002  0.6554310903820349E-002  0.6611848689454182E-002 -0.3696825886726716E-003  0.1476424995667734E-002
 0.9666666700000000E+000  0.8847013800000000E+000 -0.5848991236735083E-002  0.5783277170814605E-002  0.5835843547435992E-002 -0.2901543092895474E-003  0.9822274378338482E-003
 0.9708333300000000E+000  0.8847013800000000E+000 -0.5108497556357786E-002  0.5050329285172144E-002  0.5098621820401675E-002 -0.2225672166827997E-003  0.5854820139077570E-003
 0.9747222200000000E+000  0.8847013800000000E+000 -0.4414492051116597E-002  0.4362580687734921E-002  0.4407179104206211E-002 -0.1668170367618541E-003  0.3019626575861976E-003
 0.9783333300000000E+000  0.8847013800000000E+000 -0.3771186209338727E-002  0.3724491632531643E-002  0.3765864486490548E-002 -0.1220651930780919E-003  0.1282520433083157E-003
 0.9816666700000000E+000  0.8847013800000000E+000 -0.3180243140414291E-002  0.3137946909264704E-002  0.3176458706534179E-002 -0.8700036991965789E-004  0.4176029696421789E-004
 0.9847222200000000E+000  0.8847013800000000E+000 -0.2641710180900740E-002  0.2603179387074976E-002  0.2639097065979084E-002 -0.6015305189764063E-004  0.9375089534190438E-005
 0.9875000000000000E+000  0.8847013800000000E+000 -0.2154974781153090E-002  0.2119737271000198E-002  0.2153234729488840E-002 -0.4010568927242166E-004  0.1230889139151328E-005
 0.9900000000000000E+000  0.8847013800000000E+000 -0.1719297696792188E-002  0.1687029959076183E-002  0.1718189554758708E-002 -0.2557412939270090E-004  0.6912053476985928E-007
 0.9922222200000000E+000  0.8847013800000000E+000 -0.1333962338720296E-002  0.1304485607732585E-002  0.1333295023844463E-002 -0.1542044989184871E-004 -0.5369570407908585E-010
 0.9941666700000000E+000  0.8847013800000000E+000 -0.9983072698322101E-003  0.9715912857469313E-003  0.9979334416222591E-003 -0.8649199696465339E-005 -0.8003615271408711E-010
 0.9958333300000000E+000  0.8847013800000000E+000 -0.7117437723769862E-003  0.6879218868197696E-003  0.7115537286948364E-003 -0.4402022296604401E-005 -0.5493168540649620E-012
 0.9972222200000000E+000  0.8847013800000000E+000 -0.4737506537614885E-003  0.4531537840953799E-003  0.4736664480260361E-003 -0.1952435028745162E-005  0.7301198503250867E-014
 0.9983333300000000E+000  0.8847013800000000E+000 -0.2838914399765552E-003  0.2671057218484093E-003  0.2838612011496375E-003 -0.7017202703575188E-006  0.1365379028528939E-016
 0.9991666700000000E+000  0.8847013800000000E+000 -0.1418096748034531E-003  0.1300410584279879E-003  0.1418021294469745E-003 -0.1752107664188657E-006  0.4433449009906758E-019
 0.9997222200000000E+000  0.8847013800000000E+000 -0.4724034427992927E-004  0.3948322162257390E-004  0.4723950695037644E-004 -0.1945223796993543E-007  0.3918740149092413E-018
 0.1000000000000000E+001  0.8847013800000000E+000 -0.1392349226800261E-188 -0.1392349226800261E-188  0.1392349226800261E-188 -0.1392349226800261E-188 -0.1392349226800261E-188

 0.0000000000000000E+000  0.9533108700000000E+000 -0.4301649398583476E+000  0.2991647968551537E+000  0.4300545499790323E+000 -0.2964000000000000E+000  0.4858422040742680E-003
 0.2777777800000000E-003  0.9533108700000000E+000 -0.4301647309591745E+000  0.2991646764583076E+000  0.4300543410797111E+000 -0.2963999122371587E+000  0.4858425827443067E-003
 0.8333333300000000E-003  0.9533108700000000E+000 -0.4301630576840854E+000  0.2991637120835977E+000  0.4300526678034358E+000 -0.2963992092570669E+000  0.4858456158884653E-003
 0.1666666700000000E-002  0.9533108700000000E+000 -0.4301573987163834E+000  0.2991604505940688E+000  0.4300470088317225E+000 -0.2963968317620914E+000  0.4858558740298996E-003
 0.2777777800000000E-002  0.9533108700000000E+000 -0.4301439463928497E+000  0.2991526974674397E+000  0.4300335564986527E+000 -0.2963911798267835E+000  0.4858802602102244E-003
 0.4166666700000000E-002  0.9533108700000000E+000 -0.4301175764985877E+000  0.2991374993557601E+000  0.4300071865856955E+000 -0.2963800997008546E+000  0.4859280666209665E-003
 0.5833333300000000E-002  0.9533108700000000E+000 -0.4300718090854697E+000  0.2991111214303970E+000  0.4299614191401241E+000 -0.2963608661860471E+000  0.4860110499334745E-003
 0.7777777800000000E-002  0.9533108700000000E+000 -0.4299987613079415E+000  0.2990690200569452E+000  0.4298883713107818E+000 -0.2963301605598370E+000  0.4861435251764336E-003
 0.1000000000000000E-001  0.9533108700000000E+000 -0.4298890937077273E+000  0.2990058115875818E+000  0.4297787036327406E+000 -0.2962840440577288E+000  0.4863424777614734E-003
 0.1250000000000000E-001  0.9533108700000000E+000 -0.4297319516850386E+000  0.2989152382236733E+000  0.4296215614984546E+000 -0.2962179268887751E+000  0.4866276933328352E-003
 0.1527777800000000E-001  0.9533108700000000E+000 -0.4295149045588786E+000  0.2987901322715832E+000  0.4294045142180009E+000 -0.2961265328506502E+000  0.4870219046396892E-003
 0.1833333300000000E-001  0.9533108700000000E+000 -0.4292238852755529E+000  0.2986223804774407E+000  0.4291134947275160E+000 -0.2960038596777256E+000  0.4875509542729902E-003
 0.2166666700000000E-001  0.9533108700000000E+000 -0.4288431337718255E+000  0.2984028900778080E+000  0.4287327429522679E+000 -0.2958431350062701E+000  0.4882439731501887E-003
 0.2527777800000000E-001  0.9533108700000000E+000 -0.4283551501219684E+000  0.2981215599816203E+000  0.4282447589536122E+000 -0.2956367689218069E+000  0.4891335699978891E-003
 0.2916666700000000E-001  0.9533108700000000E+000 -0.4277406602655624E+000  0.2977672585526990E+000  0.4276302686566865E+000 -0.2953763024184634E+000  0.4902560342655565E-003
 0.3333333300000000E-001  0.9533108700000000E+000 -0.4269786035172235E+000  0.2973278131252243E+000  0.4268682113600195E+000 -0.2950523536016706E+000  0.4916515444077997E-003
 0.3777777800000000E-001  0.9533108700000000E+000 -0.4260461463363776E+000  0.2967900136295245E+000  0.4259357535051752E+000 -0.2946545613289755E+000  0.4933643832088320E-003
 0.4250000000000000E-001  0.9533108700000000E+000 -0.4249187343732326E+000  0.2961396370169687E+000  0.4248083407225815E+000 -0.2941715291462524E+000  0.4954431490485356E-003
 0.4750000000000000E-001  0.9533108700000000E+000 -0.4235701870027536E+000  0.2953614946358147E+000  0.4234597923653452E+000 -0.2935907691847000E+000  0.4979409670536342E-003
 0.5277777800000000E-001  0.9533108700000000E+000 -0.4219728490887544E+000  0.2944395107475089E+000  0.4218624532731696E+000 -0.2928986505301089E+000  0.5009156850726579E-003
 0.5833333300000000E-001  0.9533108700000000E+000 -0.4200978071414448E+000  0.2933568359723080E+000  0.4199874099297095E+000 -0.2920803540289377E+000  0.5044300529585113E-003
 0.6416666700000000E-001  0.9533108700000000E+000 -0.4179151786899043E+000  0.2920960003884522E+000  0.4178047798348331E+000 -0.2911198372537948E+000  0.5085518794651641E-003
 0.7027777800000000E-001  0.9533108700000000E+000 -0.4153944889181452E+000  0.2906391140300567E+000  0.4152840881404550E+000 -0.2899998172296873E+000  0.5133541487337758E-003
 0.7666666699999999E-001  0.9533108700000000E+000 -0.4125051324307072E+000  0.2889681132156923E+000  0.4123947294158739E+000 -0.2887017735699960E+000  0.5189151048533863E-003
 0.8333333300000000E-001  0.9533108700000000E+000 -0.4092169332153783E+000  0.2870650599984200E+000  0.4091065276102149E+000 -0.2872059840652049E+000  0.5253182787264167E-003
 0.9027777800000000E-001  0.9533108700000000E+000 -0.4055007932172111E+000  0.2849124890801405E+000  0.4053903846261352E+000 -0.2854915980330389E+000  0.5326524669542152E-003
 0.9750000000000000E-001  0.9533108700000000E+000 -0.4013294334323533E+000  0.2824938045623540E+000  0.4012190214133159E+000 -0.2835367625386448E+000  0.5410116370466659E-003
 0.1050000000000000E+000  0.9533108700000000E+000 -0.3966782012625860E+000  0.2797937117689844E+000  0.3965677853226197E+000 -0.2813188068040230E+000  0.5504947809163960E-003
 0.1127777800000000E+000  0.9533108700000000E+000 -0.3915259348886359E+000  0.2767986796583775E+000  0.3914155144789849E+000 -0.2788145016137228E+000  0.5612056932377983E-003
 0.1208333300000000E+000  0.9533108700000000E+000 -0.3858558598846617E+000  0.2734974209232681E+000  0.3857454343954551E+000 -0.2760004068462407E+000  0.5732526673921538E-003
 0.1291666700000000E+000  0.9533108700000000E+000 -0.3796564340290379E+000  0.2698813429864969E+000  0.3795460027834172E+000 -0.2728532923053513E+000  0.5867482168564283E-003
 0.1377777800000000E+000  0.9533108700000000E+000 -0.3729222158455923E+000  0.2659450167305489E+000  0.3728117780933081E+000 -0.2693506962331271E+000  0.6018085796604089E-003
 0.1466666700000000E+000  0.9533108700000000E+000 -0.3656545278904398E+000  0.2616865330417331E+000  0.3655440828007582E+000 -0.2654715303626415E+000  0.6185534109708557E-003
 0.1558333300000000E+000  0.9533108700000000E+000 -0.3578620561459890E+000  0.2571078336309779E+000  0.3577516027999176E+000 -0.2611968200626603E+000  0.6371052716407959E-003
 0.1652777800000000E+000  0.9533108700000000E+000 -0.3495611703900569E+000  0.2522148947289255E+000  0.3494507077717315E+000 -0.2565104753688841E+000  0.6575893141218725E-003
 0.1750000000000000E+000  0.9533108700000000E+000 -0.3407761074706363E+000  0.2470178512368902E+000  0.3406656344578875E+000 -0.2514001643979949E+000  0.6801327675528305E-003
 0.1850000000000000E+000  0.9533108700000000E+000 -0.3315387666299155E+000  0.2415309174373093E+000  0.3314282819837897E+000 -0.2458581289946132E+000  0.7048647875176579E-003
 0.1952777800000000E+000  0.9533108700000000E+000 -0.3218883205940978E+000  0.2357722265980025E+000  0.3217778229473350E+000 -0.2398820176451672E+000  0.7319161724154166E-003
 0.2058333300000000E+000  0.9533108700000000E+000 -0.3118705173672981E+000  0.2297635165706071E+000  0.3117600052116252E+000 -0.2334756115464324E+000  0.7614192845139041E-003
 0.2166666700000000E+000  0.9533108700000000E+000 -0.3015366910846907E+000  0.2235296699054005E+000  0.3014261627567517E+000 -0.2266493810515438E+000  0.7935082436597363E-003
 0.2277777800000000E+000  0.9533108700000000E+000 -0.2909426663131090E+000  0.2170982148691414E+000  0.2908321199790642E+000 -0.2194209133171772E+000  0.8283189790546754E-003
 0.2391666700000000E+000  0.9533108700000000E+000 -0.2801473735237162E+000  0.2104986707286330E+000  0.2800368071621777E+000 -0.2118150122599523E+000  0.8659898701325621E-003
 0.2508333300000000E+000  0.9533108700000000E+000 -0.2692114886768089E+000  0.2037619166180926E+000  0.2691009000601526E+000 -0.2038636013533755E+000  0.9066622274661388E-003
 0.2627777800000000E+000  0.9533108700000000E+000 -0.2581959586957008E+000  0.1969194893662453E+000  0.2580853453694357E+000 -0.1956052746650077E+000  0.9504812965011278E-003
 0.2750000000000000E+000  0.9533108700000000E+000 -0.2471606883803225E+000  0.1900029675789664E+000  0.2470500476405902E+000 -0.1870846497493133E+000  0.9975970435019395E-003
 0.2875000000000000E+000  0.9533108700000000E+000 -0.2361632086978087E+000  0.1830433195722743E+000  0.2360525375665716E+000 -0.1783513721788643E+000  0.1048165640562911E-002
 0.3002777800000000E+000  0.9533108700000000E+000 -0.2252576095924858E+000  0.1760703809210387E+000  0.2251469047904580E+000 -0.1694589897217000E+000  0.1102350747686949E-002
 0.3133333300000000E+000  0.9533108700000000E+000 -0.2144936337475656E+000  0.1691123908413915E+000  0.2143828916646512E+000 -0.1604636536375672E+000  0.1160325120031923E-002
 0.3266666700000000E+000  0.9533108700000000E+000 -0.2039159592958750E+000  0.1621955995865628E+000  0.2038051759588329E+000 -0.1514227170657446E+000  0.1222272591517513E-002
 0.3402777800000000E+000  0.9533108700000000E+000 -0.1935637984557750E+000  0.1553440288888590E+000  0.1934529694933048E+000 -0.1423934057208870E+000  0.1288389749660514E-002
 0.3541666700000000E+000  0.9533108700000000E+000 -0.1834706014110528E+000  0.1485792514537565E+000  0.1833597220158079E+000 -0.1334314582370710E+000  0.1358888436469796E-002
 0.3683333300000000E+000  0.9533108700000000E+000 -0.1736640549055220E+000  0.1419203187365042E+000  0.1735531197934251E+000 -0.1245899721616153E+000  0.1433997888671439E-002
 0.3827777800000000E+000  0.9533108700000000E+000 -0.1641661793304650E+000  0.1353837157275236E+000  0.1640551826971131E+000 -0.1159183555015951E+000  0.1513967584304965E-002
 0.3975000000000000E+000  0.9533108700000000E+000 -0.1549936499985381E+000  0.1289834369504791E+000  0.1548825854735122E+000 -0.1074615542447388E+000  0.1599069676736260E-002
 0.4125000000000000E+000  0.9533108700000000E+000 -0.1461581317085812E+000  0.1227310503418665E+000  0.1460469923077442E+000 -0.9925941050588327E-001  0.1689602429807789E-002
 0.4277777800000000E+000  0.9533108700000000E+000 -0.1376667619970318E+000  0.1166358516817418E+000  0.1375555400743970E+000 -0.9134630440126276E-001  0.1785893314273604E-002
 0.4433333300000000E+000  0.9533108700000000E+000 -0.1295226511936545E+000  0.1107050284579866E+000  0.1294113383945002E+000 -0.8375097534952632E-001  0.1888302589814501E-002
 0.4591666700000000E+000  0.9533108700000000E+000 -0.1217253825167141E+000  0.1049438278015820E+000  0.1216139697345410E+000 -0.7649650955741814E-001  0.1997227457406080E-002
 0.4752777800000000E+000  0.9533108700000000E+000 -0.1142715660638092E+000  0.9935577512249057E-001  0.1141600434061803E+000 -0.6960053692525886E-001  0.2113105766370628E-002
 0.4916666700000000E+000  0.9533108700000000E+000 -0.1071553021924930E+000  0.9394284260919215E-001  0.1070436589615396E+000 -0.6307548793357197E-001  0.2236420926087019E-002
 0.5083333300000000E+000  0.9533108700000000E+000 -0.1003686721490247E+000  0.8870565753653466E-001  0.1002568968473363E+000 -0.5692900016769877E-001  0.2367706184057510E-002
 0.5247222200000000E+000  0.9533108700000000E+000 -0.9410756561086391E-001  0.8380558742861875E-001  0.9399565088148126E-001 -0.5134585577942152E-001  0.2502859521575118E-002
 0.5408333300000000E+000  0.9533108700000000E+000 -0.8832340714594733E-001  0.7921749981329906E-001  0.8821134598179961E-001 -0.4628169679036453E-001  0.2641859942432078E-002
 0.5566666700000000E+000  0.9533108700000000E+000 -0.8297221820905037E-001  0.7491801839453520E-001  0.8286000412185177E-001 -0.4169367589233620E-001  0.2784681664348408E-002
 0.5722222200000000E+000  0.9533108700000000E+000 -0.7801433835297471E-001  0.7088552373161024E-001  0.7790196557860204E-001 -0.3754106174017929E-001  0.2931290011007082E-002
 0.5875000000000000E+000  0.9533108700000000E+000 -0.7341406425206465E-001  0.6710007729254927E-001  0.7330152799801552E-001 -0.3378557081694446E-001  0.3081638075745190E-002
 0.6025000000000000E+000  0.9533108700000000E+000 -0.6913932170380137E-001  0.6354335558702390E-001  0.6902661844801081E-001 -0.3039156281826925E-001  0.3235661687866639E-002
 0.6172222200000000E+000  0.9533108700000000E+000 -0.6516130712786264E-001  0.6019854017115973E-001  0.6504843497698939E-001 -0.2732608027840465E-001  0.3393274891236225E-002
 0.6316666700000000E+000  0.9533108700000000E+000 -0.6145415897421365E-001  0.5705021163329723E-001  0.6134111809251592E-001 -0.2455881272381065E-001  0.3554364445864139E-002
 0.6458333300000000E+000  0.9533108700000000E+000 -0.5799466077456403E-001  0.5408425016135201E-001  0.5788145389631540E-001 -0.2206200896815509E-001  0.3718783102837765E-002
 0.6597222200000000E+000  0.9533108700000000E+000 -0.5476194151553123E-001  0.5128771449124026E-001  0.5464857455409670E-001 -0.1981033188952462E-001  0.3886343223264554E-002
 0.6733333300000000E+000  0.9533108700000000E+000 -0.5173723686964546E-001  0.4864875503658685E-001  0.5162371964142044E-001 -0.1778071755856771E-001  0.4056807743678407E-002
 0.6866666700000000E+000  0.9533108700000000E+000 -0.4890364621309163E-001  0.4615650739053587E-001  0.4878999329384057E-001 -0.1595220287702741E-001  0.4229881292679383E-002
 0.6997222200000000E+000  0.9533108700000000E+000 -0.4624593622857764E-001  0.4380101179558521E-001  0.4613216796469093E-001 -0.1430576643165272E-001  0.4405198633585392E-002
 0.7125000000000000E+000  0.9533108700000000E+000 -0.4375034080634858E-001  0.4157311643747373E-001  0.4363648450384820E-001 -0.1282415560474362E-001  0.4582312994197841E-002
 0.7250000000000000E+000  0.9533108700000000E+000 -0.4140440986158086E-001  0.3946441258141187E-001  0.4129050118074846E-001 -0.1149173832099672E-001  0.4760680629116466E-002
 0.7372222200000000E+000  0.9533108700000000E+000 -0.3919685311851483E-001  0.3746715539666225E-001  0.3908293770190787E-001 -0.1029434883457418E-001  0.4939644655309041E-002
 0.7491666700000000E+000  0.9533108700000000E+000 -0.3711740806608783E-001  0.3557419757948258E-001  0.3700354343090227E-001 -0.9219148528006123E-002  0.5118415898975020E-002
 0.7608333300000000E+000  0.9533108700000000E+000 -0.3515672801701104E-001  0.3377893363305537E-001  0.3504298574234159E-001 -0.8254499649402320E-002  0.5296050352079930E-002
 0.7722222200000000E+000  0.9533108700000000E+000 -0.3330626291186278E-001  0.3207523085182352E-001  0.3319273115114890E-001 -0.7389839278055608E-002  0.5471425228866889E-002
 0.7833333300000000E+000  0.9533108700000000E+000 -0.3155817397092271E-001  0.3045738542766109E-001  0.3144496031394343E-001 -0.6615574943509191E-002  0.5643209600197589E-002
 0.7941666700000000E+000  0.9533108700000000E+000 -0.2990523637760678E-001  0.2892006257679290E-001  0.2979247108031262E-001 -0.5922979365909631E-002  0.5809833358184476E-002
 0.8047222200000000E+000  0.9533108700000000E+000 -0.2834076468004632E-001  0.2745825320214174E-001  0.2822860426159001E-001 -0.5304101052238845E-002  0.5969451119480090E-002
 0.8149999999999999E+000  0.9533108700000000E+000 -0.2685852509343464E-001  0.2606721447177505E-001  0.2674715628375408E-001 -0.4751675115518262E-002  0.6119904608110427E-002
 0.8250000000000000E+000  0.9533108700000000E+000 -0.2545267279506071E-001  0.2474243024161176E-001  0.2534231676786461E-001 -0.4259050070517720E-002  0.6258680090857179E-002
 0.8347222200000000E+000  0.9533108700000000E+000 -0.2411767557864950E-001  0.2347955566976107E-001  0.2400859236384691E-001 -0.3820114976782979E-002  0.6382865772469280E-002
 0.8441666700000000E+000  0.9533108700000000E+000 -0.2284824559055697E-001  0.2227436656331174E-001  0.2274073847770943E-001 -0.3429235927037077E-002  0.6489108753529477E-002
 0.8533333300000000E+000  0.9533108700000000E+000 -0.2163927770070141E-001  0.2112271247756401E-001  0.2153369733242429E-001 -0.3081200680139407E-002  0.6573574993715664E-002
 0.8622222200000000E+000  0.9533108700000000E+000 -0.2048577476299800E-001  0.2002045495309100E-001  0.2038252250511885E-001 -0.2771165942733587E-002  0.6631918782688071E-002
 0.8708333300000000E+000  0.9533108700000000E+000 -0.1938279415282329E-001  0.1896342372360916E-001  0.1928232410086397E-001 -0.2494618034903714E-002  0.6659266582416364E-002
 0.8791666700000000E+000  0.9533108700000000E+000 -0.1832538353532688E-001  0.1794736052617235E-001  0.1822820234680756E-001 -0.2247338060209247E-002  0.6650228650022478E-002
 0.8872222200000000E+000  0.9533108700000000E+000 -0.1730853917271051E-001  0.1696788245247281E-001  0.1721520260295349E-001 -0.2025381375568706E-002  0.6598952575855272E-002
 0.8950000000000000E+000  0.9533108700000000E+000 -0.1632716591497657E-001  0.1602044506727632E-001  0.1623827075097963E-001 -0.1825066787942306E-002  0.6499240454325743E-002
 0.9025000000000000E+000  0.9533108700000000E+000 -0.1537608299691805E-001  0.1510034810338369E-001  0.1529225276341680E-001 -0.1642985919529073E-002  0.6344759158525578E-002
 0.9097222200000000E+000  0.9533108700000000E+000 -0.1445005972988722E-001  0.1420276912347648E-001  0.1437192259616902E-001 -0.1476028563481095E-002  0.6129379248829682E-002
 0.9166666700000000E+000  0.9533108700000000E+000 -0.1354392045110093E-001  0.1332286422720870E-001  0.1347207797211863E-001 -0.1321430553980083E-002  0.5847686081720365E-002
 0.9233333300000000E+000  0.9533108700000000E+000 -0.1265274288558359E-001  0.1245596102776852E-001  0.1258772901152099E-001 -0.1176843958954187E-002  0.5495710812507860E-002
 0.9297222200000000E+000  0.9533108700000000E+000 -0.1177215300098500E-001  0.1159784939405735E-001  0.1171438461325095E-001 -0.1040422377575981E-002  0.5071910030534932E-002
 0.9358333300000000E+000  0.9533108700000000E+000 -0.1089876167579257E-001  0.1074521729194014E-001  0.1084848441691758E-001 -0.9109159513547793E-003  0.4578409042782467E-002
 0.9416666700000000E+000  0.9533108700000000E+000 -0.1003069418345609E-001  0.9896187616366851E-002  0.9987931360304216E-002 -0.7877497700507857E-003  0.4022428735957313E-002
 0.9472222200000000E+000  0.9533108700000000E+000 -0.9168178948810238E-002  0.9050925838548479E-002  0.9132695081421307E-002 -0.6710588204669678E-003  0.3417715899036098E-002
 0.9525000000000000E+000  0.9533108700000000E+000 -0.8314027922011450E-002  0.8212154044378936E-002  0.8285321273228997E-002 -0.5616354576533415E-003  0.2785572302690869E-002
 0.9575000000000000E+000  0.9533108700000000E+000 -0.7473836271700710E-002  0.7385396086992272E-002  0.7451172411943244E-002 -0.4607593576698373E-003  0.2154888294096136E-002
 0.9622222200000000E+000  0.9533108700000000E+000 -0.6655620590485090E-002  0.6578664133793348E-002  0.6638110112039031E-002 -0.3698947829627221E-003  0.1560351758118820E-002
 0.9666666700000000E+000  0.9533108700000000E+000 -0.5868766751367403E-002  0.5801440106974225E-002  0.5855473517855144E-002 -0.2903006910808944E-003  0.1038113606391980E-002
 0.9708333300000000E+000  0.9533108700000000E+000 -0.5122410870036476E-002  0.5063057770272123E-002  0.5112459996556762E-002 -0.2226606537804527E-003  0.6187967244549526E-003
 0.9747222200000000E+000  0.9533108700000000E+000 -0.4423741911681769E-002  0.4370969316930757E-002  0.4416391849858819E-002 -0.1668723399635128E-003  0.3191324055011683E-003
 0.9783333300000000E+000  0.9533108700000000E+000 -0.3777022377929764E-002  0.3729710438156470E-002  0.3771682520386614E-002 -0.1220957144722399E-003  0.1355346717860394E-003
 0.9816666700000000E+000  0.9533108700000000E+000 -0.3183752311309491E-002  0.3141022221943058E-002  0.3179959063901035E-002 -0.8701615286736922E-004  0.4412736660266688E-004
 0.9847222200000000E+000  0.9533108700000000E+000 -0.2643720482049264E-002  0.2604892815882096E-002  0.2641103220068435E-002 -0.6016069138372738E-004  0.9905408369023372E-005
 0.9875000000000000E+000  0.9533108700000000E+000 -0.2156065048177845E-002  0.2120631185273648E-002  0.2154323165410445E-002 -0.4010912026694842E-004  0.1300362698248191E-005
 0.9900000000000000E+000  0.9533108700000000E+000 -0.1719850969339691E-002  0.1687458796732748E-002  0.1718742086198100E-002 -0.2557553704132366E-004  0.7301054409956023E-007
 0.9922222200000000E+000  0.9533108700000000E+000 -0.1334220618799358E-002  0.1304669210371195E-002  0.1333553035525068E-002 -0.1542096568831287E-004 -0.5725927969994501E-010
 0.9941666700000000E+000  0.9533108700000000E+000 -0.9984154888568234E-003  0.9716577663715093E-003  0.9980415764920801E-003 -0.8649363063607623E-005 -0.8454894166844318E-010
 0.9958333300000000E+000  0.9533108700000000E+000 -0.7117829817181775E-003  0.6879399082078959E-003  0.7115929162999020E-003 -0.4402064856639454E-005 -0.5800729823048338E-012
 0.9972222200000000E+000  0.9533108700000000E+000 -0.4737622153023717E-003  0.4531559655107955E-003  0.4736780053014235E-003 -0.1952443440902461E-005  0.7713211378056481E-014
 0.9983333300000000E+000  0.9533108700000000E+000 -0.2838939276722836E-003  0.2671048426136882E-003  0.2838636882955331E-003 -0.7017213611117918E-006  0.1447181069700730E-016
 0.9991666700000000E+000  0.9533108700000000E+000 -0.1418099848647802E-003  0.1300405285458673E-003  0.1418024394740926E-003 -0.1752108346176518E-006 -0.5464835973515298E-019
 0.9997222200000000E+000  0.9533108700000000E+000 -0.4724035574211162E-004  0.3948313988647223E-004  0.4723951841213774E-004 -0.1945223881222396E-007  0.1716047489820038E-018
 0.1000000000000000E+001  0.9533108700000000E+000 -0.1392349226800261E-188  0.1392349226800261E-188 -0.1392349226800261E-188 -0.1392349226800261E-188  0.1392349226800261E-188

 0.0000000000000000E+000  0.1018309300000000E+001 -0.4364913138636752E+000  0.2928384785675324E+000  0.4363809146862746E+000 -0.2964000000000000E+000  0.5072250446504291E-003
 0.2777777800000000E-003  0.1018309300000000E+001 -0.4364910998810535E+000  0.2928383620990029E+000  0.4363807007034859E+000 -0.2963999129218742E+000  0.5072254399868558E-003
 0.8333333300000000E-003  0.1018309300000000E+001 -0.4364893858877461E+000  0.2928374291899605E+000  0.4363789867088398E+000 -0.2963992154263049E+000  0.5072286066286245E-003
 0.1666666700000000E-002  0.1018309300000000E+001 -0.4364835892125773E+000  0.2928342741162692E+000  0.4363731900291438E+000 -0.2963968564794972E+000  0.5072393162610904E-003
 0.2777777800000000E-002  0.1018309300000000E+001 -0.4364698095373544E+000  0.2928267739572505E+000  0.4363594103431581E+000 -0.2963912486342911E+000  0.5072647757490697E-003
 0.4166666700000000E-002  0.1018309300000000E+001 -0.4364427979617105E+000  0.2928120717214794E+000  0.4363323987464139E+000 -0.2963802549276144E+000  0.5073146862608332E-003
 0.5833333300000000E-002  0.1018309300000000E+001 -0.4363959168796080E+000  0.2927865544242979E+000  0.4362855176276826E+000 -0.2963611713754054E+000  0.5074013219135093E-003
 0.7777777800000000E-002  0.1018309300000000E+001 -0.4363210916898541E+000  0.2927458266413230E+000  0.4362106923794473E+000 -0.2963307050307084E+000  0.5075396277824631E-003
 0.1000000000000000E-001  0.1018309300000000E+001 -0.4362087558128815E+000  0.2926846802963740E+000  0.4360983564146311E+000 -0.2962849476067248E+000  0.5077473368575208E-003
 0.1250000000000000E-001  0.1018309300000000E+001 -0.4360477908012435E+000  0.2925970616011754E+000  0.4359373912770292E+000 -0.2962193446269569E+000  0.5080451056077913E-003
 0.1527777800000000E-001  0.1018309300000000E+001 -0.4358254640143957E+000  0.2924760364211249E+000  0.4357150643160169E+000 -0.2961286601523553E+000  0.5084566673183780E-003
 0.1833333300000000E-001  0.1018309300000000E+001 -0.4355273670030625E+000  0.2923137556911110E+000  0.4354169670708320E+000 -0.2960069371983652E+000  0.5090090019899514E-003
 0.2166666700000000E-001  0.1018309300000000E+001 -0.4351373576970813E+000  0.2921014224566874E+000  0.4350269574583215E+000 -0.2958474537033720E+000  0.5097325226793459E-003
 0.2527777800000000E-001  0.1018309300000000E+001 -0.4346375126921737E+000  0.2918292638347459E+000  0.4345271120596041E+000 -0.2956426749783173E+000  0.5106612733222701E-003
 0.2916666700000000E-001  0.1018309300000000E+001 -0.4340080925206851E+000  0.2914865093035300E+000  0.4338976913906865E+000 -0.2953842019403617E+000  0.5118331405783235E-003
 0.3333333300000000E-001  0.1018309300000000E+001 -0.4332275293544867E+000  0.2910613802737333E+000  0.4331171276052273E+000 -0.2950627169115234E+000  0.5132900712810520E-003
 0.3777777800000000E-001  0.1018309300000000E+001 -0.4322724417533835E+000  0.2905410932255674E+000  0.4321620392427908E+000 -0.2946679266396438E+000  0.5150782972403271E-003
 0.4250000000000000E-001  0.1018309300000000E+001 -0.4311176887961651E+000  0.2899118828662260E+000  0.4310072853597267E+000 -0.2941885053352986E+000  0.5172485558079762E-003
 0.4750000000000000E-001  0.1018309300000000E+001 -0.4297364679394272E+000  0.2891590473721226E+000  0.4296260633878006E+000 -0.2936120373507474E+000  0.5198563103237852E-003
 0.5277777800000000E-001  0.1018309300000000E+001 -0.4281004717357542E+000  0.2882670236211812E+000  0.4279900658521654E+000 -0.2929249639399423E+000  0.5229619547177490E-003
 0.5833333300000000E-001  0.1018309300000000E+001 -0.4261801107784899E+000  0.2872194960642954E+000  0.4260697033158976E+000 -0.2921125360193658E+000  0.5266310006857383E-003
 0.6416666700000000E-001  0.1018309300000000E+001 -0.4239448119345188E+000  0.2859995437925867E+000  0.4238344026125186E+000 -0.2911587766085817E+000  0.5309342414946278E-003
 0.7027777800000000E-001  0.1018309300000000E+001 -0.4213634062712563E+000  0.2845898332851430E+000  0.4212529947726991E+000 -0.2900464605033368E+000  0.5359478735990099E-003
 0.7666666699999999E-001  0.1018309300000000E+001 -0.4184046044967923E+000  0.2829728553187626E+000  0.4182941904640818E+000 -0.2887571138493829E+000  0.5417535849282365E-003
 0.8333333300000000E-001  0.1018309300000000E+001 -0.4150375732808936E+000  0.2811312131038239E+000  0.4149271563119334E+000 -0.2872710456565947E+000  0.5484385829400220E-003
 0.9027777800000000E-001  0.1018309300000000E+001 -0.4112326025977763E+000  0.2790479561969374E+000  0.4111221822415225E+000 -0.2855674166611660E+000  0.5560955725836562E-003
 0.9750000000000000E-001  0.1018309300000000E+001 -0.4069618680149127E+000  0.2767069625295261E+000  0.4068514437664955E+000 -0.2836243607449611E+000  0.5648226573461532E-003
 0.1050000000000000E+000  0.1018309300000000E+001 -0.4022002609181530E+000  0.2740933543303893E+000  0.4020898322135111E+000 -0.2814191644710305E+000  0.5747231863087320E-003
 0.1127777800000000E+000  0.1018309300000000E+001 -0.3969262770388231E+000  0.2711939436949793E+000  0.3968158432488024E+000 -0.2789285217880526E+000  0.5859055227634458E-003
 0.1208333300000000E+000  0.1018309300000000E+001 -0.3911229376824438E+000  0.2679976954358147E+000  0.3910124981063064E+000 -0.2761288773862786E+000  0.5984827267913074E-003
 0.1291666700000000E+000  0.1018309300000000E+001 -0.3847786573474963E+000  0.2644961620583612E+000  0.3846682112057339E+000 -0.2729968444337461E+000  0.6125722644072135E-003
 0.1377777800000000E+000  0.1018309300000000E+001 -0.3778881347008127E+000  0.2606839363808988E+000  0.3777776811272704E+000 -0.2695097612634267E+000  0.6282954902291507E-003
 0.1466666700000000E+000  0.1018309300000000E+001 -0.3704530321834094E+000  0.2565589961844445E+000  0.3703425702165324E+000 -0.2656462968305472E+000  0.6457773265592020E-003
 0.1558333300000000E+000  0.1018309300000000E+001 -0.3624825885357779E+000  0.2521230247910025E+000  0.3623721171089820E+000 -0.2613871935006503E+000  0.6651457294549165E-003
 0.1652777800000000E+000  0.1018309300000000E+001 -0.3539939437603082E+000  0.2473815901558133E+000  0.3538834616912855E+000 -0.2567160437309409E+000  0.6865313608571081E-003
 0.1750000000000000E+000  0.1018309300000000E+001 -0.3450123214150143E+000  0.2423442674409833E+000  0.3449018273939854E+000 -0.2516201719699556E+000  0.7100670510627121E-003
 0.1850000000000000E+000  0.1018309300000000E+001 -0.3355708115014397E+000  0.2370245657128277E+000  0.3354603040780839E+000 -0.2460914620201572E+000  0.7358876419275789E-003
 0.1952777800000000E+000  0.1018309300000000E+001 -0.3257099622936014E+000  0.2314397772811068E+000  0.3255994398626549E+000 -0.2401272041417303E+000  0.7641296908216992E-003
 0.2058333300000000E+000  0.1018309300000000E+001 -0.3154770534086256E+000  0.2256106789406882E+000  0.3153665141939693E+000 -0.2337308373625613E+000  0.7949313882915034E-003
 0.2166666700000000E+000  0.1018309300000000E+001 -0.3049250694075069E+000  0.2195610931270376E+000  0.3048145114445187E+000 -0.2269125231739337E+000  0.8284327603969761E-003
 0.2277777800000000E+000  0.1018309300000000E+001 -0.2941115629547124E+000  0.2133174118959966E+000  0.2940009840708999E+000 -0.2196895900578212E+000  0.8647757228890876E-003
 0.2391666700000000E+000  0.1018309300000000E+001 -0.2830972222919936E+000  0.2069079701731839E+000  0.2829866200854891E+000 -0.2120866487761577E+000  0.9041047504436668E-003
 0.2508333300000000E+000  0.1018309300000000E+001 -0.2719444636592881E+000  0.2003624418427229E+000  0.2718338354752158E+000 -0.2041355073714247E+000  0.9465673789166618E-003
 0.2627777800000000E+000  0.1018309300000000E+001 -0.2607159086916438E+000  0.1937111663703784E+000  0.2606052515959427E+000 -0.1958747302148143E+000  0.9923152534801669E-003
 0.2750000000000000E+000  0.1018309300000000E+001 -0.2494730290012589E+000  0.1869845583137943E+000  0.2493623397519855E+000 -0.1873489938397111E+000  0.1041504949434372E-002
 0.2875000000000000E+000  0.1018309300000000E+001 -0.2382747753098804E+000  0.1802124803941117E+000  0.2381640503254048E+000 -0.1786080889702225E+000  0.1094299522919572E-002
 0.3002777800000000E+000  0.1018309300000000E+001 -0.2271764805291724E+000  0.1734237409485285E+000  0.2270657158532399E+000 -0.1697057869482378E+000  0.1150869849843261E-002
 0.3133333300000000E+000  0.1018309300000000E+001 -0.2162289315788631E+000  0.1666456468145934E+000  0.2161181228421325E+000 -0.1606985287018065E+000  0.1211396304389288E-002
 0.3266666700000000E+000  0.1018309300000000E+001 -0.2054776386687181E+000  0.1599036233589290E+000  0.2053667810463072E+000 -0.1516440072829298E+000  0.1276070830583671E-002
 0.3402777800000000E+000  0.1018309300000000E+001 -0.1949624308726098E+000  0.1532209816477942E+000  0.1948515190377048E+000 -0.1425998207230809E+000  0.1345098691660095E-002
 0.3541666700000000E+000  0.1018309300000000E+001 -0.1847171631947881E+000  0.1466187023618014E+000  0.1846061912675125E+000 -0.1336220937881034E+000  0.1418701082059408E-002
 0.3683333300000000E+000  0.1018309300000000E+001 -0.1747697269232915E+000  0.1401153626455728E+000  0.1746586884150031E+000 -0.1247643062958920E+000  0.1497117363152223E-002
 0.3827777800000000E+000  0.1018309300000000E+001 -0.1651421629251398E+000  0.1337270879411025E+000  0.1650310506775489E+000 -0.1160762288590309E+000  0.1580608036780187E-002
 0.3975000000000000E+000  0.1018309300000000E+001 -0.1558510043838411E+000  0.1274676211056893E+000  0.1557398105034697E+000 -0.1076031375859191E+000  0.1669457288504363E-002
 0.4125000000000000E+000  0.1018309300000000E+001 -0.1469076340334106E+000  0.1213483789279737E+000  0.1467963498209035E+000 -0.9938516260052586E-001  0.1763976576665412E-002
 0.4277777800000000E+000  0.1018309300000000E+001 -0.1383187922184624E+000  0.1153785966854093E+000  0.1382074080938755E+000 -0.9145692391867397E-001  0.1864507868602466E-002
 0.4433333300000000E+000  0.1018309300000000E+001 -0.1300871012484232E+000  0.1095654817933846E+000  0.1299756066734875E+000 -0.8384735004701233E-001  0.1971427384875421E-002
 0.4591666700000000E+000  0.1018309300000000E+001 -0.1222115885351431E+000  0.1039143714819415E+000  0.1220999719342747E+000 -0.7657966568599613E-001  0.2085149940354458E-002
 0.4752777800000000E+000  0.1018309300000000E+001 -0.1146882624137903E+000  0.9842894045986954E-001  0.1145765110981151E+000 -0.6967159136088343E-001  0.2206132822260216E-002
 0.4916666700000000E+000  0.1018309300000000E+001 -0.1075105943235877E+000  0.9311135987474334E-001  0.1073986944225022E+000 -0.6313560470998440E-001  0.2334880928474476E-002
 0.5083333300000000E+000  0.1018309300000000E+001 -0.1006700262835253E+000  0.8796249589937405E-001  0.1005579626934168E+000 -0.5697935269321117E-001  0.2471951247792406E-002
 0.5247222200000000E+000  0.1018309300000000E+001 -0.9436324359570743E-001  0.8314143689136426E-001  0.9425100608539549E-001 -0.5138785777868443E-001  0.2613061262275632E-002
 0.5408333300000000E+000  0.1018309300000000E+001 -0.8854043240321507E-001  0.7862405132243860E-001  0.8842801091874582E-001 -0.4631660249873245E-001  0.2758189297556887E-002
 0.5566666700000000E+000  0.1018309300000000E+001 -0.8315655680020283E-001  0.7438786219259089E-001  0.8304394162950758E-001 -0.4172258397122635E-001  0.2907308724309569E-002
 0.5722222200000000E+000  0.1018309300000000E+001 -0.7817105680398420E-001  0.7041205504957086E-001  0.7805823877943713E-001 -0.3756492474632207E-001  0.3060383676410442E-002
 0.5875000000000000E+000  0.1018309300000000E+001 -0.7354746570059227E-001  0.6667741045094495E-001  0.7343443644519082E-001 -0.3380520770228673E-001  0.3217365575952832E-002
 0.6025000000000000E+000  0.1018309300000000E+001 -0.6925306282127318E-001  0.6316624602977304E-001  0.6913981504863005E-001 -0.3040767278690932E-001  0.3378187887360188E-002
 0.6172222200000000E+000  0.1018309300000000E+001 -0.6525849788994867E-001  0.5986231457293217E-001  0.6514502576654581E-001 -0.2733925681691683E-001  0.3542761407901158E-002
 0.6316666700000000E+000  0.1018309300000000E+001 -0.6153744757183498E-001  0.5675070545059787E-001  0.6142374715352980E-001 -0.2456955709772735E-001  0.3710968539845369E-002
 0.6458333300000000E+000  0.1018309300000000E+001 -0.5806630573949242E-001  0.5381775197219787E-001  0.5795237549634359E-001 -0.2207074276775289E-001  0.3882656283755556E-002
 0.6597222200000000E+000  0.1018309300000000E+001 -0.5482387280314125E-001  0.5105091678413400E-001  0.5470971424632323E-001 -0.1981740839388843E-001  0.4057629593216238E-002
 0.6733333300000000E+000  0.1018309300000000E+001 -0.5179110764944935E-001  0.4843871049364896E-001  0.5167672608039169E-001 -0.1778643186473552E-001  0.4235641961170377E-002
 0.6866666700000000E+000  0.1018309300000000E+001 -0.4895087667934364E-001  0.4597059035247052E-001  0.4883628207966469E-001 -0.1595680079052075E-001  0.4416386166774114E-002
 0.6997222200000000E+000  0.1018309300000000E+001 -0.4628775070935934E-001  0.4363688414145440E-001  0.4617295879648353E-001 -0.1430945219664487E-001  0.4599482232627753E-002
 0.7125000000000000E+000  0.1018309300000000E+001 -0.4378779914030968E-001  0.4142869757763829E-001  0.4367283261306869E-001 -0.1282709855959358E-001  0.4784465266884893E-002
 0.7250000000000000E+000  0.1018309300000000E+001 -0.4143843397299580E-001  0.3933785284069504E-001  0.4132332397844351E-001 -0.1149407859882121E-001  0.4970769373358482E-002
 0.7372222200000000E+000  0.1018309300000000E+001 -0.3922824946413754E-001  0.3735681253494861E-001  0.3911303731554606E-001 -0.1029620221211731E-001  0.5157710804542739E-002
 0.7491666700000000E+000  0.1018309300000000E+001 -0.3714688656797644E-001  0.3547861596880181E-001  0.3703162574843998E-001 -0.9220610533658838E-002  0.5344467994150709E-002
 0.7608333300000000E+000  0.1018309300000000E+001 -0.3518491796340709E-001  0.3369682566798952E-001  0.3506967644956898E-001 -0.8255649030968322E-002  0.5530058047462040E-002
 0.7722222200000000E+000  0.1018309300000000E+001 -0.3333372618675207E-001  0.3200546036620072E-001  0.3321858912590232E-001 -0.7390740917146625E-002  0.5713311765848245E-002
 0.7833333300000000E+000  0.1018309300000000E+001 -0.3158541591339489E-001  0.3039895260178999E-001  0.3147048868356219E-001 -0.6616282300703577E-002  0.5892842998917473E-002
 0.7941666700000000E+000  0.1018309300000000E+001 -0.2993271445133140E-001  0.2887209012856955E-001  0.2981812612560649E-001 -0.5923536523018686E-002  0.6067016238003401E-002
 0.8047222200000000E+000  0.1018309300000000E+001 -0.2836889506643668E-001  0.2741997340257562E-001  0.2825480228542323E-001 -0.5304544413367814E-002  0.6233908897318573E-002
 0.8149999999999999E+000  0.1018309300000000E+001 -0.2688768723721392E-001  0.2603795673080618E-001  0.2677427847436414E-001 -0.4752034815404780E-002  0.6391271970026998E-002
 0.8250000000000000E+000  0.1018309300000000E+001 -0.2548321184078220E-001  0.2472160873473437E-001  0.2537071199768961E-001 -0.4259351133219610E-002  0.6536485457605562E-002
 0.8347222200000000E+000  0.1018309300000000E+001 -0.2414990256780773E-001  0.2346665667540050E-001  0.2403857779011229E-001 -0.3820378256504070E-002  0.6666513677074107E-002
 0.8441666700000000E+000  0.1018309300000000E+001 -0.2288243520781410E-001  0.2226893500030189E-001  0.2277259772670587E-001 -0.3429478857018126E-002  0.6777859997378004E-002
 0.8533333300000000E+000  0.1018309300000000E+001 -0.2167566328390274E-001  0.2112433710502056E-001  0.2156767596836942E-001 -0.3081437847785525E-002  0.6866524559745751E-002
 0.8622222200000000E+000  0.1018309300000000E+001 -0.2052454028734368E-001  0.2002875179147838E-001  0.2041882046861214E-001 -0.2771409502575298E-002  0.6927971734187844E-002
 0.8708333300000000E+000  0.1018309300000000E+001 -0.1942406285238934E-001  0.1897801707954561E-001  0.1932108474290108E-001 -0.2494877966043720E-002  0.6957112332824826E-002
 0.8791666700000000E+000  0.1018309300000000E+001 -0.1836920297445582E-001  0.1796786129767772E-001  0.1826949781280114E-001 -0.2247622271196200E-002  0.6948314555048226E-002
 0.8872222200000000E+000  0.1018309300000000E+001 -0.1735486274659684E-001  0.1699386344284391E-001  0.1725901546616385E-001 -0.2025695659422320E-002  0.6895458396294145E-002
 0.8950000000000000E+000  0.1018309300000000E+001 -0.1637583124731409E-001  0.1605141360956419E-001  0.1628447225576760E-001 -0.1825414635572874E-002  0.6792056251847915E-002
 0.9025000000000000E+000  0.1018309300000000E+001 -0.1542678833969705E-001  0.1513571682040721E-001  0.1534057864922785E-001 -0.1643368212058401E-002  0.6631470606056203E-002
 0.9097222200000000E+000  0.1018309300000000E+001 -0.1450234064803354E-001  0.1424182691732868E-001  0.1442194863148810E-001 -0.1476443188874644E-002  0.6407266226799178E-002
 0.9166666700000000E+000  0.1018309300000000E+001 -0.1359713057249259E-001  0.1336475104954411E-001  0.1352319882797834E-001 -0.1321872029951645E-002  0.6113742878185137E-002
 0.9233333300000000E+000  0.1018309300000000E+001 -0.1270604446204873E-001  0.1249965201624949E-001  0.1263914611372684E-001 -0.1177303192688153E-002  0.5746699180274167E-002
 0.9297222200000000E+000  0.1018309300000000E+001 -0.1182452512346475E-001  0.1164215623392552E-001  0.1176511083364174E-001 -0.1040886744094599E-002  0.5304458747005511E-002
 0.9358333300000000E+000  0.1018309300000000E+001 -0.1094903548980466E-001  0.1078881633853233E-001  0.1089737518232654E-001 -0.9113699019260738E-003  0.4789175470333384E-002
 0.9416666700000000E+000  0.1018309300000000E+001 -0.1007762411861169E-001  0.9937684400081602E-002  0.1003375176556044E-001 -0.7881761541982406E-003  0.4208335181357775E-002
 0.9472222200000000E+000  0.1018309300000000E+001 -0.9210554862691013E-002  0.9088961808876981E-002  0.9174228862252219E-002 -0.6714409695751991E-003  0.3576265142885770E-002
 0.9525000000000000E+000  0.1018309300000000E+001 -0.8350822958370769E-002  0.8245551646020245E-002  0.8321517690608996E-002 -0.5619598057350717E-003  0.2915225872378321E-002
 0.9575000000000000E+000  0.1018309300000000E+001 -0.7504368922448808E-002  0.7413321775637096E-002  0.7481310674477736E-002 -0.4610180104152509E-003  0.2255458636749232E-002
 0.9622222200000000E+000  0.1018309300000000E+001 -0.6679689881469996E-002  0.6600768580584241E-002  0.6661940609100105E-002 -0.3700871524482310E-003  0.1633314177943110E-002
 0.9666666700000000E+000  0.1018309300000000E+001 -0.5886707670118475E-002  0.5817921426352513E-002  0.5873281809174132E-002 -0.2904333716840307E-003  0.1086704844627180E-002
 0.9708333300000000E+000  0.1018309300000000E+001 -0.5135028438688340E-002  0.5074603231039255E-002  0.5125009181937337E-002 -0.2227453221260198E-003  0.6477628449947153E-003
 0.9747222200000000E+000  0.1018309300000000E+001 -0.4432126298191964E-002  0.4378574570463978E-002  0.4424742510470752E-002 -0.1669224365164040E-003  0.3340593016440670E-003
 0.9783333300000000E+000  0.1018309300000000E+001 -0.3782309808263392E-002  0.3734439424097772E-002  0.3776953496339270E-002 -0.1221233527340578E-003  0.1418647014911586E-003
 0.9816666700000000E+000  0.1018309300000000E+001 -0.3186930071152994E-002  0.3143807553063650E-002  0.3183128835549305E-002 -0.8703044034612820E-004  0.4618427011071785E-004
 0.9847222200000000E+000  0.1018309300000000E+001 -0.2645540243019368E-002  0.2606444061237796E-002  0.2642919224993404E-002 -0.6016760518425050E-004  0.1036609981507150E-004
 0.9875000000000000E+000  0.1018309300000000E+001 -0.2157051696359179E-002  0.2121440238789043E-002  0.2155308155934864E-002 -0.4011222471349587E-004  0.1360695370112163E-005
 0.9900000000000000E+000  0.1018309300000000E+001 -0.1720351555541631E-002  0.1687846836579622E-002  0.1719242001717761E-002 -0.2557681052435225E-004  0.7638730898324713E-007
 0.9922222200000000E+000  0.1018309300000000E+001 -0.1334454270092347E-002  0.1304835319222285E-002  0.1333786443981596E-002 -0.1542143227369646E-004 -0.6042103976555785E-010
 0.9941666700000000E+000  0.1018309300000000E+001 -0.9985133790898558E-003  0.9717179061548192E-003  0.9981393905969319E-003 -0.8649510833659495E-005 -0.8846738588950403E-010
 0.9958333300000000E+000  0.1018309300000000E+001 -0.7118184466653287E-003  0.6879562096553907E-003  0.7116283615860050E-003 -0.4402103351615449E-005 -0.6067512058993964E-012
 0.9972222200000000E+000  0.1018309300000000E+001 -0.4737726723852229E-003  0.4531579387195635E-003  0.4736884585262069E-003 -0.1952451049385059E-005  0.8071061016958186E-014
 0.9983333300000000E+000  0.1018309300000000E+001 -0.2838961776824589E-003  0.2671040473974162E-003  0.2838659378084081E-003 -0.7017223476450367E-006  0.1509715806399101E-016
 0.9991666700000000E+000  0.1018309300000000E+001 -0.1418102652994062E-003  0.1300400492921721E-003  0.1418027198777784E-003 -0.1752108962997091E-006  0.7083367307732835E-020
 0.9997222200000000E+000  0.1018309300000000E+001 -0.4724036610905128E-004  0.3948306596010368E-004  0.4723952877869658E-004 -0.1945223957403137E-007 -0.2473824917947519E-018
 0.1000000000000000E+001  0.1018309300000000E+001 -0.1392349226800261E-188 -0.1392349226800261E-188 -0.1392349226800261E-188 -0.1392349226800261E-188  0.1392349226800261E-188

 0.0000000000000000E+000  0.1079696800000000E+001 -0.4421675732937372E+000  0.2871622695595277E+000  0.4420571658732316E+000 -0.2964000000000000E+000  0.5254545442632922E-003
 0.2777777800000000E-003  0.1079696800000000E+001 -0.4421673547198698E+000  0.2871621566581750E+000  0.4420569472991803E+000 -0.2963999135288958E+000  0.5254549538083377E-003
 0.8333333300000000E-003  0.1079696800000000E+001 -0.4421656039508717E+000  0.2871612523220835E+000  0.4420551965287081E+000 -0.2963992208955267E+000  0.5254582342610498E-003
 0.1666666700000000E-002  0.1079696800000000E+001 -0.4421596829017352E+000  0.2871581938811331E+000  0.4420492754745868E+000 -0.2963968783922506E+000  0.5254693288039154E-003
 0.2777777800000000E-002  0.1079696800000000E+001 -0.4421456075707125E+000  0.2871509234335696E+000  0.4420352001317136E+000 -0.2963913096343161E+000  0.5254957033206605E-003
 0.4166666700000000E-002  0.1079696800000000E+001 -0.4421180164451183E+000  0.2871366714855398E+000  0.4420076089828868E+000 -0.2963803925411069E+000  0.5255474076451759E-003
 0.5833333300000000E-002  0.1079696800000000E+001 -0.4420701295277311E+000  0.2871119356929859E+000  0.4419597220251690E+000 -0.2963614419358011E+000  0.5256371570335103E-003
 0.7777777800000000E-002  0.1079696800000000E+001 -0.4419936990322150E+000  0.2870724552114142E+000  0.4418832914652606E+000 -0.2963311877227649E+000  0.5257804336957801E-003
 0.1000000000000000E-001  0.1079696800000000E+001 -0.4418789532569092E+000  0.2870131813851372E+000  0.4417685455932313E+000 -0.2962857486356575E+000  0.5259956079559189E-003
 0.1250000000000000E-001  0.1079696800000000E+001 -0.4417145354698599E+000  0.2869282456606341E+000  0.4416041276674815E+000 -0.2962206015073579E+000  0.5263040786888411E-003
 0.1527777800000000E-001  0.1079696800000000E+001 -0.4414874403375760E+000  0.2868109259534860E+000  0.4413770323434171E+000 -0.2961305460971318E+000  0.5267304321682837E-003
 0.1833333300000000E-001  0.1079696800000000E+001 -0.4411829511212665E+000  0.2866536130359961E+000  0.4410725428695920E+000 -0.2960096655697831E+000  0.5273026180728224E-003
 0.2166666700000000E-001  0.1079696800000000E+001 -0.4407845808141582E+000  0.2864477784639056E+000  0.4406741722249179E+000 -0.2958512824683193E+000  0.5280521425238978E-003
 0.2527777800000000E-001  0.1079696800000000E+001 -0.4402740236662831E+000  0.2861839472252018E+000  0.4401636146433291E+000 -0.2956479110787362E+000  0.5290142730187063E-003
 0.2916666700000000E-001  0.1079696800000000E+001 -0.4396311200623402E+000  0.2858516764656691E+000  0.4395207104915050E+000 -0.2953912054659830E+000  0.5302282578894974E-003
 0.3333333300000000E-001  0.1079696800000000E+001 -0.4388338444248930E+000  0.2854395450776170E+000  0.4387234341719126E+000 -0.2950719049174234E+000  0.5317375515694984E-003
 0.3777777800000000E-001  0.1079696800000000E+001 -0.4378583208793503E+000  0.2849351563513898E+000  0.4377479097876106E+000 -0.2946797764180453E+000  0.5335900474756086E-003
 0.4250000000000000E-001  0.1079696800000000E+001 -0.4366788793086331E+000  0.2843251599300493E+000  0.4365684671967228E+000 -0.2942035568946142E+000  0.5358383065023044E-003
 0.4750000000000000E-001  0.1079696800000000E+001 -0.4352681562637487E+000  0.2835952950511481E+000  0.4351577429227913E+000 -0.2936308948200053E+000  0.5385397853919201E-003
 0.5277777800000000E-001  0.1079696800000000E+001 -0.4335972562138784E+000  0.2827304627222085E+000  0.4334868414046218E+000 -0.2929482955523534E+000  0.5417570486921077E-003
 0.5833333300000000E-001  0.1079696800000000E+001 -0.4316359806870508E+000  0.2817148303521684E+000  0.4315255641366846E+000 -0.2921410722888476E+000  0.5455579626608436E-003
 0.6416666700000000E-001  0.1079696800000000E+001 -0.4293531345784012E+000  0.2805319732442405E+000  0.4292427159770710E+000 -0.2911933062738624E+000  0.5500158649615034E-003
 0.7027777800000000E-001  0.1079696800000000E+001 -0.4267169243528350E+000  0.2791650602007036E+000  0.4266065033498220E+000 -0.2900878237705923E+000  0.5552096906539149E-003
 0.7666666699999999E-001  0.1079696800000000E+001 -0.4236954459150709E+000  0.2775970817699817E+000  0.4235850221145938E+000 -0.2888061924805081E+000  0.5612240636586785E-003
 0.8333333300000000E-001  0.1079696800000000E+001 -0.4202572757805423E+000  0.2758111280003139E+000  0.4201468487371446E+000 -0.2873287494459830E+000  0.5681493258242081E-003
 0.9027777800000000E-001  0.1079696800000000E+001 -0.4163721554345323E+000  0.2737907104472047E+000  0.4162617246480011E+000 -0.2856346659303970E+000  0.5760815141043037E-003
 0.9750000000000000E-001  0.1079696800000000E+001 -0.4120117728093804E+000  0.2715201307542296E+000  0.4119013377191526E+000 -0.2837020645722858E+000  0.5851222580556465E-003
 0.1050000000000000E+000  0.1079696800000000E+001 -0.4071506131825863E+000  0.2689848820894560E+000  0.4070401731615735E+000 -0.2815081945836401E+000  0.5953786214069335E-003
 0.1127777800000000E+000  0.1079696800000000E+001 -0.4017668694963791E+000  0.2661720794177013E+000  0.4016564238441505E+000 -0.2790296822616553E+000  0.6069628623710455E-003
 0.1208333300000000E+000  0.1079696800000000E+001 -0.3958433857447980E+000  0.2630709067433205E+000  0.3957329336800588E+000 -0.2762428706087959E+000  0.6199921048288981E-003
 0.1291666700000000E+000  0.1079696800000000E+001 -0.3893685450626384E+000  0.2596730376638677E+000  0.3892580857148770E+000 -0.2731242342819133E+000  0.6345880370379122E-003
 0.1377777800000000E+000  0.1079696800000000E+001 -0.3823371807662110E+000  0.2559730735703332E+000  0.3822267131665177E+000 -0.2696509346095767E+000  0.6508763757285420E-003
 0.1466666700000000E+000  0.1079696800000000E+001 -0.3747512704404684E+000  0.2519688777844992E+000  0.3746407935113099E+000 -0.2658014253529057E+000  0.6689865336761169E-003
 0.1558333300000000E+000  0.1079696800000000E+001 -0.3666205600022203E+000  0.2476618872119560E+000  0.3665100725461663E+000 -0.2615561977819819E+000  0.6890510666123245E-003
 0.1652777800000000E+000  0.1079696800000000E+001 -0.3579628924445586E+000  0.2430572876969251E+000  0.3578523931317416E+000 -0.2568985623186426E+000  0.7112053336051834E-003
 0.1750000000000000E+000  0.1079696800000000E+001 -0.3488043888413870E+000  0.2381641356672473E+000  0.3486938761957032E+000 -0.2518155379258925E+000  0.7355869402561020E-003
 0.1850000000000000E+000  0.1079696800000000E+001 -0.3391792196021662E+000  0.2329952907876814E+000  0.3390686919859087E+000 -0.2462986898475178E+000  0.7623355763197909E-003
 0.1952777800000000E+000  0.1079696800000000E+001 -0.3291291785206402E+000  0.2275672746593163E+000  0.3290186341175440E+000 -0.2403449893120998E+000  0.7915927090825933E-003
 0.2058333300000000E+000  0.1079696800000000E+001 -0.3187029295745847E+000  0.2218999867392333E+000  0.3185923663710722E+000 -0.2339575702966737E+000  0.8235014981419549E-003
 0.2166666700000000E+000  0.1079696800000000E+001 -0.3079549466388452E+000  0.2160162849878624E+000  0.3078443624032082E+000 -0.2271463186049443E+000  0.8582070051086131E-003
 0.2277777800000000E+000  0.1079696800000000E+001 -0.2969443393414669E+000  0.2099415309844199E+000  0.2968337316009806E+000 -0.2199283314789948E+000  0.8958562498434321E-003
 0.2391666700000000E+000  0.1079696800000000E+001 -0.2857333771754569E+000  0.2037029886986852E+000  0.2856227431909384E+000 -0.2123280466218375E+000  0.9365989038816838E-003
 0.2508333300000000E+000  0.1079696800000000E+001 -0.2743860394288761E+000  0.1973292452889753E+000  0.2742753761666684E+000 -0.2043771681621168E+000  0.9805878109070275E-003
 0.2627777800000000E+000  0.1079696800000000E+001 -0.2629664494006752E+000  0.1908495636959829E+000  0.2628557535015517E+000 -0.1961142329383035E+000  0.1027980072764412E-002
 0.2750000000000000E+000  0.1079696800000000E+001 -0.2515374810869638E+000  0.1842933149418110E+000  0.2514267488319372E+000 -0.1875839690446802E+000  0.1078937900024474E-002
 0.2875000000000000E+000  0.1079696800000000E+001 -0.2401593533859584E+000  0.1776893735857775E+000  0.2400485806582774E+000 -0.1788362957049567E+000  0.1133630218742190E-002
 0.3002777800000000E+000  0.1079696800000000E+001 -0.2288885068116400E+000  0.1710656327372750E+000  0.2287776890548728E+000 -0.1699251828418389E+000  0.1192234057891783E-002
 0.3133333300000000E+000  0.1079696800000000E+001 -0.2177766560077352E+000  0.1644485713519117E+000  0.2176657881794168E+000 -0.1609073290783422E+000  0.1254936288682829E-002
 0.3266666700000000E+000  0.1079696800000000E+001 -0.2068700474147170E+000  0.1578628851352207E+000  0.2067591239349226E+000 -0.1518407301401324E+000  0.1321935771180392E-002
 0.3402777800000000E+000  0.1079696800000000E+001 -0.1962090525451534E+000  0.1513312592639813E+000  0.1960980672399305E+000 -0.1427833157772946E+000  0.1393445167292821E-002
 0.3541666700000000E+000  0.1079696800000000E+001 -0.1858278783523828E+000  0.1448741557775210E+000  0.1857168243909646E+000 -0.1337915549025422E+000  0.1469693647596380E-002
 0.3683333300000000E+000  0.1079696800000000E+001 -0.1757545885401556E+000  0.1385097391375243E+000  0.1756434583659404E+000 -0.1249192680994723E+000  0.1550929208604643E-002
 0.3827777800000000E+000  0.1079696800000000E+001 -0.1660112317571853E+000  0.1322538249980310E+000  0.1659000170115242E+000 -0.1162165492276170E+000  0.1637421754703041E-002
 0.3975000000000000E+000  0.1079696800000000E+001 -0.1566142038801298E+000  0.1261199428023534E+000  0.1565028953191819E+000 -0.1077289686554538E+000  0.1729465734738277E-002
 0.4125000000000000E+000  0.1079696800000000E+001 -0.1475746258087693E+000  0.1201193854056842E+000  0.1474632132124256E+000 -0.9949691317261260E-001  0.1827383862568231E-002
 0.4277777800000000E+000  0.1079696800000000E+001 -0.1388988739300334E+000  0.1142613445624875E+000  0.1387873460036297E+000 -0.9155521650822952E-001  0.1931530472807193E-002
 0.4433333300000000E+000  0.1079696800000000E+001 -0.1305891263512775E+000  0.1085530552635434E+000  0.1304774706204941E+000 -0.8393297552409139E-001  0.2042295403798187E-002
 0.4591666700000000E+000  0.1079696800000000E+001 -0.1226439067297952E+000  0.1029999441201729E+000  0.1225321094297778E+000 -0.7665353812509439E-001  0.2160108500200572E-002
 0.4752777800000000E+000  0.1079696800000000E+001 -0.1150586796424020E+000  0.9760582715373836E-001  0.1149467256046899E+000 -0.6973470534028330E-001  0.2285443637600506E-002
 0.4916666700000000E+000  0.1079696800000000E+001 -0.1078263495598826E+000  0.9237306020229211E-001  0.1077142221005406E+000 -0.6318899655837253E-001  0.2418824055067514E-002
 0.5083333300000000E+000  0.1079696800000000E+001 -0.1009377833304000E+000  0.8730272882983545E-001  0.1008254641480064E+000 -0.5702406682570484E-001  0.2560827009192069E-002
 0.5247222200000000E+000  0.1079696800000000E+001 -0.9459036822933924E-001  0.8255190204569443E-001  0.9447784454373140E-001 -0.5142515183237591E-001  0.2707016105269978E-002
 0.5408333300000000E+000  0.1079696800000000E+001 -0.8873318314078560E-001  0.7809734510148722E-001  0.8862044219574138E-001 -0.4634759198346243E-001  0.2857369115835738E-002
 0.5566666700000000E+000  0.1079696800000000E+001 -0.8332024748889971E-001  0.7391738577299872E-001  0.8320727671299093E-001 -0.4174824581513317E-001  0.3011858718745652E-002
 0.5722222200000000E+000  0.1079696800000000E+001 -0.7831019816837889E-001  0.6999192926002147E-001  0.7819698537497007E-001 -0.3758610577887593E-001  0.3170448067818451E-002
 0.5875000000000000E+000  0.1079696800000000E+001 -0.7366588731781151E-001  0.6630239840703731E-001  0.7355242095003678E-001 -0.3382263582551305E-001  0.3333087200457609E-002
 0.6025000000000000E+000  0.1079696800000000E+001 -0.6935401777152281E-001  0.6283168304601737E-001  0.6924028720323411E-001 -0.3042196934404838E-001  0.3499707611817444E-002
 0.6172222200000000E+000  0.1079696800000000E+001 -0.6534475197955585E-001  0.5956404542898923E-001  0.6523074788099123E-001 -0.2735094910554480E-001  0.3670217386096411E-002
 0.6316666700000000E+000  0.1079696800000000E+001 -0.6161135520904876E-001  0.5648502841373179E-001  0.6149706998997935E-001 -0.2457909039908422E-001  0.3844495274390414E-002
 0.6458333300000000E+000  0.1079696800000000E+001 -0.5812987434008757E-001  0.5358136896329248E-001  0.5801530268549679E-001 -0.2207849152279825E-001  0.4022383449356148E-002
 0.6597222200000000E+000  0.1079696800000000E+001 -0.5487881730079043E-001  0.5084088936125119E-001  0.5476395681342561E-001 -0.1982368632207466E-001  0.4203680636404653E-002
 0.6733333300000000E+000  0.1079696800000000E+001 -0.5183889668682617E-001  0.4825242078566641E-001  0.5172374865846865E-001 -0.1779150097952722E-001  0.4388132378789061E-002
 0.6866666700000000E+000  0.1079696800000000E+001 -0.4899277166178636E-001  0.4580570664999103E-001  0.4887734199271963E-001 -0.1596087930963074E-001  0.4575421471402739E-002
 0.6997222200000000E+000  0.1079696800000000E+001 -0.4632483886901501E-001  0.4349133045197331E-001  0.4620913916267735E-001 -0.1431272141759134E-001  0.4765155506591898E-002
 0.7125000000000000E+000  0.1079696800000000E+001 -0.4382102148114953E-001  0.4130062686753298E-001  0.4370507033956910E-001 -0.1282970877767448E-001  0.4956854303234084E-002
 0.7250000000000000E+000  0.1079696800000000E+001 -0.4146860893056693E-001  0.3922562331493112E-001  0.4135243348478124E-001 -0.1149615417456526E-001  0.5149933263676560E-002
 0.7372222200000000E+000  0.1079696800000000E+001 -0.3925609288384944E-001  0.3725896672417548E-001  0.3913973059122609E-001 -0.1029784588055514E-001  0.5343685947919105E-002
 0.7491666700000000E+000  0.1079696800000000E+001 -0.3717302855169763E-001  0.3539386219242029E-001  0.3705652929765866E-001 -0.9221907054356561E-002  0.5537263414975954E-002
 0.7608333300000000E+000  0.1079696800000000E+001 -0.3520991701585398E-001  0.3362402149411060E-001  0.3509334555804072E-001 -0.8256668268545833E-002  0.5729649892353754E-002
 0.7722222200000000E+000  0.1079696800000000E+001 -0.3335808098455471E-001  0.3194359786418915E-001  0.3324151977531686E-001 -0.7391540429736452E-002  0.5919636923235427E-002
 0.7833333300000000E+000  0.1079696800000000E+001 -0.3160957496626523E-001  0.3034714492767929E-001  0.3149312738779056E-001 -0.6616909511283238E-002  0.6105791626853618E-002
 0.7941666700000000E+000  0.1079696800000000E+001 -0.2995708381706193E-001  0.2882955925825011E-001  0.2984087785303998E-001 -0.5924030532701960E-002  0.6286423122873353E-002
 0.8047222200000000E+000  0.1079696800000000E+001 -0.2839384422177934E-001  0.2738603860381588E-001  0.2827803657358543E-001 -0.5304937511554530E-002  0.6459543426659658E-002
 0.8149999999999999E+000  0.1079696800000000E+001 -0.2691355313098929E-001  0.2601202354746988E-001  0.2679833376449067E-001 -0.4752353729933907E-002  0.6622826626503479E-002
 0.8250000000000000E+000  0.1079696800000000E+001 -0.2551030107509765E-001  0.2470315801240342E-001  0.2539589813727290E-001 -0.4259618058836247E-002  0.6773562589850362E-002
 0.8347222200000000E+000  0.1079696800000000E+001 -0.2417849159159247E-001  0.2345523333434064E-001  0.2406517658481648E-001 -0.3820611689915436E-002  0.6908610469373556E-002
 0.8441666700000000E+000  0.1079696800000000E+001 -0.2291276833419306E-001  0.2226413610116996E-001  0.2280086134759494E-001 -0.3429694261590435E-002  0.7024351512678457E-002
 0.8533333300000000E+000  0.1079696800000000E+001 -0.2170794827644529E-001  0.2112579872803633E-001  0.2159782294760431E-001 -0.3081648164032250E-002  0.7116644821842054E-002
 0.8622222200000000E+000  0.1079696800000000E+001 -0.2055894125519420E-001  0.2003613433437094E-001  0.2045102900153025E-001 -0.2771625514733353E-002  0.7180793024093251E-002
 0.8708333300000000E+000  0.1079696800000000E+001 -0.1946069015073882E-001  0.1899098842176973E-001  0.1935548296036271E-001 -0.2495108530620961E-002  0.7211523001829623E-002
 0.8791666700000000E+000  0.1079696800000000E+001 -0.1840809993747775E-001  0.1798607753751151E-001  0.1830615079980232E-001 -0.2247874410051594E-002  0.7202996136425415E-002
 0.8872222200000000E+000  0.1079696800000000E+001 -0.1739598922584215E-001  0.1701694695749658E-001  0.1729790892904038E-001 -0.2025974519710528E-002  0.7148863303308041E-002
 0.8950000000000000E+000  0.1079696800000000E+001 -0.1641904436058116E-001  0.1607892869563173E-001  0.1632549314748632E-001 -0.1825723323743644E-002  0.7042388219165892E-002
 0.9025000000000000E+000  0.1079696800000000E+001 -0.1547182140041907E-001  0.1516714363503609E-001  0.1538349360286686E-001 -0.1643707519951096E-002  0.6876671253338192E-002
 0.9097222200000000E+000  0.1079696800000000E+001 -0.1454878229333410E-001  0.1427653556844612E-001  0.1446638208185336E-001 -0.1476811252045331E-002  0.6645012767228862E-002
 0.9166666700000000E+000  0.1079696800000000E+001 -0.1364440744561992E-001  0.1340197898367776E-001  0.1356861403958405E-001 -0.1322263990869268E-002  0.6341464135640760E-002
 0.9233333300000000E+000  0.1079696800000000E+001 -0.1275341256557257E-001  0.1253848967279595E-001  0.1268483413193381E-001 -0.1177710984727092E-002  0.5961619669977897E-002
 0.9297222200000000E+000  0.1079696800000000E+001 -0.1187107684837439E-001  0.1168154797873064E-001  0.1181019437317431E-001 -0.1041299158090150E-002  0.5503682736717523E-002
 0.9358333300000000E+000  0.1079696800000000E+001 -0.1099373069409081E-001  0.1082758521352375E-001  0.1094083602788908E-001 -0.9117731237537823E-003  0.4969824651155343E-002
 0.9416666700000000E+000  0.1079696800000000E+001 -0.1011935336655020E-001  0.9974589338850729E-002  0.1007449030301607E-001 -0.7885549375658656E-003  0.4367751373817922E-002
 0.9472222200000000E+000  0.1079696800000000E+001 -0.9248239291077079E-002  0.9122792641436540E-002  0.9211161062369846E-002 -0.6717804879486254E-003  0.3712282236627203E-002
 0.9525000000000000E+000  0.1079696800000000E+001 -0.8383546217397805E-002  0.8275258507774934E-002  0.8353706122864625E-002 -0.5622479847473864E-003  0.3026497153419992E-002
 0.9575000000000000E+000  0.1079696800000000E+001 -0.7531522021669157E-002  0.7438160770932318E-002  0.7508111417394869E-002 -0.4612478168264292E-003  0.2341797341019062E-002
 0.9622222200000000E+000  0.1079696800000000E+001 -0.6701092196092882E-002  0.6620427270277438E-002  0.6683129647376072E-002 -0.3702580528165504E-003  0.1695965531203825E-002
 0.9666666700000000E+000  0.1079696800000000E+001 -0.5902656727175993E-002  0.5832575617997237E-002  0.5889112495303953E-002 -0.2905512247328364E-003  0.1128433801052587E-002
 0.9708333300000000E+000  0.1079696800000000E+001 -0.5146241182149957E-002  0.5084865123913505E-002  0.5136160961357649E-002 -0.2228205100756047E-003  0.6726382288889523E-003
 0.9747222200000000E+000  0.1079696800000000E+001 -0.4439573960171505E-002  0.4385331351728035E-002  0.4432160147650905E-002 -0.1669669104858563E-003  0.3468768464128353E-003
 0.9783333300000000E+000  0.1079696800000000E+001 -0.3787004386097336E-002  0.3738638866284602E-002  0.3781633444972826E-002 -0.1221478813662293E-003  0.1472992311709339E-003
 0.9816666700000000E+000  0.1079696800000000E+001 -0.3189750357769274E-002  0.3146279918167133E-002  0.3185942026981745E-002 -0.8704311668386120E-004  0.4794976843867962E-004
 0.9847222200000000E+000  0.1079696800000000E+001 -0.2647154750278734E-002  0.2607820512996018E-002  0.2644530398225298E-002 -0.6017373789161843E-004  0.1076141854368682E-004
 0.9875000000000000E+000  0.1079696800000000E+001 -0.2157926835227576E-002  0.2122157931372182E-002  0.2156181824029525E-002 -0.4011497792947980E-004  0.1412451829177750E-005
 0.9900000000000000E+000  0.1079696800000000E+001 -0.1720795484140306E-002  0.1688190988130442E-002  0.1719685335426426E-002 -0.2557793977619081E-004  0.7928298135178152E-007
 0.9922222200000000E+000  0.1079696800000000E+001 -0.1334661449432204E-002  0.1304982619602733E-002  0.1333993407972440E-002 -0.1542184597553690E-004 -0.6318472747915010E-010
 0.9941666700000000E+000  0.1079696800000000E+001 -0.9986001712310756E-003  0.9717712311468601E-003  0.9982261152365376E-003 -0.8649641846822095E-005 -0.9182838292961612E-010
 0.9958333300000000E+000  0.1079696800000000E+001 -0.7118498891663482E-003  0.6879706630336338E-003  0.7116597866554068E-003 -0.4402137479939913E-005 -0.6296131958399576E-012
 0.9972222200000000E+000  0.1079696800000000E+001 -0.4737819431364726E-003  0.4531596882191954E-003  0.4736977258570387E-003 -0.1952457794645876E-005  0.8377991620790033E-014
 0.9983333300000000E+000  0.1079696800000000E+001 -0.2838981724029336E-003  0.2671033424186166E-003  0.2838679320880064E-003 -0.7017232222404306E-006  0.1569825929862824E-016
 0.9991666700000000E+000  0.1079696800000000E+001 -0.1418105139138431E-003  0.1300396244165210E-003  0.1418029684647858E-003 -0.1752109509826706E-006 -0.1736167309213506E-019
 0.9997222200000000E+000  0.1079696800000000E+001 -0.4724037529966641E-004  0.3948300042181821E-004  0.4723953796897412E-004 -0.1945224024939089E-007 -0.1352841471010306E-018
 0.1000000000000000E+001  0.1079696800000000E+001  0.1392349226800261E-188 -0.1392349226800261E-188  0.1392349226800261E-188  0.1392349226800261E-188 -0.1392349226800261E-188

 0.0000000000000000E+000  0.1137473200000000E+001 -0.4471555617180515E+000  0.2821743256896207E+000  0.4470451471307485E+000 -0.2964000000000000E+000  0.5408046355416053E-003
 0.2777777800000000E-003  0.1137473200000000E+001 -0.4471553390855932E+000  0.2821742159565044E+000  0.4470449244980914E+000 -0.2963999140566545E+000  0.5408050570509986E-003
 0.8333333300000000E-003  0.1137473200000000E+001 -0.4471535558074465E+000  0.2821733369978637E+000  0.4470431412183532E+000 -0.2963992256505952E+000  0.5408084333380725E-003
 0.1666666700000000E-002  0.1137473200000000E+001 -0.4471475248136402E+000  0.2821703643825616E+000  0.4470371102191642E+000 -0.2963968974437093E+000  0.5408198519942647E-003
 0.2777777800000000E-002  0.1137473200000000E+001 -0.4471331881275500E+000  0.2821632979561418E+000  0.4470227735202780E+000 -0.2963913626691729E+000  0.5408469970098452E-003
 0.4166666700000000E-002  0.1137473200000000E+001 -0.4471050846893481E+000  0.2821494459363685E+000  0.4469946700569895E+000 -0.2963805121855725E+000  0.5409002118121621E-003
 0.5833333300000000E-002  0.1137473200000000E+001 -0.4470563086314424E+000  0.2821254042445586E+000  0.4469458939555345E+000 -0.2963616771676851E+000  0.5409925831177450E-003
 0.7777777800000000E-002  0.1137473200000000E+001 -0.4469784590775810E+000  0.2820870315613087E+000  0.4468680443321417E+000 -0.2963316073877109E+000  0.5411400454303684E-003
 0.1000000000000000E-001  0.1137473200000000E+001 -0.4468615830080112E+000  0.2820294208140744E+000  0.4467511681581277E+000 -0.2962864450723084E+000  0.5413615057403693E-003
 0.1250000000000000E-001  0.1137473200000000E+001 -0.4466941130640626E+000  0.2819468679517697E+000  0.4465836980644050E+000 -0.2962216942769962E+000  0.5416789880645774E-003
 0.1527777800000000E-001  0.1137473200000000E+001 -0.4464628028797753E+000  0.2818328391955167E+000  0.4463523876730212E+000 -0.2961321858007835E+000  0.5421177969347923E-003
 0.1833333300000000E-001  0.1137473200000000E+001 -0.4461526632341822E+000  0.2816799382815157E+000  0.4460422477493385E+000 -0.2960120377200516E+000  0.5427066985457483E-003
 0.2166666700000000E-001  0.1137473200000000E+001 -0.4457469022688950E+000  0.2814798751631758E+000  0.4456364864195013E+000 -0.2958546113659155E+000  0.5434781194327080E-003
 0.2527777800000000E-001  0.1137473200000000E+001 -0.4452268763514772E+000  0.2812234392559406E+000  0.4451164600336761E+000 -0.2956524636166405E+000  0.5444683573915084E-003
 0.2916666700000000E-001  0.1137473200000000E+001 -0.4445720546221710E+000  0.2809004785294926E+000  0.4444616377126241E+000 -0.2953972947635471E+000  0.5457178073494783E-003
 0.3333333300000000E-001  0.1137473200000000E+001 -0.4437600070950902E+000  0.2804998890859363E+000  0.4436495894487243E+000 -0.2950798936479918E+000  0.5472711932127588E-003
 0.3777777800000000E-001  0.1137473200000000E+001 -0.4427664211599252E+000  0.2800096173467850E+000  0.4426560026074838E+000 -0.2946900796649536E+000  0.5491778075530703E-003
 0.4250000000000000E-001  0.1137473200000000E+001 -0.4415651593697893E+000  0.2794166808980926E+000  0.4414547397151684E+000 -0.2942166443213901E+000  0.5514917467776963E-003
 0.4750000000000000E-001  0.1137473200000000E+001 -0.4401283630889928E+000  0.2787072099053835E+000  0.4400179421063326E+000 -0.2936472919102632E+000  0.5542721461724904E-003
 0.5277777800000000E-001  0.1137473200000000E+001 -0.4384266177957156E+000  0.2778665165148302E+000  0.4383161952262208E+000 -0.2929685836188030E+000  0.5575833980529121E-003
 0.5833333300000000E-001  0.1137473200000000E+001 -0.4364291877528774E+000  0.2768791956503617E+000  0.4363187633013332E+000 -0.2921658869159071E+000  0.5614953513356325E-003
 0.6416666700000000E-001  0.1137473200000000E+001 -0.4341043295138124E+000  0.2757292614787181E+000  0.4339939028447599E+000 -0.2912233338239669E+000  0.5660834861934367E-003
 0.7027777800000000E-001  0.1137473200000000E+001 -0.4314196992710680E+000  0.2744003265869558E+000  0.4313092700046016E+000 -0.2901237955458150E+000  0.5714290437299494E-003
 0.7666666699999999E-001  0.1137473200000000E+001 -0.4283428517777488E+000  0.2728758224492530E+000  0.4282324194848883E+000 -0.2888488761444812E+000  0.5776191201197000E-003
 0.8333333300000000E-001  0.1137473200000000E+001 -0.4248418447054865E+000  0.2711392678746999E+000  0.4247314089030763E+000 -0.2873789373065436E+000  0.5847466965289355E-003
 0.9027777800000000E-001  0.1137473200000000E+001 -0.4208859380967589E+000  0.2691745803641308E+000  0.4207754982418375E+000 -0.2856931597575649E+000  0.5929106156321408E-003
 0.9750000000000000E-001  0.1137473200000000E+001 -0.4164463928392825E+000  0.2669664326864857E+000  0.4163359483228652E+000 -0.2837696567010618E+000  0.6022154761220105E-003
 0.1050000000000000E+000  0.1137473200000000E+001 -0.4114973398498703E+000  0.2645006414140921E+000  0.4113868899900708E+000 -0.2815856452334912E+000  0.6127714696587187E-003
 0.1127777800000000E+000  0.1137473200000000E+001 -0.4060167096369819E+000  0.2617645836098729E+000  0.4059062536713997E+000 -0.2791176931917964E+000  0.6246941341902449E-003
 0.1208333300000000E+000  0.1137473200000000E+001 -0.3999871952134437E+000  0.2587476302564217E+000  0.3998767322907452E+000 -0.2763420554992752E+000  0.6381040155428044E-003
 0.1291666700000000E+000  0.1137473200000000E+001 -0.3933971581725896E+000  0.2554415541036640E+000  0.3932866873431419E+000 -0.2732350866584979E+000  0.6531263573426758E-003
 0.1377777800000000E+000  0.1137473200000000E+001 -0.3862415573041771E+000  0.2518409552322127E+000  0.3861310775097322E+000 -0.2697737942776907E+000  0.6698905494752661E-003
 0.1466666700000000E+000  0.1137473200000000E+001 -0.3785226552716339E+000  0.2479435860863609E+000  0.3784121653338232E+000 -0.2659364450530945E+000  0.6885297859676727E-003
 0.1558333300000000E+000  0.1137473200000000E+001 -0.3702506526125476E+000  0.2437506555010112E+000  0.3701401512201786E+000 -0.2617033117925651E+000  0.7091804957690068E-003
 0.1652777800000000E+000  0.1137473200000000E+001 -0.3614440195297173E+000  0.2392670010893226E+000  0.3613335052246294E+000 -0.2570574593352976E+000  0.7319819932410425E-003
 0.1750000000000000E+000  0.1137473200000000E+001 -0.3521296754319674E+000  0.2345012104617992E+000  0.3520191465934487E+000 -0.2519856404273690E+000  0.7570759051276141E-003
 0.1850000000000000E+000  0.1137473200000000E+001 -0.3423427495853009E+000  0.2294655595782981E+000  0.3422322044127245E+000 -0.2464791424759165E+000  0.7846060034777362E-003
 0.1952777800000000E+000  0.1137473200000000E+001 -0.3321261391404623E+000  0.2241758801673787E+000  0.3320155756341110E+000 -0.2405346582233533E+000  0.8147178901228032E-003
 0.2058333300000000E+000  0.1137473200000000E+001 -0.3215297324533385E+000  0.2186512890487076E+000  0.3214191483931801E+000 -0.2341550551193568E+000  0.8475589090348071E-003
 0.2166666700000000E+000  0.1137473200000000E+001 -0.3106093186574909E+000  0.2129137863869188E+000  0.3104987115796018E+000 -0.2273499778419325E+000  0.8832783622378547E-003
 0.2277777800000000E+000  0.1137473200000000E+001 -0.2994253804396494E+000  0.2069878197916973E+000  0.2993147476102712E+000 -0.2201363211156231E+000  0.9220275677882897E-003
 0.2391666700000000E+000  0.1137473200000000E+001 -0.2880415798247992E+000  0.2008997058449370E+000  0.2879309182114733E+000 -0.2125383707818100E+000  0.9639605735797243E-003
 0.2508333300000000E+000  0.1137473200000000E+001 -0.2765232706437404E+000  0.1946770728234198E+000  0.2764125768834814E+000 -0.2045877394076200E+000  0.1009234693171754E-002
 0.2627777800000000E+000  0.1137473200000000E+001 -0.2649358947827429E+000  0.1883482362056960E+000  0.2648251651466663E+000 -0.1963229389646160E+000  0.1058011623713900E-002
 0.2750000000000000E+000  0.1137473200000000E+001 -0.2533435556506572E+000  0.1819416509628599E+000  0.2532327860050116E+000 -0.1877887418146235E+000  0.1110458321583641E-002
 0.2875000000000000E+000  0.1137473200000000E+001 -0.2418075818672801E+000  0.1754853265374687E+000  0.2416967676300528E+000 -0.1790351787592655E+000  0.1166748656364689E-002
 0.3002777800000000E+000  0.1137473200000000E+001 -0.2303853810603695E+000  0.1690063570429798E+000  0.2302745171533032E+000 -0.1701163926581337E+000  0.1227064839159444E-002
 0.3133333300000000E+000  0.1137473200000000E+001 -0.2191294757264512E+000  0.1625305009070891E+000  0.2190185565218293E+000 -0.1610893068660895E+000  0.1291599213146831E-002
 0.3266666700000000E+000  0.1137473200000000E+001 -0.2080867510369857E+000  0.1560818209663500E+000  0.2079757702984036E+000 -0.1520121812815139E+000  0.1360556463451049E-002
 0.3402777800000000E+000  0.1137473200000000E+001 -0.1972980464475922E+000  0.1496824616819963E+000  0.1971869972645397E+000 -0.1429432353243356E+000  0.1434155483763785E-002
 0.3541666700000000E+000  0.1137473200000000E+001 -0.1867978693155677E+000  0.1433524392032170E+000  0.1866867440305069E+000 -0.1339392385219634E+000  0.1512632163093891E-002
 0.3683333300000000E+000  0.1137473200000000E+001 -0.1766144261519060E+000  0.1371095654376749E+000  0.1765032162796684E+000 -0.1250543091654155E+000  0.1596241771800920E-002
 0.3827777800000000E+000  0.1137473200000000E+001 -0.1667697641831520E+000  0.1309693938096138E+000  0.1666584603213949E+000 -0.1163388235250297E+000  0.1685262134926797E-002
 0.3975000000000000E+000  0.1137473200000000E+001 -0.1572801510285481E+000  0.1249452758600397E+000  0.1571687427592989E+000 -0.1078386090335102E+000  0.1779996347541502E-002
 0.4125000000000000E+000  0.1137473200000000E+001 -0.1481564707295756E+000  0.1190484045939722E+000  0.1480449465104244E+000 -0.9959427665820490E-001  0.1880776606218302E-002
 0.4277777800000000E+000  0.1137473200000000E+001 -0.1394047740074457E+000  0.1132879418387231E+000  0.1392931210527529E+000 -0.9164084673002251E-001  0.1987967665689494E-002
 0.4433333300000000E+000  0.1137473200000000E+001 -0.1310268437765174E+000  0.1076711542895527E+000  0.1309150479285103E+000 -0.8400756303698498E-001  0.2101970838995711E-002
 0.4591666700000000E+000  0.1137473200000000E+001 -0.1230207571643931E+000  0.1022035536649310E+000  0.1229088027545476E+000 -0.7671788092659043E-001  0.2223228636511873E-002
 0.4752777800000000E+000  0.1137473200000000E+001 -0.1153814980251162E+000  0.9688908580000299E-001  0.1152693677288104E+000 -0.6978967154307235E-001  0.2352228914566807E-002
 0.4916666700000000E+000  0.1137473200000000E+001 -0.1081014706088927E+000  0.9173027354557953E-001  0.1079891452957542E+000 -0.6323549052954511E-001  0.2489510372349647E-002
 0.5083333300000000E+000  0.1137473200000000E+001 -0.1011710351461433E+000  0.8672839909085012E-001  0.1010584937338907E+000 -0.5706299978965186E-001  0.2635667353330600E-002
 0.5247222200000000E+000  0.1137473200000000E+001 -0.9478818659970245E-001  0.8203877674237543E-001  0.9467541409134413E-001 -0.5145762052559021E-001  0.2786133894434063E-002
 0.5408333300000000E+000  0.1137473200000000E+001 -0.8890103397114411E-001  0.7763895868283263E-001  0.8878801526019353E-001 -0.4637456900926058E-001  0.2940887320993144E-002
 0.5566666700000000E+000  0.1137473200000000E+001 -0.8346276975940113E-001  0.7350797816741793E-001  0.8334948978738516E-001 -0.4177058278364554E-001  0.3099899749166986E-002
 0.5722222200000000E+000  0.1137473200000000E+001 -0.7843132825633035E-001  0.6962637069549399E-001  0.7831777221051839E-001 -0.3760454075030915E-001  0.3263133532886103E-002
 0.5875000000000000E+000  0.1137473200000000E+001 -0.7376896602944082E-001  0.6597612121264401E-001  0.7365511958672104E-001 -0.3383780309160997E-001  0.3430537573245188E-002
 0.6025000000000000E+000  0.1137473200000000E+001 -0.6944188209404882E-001  0.6254061996965585E-001  0.6932773172264226E-001 -0.3043441024626272E-001  0.3602041741854956E-002
 0.6172222200000000E+000  0.1137473200000000E+001 -0.6541981324879668E-001  0.5930457450119349E-001  0.6530534657681518E-001 -0.2736112297167062E-001  0.3777551878893641E-002
 0.6316666700000000E+000  0.1137473200000000E+001 -0.6167566553854041E-001  0.5625392380681091E-001  0.6156087180281243E-001 -0.2458738505115831E-001  0.3956943708305997E-002
 0.6458333300000000E+000  0.1137473200000000E+001 -0.5818518297331716E-001  0.5337575728842742E-001  0.5807005356438982E-001 -0.2208523303511021E-001  0.4140055392624829E-002
 0.6597222200000000E+000  0.1137473200000000E+001 -0.5492661827914275E-001  0.5065821110056740E-001  0.5481114739729328E-001 -0.1982914785253566E-001  0.4326680477209036E-002
 0.6733333300000000E+000  0.1137473200000000E+001 -0.5188046922192587E-001  0.4809039608908696E-001  0.5176465466751180E-001 -0.1779591063534842E-001  0.4516557886247952E-002
 0.6866666700000000E+000  0.1137473200000000E+001 -0.4902921425396946E-001  0.4566230523000058E-001  0.4891305837238466E-001 -0.1596442704650678E-001  0.4709362094580378E-002
 0.6997222200000000E+000  0.1137473200000000E+001 -0.4635709818117946E-001  0.4336474496372941E-001  0.4624060899122187E-001 -0.1431556503472141E-001  0.4904690328867862E-002
 0.7125000000000000E+000  0.1137473200000000E+001 -0.4384991673333335E-001  0.4118924952539279E-001  0.4373310926570668E-001 -0.1283197907649259E-001  0.5102049650895649E-002
 0.7250000000000000E+000  0.1137473200000000E+001 -0.4149485254700731E-001  0.3912802517473967E-001  0.4137775042974028E-001 -0.1149795937500101E-001  0.5300839850844068E-002
 0.7372222200000000E+000  0.1137473200000000E+001 -0.3928030792265599E-001  0.3717387942627619E-001  0.3916294524704839E-001 -0.1029927537572572E-001  0.5500335536334230E-002
 0.7491666700000000E+000  0.1137473200000000E+001 -0.3719576339919269E-001  0.3532016178642949E-001  0.3707818690646601E-001 -0.9223034590224843E-002  0.5699664894070651E-002
 0.7608333300000000E+000  0.1137473200000000E+001 -0.3523165772386708E-001  0.3356071401285148E-001  0.3511392935362315E-001 -0.8257554626965726E-002  0.5897784670227541E-002
 0.7722222200000000E+000  0.1137473200000000E+001 -0.3337926153383348E-001  0.3188980646682939E-001  0.3326146137250704E-001 -0.7392235682558071E-002  0.6093453580718051E-002
 0.7833333300000000E+000  0.1137473200000000E+001 -0.3163058569214713E-001  0.3030209821047830E-001  0.3151281535986967E-001 -0.6617454910930996E-002  0.6285199653273547E-002
 0.7941666700000000E+000  0.1137473200000000E+001 -0.2997827813945238E-001  0.2879258057054497E-001  0.2986066464156265E-001 -0.5924460090801927E-002  0.6471285667308384E-002
 0.8047222200000000E+000  0.1137473200000000E+001 -0.2841554376920850E-001  0.2735653601246386E-001  0.2829824382400595E-001 -0.5305279313504505E-002  0.6649668880069318E-002
 0.8149999999999999E+000  0.1137473200000000E+001 -0.2693605128234477E-001  0.2598948025167572E-001  0.2681925611243222E-001 -0.4752631023052357E-002  0.6817958953690681E-002
 0.8250000000000000E+000  0.1137473200000000E+001 -0.2553386487225301E-001  0.2468712279855649E-001  0.2541780540061625E-001 -0.4259850147494628E-002  0.6973370200967280E-002
 0.8347222200000000E+000  0.1137473200000000E+001 -0.2420336192209449E-001  0.2344531081408261E-001  0.2408831425848567E-001 -0.3820814662308541E-002  0.7112673559245826E-002
 0.8441666700000000E+000  0.1137473200000000E+001 -0.2293915821938030E-001  0.2225997633600859E-001  0.2282544923176599E-001 -0.3429881568237660E-002  0.7232147753585909E-002
 0.8533333300000000E+000  0.1137473200000000E+001 -0.2173603904178921E-001  0.2112708582183670E-001  0.2162405167605790E-001 -0.3081831062082806E-002  0.7327533369234686E-002
 0.8622222200000000E+000  0.1137473200000000E+001 -0.2058887635435265E-001  0.2004257364785772E-001  0.2047905422272752E-001 -0.2771813387039206E-002  0.7393996967882425E-002
 0.8708333300000000E+000  0.1137473200000000E+001 -0.1949256637562497E-001  0.1900229192476920E-001  0.1938541687555628E-001 -0.2495309084682123E-002  0.7426110498598953E-002
 0.8791666700000000E+000  0.1137473200000000E+001 -0.1844195585892517E-001  0.1800194703866188E-001  0.1833805085859575E-001 -0.2248093759025216E-002  0.7417860859320682E-002
 0.8872222200000000E+000  0.1137473200000000E+001 -0.1743179083472122E-001  0.1703705498735482E-001  0.1733176359095721E-001 -0.2026217147447135E-002  0.7362705269631287E-002
 0.8950000000000000E+000  0.1137473200000000E+001 -0.1645666825397988E-001  0.1610289725893772E-001  0.1636120497092502E-001 -0.1825991940011897E-002  0.7253696791451588E-002
 0.9025000000000000E+000  0.1137473200000000E+001 -0.1551103634880453E-001  0.1519452144997327E-001  0.1542086039233441E-001 -0.1644002821428242E-002  0.7083713146889073E-002
 0.9097222200000000E+000  0.1137473200000000E+001 -0.1458923093899379E-001  0.1430677539368946E-001  0.1450507772196921E-001 -0.1477131623877164E-002  0.6845829305786036E-002
 0.9166666700000000E+000  0.1137473200000000E+001 -0.1368559105297988E-001  0.1343441777066314E-001  0.1360817181411681E-001 -0.1322605211931298E-002  0.6533883840471454E-002
 0.9233333300000000E+000  0.1137473200000000E+001 -0.1279468328901227E-001  0.1257233587635065E-001  0.1272463690288013E-001 -0.1178066037524758E-002  0.6143294515730775E-002
 0.9297222200000000E+000  0.1137473200000000E+001 -0.1191164364773441E-001  0.1171588215812704E-001  0.1184947775324543E-001 -0.1041658284377859E-002  0.5672158319691785E-002
 0.9358333300000000E+000  0.1137473200000000E+001 -0.1103268624562338E-001  0.1086138140965044E-001  0.1097871206511943E-001 -0.9121242905313904E-003  0.5122656057188465E-002
 0.9416666700000000E+000  0.1137473200000000E+001 -0.1015572911398795E-001  0.1000676484034911E-001  0.1010999926281433E-001 -0.7888848573206789E-003  0.4502674751883499E-002
 0.9472222200000000E+000  0.1137473200000000E+001 -0.9281092614051733E-002  0.9152290869109196E-002  0.9243356034834426E-002 -0.6720762323869519E-003  0.3827445968105907E-002
 0.9525000000000000E+000  0.1137473200000000E+001 -0.8412075804215800E-002  0.8301162135362267E-002  0.8381767540207962E-002 -0.5624990195542948E-003  0.3120741079378132E-002
 0.9575000000000000E+000  0.1137473200000000E+001 -0.7555194703609533E-002  0.7459819248356007E-002  0.7531475661026272E-002 -0.4614480005023714E-003  0.2414944159485041E-002
 0.9622222200000000E+000  0.1137473200000000E+001 -0.6719749045620466E-002  0.6637566842426464E-002  0.6701599855635400E-002 -0.3704069121435543E-003  0.1749054425676521E-002
 0.9666666700000000E+000  0.1137473200000000E+001 -0.5916556841943306E-002  0.5845349266688976E-002  0.5902909086210865E-002 -0.2906538630298632E-003  0.1163797083208145E-002
 0.9708333300000000E+000  0.1137473200000000E+001 -0.5156010397830748E-002  0.5093807345957566E-002  0.5145876912118832E-002 -0.2228859772465570E-003  0.6937188893360710E-003
 0.9747222200000000E+000  0.1137473200000000E+001 -0.4446060346087129E-002  0.4391216951090724E-002  0.4438620332787375E-002 -0.1670056244636382E-003  0.3577381040258964E-003
 0.9783333300000000E+000  0.1137473200000000E+001 -0.3791091401237369E-002  0.3742295355196452E-002  0.3785707709040137E-002 -0.1221692273530298E-003  0.1519035726127422E-003
 0.9816666700000000E+000  0.1137473200000000E+001 -0.3192204755026992E-002  0.3148431808208379E-002  0.3188390245261654E-002 -0.8705414546251947E-004  0.4944525492750672E-004
 0.9847222200000000E+000  0.1137473200000000E+001 -0.2648559382909566E-002  0.2609018168541406E-002  0.2645932128980164E-002 -0.6017907241415938E-004  0.1109619941500018E-004
 0.9875000000000000E+000  0.1137473200000000E+001 -0.2158688041100650E-002  0.2122782247463818E-002  0.2156941750253169E-002 -0.4011737242451803E-004  0.1456271385760871E-005
 0.9900000000000000E+000  0.1137473200000000E+001 -0.1721181555522212E-002  0.1688490310133571E-002  0.1720070889360743E-002 -0.2557892177989865E-004  0.8173379117316284E-007
 0.9922222200000000E+000  0.1137473200000000E+001 -0.1334841606674951E-002  0.1305110716331871E-002  0.1334173377934603E-002 -0.1542220570290537E-004 -0.6556269585893692E-010
 0.9941666700000000E+000  0.1137473200000000E+001 -0.9986756375185229E-003  0.9718176001715628E-003  0.9983015228276387E-003 -0.8649755760670496E-005 -0.9467363728569533E-010
 0.9958333300000000E+000  0.1137473200000000E+001 -0.7118772273224632E-003  0.6879832303914198E-003  0.7116871096549320E-003 -0.4402167152916176E-005 -0.6489515528223483E-012
 0.9972222200000000E+000  0.1137473200000000E+001 -0.4737900035125121E-003  0.4531612094206639E-003  0.4737057832591946E-003 -0.1952463659212376E-005  0.8637890182832127E-014
 0.9983333300000000E+000  0.1137473200000000E+001 -0.2838999066718205E-003  0.2671027294982439E-003  0.2838696659735818E-003 -0.7017239826363079E-006  0.1615945913173959E-016
 0.9991666700000000E+000  0.1137473200000000E+001 -0.1418107300653280E-003  0.1300392550181268E-003  0.1418031845924229E-003 -0.1752109985252248E-006 -0.3161091882588228E-019
 0.9997222200000000E+000  0.1137473200000000E+001 -0.4724038329020112E-004  0.3948294344114185E-004  0.4723954595921530E-004 -0.1945224083656303E-007  0.1341607606158490E-018
 0.1000000000000000E+001  0.1137473200000000E+001  0.1392349226800261E-188 -0.1392349226800261E-188  0.1392349226800261E-188 -0.1392349226800261E-188  0.1392349226800261E-188

 0.0000000000000000E+000  0.1191638600000000E+001 -0.4514483459644263E+000  0.2778815798777212E+000  0.4513379252661487E+000 -0.2964000000000000E+000  0.5535571972331882E-003
 0.2777777800000000E-003  0.1191638600000000E+001 -0.4514481198207075E+000  0.2778814728966798E+000  0.4513376991222187E+000 -0.2963999145066602E+000  0.5535576286823580E-003
 0.8333333300000000E-003  0.1191638600000000E+001 -0.4514463084175088E+000  0.2778806159820522E+000  0.4513358877173282E+000 -0.2963992297051147E+000  0.5535610845869434E-003
 0.1666666700000000E-002  0.1191638600000000E+001 -0.4514401823058879E+000  0.2778777179188147E+000  0.4513297615999854E+000 -0.2963969136883796E+000  0.5535727725108230E-003
 0.2777777800000000E-002  0.1191638600000000E+001 -0.4514256195104807E+000  0.2778708287143507E+000  0.4513151987909755E+000 -0.2963914078905894E+000  0.5536005576433707E-003
 0.4166666700000000E-002  0.1191638600000000E+001 -0.4513970728493051E+000  0.2778573240898847E+000  0.4512866521031325E+000 -0.2963806142032794E+000  0.5536550273242491E-003
 0.5833333300000000E-002  0.1191638600000000E+001 -0.4513475275599153E+000  0.2778338853233351E+000  0.4512371067674490E+000 -0.2963618777439062E+000  0.5537495768728665E-003
 0.7777777800000000E-002  0.1191638600000000E+001 -0.4512684503238408E+000  0.2777964749173177E+000  0.4511580294574608E+000 -0.2963319652257074E+000  0.5539005165506666E-003
 0.1000000000000000E-001  0.1191638600000000E+001 -0.4511497312604986E+000  0.2777403087785303E+000  0.4510393102830910E+000 -0.2962870389077714E+000  0.5541271992010673E-003
 0.1250000000000000E-001  0.1191638600000000E+001 -0.4509796207992374E+000  0.2776598257377728E+000  0.4508691996626133E+000 -0.2962226260587643E+000  0.5544521681978927E-003
 0.1527777800000000E-001  0.1191638600000000E+001 -0.4507446640651510E+000  0.2775486555643074E+000  0.4506342427083707E+000 -0.2961335839465107E+000  0.5549013247892242E-003
 0.1833333300000000E-001  0.1191638600000000E+001 -0.4504296361330976E+000  0.2773995869456293E+000  0.4503192144806846E+000 -0.2960140604190811E+000  0.5555041135172059E-003
 0.2166666700000000E-001  0.1191638600000000E+001 -0.4500174814564892E+000  0.2772045368546953E+000  0.4499070594165178E+000 -0.2958574498869120E+000  0.5562937255809148E-003
 0.2527777800000000E-001  0.1191638600000000E+001 -0.4494892641678668E+000  0.2769545243009115E+000  0.4493788416299052E+000 -0.2956563455545374E+000  0.5573073147304397E-003
 0.2916666700000000E-001  0.1191638600000000E+001 -0.4488241323516541E+000  0.2766396497254407E+000  0.4487137091845443E+000 -0.2954024871428236E+000  0.5585862284644916E-003
 0.3333333300000000E-001  0.1191638600000000E+001 -0.4479993063328400E+000  0.2762490845502451E+000  0.4478888823822921E+000 -0.2950867057663303E+000  0.5601762453454603E-003
 0.3777777800000000E-001  0.1191638600000000E+001 -0.4469900959230494E+000  0.2757710729362149E+000  0.4468796710090269E+000 -0.2946988655368666E+000  0.5621278203389337E-003
 0.4250000000000000E-001  0.1191638600000000E+001 -0.4457699597331268E+000  0.2751929516330454E+000  0.4456595336469976E+000 -0.2942278045396184E+000  0.5644963255301031E-003
 0.4750000000000000E-001  0.1191638600000000E+001 -0.4443106112194704E+000  0.2745011897691529E+000  0.4442001837208933E+000 -0.2936612747168640E+000  0.5673422907104302E-003
 0.5277777800000000E-001  0.1191638600000000E+001 -0.4425821875285913E+000  0.2736814557978391E+000  0.4424717583421071E+000 -0.2929858849299630E+000  0.5707316266742892E-003
 0.5833333300000000E-001  0.1191638600000000E+001 -0.4405534889932985E+000  0.2727187149116841E+000  0.4404430578045885E+000 -0.2921870490145887E+000  0.5747358294984020E-003
 0.6416666700000000E-001  0.1191638600000000E+001 -0.4381922989103773E+000  0.2715973610819678E+000  0.4380818653621500E+000 -0.2912489424049191E+000  0.5794321593174288E-003
 0.7027777800000000E-001  0.1191638600000000E+001 -0.4354657988501016E+000  0.2703013905902024E+000  0.4353553625375648E+000 -0.2901544747643137E+000  0.5849037730592094E-003
 0.7666666699999999E-001  0.1191638600000000E+001 -0.4323410771870206E+000  0.2688146156714438E+000  0.4322306376528857E+000 -0.2888852813310630E+000  0.5912398208080256E-003
 0.8333333300000000E-001  0.1191638600000000E+001 -0.4287857449122017E+000  0.2671209248148710E+000  0.4286753016411681E+000 -0.2874217450054609E+000  0.5985354764349984E-003
 0.9027777800000000E-001  0.1191638600000000E+001 -0.4247686481816658E+000  0.2652045848116589E+000  0.4246582005943210E+000 -0.2857430548091718E+000  0.6068919135657780E-003
 0.9750000000000000E-001  0.1191638600000000E+001 -0.4202606815214255E+000  0.2630505868591008E+000  0.4201502289674970E+000 -0.2838273161513192E+000  0.6164161976089673E-003
 0.1050000000000000E+000  0.1191638600000000E+001 -0.4152356728381089E+000  0.2606450238645567E+000  0.4151252145889853E+000 -0.2816517190084324E+000  0.6272211188678298E-003
 0.1127777800000000E+000  0.1191638600000000E+001 -0.4096713296111061E+000  0.2579754953352167E+000  0.4095608648515463E+000 -0.2791927816336973E+000  0.6394249400525682E-003
 0.1208333300000000E+000  0.1191638600000000E+001 -0.4035502186477162E+000  0.2550315288473144E+000  0.4034397464666659E+000 -0.2764266840917988E+000  0.6531510499015070E-003
 0.1291666700000000E+000  0.1191638600000000E+001 -0.3968606876350427E+000  0.2518049769380326E+000  0.3967502070154041E+000 -0.2733296786331994E+000  0.6685276458041032E-003
 0.1377777800000000E+000  0.1191638600000000E+001 -0.3895978088334768E+000  0.2482904318238976E+000  0.3894873186408247E+000 -0.2698786419203766E+000  0.6856871692698515E-003
 0.1466666700000000E+000  0.1191638600000000E+001 -0.3817640964814568E+000  0.2444855427044259E+000  0.3816535954514421E+000 -0.2660516811678236E+000  0.7047659557625900E-003
 0.1558333300000000E+000  0.1191638600000000E+001 -0.3733701491897664E+000  0.2403913133951532E+000  0.3732596359141939E+000 -0.2618288827946657E+000  0.7259036520810570E-003
 0.1652777800000000E+000  0.1191638600000000E+001 -0.3644349841394061E+000  0.2360122724062325E+000  0.3643244570507219E+000 -0.2571931019640399E+000  0.7492428586357463E-003
 0.1750000000000000E+000  0.1191638600000000E+001 -0.3549862151073193E+000  0.2313565940939226E+000  0.3548756724615069E+000 -0.2521308639701060E+000  0.7749285429391574E-003
 0.1850000000000000E+000  0.1191638600000000E+001 -0.3450598036998856E+000  0.2264360422709600E+000  0.3449492435573984E+000 -0.2466332186729729E+000  0.8031078686299488E-003
 0.1952777800000000E+000  0.1191638600000000E+001 -0.3346996032901987E+000  0.2212658455050381E+000  0.3345890234948932E+000 -0.2406966205379426E+000  0.8339298725589099E-003
 0.2058333300000000E+000  0.1191638600000000E+001 -0.3239565618340492E+000  0.2158644383555897E+000  0.3238459599898521E+000 -0.2343237087890167E+000  0.8675453751400979E-003
 0.2166666700000000E+000  0.1191638600000000E+001 -0.3128876052320835E+000  0.2102530751375578E+000  0.3127769786770647E+000 -0.2275239214430132E+000  0.9041072014263856E-003
 0.2277777800000000E+000  0.1191638600000000E+001 -0.3015544014134196E+000  0.2044554106652191E+000  0.3014437471912405E+000 -0.2203139794562425E+000  0.9437702405444291E-003
 0.2391666700000000E+000  0.1191638600000000E+001 -0.2900218129750037E+000  0.1984969416028892E+000  0.2899111278031333E+000 -0.2127180381471487E+000  0.9866921764397276E-003
 0.2508333300000000E+000  0.1191638600000000E+001 -0.2783563773230348E+000  0.1924044682074509E+000  0.2782456575576727E+000 -0.2047676311112101E+000  0.1033034036471572E-002
 0.2627777800000000E+000  0.1191638600000000E+001 -0.2666246702415344E+000  0.1862054896144600E+000  0.2665139118385917E+000 -0.1965012484285703E+000  0.1082961335860199E-002
 0.2750000000000000E+000  0.1191638600000000E+001 -0.2548918508410657E+000  0.1799276732999018E+000  0.2547810493131246E+000 -0.1879636997907403E+000  0.1136644974170308E-002
 0.2875000000000000E+000  0.1191638600000000E+001 -0.2432201991248457E+000  0.1735982867424250E+000  0.2431093494931672E+000 -0.1792051110316006E+000  0.1194262928536920E-002
 0.3002777800000000E+000  0.1191638600000000E+001 -0.2316679502608537E+000  0.1672437405020421E+000  0.2315570470022205E+000 -0.1702797726790873E+000  0.1256001715960795E-002
 0.3133333300000000E+000  0.1191638600000000E+001 -0.2202883163494304E+000  0.1608891782462318E+000  0.2201773533370814E+000 -0.1612448002162557E+000  0.1322058226465147E-002
 0.3266666700000000E+000  0.1191638600000000E+001 -0.2091287260064123E+000  0.1545581244766701E+000  0.2090176964441590E+000 -0.1521586795480048E+000  0.1392641985545457E-002
 0.3402777800000000E+000  0.1191638600000000E+001 -0.1982304148057302E+000  0.1482722653240461E+000  0.1981193111549934E+000 -0.1430798780227050E+000  0.1467977065394129E-002
 0.3541666700000000E+000  0.1191638600000000E+001 -0.1876281419529836E+000  0.1420512406237425E+000  0.1875169558512260E+000 -0.1340654225318622E+000  0.1548304938106075E-002
 0.3683333300000000E+000  0.1191638600000000E+001 -0.1773502303281692E+000  0.1359125664395198E+000  0.1772389524984160E+000 -0.1251696862756861E+000  0.1633886918910281E-002
 0.3827777800000000E+000  0.1191638600000000E+001 -0.1674187197544417E+000  0.1298715779924969E+000  0.1673073399043659E+000 -0.1164432873423585E+000  0.1725007415521865E-002
 0.3975000000000000E+000  0.1191638600000000E+001 -0.1578497618049592E+000  0.1239414809043736E+000  0.1577382685153676E+000 -0.1079322732630440E+000  0.1821976709030575E-002
 0.4125000000000000E+000  0.1191638600000000E+001 -0.1486540316455503E+000  0.1181333889848224E+000  0.1485424122464526E+000 -0.9967744691341275E-001  0.1925134877677285E-002
 0.4277777800000000E+000  0.1191638600000000E+001 -0.1398372954019018E+000  0.1124564444788393E+000  0.1397255358362270E+000 -0.9171398832100332E-001  0.2034855337533014E-002
 0.4433333300000000E+000  0.1191638600000000E+001 -0.1314009923021012E+000  0.1069179468993957E+000  0.1312890769764903E+000 -0.8407126696271584E-001  0.2151548940242142E-002
 0.4591666700000000E+000  0.1191638600000000E+001 -0.1233428123539000E+000  0.1015234860569449E+000  0.1232307239764232E+000 -0.7677283003938805E-001  0.2275668725720400E-002
 0.4752777800000000E+000  0.1191638600000000E+001 -0.1156573235828860E+000  0.9627712365796214E-001  0.1155450429901630E+000 -0.6983660857096485E-001  0.2407714174221380E-002
 0.4916666700000000E+000  0.1191638600000000E+001 -0.1083364983002255E+000  0.9118152975172042E-001  0.1082240042755327E+000 -0.6327518908030455E-001  0.2548236840344085E-002
 0.5083333300000000E+000  0.1191638600000000E+001 -0.1013702598941668E+000  0.8623815855471800E-001  0.1012575289836093E+000 -0.5709623918964015E-001  0.2697845277646947E-002
 0.5247222200000000E+000  0.1191638600000000E+001 -0.9495711952693454E-001  0.8160082892451162E-001  0.9484413484278628E-001 -0.5148533837870291E-001  0.2851865882330300E-002
 0.5408333300000000E+000  0.1191638600000000E+001 -0.8904435387488578E-001  0.7724776940465210E-001  0.8893109830602827E-001 -0.4639759665769982E-001  0.3010275621468028E-002
 0.5566666700000000E+000  0.1191638600000000E+001 -0.8358444619351427E-001  0.7315861907476102E-001  0.8347090256006476E-001 -0.4178964802782675E-001  0.3173046160097582E-002
 0.5722222200000000E+000  0.1191638600000000E+001 -0.7853472846977685E-001  0.6931445428618058E-001  0.7842087971884946E-001 -0.3762027424575955E-001  0.3340139205777837E-002
 0.5875000000000000E+000  0.1191638600000000E+001 -0.7385694695779672E-001  0.6569774199245225E-001  0.7374277640640038E-001 -0.3385074674029707E-001  0.3511502736818300E-002
 0.6025000000000000E+000  0.1191638600000000E+001 -0.6951686916113675E-001  0.6229230130519775E-001  0.6940236079849411E-001 -0.3044502646864647E-001  0.3687065300846018E-002
 0.6172222200000000E+000  0.1191638600000000E+001 -0.6548386745805232E-001  0.5908322116744546E-001  0.6536900631656374E-001 -0.2736980407446208E-001  0.3866730902757495E-002
 0.6316666700000000E+000  0.1191638600000000E+001 -0.6173054045593128E-001  0.5605677973665770E-001  0.6161531306477307E-001 -0.2459446222351575E-001  0.4050372785473873E-002
 0.6458333300000000E+000  0.1191638600000000E+001 -0.5823237304065937E-001  0.5320036803057780E-001  0.5811676797865179E-001 -0.2209098469948035E-001  0.4237825819522661E-002
 0.6597222200000000E+000  0.1191638600000000E+001 -0.5496739966253335E-001  0.5050239071297466E-001  0.5485140822552931E-001 -0.1983380721989597E-001  0.4428879292868583E-002
 0.6733333300000000E+000  0.1191638600000000E+001 -0.5191593439310183E-001  0.4795219779926908E-001  0.5179955140048789E-001 -0.1779967243223613E-001  0.4623266684389555E-002
 0.6866666700000000E+000  0.1191638600000000E+001 -0.4906030120338861E-001  0.4553999562558732E-001  0.4894352596463385E-001 -0.1596745341385907E-001  0.4820655619217648E-002
 0.6997222200000000E+000  0.1191638600000000E+001 -0.4638461513168866E-001  0.4325678118347997E-001  0.4626745260329634E-001 -0.1431799065237682E-001  0.5020634784880853E-002
 0.7125000000000000E+000  0.1191638600000000E+001 -0.4387456301338476E-001  0.4109425923270904E-001  0.4375702517392424E-001 -0.1283391557184778E-001  0.5222700728785184E-002
 0.7250000000000000E+000  0.1191638600000000E+001 -0.4151723625237425E-001  0.3904478882242907E-001  0.4139934373457630E-001 -0.1149949909636966E-001  0.5426240367809060E-002
 0.7372222200000000E+000  0.1191638600000000E+001 -0.3930096082250267E-001  0.3710131463419315E-001  0.3918274483746923E-001 -0.1030049459983456E-001  0.5630512675941927E-002
 0.7491666700000000E+000  0.1191638600000000E+001 -0.3721515350053286E-001  0.3525730950600574E-001  0.3709665809652042E-001 -0.9223996238011253E-002  0.5834626965952839E-002
 0.7608333300000000E+000  0.1191638600000000E+001 -0.3525019981928941E-001  0.3350672619268075E-001  0.3513148451878809E-001 -0.8258310554849560E-002  0.6037517298824248E-002
 0.7722222200000000E+000  0.1191638600000000E+001 -0.3339732597573738E-001  0.3184393506414526E-001  0.3327846883100179E-001 -0.7392828607134092E-002  0.6237915283148406E-002
 0.7833333300000000E+000  0.1191638600000000E+001 -0.3164850559624434E-001  0.3026368520468918E-001  0.3152960670520609E-001 -0.6617920023052947E-002  0.6434316655065322E-002
 0.7941666700000000E+000  0.1191638600000000E+001 -0.2999635513971164E-001  0.2876104883931448E-001  0.2987754065052926E-001 -0.5924826403187787E-002  0.6624945900184317E-002
 0.8047222200000000E+000  0.1191638600000000E+001 -0.2843405240156305E-001  0.2733138076520440E-001  0.2831547902052328E-001 -0.5305570782819997E-002  0.6807715006958102E-002
 0.8149999999999999E+000  0.1191638600000000E+001 -0.2695524201779180E-001  0.2597026085080860E-001  0.2683710200902498E-001 -0.4752867478656141E-002  0.6980180351645711E-002
 0.8250000000000000E+000  0.1191638600000000E+001 -0.2555396575966094E-001  0.2467345461784506E-001  0.2543649237957086E-001 -0.4260048055399293E-002  0.7139493724015553E-002
 0.8347222200000000E+000  0.1191638600000000E+001 -0.2422457875461852E-001  0.2343685691427142E-001  0.2410805200475569E-001 -0.3820987745432450E-002  0.7282353017267243E-002
 0.8441666700000000E+000  0.1191638600000000E+001 -0.2296167308355573E-001  0.2225643861846647E-001  0.2284642557288383E-001 -0.3430041300117908E-002  0.7404952006004558E-002
 0.8533333300000000E+000  0.1191638600000000E+001 -0.2176000705784954E-001  0.2112819530176626E-001  0.2164642962920349E-001 -0.3081987046072122E-002  0.7502932991412913E-002
 0.8622222200000000E+000  0.1191638600000000E+001 -0.2061442041111401E-001  0.2004807955016513E-001  0.2050296703639124E-001 -0.2771973628638647E-002  0.7571349589840259E-002
 0.8708333300000000E+000  0.1191638600000000E+001 -0.1951976962888650E-001  0.1901194918679128E-001  0.1941096081112400E-001 -0.2495480161354366E-002  0.7604644997635611E-002
 0.8791666700000000E+000  0.1191638600000000E+001 -0.1847085185709084E-001  0.1801550199399859E-001  0.1836527553811080E-001 -0.2248280889330983E-002  0.7596660919907103E-002
 0.8872222200000000E+000  0.1191638600000000E+001 -0.1746235124101767E-001  0.1705422903471044E-001  0.1736065982828286E-001 -0.2026424161131675E-002  0.7540693173691065E-002
 0.8950000000000000E+000  0.1191638600000000E+001 -0.1648878845354959E-001  0.1612336869405158E-001  0.1639169030348102E-001 -0.1826221154228720E-002  0.7429618915931259E-002
 0.9025000000000000E+000  0.1191638600000000E+001 -0.1554451964790053E-001  0.1521790598118887E-001  0.1545276293053992E-001 -0.1644254836302836E-002  0.7256129513211937E-002
 0.9097222200000000E+000  0.1191638600000000E+001 -0.1462377284545942E-001  0.1433260670147974E-001  0.1453811970050417E-001 -0.1477405067018282E-002  0.7013110713532369E-002
 0.9166666700000000E+000  0.1191638600000000E+001 -0.1372076613051371E-001  0.1346213044520075E-001  0.1364195523112376E-001 -0.1322896485704871E-002  0.6694221678581993E-002
 0.9233333300000000E+000  0.1191638600000000E+001 -0.1282993840562738E-001  0.1260125443744946E-001  0.1275863498727728E-001 -0.1178369155265499E-002  0.6294730259868823E-002
 0.9297222200000000E+000  0.1191638600000000E+001 -0.1194630287475687E-001  0.1174522141188666E-001  0.1188303751568596E-001 -0.1041964916154122E-002  0.5812641379294725E-002
 0.9358333300000000E+000  0.1191638600000000E+001 -0.1106597372235023E-001  0.1089026457161755E-001  0.1101107439056584E-001 -0.9124241594574173E-003  0.5250139988984462E-002
 0.9416666700000000E+000  0.1191638600000000E+001 -0.1018681603859239E-001  0.1003426598480441E-001  0.1014034308072028E-001 -0.7891666099145474E-003  0.4615260431263713E-002
 0.9472222200000000E+000  0.1191638600000000E+001 -0.9309171821852586E-002  0.9177505812004398E-002  0.9270870672879556E-002 -0.6723288172196112E-003  0.3923575207591088E-002
 0.9525000000000000E+000  0.1191638600000000E+001 -0.8436460630320696E-002  0.8323305339062814E-002  0.8405750820941067E-002 -0.5627134273252452E-003  0.3199431198566826E-002
 0.9575000000000000E+000  0.1191638600000000E+001 -0.7575427797561248E-002  0.7478333207323560E-002  0.7551444211601708E-002 -0.4616189748584060E-003  0.2476033414329685E-002
 0.9622222200000000E+000  0.1191638600000000E+001 -0.6735693498509286E-002  0.6652216571237739E-002  0.6717384267188231E-002 -0.3705340425996921E-003  0.1793399392260997E-002
 0.9666666700000000E+000  0.1191638600000000E+001 -0.5928433888874765E-002  0.5856265303906988E-002  0.5914697410750304E-002 -0.2907415081026217E-003  0.1193338326563378E-002
 0.9708333300000000E+000  0.1191638600000000E+001 -0.5164355522977694E-002  0.5101447092852547E-002  0.5154176426656132E-002 -0.2229418707417784E-003  0.7113288945431561E-003
 0.9747222200000000E+000  0.1191638600000000E+001 -0.4451599374714534E-002  0.4396243617529908E-002  0.4444136949486286E-002 -0.1670386696143748E-003  0.3668104868199298E-003
 0.9783333300000000E+000  0.1191638600000000E+001 -0.3794580294738557E-002  0.3745417118278777E-002  0.3789185706377372E-002 -0.1221874433783899E-003  0.1557490348038052E-003
 0.9816666700000000E+000  0.1191638600000000E+001 -0.3194299301221536E-002  0.3150268402719593E-002  0.3190479515252469E-002 -0.8706355505093794E-004  0.5069403400936227E-004
 0.9847222200000000E+000  0.1191638600000000E+001 -0.2649757768838094E-002  0.2610040066177057E-002  0.2647128038205940E-002 -0.6018362293333051E-004  0.1137569567239391E-004
 0.9875000000000000E+000  0.1191638600000000E+001 -0.2159337350857506E-002  0.2123314833270325E-002  0.2157589968207239E-002 -0.4011941472351932E-004  0.1492846767072525E-005
 0.9900000000000000E+000  0.1191638600000000E+001 -0.1721510828800859E-002  0.1688745613887165E-002  0.1720399721251866E-002 -0.2557975925958751E-004  0.8377885710172405E-007
 0.9922222200000000E+000  0.1191638600000000E+001 -0.1334995244516334E-002  0.1305219963309496E-002  0.1334326856049238E-002 -0.1542251246618294E-004 -0.6757487099756073E-010
 0.9941666700000000E+000  0.1191638600000000E+001 -0.9987399908859642E-003  0.9718571429768733E-003  0.9983658261397501E-003 -0.8649852897821611E-005 -0.9704828168717178E-010
 0.9958333300000000E+000  0.1191638600000000E+001 -0.7119005388048988E-003  0.6879939471662238E-003  0.7117104082129129E-003 -0.4402192455020149E-005 -0.6650801746398580E-012
 0.9972222200000000E+000  0.1191638600000000E+001 -0.4737968765045862E-003  0.4531625066166757E-003  0.4737126537154497E-003 -0.1952468659830761E-005  0.8854786250665139E-014
 0.9983333300000000E+000  0.1191638600000000E+001 -0.2839013854458456E-003  0.2671022068811104E-003  0.2838711444207651E-003 -0.7017246310073679E-006  0.1657605858393702E-016
 0.9991666700000000E+000  0.1191638600000000E+001 -0.1418109143721636E-003  0.1300389400408607E-003  0.1418033688789241E-003 -0.1752110390634395E-006  0.1450680153901523E-019
 0.9997222200000000E+000  0.1191638600000000E+001 -0.4724039010351700E-004  0.3948289485513984E-004  0.4723955277228092E-004 -0.1945224133722727E-007  0.1003611324284658E-018
 0.1000000000000000E+001  0.1191638600000000E+001 -0.1392349226800261E-188  0.1392349226800261E-188 -0.1392349226800261E-188  0.1392349226800261E-188  0.1392349226800261E-188

 0.0000000000000000E+000  0.1242193000000000E+001 -0.4550650035774531E+000  0.2742649546335074E+000  0.4549545777712326E+000 -0.2964000000000000E+000  0.5639953873447509E-003
 0.2777777800000000E-003  0.1242193000000000E+001 -0.4550647744621402E+000  0.2742648499894854E+000  0.4549543486556981E+000 -0.2963999148828015E+000  0.5639958269298105E-003
 0.8333333300000000E-003  0.1242193000000000E+001 -0.4550629392565972E+000  0.2742640117942908E+000  0.4549525134483793E+000 -0.2963992330941215E+000  0.5639993480028060E-003
 0.1666666700000000E-002  0.1242193000000000E+001 -0.4550567326463972E+000  0.2742611770394950E+000  0.4549463068321740E+000 -0.2963969272666346E+000  0.5640112563272745E-003
 0.2777777800000000E-002  0.1242193000000000E+001 -0.4550419784938479E+000  0.2742544383290612E+000  0.4549315526653483E+000 -0.2963914456893275E+000  0.5640395654074191E-003
 0.4166666700000000E-002  0.1242193000000000E+001 -0.4550130567316862E+000  0.2742412287068083E+000  0.4549026308751979E+000 -0.2963806994757506E+000  0.5640950622296496E-003
 0.5833333300000000E-002  0.1242193000000000E+001 -0.4549628604400354E+000  0.2742183019332821E+000  0.4548524345349595E+000 -0.2963620453975517E+000  0.5641913947105464E-003
 0.7777777800000000E-002  0.1242193000000000E+001 -0.4548827442158195E+000  0.2741817086729974E+000  0.4547723182331672E+000 -0.2963322643284763E+000  0.5643451806761727E-003
 0.1000000000000000E-001  0.1242193000000000E+001 -0.4547624654303414E+000  0.2741267692600797E+000  0.4546520393311589E+000 -0.2962875352723075E+000  0.5645761379089571E-003
 0.1250000000000000E-001  0.1242193000000000E+001 -0.4545901203137399E+000  0.2740480438493186E+000  0.4544796940474485E+000 -0.2962234049014290E+000  0.5649072348860596E-003
 0.1527777800000000E-001  0.1242193000000000E+001 -0.4543520775428400E+000  0.2739393010759734E+000  0.4542416510454763E+000 -0.2961347526093159E+000  0.5653648612789138E-003
 0.1833333300000000E-001  0.1242193000000000E+001 -0.4540329127385896E+000  0.2737934866569261E+000  0.4539224859309298E+000 -0.2960157511314606E+000  0.5659790168696268E-003
 0.2166666700000000E-001  0.1242193000000000E+001 -0.4536153472323848E+000  0.2736026933165243E+000  0.4535049200179342E+000 -0.2958598225320030E+000  0.5667835187488369E-003
 0.2527777800000000E-001  0.1242193000000000E+001 -0.4530801978972998E+000  0.2733581349589567E+000  0.4529697701601320E+000 -0.2956595903854581E+000  0.5678162212811484E-003
 0.2916666700000000E-001  0.1242193000000000E+001 -0.4524063411982073E+000  0.2730501263097272E+000  0.4522959128006279E+000 -0.2954068273798097E+000  0.5691192516627517E-003
 0.3333333300000000E-001  0.1242193000000000E+001 -0.4515707016510821E+000  0.2726680724253845E+000  0.4514602724310976E+000 -0.2950923999780691E+000  0.5707392517119484E-003
 0.3777777800000000E-001  0.1242193000000000E+001 -0.4505482697141360E+000  0.2722004700689936E+000  0.4504378394826989E+000 -0.2947062096889555E+000  0.5727276278355806E-003
 0.4250000000000000E-001  0.1242193000000000E+001 -0.4493121624094306E+000  0.2716349266919510E+000  0.4492017309474372E+000 -0.2942371335581512E+000  0.5751407962853260E-003
 0.4750000000000000E-001  0.1242193000000000E+001 -0.4478337314215842E+000  0.2709581988162054E+000  0.4477232984765890E+000 -0.2936729633935071E+000  0.5780404282820013E-003
 0.5277777800000000E-001  0.1242193000000000E+001 -0.4460827349662029E+000  0.2701562568628372E+000  0.4459723002488176E+000 -0.2930003479548055E+000  0.5814936775240437E-003
 0.5833333300000000E-001  0.1242193000000000E+001 -0.4440275813998149E+000  0.2692143796560983E+000  0.4439171445797527E+000 -0.2922047398979351E+000  0.5855733883204738E-003
 0.6416666700000000E-001  0.1242193000000000E+001 -0.4416356543387528E+000  0.2681172826623902E+000  0.4415252150404732E+000 -0.2912703510243014E+000  0.5903582777394470E-003
 0.7027777800000000E-001  0.1242193000000000E+001 -0.4388737347410001E+000  0.2668492866817430E+000  0.4387632925389090E+000 -0.2901801232450174E+000  0.5959330708487152E-003
 0.7666666699999999E-001  0.1242193000000000E+001 -0.4357085176048880E+000  0.2653945256496311E+000  0.4355980720180349E+000 -0.2889157179772240E+000  0.6023885988987754E-003
 0.8333333300000000E-001  0.1242193000000000E+001 -0.4321072375082501E+000  0.2637371999732245E+000  0.4319967879944654E+000 -0.2874575359945378E+000  0.6098218305342769E-003
 0.9027777800000000E-001  0.1242193000000000E+001 -0.4280383922677777E+000  0.2618618706332230E+000  0.4279279382171809E+000 -0.2857847734142818E+000  0.6183358473127268E-003
 0.9750000000000000E-001  0.1242193000000000E+001 -0.4234725686287407E+000  0.2597537963635754E+000  0.4233621093565483E+000 -0.2838755293079462E+000  0.6280397337020270E-003
 0.1050000000000000E+000  0.1242193000000000E+001 -0.4183833406739871E+000  0.2573993014010749E+000  0.4182728754125319E+000 -0.2817069711706828E+000  0.6390484070514329E-003
 0.1127777800000000E+000  0.1242193000000000E+001 -0.4127482300750833E+000  0.2547861703606146E+000  0.4126377579649566E+000 -0.2792555759975557E+000  0.6514823603502946E-003
 0.1208333300000000E+000  0.1242193000000000E+001 -0.4065497000630778E+000  0.2519040595784942E+000  0.4064392201433069E+000 -0.2764974614551987E+000  0.6654673093268117E-003
 0.1291666700000000E+000  0.1242193000000000E+001 -0.3997760900130539E+000  0.2487448847616647E+000  0.3996656012101491E+000 -0.2734087944680230E+000  0.6811338690974989E-003
 0.1377777800000000E+000  0.1242193000000000E+001 -0.3924225718026357E+000  0.2453032265944201E+000  0.3923120729184982E+000 -0.2699663423372905E+000  0.6986169790042167E-003
 0.1466666700000000E+000  0.1242193000000000E+001 -0.3844918761730939E+000  0.2415766416101053E+000  0.3843813658715065E+000 -0.2661480789907351E+000  0.7180555458618139E-003
 0.1558333300000000E+000  0.1242193000000000E+001 -0.3759949420769849E+000  0.2375659545631357E+000  0.3758844188686710E+000 -0.2619339349745916E+000  0.7395918503719169E-003
 0.1652777800000000E+000  0.1242193000000000E+001 -0.3669512527443667E+000  0.2332754267422571E+000  0.3668407149703343E+000 -0.2573065899991696E+000  0.7633711826780857E-003
 0.1750000000000000E+000  0.1242193000000000E+001 -0.3573890122440229E+000  0.2287128772838818E+000  0.3572784580571889E+000 -0.2522523789190423E+000  0.7895412448248614E-003
 0.1850000000000000E+000  0.1242193000000000E+001 -0.3473448885689525E+000  0.2238896314702107E+000  0.3472343159136526E+000 -0.2467621525838000E+000  0.8182519765926554E-003
 0.1952777800000000E+000  0.1242193000000000E+001 -0.3368635454828247E+000  0.2188204029371719E+000  0.3367529520721629E+000 -0.2408321657128038E+000  0.8496552265364013E-003
 0.2058333300000000E+000  0.1242193000000000E+001 -0.3259968278460017E+000  0.2135230452226179E+000  0.3258862111367579E+000 -0.2344648660821698E+000  0.8839046606969452E-003
 0.2166666700000000E+000  0.1242193000000000E+001 -0.3148026227014626E+000  0.2080181788530960E+000  0.3146919798661990E+000 -0.2276695182180083E+000  0.9211559879071918E-003
 0.2277777800000000E+000  0.1242193000000000E+001 -0.3033435990283354E+000  0.2023287863268380E+000  0.3032329269246650E+000 -0.2204626970600073E+000  0.9615670204224308E-003
 0.2391666700000000E+000  0.1242193000000000E+001 -0.2916856323442675E+000  0.1964796703341813E+000  0.2915749274806310E+000 -0.2128684480935924E+000  0.1005298418536688E-002
 0.2508333300000000E+000  0.1242193000000000E+001 -0.2798962575561209E+000  0.1904969316278456E+000  0.2797855160539923E+000 -0.2049182382661589E+000  0.1052514249633848E-002
 0.2627777800000000E+000  0.1242193000000000E+001 -0.2680430049959753E+000  0.1844073810103567E+000  0.2679322225477946E+000 -0.1966505388705355E+000  0.1103383154352888E-002
 0.2750000000000000E+000  0.1242193000000000E+001 -0.2561919214000715E+000  0.1782380232319618E+000  0.2560810932227993E+000 -0.1881101905042374E+000  0.1158079260144025E-002
 0.2875000000000000E+000  0.1242193000000000E+001 -0.2444060855740889E+000  0.1720155026178530E+000  0.2442952063573718E+000 -0.1793473983574763E+000  0.1216783906632116E-002
 0.3002777800000000E+000  0.1242193000000000E+001 -0.2327444263625733E+000  0.1657656568560642E+000  0.2326334902112610E+000 -0.1704165765358807E+000  0.1279687135743410E-002
 0.3133333300000000E+000  0.1242193000000000E+001 -0.2212607327185478E+000  0.1595131155925348E+000  0.2211497330887363E+000 -0.1613750014723861E+000  0.1346989559749685E-002
 0.3266666700000000E+000  0.1242193000000000E+001 -0.2100028865505788E+000  0.1532809543859671E+000  0.2098918161781648E+000 -0.1522813485156113E+000  0.1418904666780993E-002
 0.3402777800000000E+000  0.1242193000000000E+001 -0.1990124523756874E+000  0.1470904783091907E+000  0.1989013031970956E+000 -0.1431942929100900E+000  0.1495660768588604E-002
 0.3541666700000000E+000  0.1242193000000000E+001 -0.1883243967543752E+000  0.1409610155140527E+000  0.1882131598177648E+000 -0.1341710774038103E+000  0.1577503908184417E-002
 0.3683333300000000E+000  0.1242193000000000E+001 -0.1779671359064822E+000  0.1349098382624983E+000  0.1778558012730097E+000 -0.1252662890186487E+000  0.1664700349938558E-002
 0.3827777800000000E+000  0.1242193000000000E+001 -0.1679626989866115E+000  0.1289521033035405E+000  0.1678512556200098E+000 -0.1165307486876256E+000  0.1757539891217261E-002
 0.3975000000000000E+000  0.1242193000000000E+001 -0.1583271357500134E+000  0.1231008984647402E+000  0.1582155713941608E+000 -0.1080106885563809E+000  0.1856338696997858E-002
 0.4125000000000000E+000  0.1242193000000000E+001 -0.1490709418013252E+000  0.1173672756436640E+000  0.1489592428436691E+000 -0.9974707244646493E-001  0.1961443299296824E-002
 0.4277777800000000E+000  0.1242193000000000E+001 -0.1401996404276552E+000  0.1117603649844252E+000  0.1400877917483050E+000 -0.9177521428493593E-001  0.2073234206753844E-002
 0.4433333300000000E+000  0.1242193000000000E+001 -0.1317143787744457E+000  0.1062874975804052E+000  0.1316023635799879E+000 -0.8412458889651651E-001  0.2192130082427086E-002
 0.4591666700000000E+000  0.1242193000000000E+001 -0.1236125187128763E+000  0.1009543324711860E+000  0.1235003183543038E+000 -0.7681882042825013E-001  0.2318592589756193E-002
 0.4752777800000000E+000  0.1242193000000000E+001 -0.1158882764608239E+000  0.9576503192073382E-001  0.1157758702376307E+000 -0.6987589001140801E-001  0.2453130729593998E-002
 0.4916666700000000E+000  0.1242193000000000E+001 -0.1085332594275976E+000  0.9072239243629575E-001  0.1084206243789248E+000 -0.6330840995586816E-001  0.2596306586822733E-002
 0.5083333300000000E+000  0.1242193000000000E+001 -0.1015370223982471E+000  0.8582801514144889E-001  0.1014241330875477E+000 -0.5712405257236920E-001  0.2748740356322659E-002
 0.5247222200000000E+000  0.1242193000000000E+001 -0.9509850660199876E-001  0.8123446944929399E-001  0.9498534456080381E-001 -0.5150852970599720E-001  0.2905670330039261E-002
 0.5408333300000000E+000  0.1242193000000000E+001 -0.8916428921944324E-001  0.7692055305928473E-001  0.8905083566060309E-001 -0.4641686225171200E-001  0.3067073190980839E-002
 0.5566666700000000E+000  0.1242193000000000E+001 -0.8368625773383563E-001  0.7286641447538761E-001  0.8357249370372204E-001 -0.4180559739916065E-001  0.3232920245672012E-002
 0.5722222200000000E+000  0.1242193000000000E+001 -0.7862123840868035E-001  0.6905358454712009E-001  0.7850714498127921E-001 -0.3763343547604935E-001  0.3403172685166031E-002
 0.5875000000000000E+000  0.1242193000000000E+001 -0.7393054918445675E-001  0.6546493504795664E-001  0.7381610770342016E-001 -0.3386157353232687E-001  0.3577777747147183E-002
 0.6025000000000000E+000  0.1242193000000000E+001 -0.6957959552106309E-001  0.6208464509340324E-001  0.6946478790249985E-001 -0.3045390593030180E-001  0.3756662912711189E-002
 0.6172222200000000E+000  0.1242193000000000E+001 -0.6553744414440636E-001  0.5889812365475321E-001  0.6542225324981601E-001 -0.2737706457890849E-001  0.3939730704610722E-002
 0.6316666700000000E+000  0.1242193000000000E+001 -0.6177643588092831E-001  0.5589193335431251E-001  0.6166084597473937E-001 -0.2460038095454057E-001  0.4126852358441209E-002
 0.6458333300000000E+000  0.1242193000000000E+001 -0.5827183840544825E-001  0.5305371809769124E-001  0.5815583571440196E-001 -0.2209579465319083E-001  0.4317860077514534E-002
 0.6597222200000000E+000  0.1242193000000000E+001 -0.5500150324484292E-001  0.5037210760755339E-001  0.5488507663482133E-001 -0.1983770353752327E-001  0.4512539696936551E-002
 0.6733333300000000E+000  0.1242193000000000E+001 -0.5194559056361978E-001  0.4783665230992412E-001  0.5182873235956292E-001 -0.1780281803726959E-001  0.4710620275647224E-002
 0.6866666700000000E+000  0.1242193000000000E+001 -0.4908629492963317E-001  0.4543773727960510E-001  0.4896900190003771E-001 -0.1596998395403659E-001  0.4911763875380870E-002
 0.6997222200000000E+000  0.1242193000000000E+001 -0.4640762270152465E-001  0.4316651910316160E-001  0.4628989723917128E-001 -0.1432001879203958E-001  0.5115552244397994E-002
 0.7125000000000000E+000  0.1242193000000000E+001 -0.4389516953350545E-001  0.4101484533371713E-001  0.4377702106088972E-001 -0.1283553468399370E-001  0.5321473382023190E-002
 0.7250000000000000E+000  0.1242193000000000E+001 -0.4153595045101714E-001  0.3897520294021603E-001  0.4141739709130312E-001 -0.1150078642211948E-001  0.5528903735254522E-002
 0.7372222200000000E+000  0.1242193000000000E+001 -0.3931822754014180E-001  0.3704065142690476E-001  0.3919929808989412E-001 -0.1030151393367013E-001  0.5737089558979907E-002
 0.7491666700000000E+000  0.1242193000000000E+001 -0.3723136421675156E-001  0.3520476685934804E-001  0.3711210046481221E-001 -0.9224800201044466E-002  0.5945124805923623E-002
 0.7608333300000000E+000  0.1242193000000000E+001 -0.3526570148903187E-001  0.3346159488624948E-001  0.3514616092745507E-001 -0.8258942512485495E-002  0.6151925069813722E-002
 0.7722222200000000E+000  0.1242193000000000E+001 -0.3341242837953144E-001  0.3180558956830777E-001  0.3329268734838473E-001 -0.7393324279735645E-002  0.6356199885707640E-002
 0.7833333300000000E+000  0.1242193000000000E+001 -0.3166348737486349E-001  0.3023157531962299E-001  0.3154364468577162E-001 -0.6618308836529011E-002  0.6556418686644053E-002
 0.7941666700000000E+000  0.1242193000000000E+001 -0.3001146861614957E-001  0.2873469205883769E-001  0.2989164968454235E-001 -0.5925132616498423E-002  0.6750774756064380E-002
 0.8047222200000000E+000  0.1242193000000000E+001 -0.2844952725549741E-001  0.2731035510970441E-001  0.2832988875890929E-001 -0.5305814426717638E-002  0.6937143183941397E-002
 0.8149999999999999E+000  0.1242193000000000E+001 -0.2697128783014098E-001  0.2595419802693368E-001  0.2685202288199731E-001 -0.4753065132628739E-002  0.7113036896394056E-002
 0.8250000000000000E+000  0.1242193000000000E+001 -0.2557077339420963E-001  0.2466203321127919E-001  0.2545211717752414E-001 -0.4260213486732846E-002  0.7275556678101624E-002
 0.8347222200000000E+000  0.1242193000000000E+001 -0.2424232050466207E-001  0.2342979543132073E-001  0.2412455624791733E-001 -0.3821132428045976E-002  0.7421340803653169E-002
 0.8441666700000000E+000  0.1242193000000000E+001 -0.2298050146537335E-001  0.2225348809210046E-001  0.2286396654845442E-001 -0.3430174827549378E-002  0.7546513669802644E-002
 0.8533333300000000E+000  0.1242193000000000E+001 -0.2178005209018139E-001  0.2112913116148669E-001  0.2166514392827834E-001 -0.3082117448681114E-002  0.7646637254611031E-002
 0.8622222200000000E+000  0.1242193000000000E+001 -0.2063578521498119E-001  0.2005269250612118E-001  0.2052296641186478E-001 -0.2772107601427727E-002  0.7716672794201459E-002
 0.8708333300000000E+000  0.1242193000000000E+001 -0.1954252415265221E-001  0.1902003477855323E-001  0.1943232614190542E-001 -0.2495623206035374E-002  0.7750958074711709E-002
 0.8791666700000000E+000  0.1242193000000000E+001 -0.1849502461016724E-001  0.1802684861258502E-001  0.1838804875190235E-001 -0.2248437372157868E-002  0.7743215797484124E-002
 0.8872222200000000E+000  0.1242193000000000E+001 -0.1748791900712846E-001  0.1706860425039073E-001  0.1738483371032296E-001 -0.2026597287826391E-002  0.7686609312912628E-002
 0.8950000000000000E+000  0.1242193000000000E+001 -0.1651566422055707E-001  0.1614050403459190E-001  0.1641719636873591E-001 -0.1826412866288812E-002  0.7573871177448668E-002
 0.9025000000000000E+000  0.1242193000000000E+001 -0.1557253934139307E-001  0.1523748059119057E-001  0.1547945787085454E-001 -0.1644465639669925E-002  0.7397539265043335E-002
 0.9097222200000000E+000  0.1242193000000000E+001 -0.1465268210850992E-001  0.1435423101653030E-001  0.1456577156044432E-001 -0.1477633817806284E-002  0.7150343077546528E-002
 0.9166666700000000E+000  0.1242193000000000E+001 -0.1375020923449033E-001  0.1348533183172780E-001  0.1367023130701053E-001 -0.1323140177958223E-002  0.6825793110515334E-002
 0.9233333300000000E+000  0.1242193000000000E+001 -0.1285945249432848E-001  0.1262546790130416E-001  0.1278709458250273E-001 -0.1178622782853513E-002  0.6419032258677390E-002
 0.9297222200000000E+000  0.1242193000000000E+001 -0.1197532195616448E-001  0.1176978978569781E-001  0.1191113396342286E-001 -0.1042221509845626E-002  0.5927987522355619E-002
 0.9358333300000000E+000  0.1242193000000000E+001 -0.1109384772194096E-001  0.1091445358862062E-001  0.1103817177510943E-001 -0.9126751174475474E-003  0.5354844648073019E-002
 0.9416666700000000E+000  0.1242193000000000E+001 -0.1021285011227046E-001  0.1005729977057832E-001  0.1016575316905334E-001 -0.7894024256165923E-003  0.4707756395809268E-002
 0.9472222200000000E+000  0.1242193000000000E+001 -0.9332688871230503E-002  0.9198626280766026E-002  0.9293913541568494E-002 -0.6725402335027992E-003  0.4002573251447082E-002
 0.9525000000000000E+000  0.1242193000000000E+001 -0.8456884283507543E-002  0.8341853511050891E-002  0.8425837170504397E-002 -0.5628928945766915E-003  0.3264113881653941E-002
 0.9575000000000000E+000  0.1242193000000000E+001 -0.7592373835868426E-002  0.7493841101019392E-002  0.7568168031035892E-002 -0.4617620855681314E-003  0.2526258296223970E-002
 0.9622222200000000E+000  0.1242193000000000E+001 -0.6749046494589409E-002  0.6664486663401943E-002  0.6730602854200915E-002 -0.3706404486948111E-003  0.1829862885264176E-002
 0.9666666700000000E+000  0.1242193000000000E+001 -0.5938378982862424E-002  0.5865406772947405E-002  0.5924568025663369E-002 -0.2908148576673453E-003  0.1217630837477346E-002
 0.9708333300000000E+000  0.1242193000000000E+001 -0.5171341616317933E-002  0.5107843431381298E-002  0.5161124259009231E-002 -0.2229886403126040E-003  0.7258100110442952E-003
 0.9747222200000000E+000  0.1242193000000000E+001 -0.4456235068648634E-002  0.4400450986885371E-002  0.4448753859716235E-002 -0.1670663152917065E-003  0.3742704207078267E-003
 0.9783333300000000E+000  0.1242193000000000E+001 -0.3797499351372523E-002  0.3748029282849451E-002  0.3792095638593960E-002 -0.1222026799214084E-003  0.1589106656110230E-003
 0.9816666700000000E+000  0.1242193000000000E+001 -0.3196051282258466E-002  0.3151804764130446E-002  0.3192227080781401E-002 -0.8707142412904237E-004  0.5172058937627164E-004
 0.9847222200000000E+000  0.1242193000000000E+001 -0.2650759940632884E-002  0.2610894715489393E-002  0.2648128138164130E-002 -0.6018742787869048E-004  0.1160541559402245E-004
 0.9875000000000000E+000  0.1242193000000000E+001 -0.2159880258881362E-002  0.2123760175334417E-002  0.2158131963157267E-002 -0.4012112220537758E-004  0.1522902810155339E-005
 0.9900000000000000E+000  0.1242193000000000E+001 -0.1721786111758435E-002  0.1688959068293735E-002  0.1720674635148869E-002 -0.2558045938153139E-004  0.8545900045802050E-007
 0.9922222200000000E+000  0.1242193000000000E+001 -0.1335123680049890E-002  0.1305311294159897E-002  0.1334455158047176E-002 -0.1542276890062816E-004 -0.6924732274485099E-010
 0.9941666700000000E+000  0.1242193000000000E+001 -0.9987937849633235E-003  0.9718901988492722E-003  0.9984195783732978E-003 -0.8649934094931110E-005 -0.9899949568220957E-010
 0.9958333300000000E+000  0.1242193000000000E+001 -0.7119200246026574E-003  0.6880029055341433E-003  0.7117298832070578E-003 -0.4402213604544113E-005 -0.6783251622321515E-012
 0.9972222200000000E+000  0.1242193000000000E+001 -0.4738026214456746E-003  0.4531635909666768E-003  0.4737183965369022E-003 -0.1952472839685108E-005  0.9033048681305603E-014
 0.9983333300000000E+000  0.1242193000000000E+001 -0.2839026214991248E-003  0.2671017700496218E-003  0.2838723802008489E-003 -0.7017251729555137E-006  0.1689924996039852E-016
 0.9991666700000000E+000  0.1242193000000000E+001 -0.1418110684268784E-003  0.1300386767634970E-003  0.1418035229166422E-003 -0.1752110729476318E-006 -0.5937466131356714E-019
 0.9997222200000000E+000  0.1242193000000000E+001 -0.4724039579848930E-004  0.3948285424403673E-004  0.4723955846704406E-004 -0.1945224175570909E-007 -0.1040284939165111E-018
 0.1000000000000000E+001  0.1242193000000000E+001 -0.1392349226800261E-188 -0.1392349226800261E-188 -0.1392349226800261E-188 -0.1392349226800261E-188 -0.1392349226800261E-188

 0.0000000000000000E+000  0.1289136300000000E+001 -0.4580450771201706E+000  0.2712849077007440E+000  0.4579346471327351E+000 -0.2964000000000000E+000  0.5723981178843295E-003
 0.2777777800000000E-003  0.1289136300000000E+001 -0.4580448455470036E+000  0.2712848049951322E+000  0.4579344155593379E+000 -0.2963999151906986E+000  0.5723985640187772E-003
 0.8333333300000000E-003  0.1289136300000000E+001 -0.4580429906541522E+000  0.2712839823265275E+000  0.4579325606646421E+000 -0.2963992358682522E+000  0.5724021375523394E-003
 0.1666666700000000E-002  0.1289136300000000E+001 -0.4580367174622676E+000  0.2712812000820856E+000  0.4579262874665201E+000 -0.2963969383813533E+000  0.5724142232992707E-003
 0.2777777800000000E-002  0.1289136300000000E+001 -0.4580218050351529E+000  0.2712745861968958E+000  0.4579113750245774E+000 -0.2963914766301516E+000  0.5724429541572022E-003
 0.4166666700000000E-002  0.1289136300000000E+001 -0.4579925730211079E+000  0.2712616212600513E+000  0.4578821429814621E+000 -0.2963807692770572E+000  0.5724992778281629E-003
 0.5833333300000000E-002  0.1289136300000000E+001 -0.4579418382758449E+000  0.2712391191512614E+000  0.4578314081857338E+000 -0.2963621826335114E+000  0.5725970455694466E-003
 0.7777777800000000E-002  0.1289136300000000E+001 -0.4578608626905264E+000  0.2712032036582855E+000  0.4577504325198404E+000 -0.2963325091647193E+000  0.5727531227966172E-003
 0.1000000000000000E-001  0.1289136300000000E+001 -0.4577392938410170E+000  0.2711492817279901E+000  0.4576288635492964E+000 -0.2962879415814025E+000  0.5729875210679927E-003
 0.1250000000000000E-001  0.1289136300000000E+001 -0.4575651004220581E+000  0.2710720141394366E+000  0.4574546699567680E+000 -0.2962240424397388E+000  0.5733235510689008E-003
 0.1527777800000000E-001  0.1289136300000000E+001 -0.4573245051768557E+000  0.2709652846969525E+000  0.4572140744715580E+000 -0.2961357092455258E+000  0.5737879956515633E-003
 0.1833333300000000E-001  0.1289136300000000E+001 -0.4570019187712834E+000  0.2708221693436275E+000  0.4568914877436863E+000 -0.2960171351079758E+000  0.5744113015662507E-003
 0.2166666700000000E-001  0.1289136300000000E+001 -0.4565798780158567E+000  0.2706349065461904E+000  0.4564694465657261E+000 -0.2958617647303990E+000  0.5752277897463176E-003
 0.2527777800000000E-001  0.1289136300000000E+001 -0.4560389953136507E+000  0.2703948718110235E+000  0.4559285633205620E+000 -0.2956622465514881E+000  0.5762758785510804E-003
 0.2916666700000000E-001  0.1289136300000000E+001 -0.4553579225327660E+000  0.2700925575220001E+000  0.4552474898536744E+000 -0.2954103802515277E+000  0.5775983228332617E-003
 0.3333333300000000E-001  0.1289136300000000E+001 -0.4545133396151539E+000  0.2697175624074674E+000  0.4544029060817596E+000 -0.2950970612381223E+000  0.5792424593322782E-003
 0.3777777800000000E-001  0.1289136300000000E+001 -0.4534799730119058E+000  0.2692585925854679E+000  0.4533695384277857E+000 -0.2947122216454054E+000  0.5812604603653550E-003
 0.4250000000000000E-001  0.1289136300000000E+001 -0.4522306574006773E+000  0.2687034798096206E+000  0.4521202215381557E+000 -0.2942447704296102E+000  0.5837095827384549E-003
 0.4750000000000000E-001  0.1289136300000000E+001 -0.4507364454977094E+000  0.2680392186644475E+000  0.4506260080944324E+000 -0.2936825320566481E+000  0.5866524165234143E-003
 0.5277777800000000E-001  0.1289136300000000E+001 -0.4489667824458410E+000  0.2672520296147489E+000  0.4488563432010185E+000 -0.2930121879794652E+000  0.5901571159569976E-003
 0.5833333300000000E-001  0.1289136300000000E+001 -0.4468897528480591E+000  0.2663274510694498E+000  0.4467793114183334E+000 -0.2922192226744037E+000  0.5942976106760029E-003
 0.6416666700000000E-001  0.1289136300000000E+001 -0.4444724103273959E+000  0.2652504644390499E+000  0.4443619663222882E+000 -0.2912878777668993E+000  0.5991537905811167E-003
 0.7027777800000000E-001  0.1289136300000000E+001 -0.4416812052348348E+000  0.2640056587810381E+000  0.4415707582117231E+000 -0.2902011216329795E+000  0.6048116430941618E-003
 0.7666666699999999E-001  0.1289136300000000E+001 -0.4384825081284817E+000  0.2625774337240306E+000  0.4383720575870464E+000 -0.2889406372008509E+000  0.6113633528063638E-003
 0.8333333300000000E-001  0.1289136300000000E+001 -0.4348432433809806E+000  0.2609502469959976E+000  0.4347327887570585E+000 -0.2874868399707755E+000  0.6189073331576019E-003
 0.9027777800000000E-001  0.1289136300000000E+001 -0.4307316220479155E+000  0.2591089019072710E+000  0.4306211627066857E+000 -0.2858189319778348E+000  0.6275482015938475E-003
 0.9750000000000000E-001  0.1289136300000000E+001 -0.4261179778960246E+000  0.2570388771066684E+000  0.4260075131244537E+000 -0.2839150072261877E+000  0.6373966679300378E-003
 0.1050000000000000E+000  0.1289136300000000E+001 -0.4209756768965137E+000  0.2547266863953163E+000  0.4208652058949643E+000 -0.2817522149355373E+000  0.6485693617929805E-003
 0.1127777800000000E+000  0.1289136300000000E+001 -0.4152820890935997E+000  0.2521602652988970E+000  0.4151716109665091E+000 -0.2793069984554403E+000  0.6611885715537974E-003
 0.1208333300000000E+000  0.1289136300000000E+001 -0.4090195943056598E+000  0.2493293740340827E+000  0.4089091080511932E+000 -0.2765554244933411E+000  0.6753818861764937E-003
 0.1291666700000000E+000  0.1289136300000000E+001 -0.4021765274432055E+000  0.2462259775347984E+000  0.4020660319417126E+000 -0.2734735902254644E+000  0.6912818670591675E-003
 0.1377777800000000E+000  0.1289136300000000E+001 -0.3947481452752821E+000  0.2428446435701394E+000  0.3946376392765424E+000 -0.2700381734957283E+000  0.7090254643129203E-003
 0.1466666700000000E+000  0.1289136300000000E+001 -0.3867373601120130E+000  0.2391828483735019E+000  0.3866268422209801E+000 -0.2662270391400451E+000  0.7287536547078960E-003
 0.1558333300000000E+000  0.1289136300000000E+001 -0.3781553947975952E+000  0.2352412647685878E+000  0.3780448634586216E+000 -0.2620199900596289E+000  0.7506108392596119E-003
 0.1652777800000000E+000  0.1289136300000000E+001 -0.3690221202036171E+000  0.2310239291543478E+000  0.3689115736828617E+000 -0.2573995622141651E+000  0.7747444733741078E-003
 0.1750000000000000E+000  0.1289136300000000E+001 -0.3593662304516150E+000  0.2265383631044559E+000  0.3592556668176273E+000 -0.2523519343524960E+000  0.8013044604280335E-003
 0.1850000000000000E+000  0.1289136300000000E+001 -0.3492249791355869E+000  0.2217955257070879E+000  0.3491143962376512E+000 -0.2468677941122317E+000  0.8304429750375817E-003
 0.1952777800000000E+000  0.1289136300000000E+001 -0.3386437010530852E+000  0.2168097016539632E+000  0.3385330964972753E+000 -0.2409432323135245E+000  0.8623141292307443E-003
 0.2058333300000000E+000  0.1289136300000000E+001 -0.3276749829712103E+000  0.2115982614735300E+000  0.3275643540938549E+000 -0.2345805395552038E+000  0.8970738798407546E-003
 0.2166666700000000E+000  0.1289136300000000E+001 -0.3163775062241030E+000  0.2061812997711727E+000  0.3162668500622839E+000 -0.2277888378389605E+000  0.9348802572203701E-003
 0.2277777800000000E+000  0.1289136300000000E+001 -0.3048147663120197E+000  0.2005812420927576E+000  0.3047040795710551E+000 -0.2205845820557098E+000  0.9758934268374802E-003
 0.2391666700000000E+000  0.1289136300000000E+001 -0.2930534743269932E+000  0.1948223171590141E+000  0.2929427533442177E+000 -0.2129917272854587E+000  0.1020276445061560E-002
 0.2508333300000000E+000  0.1289136300000000E+001 -0.2811619872807544E+000  0.1889300480932100E+000  0.2810512279855005E+000 -0.2050416854845678E+000  0.1068195826636522E-002
 0.2627777800000000E+000  0.1289136300000000E+001 -0.2692086214584729E+000  0.1829306781926903E+000  0.2690978193275087E+000 -0.1967729122337938E+000  0.1119822728334569E-002
 0.2750000000000000E+000  0.1289136300000000E+001 -0.2572601536895486E+000  0.1768506666978442E+000  0.2571493036978444E+000 -0.1882302732270143E+000  0.1175333876262602E-002
 0.2875000000000000E+000  0.1289136300000000E+001 -0.2453803190438608E+000  0.1707161458608638E+000  0.2452694156096091E+000 -0.1794640385597471E+000  0.1234913317104798E-002
 0.3002777800000000E+000  0.1289136300000000E+001 -0.2336286154719269E+000  0.1645524834579314E+000  0.2335176523955190E+000 -0.1705287235942750E+000  0.1298753930663996E-002
 0.3133333300000000E+000  0.1289136300000000E+001 -0.2220593043583922E+000  0.1583838883202626E+000  0.2219482747544564E+000 -0.1614817367548796E+000  0.1367059326003186E-002
 0.3266666700000000E+000  0.1289136300000000E+001 -0.2107206379519792E+000  0.1522330692807342E+000  0.2106095341733825E+000 -0.1523819088257858E+000  0.1440046181640140E-002
 0.3402777800000000E+000  0.1289136300000000E+001 -0.1996544485011655E+000  0.1461210209437195E+000  0.1995432620545750E+000 -0.1432880856794810E+000  0.1517946222743901E-002
 0.3541666700000000E+000  0.1289136300000000E+001 -0.1888958700929052E+000  0.1400668183353572E+000  0.1887845915440794E+000 -0.1342576872580295E+000  0.1601009172619048E-002
 0.3683333300000000E+000  0.1289136300000000E+001 -0.1784733926227282E+000  0.1340875365751834E+000  0.1783620114910189E+000 -0.1253454761234539E+000  0.1689505280562693E-002
 0.3827777800000000E+000  0.1289136300000000E+001 -0.1684090334130888E+000  0.1281981890355152E+000  0.1682975380532376E+000 -0.1166024397402966E+000  0.1783728683683578E-002
 0.3975000000000000E+000  0.1289136300000000E+001 -0.1587187555506491E+000  0.1224117700060812E+000  0.1586071330214182E+000 -0.1080749618111669E+000  0.1884000284819198E-002
 0.4125000000000000E+000  0.1289136300000000E+001 -0.1494129042372583E+000  0.1167392836583444E+000  0.1493011401545011E+000 -0.9980413826831969E-001  0.1990671812930828E-002
 0.4277777800000000E+000  0.1289136300000000E+001 -0.1404968005761789E+000  0.1111898531663800E+000  0.1403848789499594E+000 -0.9182539292722319E-001  0.2104129488243083E-002
 0.4433333300000000E+000  0.1289136300000000E+001 -0.1319713493257180E+000  0.1057708383236250E+000  0.1318592523802243E+000 -0.8416828704373439E-001  0.2224798264594159E-002
 0.4591666700000000E+000  0.1289136300000000E+001 -0.1238336406330973E+000  0.1004879575503078E+000  0.1237213486083683E+000 -0.7685650786580570E-001  0.2353146750625325E-002
 0.4752777800000000E+000  0.1289136300000000E+001 -0.1160775998417492E+000  0.9534545796079691E-001  0.1159650907789142E+000 -0.6990807758728108E-001  0.2489691615404267E-002
 0.4916666700000000E+000  0.1289136300000000E+001 -0.1086945330251680E+000  0.9034624191646994E-001  0.1085817825355130E+000 -0.6333562960984243E-001  0.2635003425950435E-002
 0.5083333300000000E+000  0.1289136300000000E+001 -0.1016736908761376E+000  0.8549203292369072E-001  0.1015606718999658E+000 -0.5714684001971152E-001  0.2789711755139836E-002
 0.5247222200000000E+000  0.1289136300000000E+001 -0.9521436570099261E-001  0.8093437801734880E-001  0.9510105847564884E-001 -0.5152752905758436E-001  0.2948983972113214E-002
 0.5408333300000000E+000  0.1289136300000000E+001 -0.8926255951433734E-001  0.7665254338780755E-001  0.8914894388042817E-001 -0.4643264447065093E-001  0.3112796537322392E-002
 0.5566666700000000E+000  0.1289136300000000E+001 -0.8376967011450775E-001  0.7262709660775801E-001  0.8365572566610419E-001 -0.4181866220713603E-001  0.3281120475847065E-002
 0.5722222200000000E+000  0.1289136300000000E+001 -0.7869210824342393E-001  0.6883994221275208E-001  0.7857781452077288E-001 -0.3764421578362070E-001  0.3453916571326682E-002
 0.5875000000000000E+000  0.1289136300000000E+001 -0.7399084003809586E-001  0.6527428466121134E-001  0.7387617676896059E-001 -0.3387044123453027E-001  0.3631131475035578E-002
 0.6025000000000000E+000  0.1289136300000000E+001 -0.6963097367586808E-001  0.6191459880115339E-001  0.6951592107868174E-001 -0.3046117830134707E-001  0.3812691820960217E-002
 0.6172222200000000E+000  0.1289136300000000E+001 -0.6558132497288273E-001  0.5874655640113628E-001  0.6546586413126726E-001 -0.2738301072670124E-001  0.3998498952105994E-002
 0.6316666700000000E+000  0.1289136300000000E+001 -0.6181402319628797E-001  0.5575695360086694E-001  0.6169813651978401E-001 -0.2460522801458508E-001  0.4188422503796831E-002
 0.6458333300000000E+000  0.1289136300000000E+001 -0.5830415779783973E-001  0.5293364184137823E-001  0.5818782958658401E-001 -0.2209973353461251E-001  0.4382292550471822E-002
 0.6597222200000000E+000  0.1289136300000000E+001 -0.5502943024610598E-001  0.5026543549440370E-001  0.5491264737533848E-001 -0.1984089411891257E-001  0.4579892168952975E-002
 0.6733333300000000E+000  0.1289136300000000E+001 -0.5196987447476940E-001  0.4774204937413686E-001  0.5185262722567576E-001 -0.1780539379076116E-001  0.4780946884901955E-002
 0.6866666700000000E+000  0.1289136300000000E+001 -0.4910757893727888E-001  0.4535401513641798E-001  0.4898986199611500E-001 -0.1597205599839824E-001  0.4985114310335128E-002
 0.6997222200000000E+000  0.1289136300000000E+001 -0.4642646088656188E-001  0.4309262022509000E-001  0.4630827454476471E-001 -0.1432167941236123E-001  0.5191970640862313E-002
 0.7125000000000000E+000  0.1289136300000000E+001 -0.4391204122972806E-001  0.4094982925492469E-001  0.4379339281413793E-001 -0.1283686035866029E-001  0.5400997033375386E-002
 0.7250000000000000E+000  0.1289136300000000E+001 -0.4155127238931045E-001  0.3891823404793394E-001  0.4143217796482695E-001 -0.1150184041276018E-001  0.5611561551414626E-002
 0.7372222200000000E+000  0.1289136300000000E+001 -0.3933236409422188E-001  0.3699098821408894E-001  0.3921285047613381E-001 -0.1030234848607367E-001  0.5822900262570916E-002
 0.7491666700000000E+000  0.1289136300000000E+001 -0.3724463603692665E-001  0.3516175241248558E-001  0.3712474315884387E-001 -0.9225458408185372E-002  0.6034094813863309E-002
 0.7608333300000000E+000  0.1289136300000000E+001 -0.3527839274873684E-001  0.3342464841037173E-001  0.3515817643383264E-001 -0.8259459885945399E-002  0.6244046000279336E-002
 0.7722222200000000E+000  0.1289136300000000E+001 -0.3342479280297468E-001  0.3177419884122341E-001  0.3330432798170268E-001 -0.7393730069425445E-002  0.6451445663981373E-002
 0.7833333300000000E+000  0.1289136300000000E+001 -0.3167575318600079E-001  0.3020528983862185E-001  0.3155513760758222E-001 -0.6618627137214297E-002  0.6654742149581492E-002
 0.7941666700000000E+000  0.1289136300000000E+001 -0.3002384249370355E-001  0.2871311678328328E-001  0.2990320096275361E-001 -0.5925383291482832E-002  0.6852103717626355E-002
 0.8047222200000000E+000  0.1289136300000000E+001 -0.2846219734774715E-001  0.2729314458977387E-001  0.2834168650556237E-001 -0.5306013876834022E-002  0.7041375858281412E-002
 0.8149999999999999E+000  0.1289136300000000E+001 -0.2698442584413713E-001  0.2594105080163153E-001  0.2686423948490167E-001 -0.4753226932655778E-002  0.7220036630820754E-002
 0.8250000000000000E+000  0.1289136300000000E+001 -0.2558453573248211E-001  0.2465268623495592E-001  0.2546491060010483E-001 -0.4260348908849259E-002  0.7385145875317403E-002
 0.8347222200000000E+000  0.1289136300000000E+001 -0.2425684839038773E-001  0.2342401837746616E-001  0.2413807033710265E-001 -0.3821250866797815E-002  0.7533293986780198E-002
 0.8441666700000000E+000  0.1289136300000000E+001 -0.2299591995899168E-001  0.2225107730114013E-001  0.2287833025114330E-001 -0.3430284138118263E-002  0.7660549617179040E-002
 0.8533333300000000E+000  0.1289136300000000E+001 -0.2179646786527217E-001  0.2112990298580357E-001  0.2168046927865931E-001 -0.3082224206704043E-002  0.7762410167996778E-002
 0.8622222200000000E+000  0.1289136300000000E+001 -0.2065328295692947E-001  0.2005647584704791E-001  0.2053934514246459E-001 -0.2772217289613097E-002  0.7833762555232975E-002
 0.8708333300000000E+000  0.1289136300000000E+001 -0.1956116141905527E-001  0.1902666252779248E-001  0.1944982474142210E-001 -0.2495740330539777E-002  0.7868859694973867E-002
 0.8791666700000000E+000  0.1289136300000000E+001 -0.1851482505572605E-001  0.1803614783954138E-001  0.1840670184716699E-001 -0.2248565509956710E-002  0.7861328384408162E-002
 0.8872222200000000E+000  0.1289136300000000E+001 -0.1750886394683675E-001  0.1708038499589564E-001  0.1740463571064760E-001 -0.2026739066141512E-002  0.7804225102156319E-002
 0.8950000000000000E+000  0.1289136300000000E+001 -0.1653768272250339E-001  0.1615454682659635E-001  0.1643809151517800E-001 -0.1826569877551592E-002  0.7690165589333162E-002
 0.9025000000000000E+000  0.1289136300000000E+001 -0.1559549732714171E-001  0.1525352303190234E-001  0.1550132910615501E-001 -0.1644638300968712E-002  0.7511563520375277E-002
 0.9097222200000000E+000  0.1289136300000000E+001 -0.1467637147644999E-001  0.1437195436675287E-001  0.1458842916186128E-001 -0.1477821195002404E-002  0.7261021708477720E-002
 0.9166666700000000E+000  0.1289136300000000E+001 -0.1377433871376364E-001  0.1350434918925772E-001  0.1369340291468345E-001 -0.1323339811273683E-002  0.6931929760549200E-002
 0.9233333300000000E+000  0.1289136300000000E+001 -0.1288364285666756E-001  0.1264531651796823E-001  0.1281041919260649E-001 -0.1178830573005396E-002  0.6519328476845531E-002
 0.9297222200000000E+000  0.1289136300000000E+001 -0.1199910921311429E-001  0.1178993114526711E-001  0.1193416350927003E-001 -0.1042431747592195E-002  0.6021080415129742E-002
 0.9358333300000000E+000  0.1289136300000000E+001 -0.1111669868135432E-001  0.1093428569479947E-001  0.1106038476466407E-001 -0.9128807536453023E-003  0.5439370219256866E-002
 0.9416666700000000E+000  0.1289136300000000E+001 -0.1023419458220712E-001  0.1007618620595726E-001  0.1018658492343430E-001 -0.7895956671645118E-003  0.4782444522186357E-002
 0.9472222200000000E+000  0.1289136300000000E+001 -0.9351970954003155E-002  0.9215944927170597E-002  0.9312805923560803E-002 -0.6727134894395147E-003  0.4066376859676134E-002
 0.9525000000000000E+000  0.1289136300000000E+001 -0.8473630536036092E-002  0.8357063329921293E-002  0.8442306181531765E-002 -0.5630399720503686E-003  0.3316366164352377E-002
 0.9575000000000000E+000  0.1289136300000000E+001 -0.7606268430524693E-002  0.7506557667203567E-002  0.7581879977089039E-002 -0.4618793672558348E-003  0.2566837856653527E-002
 0.9622222200000000E+000  0.1289136300000000E+001 -0.6759994271847810E-002  0.6674547536287320E-002  0.6741440174873389E-002 -0.3707276462921196E-003  0.1859327174855385E-002
 0.9666666700000000E+000  0.1289136300000000E+001 -0.5946531640818547E-002  0.5872901367227190E-002  0.5932659499905411E-002 -0.2908749607512594E-003  0.1237261477812518E-002
 0.9708333300000000E+000  0.1289136300000000E+001 -0.5177067503303798E-002  0.5113086456785648E-002  0.5166818733625815E-002 -0.2230269586232507E-003  0.7375120899441079E-003
 0.9747222200000000E+000  0.1289136300000000E+001 -0.4460033667023616E-002  0.4403898930544083E-002  0.4452537048032539E-002 -0.1670889618274010E-003  0.3802984012256605E-003
 0.9783333300000000E+000  0.1289136300000000E+001 -0.3799890719541924E-002  0.3750169423683839E-002  0.3794479526425611E-002 -0.1222151591917756E-003  0.1614651644330139E-003
 0.9816666700000000E+000  0.1289136300000000E+001 -0.3197486235449092E-002  0.3153063212420523E-002  0.3193658415952001E-002 -0.8707786820561288E-004  0.5254990986123115E-004
 0.9847222200000000E+000  0.1289136300000000E+001 -0.2651580618341917E-002  0.2611594633956678E-002  0.2648947118807283E-002 -0.6019054340062439E-004  0.1179097259993239E-004
 0.9875000000000000E+000  0.1289136300000000E+001 -0.2160324785514835E-002  0.2124124836838454E-002  0.2158575742052208E-002 -0.4012252017104302E-004  0.1547176990119440E-005
 0.9900000000000000E+000  0.1289136300000000E+001 -0.1722011488036003E-002  0.1689133833421572E-002  0.1720899709242153E-002 -0.2558103255114763E-004  0.8681566718571175E-007
 0.9922222200000000E+000  0.1289136300000000E+001 -0.1335228824024369E-002  0.1305386065326324E-002  0.1334560192695718E-002 -0.1542297882553147E-004 -0.7061068504311493E-010
 0.9941666700000000E+000  0.1289136300000000E+001 -0.9988378215795833E-003  0.9719172597962583E-003  0.9984635807344447E-003 -0.8650000563058909E-005 -0.1005752459273924E-009
 0.9958333300000000E+000  0.1289136300000000E+001 -0.7119359755081259E-003  0.6880102390077851E-003  0.7117458252686379E-003 -0.4402230917218624E-005 -0.6890163191134722E-012
 0.9972222200000000E+000  0.1289136300000000E+001 -0.4738073241279838E-003  0.4531644786328424E-003  0.4737230974841133E-003 -0.1952476261206959E-005  0.9176993536558061E-014
 0.9983333300000000E+000  0.1289136300000000E+001 -0.2839036332967211E-003  0.2671014124755188E-003  0.2838733917748152E-003 -0.7017256165776524E-006  0.1716864613749890E-016
 0.9991666700000000E+000  0.1289136300000000E+001 -0.1418111945311896E-003  0.1300384612526940E-003  0.1418036490070404E-003 -0.1752111006841101E-006  0.3503391923365563E-019
 0.9997222200000000E+000  0.1289136300000000E+001 -0.4724040046020912E-004  0.3948282100108862E-004  0.4723956312859268E-004 -0.1945224209826552E-007 -0.6299334997080986E-019
 0.1000000000000000E+001  0.1289136300000000E+001 -0.1392349226800261E-188  0.1392349226800261E-188 -0.1392349226800261E-188  0.1392349226800261E-188  0.1392349226800261E-188

 0.0000000000000000E+000  0.1332468600000000E+001 -0.4604430746450270E+000  0.2688869315153283E+000  0.4603326413110956E+000 -0.2964000000000000E+000  0.5790355108456934E-003
 0.2777777800000000E-003  0.1332468600000000E+001 -0.4604428410879137E+000  0.2688868303779193E+000  0.4603324077537452E+000 -0.2963999154371273E+000  0.5790359621535699E-003
 0.8333333300000000E-003  0.1332468600000000E+001 -0.4604409703037353E+000  0.2688860202705561E+000  0.4603305369676677E+000 -0.2963992380885585E+000  0.5790395771262553E-003
 0.1666666700000000E-002  0.1332468600000000E+001 -0.4604346433680273E+000  0.2688832805077652E+000  0.4603242100255365E+000 -0.2963969472771425E+000  0.5790518030209583E-003
 0.2777777800000000E-002  0.1332468600000000E+001 -0.4604196031838791E+000  0.2688767676080075E+000  0.4603091698261187E+000 -0.2963915013939887E+000  0.5790808670453656E-003
 0.4166666700000000E-002  0.1332468600000000E+001 -0.4603901207389296E+000  0.2688640006250732E+000  0.4602796873512333E+000 -0.2963808251433322E+000  0.5791378438523783E-003
 0.5833333300000000E-002  0.1332468600000000E+001 -0.4603389513619247E+000  0.2688418420755659E+000  0.4602285179222603E+000 -0.2963622924719282E+000  0.5792367453201444E-003
 0.7777777800000000E-002  0.1332468600000000E+001 -0.4602572821140354E+000  0.2688064749040452E+000  0.4601468485913966E+000 -0.2963327051224180E+000  0.5793946324376440E-003
 0.1000000000000000E-001  0.1332468600000000E+001 -0.4601346719475494E+000  0.2687533761262303E+000  0.4600242383002709E+000 -0.2962882667762038E+000  0.5796317488196988E-003
 0.1250000000000000E-001  0.1332468600000000E+001 -0.4599589866159126E+000  0.2686772879235136E+000  0.4598485527898941E+000 -0.2962245527025859E+000  0.5799716754652850E-003
 0.1527777800000000E-001  0.1332468600000000E+001 -0.4597163310731426E+000  0.2685721872660641E+000  0.4596058969999648E+000 -0.2961364749043989E+000  0.5804415058040553E-003
 0.1833333300000000E-001  0.1332468600000000E+001 -0.4593909828466692E+000  0.2684312554387914E+000  0.4592805484415853E+000 -0.2960182427982821E+000  0.5810720396509047E-003
 0.2166666700000000E-001  0.1332468600000000E+001 -0.4589653298223140E+000  0.2682468487947348E+000  0.4588548949820964E+000 -0.2958633192088401E+000  0.5818979959295956E-003
 0.2527777800000000E-001  0.1332468600000000E+001 -0.4584198193860698E+000  0.2680104735451878E+000  0.4583093839866942E+000 -0.2956643724778751E+000  0.5829582385045327E-003
 0.2916666700000000E-001  0.1332468600000000E+001 -0.4577329221575049E+000  0.2677127657512159E+000  0.4576224860516440E+000 -0.2954132238934705E+000  0.5842960180206533E-003
 0.3333333300000000E-001  0.1332468600000000E+001 -0.4568811207248903E+000  0.2673434807493323E+000  0.4567706837391972E+000 -0.2951007920355200E+000  0.5859592201425876E-003
 0.3777777800000000E-001  0.1332468600000000E+001 -0.4558389285268119E+000  0.2668914939210211E+000  0.4557284904589599E+000 -0.2947170335583192E+000  0.5880006221879484E-003
 0.4250000000000000E-001  0.1332468600000000E+001 -0.4545789524628575E+000  0.2663448183326790E+000  0.4544685130783104E+000 -0.2942508829702329E+000  0.5904781449251112E-003
 0.4750000000000000E-001  0.1332468600000000E+001 -0.4530720040991232E+000  0.2656906409579487E+000  0.4529615631275968E+000 -0.2936901908918927E+000  0.5934551042357786E-003
 0.5277777800000000E-001  0.1332468600000000E+001 -0.4512872761023280E+000  0.2649153842725985E+000  0.4511768332339067E+000 -0.2930216649643914E+000  0.5970004446923100E-003
 0.5833333300000000E-001  0.1332468600000000E+001 -0.4491925920508976E+000  0.2640047963268645E+000  0.4490821469317618E+000 -0.2922308151601436E+000  0.6011889532432753E-003
 0.6416666700000000E-001  0.1332468600000000E+001 -0.4467547395950431E+000  0.2629440732096394E+000  0.4466442918227583E+000 -0.2913019070102719E+000  0.6061014462221994E-003
 0.7027777800000000E-001  0.1332468600000000E+001 -0.4439399027222655E+000  0.2617180203997461E+000  0.4438294518405812E+000 -0.2902179301163971E+000  0.6118249081979439E-003
 0.7666666699999999E-001  0.1332468600000000E+001 -0.4407141907259891E+000  0.2603112517225436E+000  0.4406037362190835E+000 -0.2889605846765173E+000  0.6184525927803527E-003
 0.8333333300000000E-001  0.1332468600000000E+001 -0.4370442783407534E+000  0.2587084321586482E+000  0.4369338196268600E+000 -0.2875102980399395E+000  0.6260840546691429E-003
 0.9027777800000000E-001  0.1332468600000000E+001 -0.4328981460565240E+000  0.2568945599538488E+000  0.4327876824808605E+000 -0.2858462770491894E+000  0.6348251245260807E-003
 0.9750000000000000E-001  0.1332468600000000E+001 -0.4282459244998843E+000  0.2548552903555886E+000  0.4281354553268073E+000 -0.2839466117309743E+000  0.6447877960467453E-003
 0.1050000000000000E+000  0.1332468600000000E+001 -0.4230608128756653E+000  0.2525772889997027E+000  0.4229503372799496E+000 -0.2817884367606163E+000  0.6560900514066579E-003
 0.1127777800000000E+000  0.1332468600000000E+001 -0.4173200602051641E+000  0.2500486117681048E+000  0.4172095772623103E+000 -0.2793481686417152E+000  0.6688555971714868E-003
 0.1208333300000000E+000  0.1332468600000000E+001 -0.4110059804770684E+000  0.2472591009932311E+000  0.4108954891525374E+000 -0.2766018333726180E+000  0.6832135019986796E-003
 0.1291666700000000E+000  0.1332468600000000E+001 -0.4041069065981043E+000  0.2442007593463411E+000  0.4039964057353003E+000 -0.2735254723689571E+000  0.6992978646808668E-003
 0.1377777800000000E+000  0.1332468600000000E+001 -0.3966181655150591E+000  0.2408681419429672E+000  0.3965076538220452E+000 -0.2700956919170932E+000  0.7172472236649756E-003
 0.1466666700000000E+000  0.1332468600000000E+001 -0.3885428177490480E+000  0.2372586577922556E+000  0.3884322937836930E+000 -0.2662902695483985E+000  0.7372041908108985E-003
 0.1558333300000000E+000  0.1332468600000000E+001 -0.3798923168745485E+000  0.2333728545660417E+000  0.3797817790280837E+000 -0.2620889059681392E+000  0.7593148420054339E-003
 0.1652777800000000E+000  0.1332468600000000E+001 -0.3706868480858009E+000  0.2292145845991826E+000  0.3705762945644789E+000 -0.2574740219990145E+000  0.7837283430346328E-003
 0.1750000000000000E+000  0.1332468600000000E+001 -0.3609555022541532E+000  0.2247911268208077E+000  0.3608449310589985E+000 -0.2524316713074977E+000  0.8105963361510440E-003
 0.1850000000000000E+000  0.1332468600000000E+001 -0.3507360065290128E+000  0.2201131424648384E+000  0.3506254154332338E+000 -0.2469524107024801E+000  0.8400727613166733E-003
 0.1952777800000000E+000  0.1332468600000000E+001 -0.3400742378282958E+000  0.2151945680153338E+000  0.3399636243523027E+000 -0.2410321995698704E+000  0.8723135185323076E-003
 0.2058333300000000E+000  0.1332468600000000E+001 -0.3290233817904482E+000  0.2100523825522292E+000  0.3289127431741646E+000 -0.2346732024082002E+000  0.9074763741912122E-003
 0.2166666700000000E+000  0.1332468600000000E+001 -0.3176427604075391E+000  0.2047062550813137E+000  0.3175320935796126E+000 -0.2278844268162023E+000  0.9457211924871333E-003
 0.2277777800000000E+000  0.1332468600000000E+001 -0.3059965353371359E+000  0.1991781610539209E+000  0.3058858368809926E+000 -0.2206822312613724E+000  0.9872099977743260E-003
 0.2391666700000000E+000  0.1332468600000000E+001 -0.2941520906304478E+000  0.1934918659513021E+000  0.2940413567464742E+000 -0.2130904981415570E+000  0.1032107739179757E-002
 0.2508333300000000E+000  0.1332468600000000E+001 -0.2821784449149256E+000  0.1876724273039944E+000  0.2820676713786702E+000 -0.2051405951171464E+000  0.1080582864731254E-002
 0.2627777800000000E+000  0.1332468600000000E+001 -0.2701445465006863E+000  0.1817456315681099E+000  0.2700337286162993E+000 -0.1968709649763486E+000  0.1132808518829352E-002
 0.2750000000000000E+000  0.1332468600000000E+001 -0.2581177588224464E+000  0.1757374994290512E+000  0.2580068913712160E+000 -0.1883264933672253E+000  0.1188963480419522E-002
 0.2875000000000000E+000  0.1332468600000000E+001 -0.2461623437287871E+000  0.1696737520324187E+000  0.2460514209116413E+000 -0.1795575022980106E+000  0.1249233934682378E-002
 0.3002777800000000E+000  0.1332468600000000E+001 -0.2343382554662632E+000  0.1635793804494505E+000  0.2342272708399121E+000 -0.1706185882376212E+000  0.1313815003287274E-002
 0.3133333300000000E+000  0.1332468600000000E+001 -0.2227001336572748E+000  0.1574782567063761E+000  0.2225890800630445E+000 -0.1615672654089630E+000  0.1382912662736477E-002
 0.3266666700000000E+000  0.1332468600000000E+001 -0.2112965264592220E+000  0.1513927966551750E+000  0.2111853959434104E+000 -0.1524624892370059E+000  0.1456746111965746E-002
 0.3402777800000000E+000  0.1332468600000000E+001 -0.2001694793718726E+000  0.1453437473934938E+000  0.2000582630971778E+000 -0.1433632424515322E+000  0.1535549772803633E-002
 0.3541666700000000E+000  0.1332468600000000E+001 -0.1893542590944163E+000  0.1393499826953642E+000  0.1892429472404913E+000 -0.1343270871397957E+000  0.1619576276105621E-002
 0.3683333300000000E+000  0.1332468600000000E+001 -0.1788794126831436E+000  0.1334284215042626E+000  0.1787679943356875E+000 -0.1254089266929062E+000  0.1709099019458286E-002
 0.3827777800000000E+000  0.1332468600000000E+001 -0.1687669459465455E+000  0.1275939642333325E+000  0.1686554089728700E+000 -0.1166598821791433E+000  0.1804415568663385E-002
 0.3975000000000000E+000  0.1332468600000000E+001 -0.1590327504185202E+000  0.1218595322092995E+000  0.1589210813290251E+000 -0.1081264588860951E+000  0.1905850569893220E-002
 0.4125000000000000E+000  0.1332468600000000E+001 -0.1496870486788311E+000  0.1162360933476111E+000  0.1495752324717881E+000 -0.9984985872012889E-001  0.2013759858287313E-002
 0.4277777800000000E+000  0.1332468600000000E+001 -0.1407349977788261E+000  0.1107327671709110E+000  0.1406230177679121E+000 -0.9186559363091142E-001  0.2128534167031430E-002
 0.4433333300000000E+000  0.1332468600000000E+001 -0.1321773063201382E+000  0.1053569383110280E+000  0.1320651439432209E+000 -0.8420329417836392E-001  0.2250603420772821E-002
 0.4591666700000000E+000  0.1332468600000000E+001 -0.1240108449305098E+000  0.1001143744898599E+000  0.1238984795384023E+000 -0.7688669818880187E-001  0.2380441716326722E-002
 0.4752777800000000E+000  0.1332468600000000E+001 -0.1162293042561099E+000  0.9500939239233396E-001  0.1161167128827151E+000 -0.6993386074884581E-001  0.2518571782605503E-002
 0.4916666700000000E+000  0.1332468600000000E+001 -0.1088237474696830E+000  0.9004498063028953E-001  0.1087109045833813E+000 -0.6335743213031197E-001  0.2665570890119949E-002
 0.5083333300000000E+000  0.1332468600000000E+001 -0.1017831803367011E+000  0.8522296205084995E-001  0.1016700575785500E+000 -0.5716509140049817E-001  0.2822076023827561E-002
 0.5247222200000000E+000  0.1332468600000000E+001 -0.9530717552233806E-001  0.8069406566678999E-001  0.9519375209370971E-001 -0.5154274558521558E-001  0.2983198530953454E-002
 0.5408333300000000E+000  0.1332468600000000E+001 -0.8934127301924877E-001  0.7643793432301091E-001  0.8922752766226479E-001 -0.4644528375634048E-001  0.3148914700065055E-002
 0.5566666700000000E+000  0.1332468600000000E+001 -0.8383647739549717E-001  0.7243547234666019E-001  0.8372238854162321E-001 -0.4182912472598521E-001  0.3319195338507935E-002
 0.5722222200000000E+000  0.1332468600000000E+001 -0.7874886581505749E-001  0.6866888443005209E-001  0.7863441177669879E-001 -0.3765284843627323E-001  0.3494000913461422E-002
 0.5875000000000000E+000  0.1332468600000000E+001 -0.7403912206447789E-001  0.6512164215363744E-001  0.7392428127573779E-001 -0.3387754200175758E-001  0.3673277619258149E-002
 0.6025000000000000E+000  0.1332468600000000E+001 -0.6967211578581553E-001  0.6177845773792734E-001  0.6955686710592456E-001 -0.3046700137708254E-001  0.3856951428073649E-002
 0.6172222200000000E+000  0.1332468600000000E+001 -0.6561646151336714E-001  0.5862521382551234E-001  0.6550078460245241E-001 -0.2738777169727865E-001  0.4044922759584148E-002
 0.6316666700000000E+000  0.1332468600000000E+001 -0.6184411883407395E-001  0.5564889388579770E-001  0.6172799461642189E-001 -0.2460910882749607E-001  0.4237059995047149E-002
 0.6458333300000000E+000  0.1332468600000000E+001 -0.5833003428315865E-001  0.5283751580730432E-001  0.5821344551610328E-001 -0.2210288710692889E-001  0.4433191538959417E-002
 0.6597222200000000E+000  0.1332468600000000E+001 -0.5505178901836820E-001  0.5018004202266065E-001  0.5493472098291329E-001 -0.1984344850364732E-001  0.4633098302964292E-002
 0.6733333300000000E+000  0.1332468600000000E+001 -0.5198931578232357E-001  0.4766631913589957E-001  0.5187175712269237E-001 -0.1780745588410717E-001  0.4836503037613447E-002
 0.6866666700000000E+000  0.1332468600000000E+001 -0.4912461797573925E-001  0.4528699629688583E-001  0.4900656171016159E-001 -0.1597371478868917E-001  0.5043059858499938E-002
 0.6997222200000000E+000  0.1332468600000000E+001 -0.4644154144121055E-001  0.4303346582410511E-001  0.4632298617749620E-001 -0.1432300880106067E-001  0.5252340596566966E-002
 0.7125000000000000E+000  0.1332468600000000E+001 -0.4392554719028252E-001  0.4089778613797283E-001  0.4380649857582593E-001 -0.1283792158613641E-001  0.5463821028632611E-002
 0.7250000000000000E+000  0.1332468600000000E+001 -0.4156353748731509E-001  0.3887263307306921E-001  0.4144400993705570E-001 -0.1150268413359158E-001  0.5676862624752387E-002
 0.7372222200000000E+000  0.1332468600000000E+001 -0.3934368011715149E-001  0.3695123563297432E-001  0.3922369885751779E-001 -0.1030301653243781E-001  0.5890693438510331E-002
 0.7491666700000000E+000  0.1332468600000000E+001 -0.3725525974922775E-001  0.3512732224369761E-001  0.3713486322524273E-001 -0.9225985282382141E-002  0.6104385434408614E-002
 0.7608333300000000E+000  0.1332468600000000E+001 -0.3528855170041649E-001  0.3339507564584354E-001  0.3516779439511150E-001 -0.8259874019195354E-002  0.6316827760947844E-002
 0.7722222200000000E+000  0.1332468600000000E+001 -0.3343469016103295E-001  0.3174907339885914E-001  0.3331364587142071E-001 -0.7394054878957859E-002  0.6526698333393676E-002
 0.7833333300000000E+000  0.1332468600000000E+001 -0.3168557170136767E-001  0.3018425107115731E-001  0.3156433732021181E-001 -0.6618881912521849E-002  0.6732428893248835E-002
 0.7941666700000000E+000  0.1332468600000000E+001 -0.3003374767181743E-001  0.2869584846575994E-001  0.2991244750770090E-001 -0.5925583934084937E-002  0.6932167996038733E-002
 0.8047222200000000E+000  0.1332468600000000E+001 -0.2847233986601653E-001  0.2727937021747273E-001  0.2835113052298309E-001 -0.5306173516116217E-002  0.7123737817105034E-002
 0.8149999999999999E+000  0.1332468600000000E+001 -0.2699494322817466E-001  0.2593052910469029E-001  0.2687401903587712E-001 -0.4753356435515966E-002  0.7304588944961480E-002
 0.8250000000000000E+000  0.1332468600000000E+001 -0.2559555326962034E-001  0.2464520671672581E-001  0.2547515221074395E-001 -0.4260457298869738E-002  0.7471748950624472E-002
 0.8347222200000000E+000  0.1332468600000000E+001 -0.2426847923319379E-001  0.2341939675531637E-001  0.2414888924841010E-001 -0.3821345664545157E-002  0.7621770481397742E-002
 0.8441666700000000E+000  0.1332468600000000E+001 -0.2300826434096450E-001  0.2224915066267939E-001  0.2288982979492431E-001 -0.3430371632017307E-002  0.7750678223033603E-002
 0.8533333300000000E+000  0.1332468600000000E+001 -0.2180961132257540E-001  0.2113052446255788E-001  0.2169273926893862E-001 -0.3082309661096689E-002  0.7853918621197028E-002
 0.8622222200000000E+000  0.1332468600000000E+001 -0.2066729344636676E-001  0.2005950864069614E-001  0.2055245916417366E-001 -0.2772305094202250E-002  0.7926319915556644E-002
 0.8708333300000000E+000  0.1332468600000000E+001 -0.1957608520252195E-001  0.1903197305792557E-001  0.1946383619394078E-001 -0.2495834093588740E-002  0.7962067973515371E-002
 0.8791666700000000E+000  0.1332468600000000E+001 -0.1853068127211574E-001  0.1804359788488016E-001  0.1842163864343815E-001 -0.2248668096222785E-002  0.7954713769214652E-002
 0.8872222200000000E+000  0.1332468600000000E+001 -0.1752563784889911E-001  0.1708982271572469E-001  0.1742049358094171E-001 -0.2026852580380004E-002  0.7897229211533550E-002
 0.8950000000000000E+000  0.1332468600000000E+001 -0.1655531773002099E-001  0.1616579675306328E-001  0.1645482602779269E-001 -0.1826695596353439E-002  0.7782137504632621E-002
 0.9025000000000000E+000  0.1332468600000000E+001 -0.1561388627721388E-001  0.1526637531091024E-001  0.1551884673588345E-001 -0.1644776560069044E-002  0.7601753808173271E-002
 0.9097222200000000E+000  0.1332468600000000E+001 -0.1469534788250600E-001  0.1438615398690124E-001  0.1460657815891690E-001 -0.1477971248192948E-002  0.7348580279367455E-002
 0.9166666700000000E+000  0.1332468600000000E+001 -0.1379366940064350E-001  0.1351958647682926E-001  0.1371196528076589E-001 -0.1323499690369408E-002  0.7015910256554609E-002
 0.9233333300000000E+000  0.1332468600000000E+001 -0.1290302407850608E-001  0.1266122093748439E-001  0.1282910582342816E-001 -0.1178996996179848E-002  0.6598702929228348E-002
 0.9297222200000000E+000  0.1332468600000000E+001 -0.1201816916646061E-001  0.1180607131270651E-001  0.1195261541140401E-001 -0.1042600142503124E-002  0.6094768849438036E-002
 0.9358333300000000E+000  0.1332468600000000E+001 -0.1113500992987795E-001  0.1095017917915683E-001  0.1107818393781086E-001 -0.9130454732506515E-003  0.5506290670090887E-002
 0.9416666700000000E+000  0.1332468600000000E+001 -0.1025129984664204E-001  0.1009132279100874E-001  0.1020327856687356E-001 -0.7897504668197306E-003  0.4841588239883181E-002
 0.9472222200000000E+000  0.1332468600000000E+001 -0.9367424244530924E-002  0.9229825670545711E-002  0.9327946302659157E-002 -0.6728522849445892E-003  0.4116910813711868E-002
 0.9525000000000000E+000  0.1332468600000000E+001 -0.8487051858002557E-002  0.8369254152348999E-002  0.8455504870880138E-002 -0.5631577984479879E-003  0.3357758004267339E-002
 0.9575000000000000E+000  0.1332468600000000E+001 -0.7617404149762850E-002  0.7516750011008383E-002  0.7592869024904296E-002 -0.4619733232172799E-003  0.2598987362828589E-002
 0.9622222200000000E+000  0.1332468600000000E+001 -0.6768767787365962E-002  0.6682610899251228E-002  0.6750125002923248E-002 -0.3707974988659624E-003  0.1882672649953403E-002
 0.9666666700000000E+000  0.1332468600000000E+001 -0.5953064462193480E-002  0.5878907342278783E-002  0.5939143210616680E-002 -0.2909231048669192E-003  0.1252816147346893E-002
 0.9708333300000000E+000  0.1332468600000000E+001 -0.5181655022430334E-002  0.5117287442374135E-002  0.5171381050896522E-002 -0.2230576493534894E-003  0.7467844083172160E-003
 0.9747222200000000E+000  0.1332468600000000E+001 -0.4463076496325411E-002  0.4406661082047918E-002  0.4455567521399079E-002 -0.1671070980641377E-003  0.3850745463926328E-003
 0.9783333300000000E+000  0.1332468600000000E+001 -0.3801805926654363E-002  0.3751883548154251E-002  0.3796388739167087E-002 -0.1222251517434124E-003  0.1634890084918713E-003
 0.9816666700000000E+000  0.1332468600000000E+001 -0.3198635260554658E-002  0.3154070966174351E-002  0.3194804542978315E-002 -0.8708302754945234E-004  0.5320688589366296E-004
 0.9847222200000000E+000  0.1332468600000000E+001 -0.2652237672669173E-002  0.2612155035896369E-002  0.2649602814136855E-002 -0.6019303753854294E-004  0.1193795144219771E-004
 0.9875000000000000E+000  0.1332468600000000E+001 -0.2160680645084675E-002  0.2124416774939813E-002  0.2158931002949632E-002 -0.4012363922785640E-004  0.1566402092041676E-005
 0.9900000000000000E+000  0.1332468600000000E+001 -0.1722191895496276E-002  0.1689273733485160E-002  0.1721079874791819E-002 -0.2558149134091390E-004  0.8788997243884375E-007
 0.9922222200000000E+000  0.1332468600000000E+001 -0.1335312984198291E-002  0.1305445916207011E-002  0.1334644265357717E-002 -0.1542314685165278E-004 -0.7169856539154854E-010
 0.9941666700000000E+000  0.1332468600000000E+001 -0.9988730684202718E-003  0.9719389199394073E-003  0.9984988001566419E-003 -0.8650053763392461E-005 -0.1018231664936158E-009
 0.9958333300000000E+000  0.1332468600000000E+001 -0.7119487422949369E-003  0.6880161087241544E-003  0.7117585849768839E-003 -0.4402244773845680E-005 -0.6974799295121424E-012
 0.9972222200000000E+000  0.1332468600000000E+001 -0.4738110880113828E-003  0.4531651891205595E-003  0.4737268599787859E-003 -0.1952478999679028E-005  0.9291017022590240E-014
 0.9983333300000000E+000  0.1332468600000000E+001 -0.2839044431031846E-003  0.2671011262884116E-003  0.2838742014022933E-003 -0.7017259716362473E-006  0.1738159564896713E-016
 0.9991666700000000E+000  0.1332468600000000E+001 -0.1418112954602673E-003  0.1300382887658943E-003  0.1418037499249826E-003 -0.1752111228832894E-006 -0.7430311275058893E-019
 0.9997222200000000E+000  0.1332468600000000E+001 -0.4724040419126893E-004  0.3948279439473053E-004  0.4723956685951548E-004 -0.1945224237243106E-007  0.1855698061626776E-018
 0.1000000000000000E+001  0.1332468600000000E+001 -0.1392349226800261E-188  0.1392349226800261E-188 -0.1392349226800261E-188 -0.1392349226800261E-188 -0.1392349226800261E-188

 0.0000000000000000E+000  0.1372189900000000E+001 -0.4623232827082150E+000  0.2670067401203393E+000  0.4622128467615763E+000 -0.2964000000000000E+000  0.5841650930469678E-003
 0.2777777800000000E-003  0.1372189900000000E+001 -0.4623230475916620E+000  0.2670066402177872E+000  0.4622126116447807E+000 -0.2963999156295209E+000  0.5841655483530340E-003
 0.8333333300000000E-003  0.1372189900000000E+001 -0.4623211643164366E+000  0.2670058400015793E+000  0.4622107283676132E+000 -0.2963992398220114E+000  0.5841691953511825E-003
 0.1666666700000000E-002  0.1372189900000000E+001 -0.4623147951365166E+000  0.2670031336903038E+000  0.4622043591811251E+000 -0.2963969542223246E+000  0.5841815295565087E-003
 0.2777777800000000E-002  0.1372189900000000E+001 -0.4622996545316334E+000  0.2669967003099336E+000  0.4621892185606276E+000 -0.2963915207277847E+000  0.5842108510624892E-003
 0.4166666700000000E-002  0.1372189900000000E+001 -0.4622699752407979E+000  0.2669840892026042E+000  0.4621595392391802E+000 -0.2963808687596494E+000  0.5842683326336666E-003
 0.5833333300000000E-002  0.1372189900000000E+001 -0.4622184642309791E+000  0.2669622011830358E+000  0.4621080281762200E+000 -0.2963623782257892E+000  0.5843681102810578E-003
 0.7777777800000000E-002  0.1372189900000000E+001 -0.4621362497453184E+000  0.2669272657772707E+000  0.4620258136057115E+000 -0.2963328581120411E+000  0.5845273961389545E-003
 0.1000000000000000E-001  0.1372189900000000E+001 -0.4620128210765276E+000  0.2668748151743143E+000  0.4619023848094665E+000 -0.2962885206650233E+000  0.5847666131627746E-003
 0.1250000000000000E-001  0.1372189900000000E+001 -0.4618359630654287E+000  0.2667996556519217E+000  0.4617255266155908E+000 -0.2962249510797294E+000  0.5851095512584199E-003
 0.1527777800000000E-001  0.1372189900000000E+001 -0.4615916880843759E+000  0.2666958375374500E+000  0.4614812513817952E+000 -0.2961370726776162E+000  0.5855835438795948E-003
 0.1833333300000000E-001  0.1372189900000000E+001 -0.4612641690170881E+000  0.2665566250573393E+000  0.4611537319751008E+000 -0.2960191076076450E+000  0.5862196637006938E-003
 0.2166666700000000E-001  0.1372189900000000E+001 -0.4608356767016550E+000  0.2663744673788849E+000  0.4607252392146971E+000 -0.2958645328433041E+000  0.5870529372250516E-003
 0.2527777800000000E-001  0.1372189900000000E+001 -0.4602865288337535E+000  0.2661409736137544E+000  0.4601760907749897E+000 -0.2956660322670121E+000  0.5881225726174980E-003
 0.2916666700000000E-001  0.1372189900000000E+001 -0.4595950535934885E+000  0.2658468929272567E+000  0.4594846148122483E+000 -0.2954154440392446E+000  0.5894722036868902E-003
 0.3333333300000000E-001  0.1372189900000000E+001 -0.4587375784833499E+000  0.2654821039272636E+000  0.4586271388023457E+000 -0.2951037048349336E+000  0.5911501403246570E-003
 0.3777777800000000E-001  0.1372189900000000E+001 -0.4576884495651308E+000  0.2650356152112776E+000  0.4575780087774270E+000 -0.2947207904573461E+000  0.5932096274119028E-003
 0.4250000000000000E-001  0.1372189900000000E+001 -0.4564200947782752E+000  0.2644955825226014E+000  0.4563096526439795E+000 -0.2942556553716046E+000  0.5957090988482472E-003
 0.4750000000000000E-001  0.1372189900000000E+001 -0.4549031362473552E+000  0.2638493441984698E+000  0.4547926924899919E+000 -0.2936961706282210E+000  0.5987124314443530E-003
 0.5277777800000000E-001  0.1372189900000000E+001 -0.4531065683322736E+000  0.2630834816101305E+000  0.4529961226348024E+000 -0.2930290643275614E+000  0.6022891805691276E-003
 0.5833333300000000E-001  0.1372189900000000E+001 -0.4509980096314359E+000  0.2621839076561135E+000  0.4508875616318697E+000 -0.2922398663649567E+000  0.6065147957290826E-003
 0.6416666700000000E-001  0.1372189900000000E+001 -0.4485440389814300E+000  0.2611359871722564E+000  0.4484335882679997E+000 -0.2913128609574122E+000  0.6114708092347426E-003
 0.7027777800000000E-001  0.1372189900000000E+001 -0.4457106313152191E+000  0.2599246956760136E+000  0.4456001774210340E+000 -0.2902310543052139E+000  0.6172449762822856E-003
 0.7666666699999999E-001  0.1372189900000000E+001 -0.4424636909559442E+000  0.2585348151854922E+000  0.4423532333530796E+000 -0.2889761601222354E+000  0.6239313766536884E-003
 0.8333333300000000E-001  0.1372189900000000E+001 -0.4387696968926648E+000  0.2569511732989326E+000  0.4386592349856107E+000 -0.2875286150472572E+000  0.6316304470513408E-003
 0.9027777800000000E-001  0.1372189900000000E+001 -0.4345964489551691E+000  0.2551589210622441E+000  0.4344859820735588E+000 -0.2858676297200936E+000  0.6404489557498234E-003
 0.9750000000000000E-001  0.1372189900000000E+001 -0.4299139187657040E+000  0.2531438519568688E+000  0.4298034461562417E+000 -0.2839712911105671E+000  0.6504998886699415E-003
 0.1050000000000000E+000  0.1372189900000000E+001 -0.4246951752148430E+000  0.2508927502214506E+000  0.4245846960323267E+000 -0.2818167225899260E+000  0.6619022732817790E-003
 0.1127777800000000E+000  0.1372189900000000E+001 -0.4189173730594611E+000  0.2483937654241668E+000  0.4188068863567994E+000 -0.2793803197535578E+000  0.6747809121793410E-003
 0.1208333300000000E+000  0.1372189900000000E+001 -0.4125627754893386E+000  0.2456368033522444E+000  0.4124522802064590E+000 -0.2766380768646168E+000  0.6892660175774435E-003
 0.1291666700000000E+000  0.1372189900000000E+001 -0.4056197148433998E+000  0.2426138950855948E+000  0.4055092097948624E+000 -0.2735659918441012E+000  0.7054928764202308E-003
 0.1377777800000000E+000  0.1372189900000000E+001 -0.3980835742705395E+000  0.2393195843970326E+000  0.3979730581318381E+000 -0.2701406151367115E+000  0.7236012546763134E-003
 0.1466666700000000E+000  0.1372189900000000E+001 -0.3899575318266579E+000  0.2357512259491779E+000  0.3898470031189007E+000 -0.2663396561180956E+000  0.7437350278615634E-003
 0.1558333300000000E+000  0.1372189900000000E+001 -0.3812532234349990E+000  0.2319092674694058E+000  0.3811426805079439E+000 -0.2621427356856026E+000  0.7660415662648812E-003
 0.1652777800000000E+000  0.1372189900000000E+001 -0.3719910822461986E+000  0.2277974150314298E+000  0.3718805232593275E+000 -0.2575321847191995E+000  0.7906713575187609E-003
 0.1750000000000000E+000  0.1372189900000000E+001 -0.3622005117263841E+000  0.2234227553106696E+000  0.3620899346280027E+000 -0.2524939591428078E+000  0.8177773877472418E-003
 0.1850000000000000E+000  0.1372189900000000E+001 -0.3519196117879870E+000  0.2187957140121327E+000  0.3518090142919088E+000 -0.2470185135000198E+000  0.8475149612436813E-003
 0.1952777800000000E+000  0.1372189900000000E+001 -0.3411946857554651E+000  0.2139299527011034E+000  0.3410840653152201E+000 -0.2411017044042915E+000  0.8800413598308026E-003
 0.2058333300000000E+000  0.1372189900000000E+001 -0.3300793899930777E+000  0.2088421418030683E+000  0.3299687437733230E+000 -0.2347455977175014E+000  0.9155157484116469E-003
 0.2166666700000000E+000  0.1372189900000000E+001 -0.3186335497504975E+000  0.2035516151322448E+000  0.3185228745952224E+000 -0.2279591115153526E+000  0.9540994084603480E-003
 0.2277777800000000E+000  0.1372189900000000E+001 -0.3069218496614169E+000  0.1980799940419685E+000  0.3068111420588826E+000 -0.2207585287737097E+000  0.9959558009741095E-003
 0.2391666700000000E+000  0.1372189900000000E+001 -0.2950122017822955E+000  0.1924506799533809E+000  0.2949014578259686E+000 -0.2131676749439845E+000  0.1041251337907680E-002
 0.2508333300000000E+000  0.1372189900000000E+001 -0.2829741435349249E+000  0.1866883648625023E+000  0.2828633588802892E+000 -0.2052178829278839E+000  0.1090155961446690E-002
 0.2627777800000000E+000  0.1372189900000000E+001 -0.2708771185093964E+000  0.1808184769306781E+000  0.2707662883258336E+000 -0.1969475853913874E+000  0.1142844352160663E-002
 0.2750000000000000E+000  0.1372189900000000E+001 -0.2587889495146072E+000  0.1748666932523579E+000  0.2586780684321908E+000 -0.1884016834793797E+000  0.1199496875575350E-002
 0.2875000000000000E+000  0.1372189900000000E+001 -0.2467743106048976E+000  0.1688584132411488E+000  0.2466633726549294E+000 -0.1796305397079085E+000  0.1260301369668823E-002
 0.3002777800000000E+000  0.1372189900000000E+001 -0.2348935127532800E+000  0.1628183335046277E+000  0.2347825113022193E+000 -0.1706888139079862E+000  0.1325454688817711E-002
 0.3133333300000000E+000  0.1372189900000000E+001 -0.2232014909410689E+000  0.1567700631325200E+000  0.2230904186168639E+000 -0.1616341030000625E+000  0.1395164639305372E-002
 0.3266666700000000E+000  0.1372189900000000E+001 -0.2117470240238325E+000  0.1507357895861420E+000  0.2116358726334307E+000 -0.1525254598657269E+000  0.1469652368109031E-002
 0.3402777800000000E+000  0.1372189900000000E+001 -0.2005723233363318E+000  0.1447360673528031E+000  0.2004610837738799E+000 -0.1434219742646393E+000  0.1549154381345220E-002
 0.3541666700000000E+000  0.1372189900000000E+001 -0.1897127581845416E+000  0.1387896139305158E+000  0.1896014203282435E+000 -0.1343813194625751E+000  0.1633925557192469E-002
 0.3683333300000000E+000  0.1372189900000000E+001 -0.1791969191170285E+000  0.1329132273443493E+000  0.1790854717140105E+000 -0.1254585090063930E+000  0.1724241726674936E-002
 0.3827777800000000E+000  0.1372189900000000E+001 -0.1690468016727410E+000  0.1271217209426159E+000  0.1689352322097546E+000 -0.1167047684696779E+000  0.1820403105816937E-002
 0.3975000000000000E+000  0.1372189900000000E+001 -0.1592782401555142E+000  0.1214279602779096E+000  0.1591665347148248E+000 -0.1081666982410563E+000  0.1922737234279214E-002
 0.4125000000000000E+000  0.1372189900000000E+001 -0.1499013600091304E+000  0.1158428861733448E+000  0.1497895031068293E+000 -0.9988558311107525E-001  0.2031603121233770E-002
 0.4277777800000000E+000  0.1372189900000000E+001 -0.1409211888138179E+000  0.1103756165035018E+000  0.1408091632198715E+000 -0.9189700395197009E-001  0.2147394988434752E-002
 0.4433333300000000E+000  0.1372189900000000E+001 -0.1323382806815171E+000  0.1050335564566794E+000  0.1322260672198625E+000 -0.8423064551042439E-001  0.2270546603142608E-002
 0.4591666700000000E+000  0.1372189900000000E+001 -0.1241493335844070E+000  0.9982251335177408E-001  0.1240369109115769E+000 -0.7691028514695156E-001  0.2401536304885240E-002
 0.4752777800000000E+000  0.1372189900000000E+001 -0.1163478537572971E+000  0.9474685922198228E-001  0.1162351981207758E+000 -0.6995400364566189E-001  0.2540891507432620E-002
 0.4916666700000000E+000  0.1372189900000000E+001 -0.1089247136629073E+000  0.8980965096783960E-001  0.1088117986387127E+000 -0.6337446444251132E-001  0.2689194664024850E-002
 0.5083333300000000E+000  0.1372189900000000E+001 -0.1018687268866452E+000  0.8501278985835850E-001  0.1017555231013925E+000 -0.5717934890695685E-001  0.2847088490546241E-002
 0.5247222200000000E+000  0.1372189900000000E+001 -0.9537968458531203E-001  0.8050636641151383E-001  0.9526617043146465E-001 -0.5155463183844722E-001  0.3009641039153976E-002
 0.5408333300000000E+000  0.1372189900000000E+001 -0.8940276499583609E-001  0.7627031858631107E-001  0.8928891835777893E-001 -0.4645515641851464E-001  0.3176828467973080E-002
 0.5566666700000000E+000  0.1372189900000000E+001 -0.8388866487148844E-001  0.7228581445897359E-001  0.8377446327286134E-001 -0.4183729677895827E-001  0.3348621418880618E-002
 0.5722222200000000E+000  0.1372189900000000E+001 -0.7879320031662165E-001  0.6853529372728007E-001  0.7867862111103745E-001 -0.3765959097207446E-001  0.3524980117764938E-002
 0.5875000000000000E+000  0.1372189900000000E+001 -0.7407683419550126E-001  0.6500243705012078E-001  0.7396185480684234E-001 -0.3388308786647144E-001  0.3705850409655475E-002
 0.6025000000000000E+000  0.1372189900000000E+001 -0.6970424954643195E-001  0.6167214239211416E-001  0.6958884777248527E-001 -0.3047154918761918E-001  0.3891157759743635E-002
 0.6172222200000000E+000  0.1372189900000000E+001 -0.6564390347055624E-001  0.5853045736610854E-001  0.6552805785974772E-001 -0.2739148989317615E-001  0.4080801879368255E-002
 0.6316666700000000E+000  0.1372189900000000E+001 -0.6186762286025143E-001  0.5556451196197574E-001  0.6175131317687290E-001 -0.2461213955722155E-001  0.4274650186725920E-002
 0.6458333300000000E+000  0.1372189900000000E+001 -0.5835024250250301E-001  0.5276245423134198E-001  0.5823345029887191E-001 -0.2210534983169779E-001  0.4472529802873441E-002
 0.6597222200000000E+000  0.1372189900000000E+001 -0.5506924949518765E-001  0.5011336237213902E-001  0.5495195880702416E-001 -0.1984544325504782E-001  0.4674219974468377E-002
 0.6733333300000000E+000  0.1372189900000000E+001 -0.5200449747881435E-001  0.4760718601637922E-001  0.5188669567156645E-001 -0.1780906616234406E-001  0.4879441317076315E-002
 0.6866666700000000E+000  0.1372189900000000E+001 -0.4913792337509457E-001  0.4523466615373357E-001  0.4901960216380338E-001 -0.1597501010224547E-001  0.5087845255436922E-002
 0.6997222200000000E+000  0.1372189900000000E+001 -0.4645331721675315E-001  0.4298727706872497E-001  0.4633447389366666E-001 -0.1432404687157441E-001  0.5299000260455067E-002
 0.7125000000000000E+000  0.1372189900000000E+001 -0.4393609320939845E-001  0.4085715048891080E-001  0.4381673210938402E-001 -0.1283875024418815E-001  0.5512377966256333E-002
 0.7250000000000000E+000  0.1372189900000000E+001 -0.4157311442462087E-001  0.3883702789680339E-001  0.4145324867283887E-001 -0.1150334294044327E-001  0.5727334764805267E-002
 0.7372222200000000E+000  0.1372189900000000E+001 -0.3935251587601209E-001  0.3692019720421567E-001  0.3923216945649320E-001 -0.1030353815790905E-001  0.5943092536434054E-002
 0.7491666700000000E+000  0.1372189900000000E+001 -0.3726355487195220E-001  0.3510043978266792E-001  0.3714276506523241E-001 -0.9226396670987798E-002  0.6158715785881870E-002
 0.7608333300000000E+000  0.1372189900000000E+001 -0.3529648390858909E-001  0.3337198600786260E-001  0.3517530414867245E-001 -0.8260197373599704E-002  0.6373084687318116E-002
 0.7722222200000000E+000  0.1372189900000000E+001 -0.3344241813195811E-001  0.3172945634801057E-001  0.3332092132770829E-001 -0.7394308485787322E-002  0.6584866422805778E-002
 0.7833333300000000E+000  0.1372189900000000E+001 -0.3169323816885751E-001  0.3016782498948036E-001  0.3157152054057399E-001 -0.6619080834680388E-002  0.6792479936033328E-002
 0.7941666700000000E+000  0.1372189900000000E+001 -0.3004148190472409E-001  0.2868236643715172E-001  0.2991966736929484E-001 -0.5925740588605941E-002  0.6994058591116449E-002
 0.8047222200000000E+000  0.1372189900000000E+001 -0.2848025955841887E-001  0.2726861635484262E-001  0.2835850468569955E-001 -0.5306298155192892E-002  0.7187406585625404E-002
 0.8149999999999999E+000  0.1372189900000000E+001 -0.2700315581060106E-001  0.2592231504700708E-001  0.2688165534249220E-001 -0.4753457544570946E-002  0.7369953321264671E-002
 0.8250000000000000E+000  0.1372189900000000E+001 -0.2560415662456946E-001  0.2463936814517217E-001  0.2548314950440137E-001 -0.4260541923949789E-002  0.7538701475572134E-002
 0.8347222200000000E+000  0.1372189900000000E+001 -0.2427756177801681E-001  0.2341578983369776E-001  0.2415733756983380E-001 -0.3821419678109163E-002  0.7690174567933430E-002
 0.8441666700000000E+000  0.1372189900000000E+001 -0.2301790441724965E-001  0.2224764825586497E-001  0.2289880989703784E-001 -0.3430439944499770E-002  0.7820363346857524E-002
 0.8533333300000000E+000  0.1372189900000000E+001 -0.2181987580894651E-001  0.2113101197812174E-001  0.2170232136242378E-001 -0.3082376383412354E-002  0.7924674910891981E-002
 0.8622222200000000E+000  0.1372189900000000E+001 -0.2067823550862824E-001  0.2006187936463487E-001  0.2056270080134456E-001 -0.2772373654472831E-002  0.7997892171287997E-002
 0.8708333300000000E+000  0.1372189900000000E+001 -0.1958774107929916E-001  0.1903612280352322E-001  0.1947477917925633E-001 -0.2495907309940852E-002  0.8034149172865527E-002
 0.8791666700000000E+000  0.1372189900000000E+001 -0.1854306603356591E-001  0.1804941885399723E-001  0.1843330489245228E-001 -0.2248748206416180E-002  0.8026938250348996E-002
 0.8872222200000000E+000  0.1372189900000000E+001 -0.1753874010996642E-001  0.1709719648312337E-001  0.1743287988700170E-001 -0.2026941228909835E-002  0.7969165862519053E-002
 0.8950000000000000E+000  0.1372189900000000E+001 -0.1656909343532541E-001  0.1617458644339319E-001  0.1646789782303967E-001 -0.1826793781170986E-002  0.7853283537105500E-002
 0.9025000000000000E+000  0.1372189900000000E+001 -0.1562825185377393E-001  0.1527641718395592E-001  0.1553253110365307E-001 -0.1644884544477689E-002  0.7671530048634841E-002
 0.9097222200000000E+000  0.1372189900000000E+001 -0.1471017339329189E-001  0.1439724900748020E-001  0.1462075668429367E-001 -0.1478088450501288E-002  0.7416329407055195E-002
 0.9166666700000000E+000  0.1372189900000000E+001 -0.1380877276686330E-001  0.1353149286706085E-001  0.1372646775944069E-001 -0.1323624574290805E-002  0.7080900075044520E-002
 0.9233333300000000E+000  0.1372189900000000E+001 -0.1291816801783161E-001  0.1267364930555121E-001  0.1284370643846429E-001 -0.1179126998938520E-002  0.6660137578963030E-002
 0.9297222200000000E+000  0.1372189900000000E+001 -0.1203306312666459E-001  0.1181868463270054E-001  0.1196703365312081E-001 -0.1042731692565478E-002  0.6151811603280324E-002
 0.9358333300000000E+000  0.1372189900000000E+001 -0.1114931977289392E-001  0.1096260042274847E-001  0.1109209307956194E-001 -0.9131741586154610E-003  0.5558102574728576E-002
 0.9416666700000000E+000  0.1372189900000000E+001 -0.1026466799279969E-001  0.1010315309099590E-001  0.1021632456652218E-001 -0.7898714075784635E-003  0.4887386350552362E-002
 0.9472222200000000E+000  0.1372189900000000E+001 -0.9379501834354797E-002  0.9240674855633546E-002  0.9339778968080708E-002 -0.6729607256207549E-003  0.4156047697102796E-002
 0.9525000000000000E+000  0.1372189900000000E+001 -0.8497541557091405E-002  0.8378782672918486E-002  0.8465820296441134E-002 -0.5632498575409518E-003  0.3389818787276935E-002
 0.9575000000000000E+000  0.1372189900000000E+001 -0.7626107407459321E-002  0.7524716423355183E-002  0.7601457470656468E-002 -0.4620467317638985E-003  0.2623891936549621E-002
 0.9622222200000000E+000  0.1372189900000000E+001 -0.6775624527110392E-002  0.6688913012436507E-002  0.6756912326986018E-002 -0.3708520736281203E-003  0.1900758498994492E-002
 0.9666666700000000E+000  0.1372189900000000E+001 -0.5958169609342506E-002  0.5883601068593288E-002  0.5944209927993651E-002 -0.2909607169828737E-003  0.1264866850137822E-002
 0.9708333300000000E+000  0.1372189900000000E+001 -0.5185239556740232E-002  0.5120570156257075E-002  0.5174945871882356E-002 -0.2230816241913096E-003  0.7539679570165378E-003
 0.9747222200000000E+000  0.1372189900000000E+001 -0.4465453710767228E-002  0.4408819146823028E-002  0.4457935075404332E-002 -0.1671212642100561E-003  0.3887746392260212E-003
 0.9783333300000000E+000  0.1372189900000000E+001 -0.3803301953056489E-002  0.3753222577711312E-002  0.3797880081022272E-002 -0.1222329560596223E-003  0.1650567878113934E-003
 0.9816666700000000E+000  0.1372189900000000E+001 -0.3199532672052762E-002  0.3154858081046114E-002  0.3195699690409935E-002 -0.8708705667337892E-004  0.5371577412694758E-004
 0.9847222200000000E+000  0.1372189900000000E+001 -0.2652750786101513E-002  0.2612592689354167E-002  0.2650114866110347E-002 -0.6019498514713526E-004  0.1205178974229785E-004
 0.9875000000000000E+000  0.1372189900000000E+001 -0.2160958522286561E-002  0.2124644746608538E-002  0.2159208412621039E-002 -0.4012451301654758E-004  0.1581290902543352E-005
 0.9900000000000000E+000  0.1372189900000000E+001 -0.1722332759940522E-002  0.1689382972591868E-002  0.1721220550336527E-002 -0.2558184955953769E-004  0.8872185885773315E-007
 0.9922222200000000E+000  0.1372189900000000E+001 -0.1335378694652879E-002  0.1305492647694160E-002  0.1334709907482161E-002 -0.1542327804058999E-004 -0.7254603055757132E-010
 0.9941666700000000E+000  0.1372189900000000E+001 -0.9989005875941201E-003  0.9719558315934619E-003  0.9985262979228808E-003 -0.8650095299454719E-005 -0.1027895709032836E-009
 0.9958333300000000E+000  0.1372189900000000E+001 -0.7119587098557516E-003  0.6880206915485547E-003  0.7117685470111113E-003 -0.4402255592233004E-005 -0.7040322242781049E-012
 0.9972222200000000E+000  0.1372189900000000E+001 -0.4738140266007372E-003  0.4531657438386603E-003  0.4737297974839110E-003 -0.1952481137689697E-005  0.9379304574365180E-014
 0.9983333300000000E+000  0.1372189900000000E+001 -0.2839050753427399E-003  0.2671009028552673E-003  0.2838748335021097E-003 -0.7017262488405419E-006  0.1754085914343265E-016
 0.9991666700000000E+000  0.1372189900000000E+001 -0.1418113742583696E-003  0.1300381541006067E-003  0.1418038287143912E-003 -0.1752111402147780E-006  0.4233029007760145E-019
 0.9997222200000000E+000  0.1372189900000000E+001 -0.4724040710420794E-004  0.3948277362245361E-004  0.4723956977234754E-004 -0.1945224258648079E-007 -0.1897119190116392E-018
 0.1000000000000000E+001  0.1372189900000000E+001 -0.1392349226800261E-188 -0.1392349226800261E-188 -0.1392349226800261E-188 -0.1392349226800261E-188 -0.1392349226800261E-188

 0.0000000000000000E+000  0.1408300200000000E+001 -0.4637551874531899E+000  0.2655748480229783E+000  0.4636447495233740E+000 -0.2964000000000000E+000  0.5880288316787659E-003
 0.2777777800000000E-003  0.1408300200000000E+001 -0.4637549511467171E+000  0.2655747490639716E+000  0.4636445132166547E+000 -0.2963999157755571E+000  0.5880292899963774E-003
 0.8333333300000000E-003  0.1408300200000000E+001 -0.4637530583402841E+000  0.2655739564055241E+000  0.4636426204082471E+000 -0.2963992411377870E+000  0.5880329611169791E-003
 0.1666666700000000E-002  0.1408300200000000E+001 -0.4637466569262098E+000  0.2655712756543079E+000  0.4636362189874945E+000 -0.2963969594940579E+000  0.5880453769048230E-003
 0.2777777800000000E-002  0.1408300200000000E+001 -0.4637314396959882E+000  0.2655649030341105E+000  0.4636210017413968E+000 -0.2963915354030839E+000  0.5880748923529530E-003
 0.4166666700000000E-002  0.1408300200000000E+001 -0.4637016102033196E+000  0.2655524110301221E+000  0.4635911722176033E+000 -0.2963809018665772E+000  0.5881327541262785E-003
 0.5833333300000000E-002  0.1408300200000000E+001 -0.4636498385131786E+000  0.2655307297202265E+000  0.4635394004734303E+000 -0.2963624433171994E+000  0.5882331917360812E-003
 0.7777777800000000E-002  0.1408300200000000E+001 -0.4635672079883283E+000  0.2654961242226699E+000  0.4634567698623100E+000 -0.2963329742387574E+000  0.5883935311634289E-003
 0.1000000000000000E-001  0.1408300200000000E+001 -0.4634431547688999E+000  0.2654441688831665E+000  0.4633327165132912E+000 -0.2962887133793522E+000  0.5886343304479719E-003
 0.1250000000000000E-001  0.1408300200000000E+001 -0.4632654019572298E+000  0.2653697189534688E+000  0.4631549635157800E+000 -0.2962252534681923E+000  0.5889795368500138E-003
 0.1527777800000000E-001  0.1408300200000000E+001 -0.4630198912843011E+000  0.2652668808097738E+000  0.4629094525858703E+000 -0.2961375264183529E+000  0.5894566646159298E-003
 0.1833333300000000E-001  0.1408300200000000E+001 -0.4626907157903385E+000  0.2651289820486437E+000  0.4625802767468079E+000 -0.2960197640436470E+000  0.5900969919453444E-003
 0.2166666700000000E-001  0.1408300200000000E+001 -0.4622600570077791E+000  0.2649485427480631E+000  0.4621496175118109E+000 -0.2958654540579033E+000  0.5909357770189313E-003
 0.2527777800000000E-001  0.1408300200000000E+001 -0.4617081336836881E+000  0.2647172506325525E+000  0.4615976936063136E+000 -0.2956672921406374E+000  0.5920124873380153E-003
 0.2916666700000000E-001  0.1408300200000000E+001 -0.4610131653269253E+000  0.2644259412704746E+000  0.4609027245149365E+000 -0.2954171292608202E+000  0.5933710453210007E-003
 0.3333333300000000E-001  0.1408300200000000E+001 -0.4601513611266825E+000  0.2640645874323626E+000  0.4600409193998005E+000 -0.2951059158306334E+000  0.5950600803985569E-003
 0.3777777800000000E-001  0.1408300200000000E+001 -0.4590969394631895E+000  0.2636222994648315E+000  0.4589864966109802E+000 -0.2947236421915246E+000  0.5971331896334249E-003
 0.4250000000000000E-001  0.1408300200000000E+001 -0.4578221917693327E+000  0.2630873420731633E+000  0.4577117475478381E+000 -0.2942592779611758E+000  0.5996491934297578E-003
 0.4750000000000000E-001  0.1408300200000000E+001 -0.4562975956829464E+000  0.2624471691731137E+000  0.4561871498109913E+000 -0.2937007097033426E+000  0.6026723911053262E-003
 0.5277777800000000E-001  0.1408300200000000E+001 -0.4544919943348021E+000  0.2616884834430003E+000  0.4543815464899384E+000 -0.2930346810558754E+000  0.6062727980978132E-003
 0.5833333300000000E-001  0.1408300200000000E+001 -0.4523728500297169E+000  0.2607973236039598E+000  0.4522623998437575E+000 -0.2922467370467902E+000  0.6105263629706522E-003
 0.6416666700000000E-001  0.1408300200000000E+001 -0.4499065824187710E+000  0.2597591832532095E+000  0.4497961294728616E+000 -0.2913211760895160E+000  0.6155151573280492E-003
 0.7027777800000000E-001  0.1408300200000000E+001 -0.4470590071049912E+000  0.2585591676086808E+000  0.4469485509241650E+000 -0.2902410169995109E+000  0.6213275168240602E-003
 0.7666666699999999E-001  0.1408300200000000E+001 -0.4437958722435512E+000  0.2571821869227391E+000  0.4436854122906963E+000 -0.2889879837691210E+000  0.6280581435365246E-003
 0.8333333300000000E-001  0.1408300200000000E+001 -0.4400835077456136E+000  0.2556131927045478E+000  0.4399730434147882E+000 -0.2875425201109056E+000  0.6358081385169209E-003
 0.9027777800000000E-001  0.1408300200000000E+001 -0.4358895759295542E+000  0.2538374523393135E+000  0.4357791065385622E+000 -0.2858838395727781E+000  0.6446849762761742E-003
 0.9750000000000000E-001  0.1408300200000000E+001 -0.4311839274891250E+000  0.2518408644427728E+000  0.4310734522712716E+000 -0.2839900268326075E+000  0.6548023901072178E-003
 0.1050000000000000E+000  0.1408300200000000E+001 -0.4259395323370327E+000  0.2496103033103000E+000  0.4258290504319523E+000 -0.2818381967112553E+000  0.6662801948258173E-003
 0.1127777800000000E+000  0.1408300200000000E+001 -0.4201334738156050E+000  0.2471339894519865E+000  0.4200229842590577E+000 -0.2794047289637397E+000  0.6792440185860710E-003
 0.1208333300000000E+000  0.1408300200000000E+001 -0.4137479769145601E+000  0.2444018764269248E+000  0.4136374786270926E+000 -0.2766655937925073E+000  0.6938249349634855E-003
 0.1291666700000000E+000  0.1408300200000000E+001 -0.4067713741376985E+000  0.2414060162491337E+000  0.4066608659119765E+000 -0.2735967561269851E+000  0.7101591258529557E-003
 0.1377777800000000E+000  0.1408300200000000E+001 -0.3991990921357687E+000  0.2381409432099719E+000  0.3990885726225643E+000 -0.2701747240401662E+000  0.7283872818291875E-003
 0.1466666700000000E+000  0.1408300200000000E+001 -0.3910343992630598E+000  0.2346039696130213E+000  0.3909238669555777E+000 -0.2663771551773221E+000  0.7486542302322916E-003
 0.1558333300000000E+000  0.1408300200000000E+001 -0.3822890711673620E+000  0.2307954659961382E+000  0.3821785243838802E+000 -0.2621836098455704E+000  0.7711083163352118E-003
 0.1652777800000000E+000  0.1408300200000000E+001 -0.3729837307259298E+000  0.2267190258973895E+000  0.3728731675904283E+000 -0.2575763506234267E+000  0.7959010234275161E-003
 0.1750000000000000E+000  0.1408300200000000E+001 -0.3631480203622937E+000  0.2223815883952831E+000  0.3630374387830621E+000 -0.2525412591922863E+000  0.8231863498816525E-003
 0.1850000000000000E+000  0.1408300200000000E+001 -0.3528203247356783E+000  0.2177933986502451E+000  0.3527097223814463E+000 -0.2470687123988694E+000  0.8531206276520988E-003
 0.1952777800000000E+000  0.1408300200000000E+001 -0.3420472727000990E+000  0.2129679077401912E+000  0.3419366469736311E+000 -0.2411544887546183E+000  0.8858621793992545E-003
 0.2058333300000000E+000  0.1408300200000000E+001 -0.3308828797949253E+000  0.2079215500121933E+000  0.3307722278037472E+000 -0.2348005791419019E+000  0.9215712234362130E-003
 0.2166666700000000E+000  0.1408300200000000E+001 -0.3193873550815770E+000  0.2026734031352684E+000  0.3192766736054179E+000 -0.2280158335635430E+000  0.9604101087889023E-003
 0.2277777800000000E+000  0.1408300200000000E+001 -0.3076257818588517E+000  0.1972448180969837E+000  0.3075150673137377E+000 -0.2208164775696587E+000  0.1002543378594624E-002
 0.2391666700000000E+000  0.1408300200000000E+001 -0.2956664744978160E+000  0.1916589185701238E+000  0.2955557228960556E+000 -0.2132262932683134E+000  0.1048138546676092E-002
 0.2508333300000000E+000  0.1408300200000000E+001 -0.2835793655324862E+000  0.1859401178988082E+000  0.2834685724384278E+000 -0.2052765870746093E+000  0.1097366680691296E-002
 0.2627777800000000E+000  0.1408300200000000E+001 -0.2714342755724248E+000  0.1801135713291892E+000  0.2713234360531531E+000 -0.1970057838921561E+000  0.1150403618333114E-002
 0.2750000000000000E+000  0.1408300200000000E+001 -0.2592993769283263E+000  0.1742046944541905E+000  0.2591884854991346E+000 -0.1884587965805398E+000  0.1207430920230392E-002
 0.2875000000000000E+000  0.1408300200000000E+001 -0.2472396570815877E+000  0.1682386420313964E+000  0.2471287076450220E+000 -0.1796860183903303E+000  0.1268637669351380E-002
 0.3002777800000000E+000  0.1408300200000000E+001 -0.2353156980546907E+000  0.1622398869520847E+000  0.2352046838327992E+000 -0.1707421572708448E+000  0.1334222025266000E-002
 0.3133333300000000E+000  0.1408300200000000E+001 -0.2235826590472380E+000  0.1562318387417256E+000  0.2234715725060027E+000 -0.1616848729712791E+000  0.1404393172585381E-002
 0.3266666700000000E+000  0.1408300200000000E+001 -0.2120894938267577E+000  0.1502365117139250E+000  0.2119783265914450E+000 -0.1525732924333105E+000  0.1479373725710958E-002
 0.3402777800000000E+000  0.1408300200000000E+001 -0.2008785392119727E+000  0.1442743145299422E+000  0.2007672819728828E+000 -0.1434665867640812E+000  0.1559401760832181E-002
 0.3541666700000000E+000  0.1408300200000000E+001 -0.1899852418408653E+000  0.1383638465711587E+000  0.1898738842473835E+000 -0.1344225137377574E+000  0.1644733849032899E-002
 0.3683333300000000E+000  0.1408300200000000E+001 -0.1794382246020853E+000  0.1325218146806661E+000  0.1793267551443399E+000 -0.1254961706360418E+000  0.1735647654466401E-002
 0.3827777800000000E+000  0.1408300200000000E+001 -0.1692594744821461E+000  0.1267629667868599E+000  0.1691478803580186E+000 -0.1167388624728751E+000  0.1832445389621134E-002
 0.3975000000000000E+000  0.1408300200000000E+001 -0.1594647815371284E+000  0.1211001268106806E+000  0.1593530485039010E+000 -0.1081972619266755E+000  0.1935456773914983E-002
 0.4125000000000000E+000  0.1408300200000000E+001 -0.1500641966529819E+000  0.1155442157275341E+000  0.1499523088607375E+000 -0.9991271678754962E-001  0.2045043207664414E-002
 0.4277777800000000E+000  0.1408300200000000E+001 -0.1410626483149677E+000  0.1101043508704848E+000  0.1409505881209566E+000 -0.9192086031008183E-001  0.2161601540778701E-002
 0.4433333300000000E+000  0.1408300200000000E+001 -0.1324605725777485E+000  0.1047879537174741E+000  0.1323483203398874E+000 -0.8425141841779694E-001  0.2285568435469013E-002
 0.4591666700000000E+000  0.1408300200000000E+001 -0.1242545356115767E+000  0.9960086229469205E-001  0.1241420694593831E+000 -0.7692819850673201E-001  0.2417425427732889E-002
 0.4752777800000000E+000  0.1408300200000000E+001 -0.1164379029817753E+000  0.9454749125510289E-001  0.1163251985657740E+000 -0.6996930087671663E-001  0.2557703461042934E-002
 0.4916666700000000E+000  0.1408300200000000E+001 -0.1090014017632587E+000  0.8963094989282674E-001  0.1088884319820830E+000 -0.6338739895190140E-001  0.2706988893608760E-002
 0.5083333300000000E+000  0.1408300200000000E+001 -0.1019336991039827E+000  0.8485319951075873E-001  0.1018204338141856E+000 -0.5719017583436541E-001  0.2865928759536479E-002
 0.5247222200000000E+000  0.1408300200000000E+001 -0.9543475177573608E-001  0.8036384607128511E-001  0.9532116875572298E-001 -0.5156365777767227E-001  0.3029558500210459E-002
 0.5408333300000000E+000  0.1408300200000000E+001 -0.8944946281308266E-001  0.7614305215567585E-001  0.8933553929610402E-001 -0.4646265308286691E-001  0.3197854176894364E-002
 0.5566666700000000E+000  0.1408300200000000E+001 -0.8392829484787130E-001  0.7217218652909017E-001  0.8381400766839572E-001 -0.4184350192462773E-001  0.3370786308458305E-002
 0.5722222200000000E+000  0.1408300200000000E+001 -0.7882686545996494E-001  0.6843386766009993E-001  0.7871219124372754E-001 -0.3766471052200052E-001  0.3548314940948726E-002
 0.5875000000000000E+000  0.1408300200000000E+001 -0.7410546953910098E-001  0.6491193521869502E-001  0.7399038494304476E-001 -0.3388729868204864E-001  0.3730385658518639E-002
 0.6025000000000000E+000  0.1408300200000000E+001 -0.6972864826355731E-001  0.6159142840525603E-001  0.6961313027961906E-001 -0.3047500212306102E-001  0.3916923547090225E-002
 0.6172222200000000E+000  0.1408300200000000E+001 -0.6566473906672610E-001  0.5845852024968064E-001  0.6554876539929684E-001 -0.2739431287585819E-001  0.4107827787507728E-002
 0.6316666700000000E+000  0.1408300200000000E+001 -0.6188546798995351E-001  0.5550045211464413E-001  0.6176901752258836E-001 -0.2461444054171247E-001  0.4302965076120130E-002
 0.6458333300000000E+000  0.1408300200000000E+001 -0.5836558489851437E-001  0.5270547097683041E-001  0.5824863826856617E-001 -0.2210721953869325E-001  0.4502161571412827E-002
 0.6597222200000000E+000  0.1408300200000000E+001 -0.5508250541806191E-001  0.5006274300543755E-001  0.5496504571565634E-001 -0.1984695764690049E-001  0.4705195270771834E-002
 0.6733333300000000E+000  0.1408300200000000E+001 -0.5201602308840417E-001  0.4756229611551400E-001  0.5189803670789430E-001 -0.1781028864525984E-001  0.4911785187272537E-002
 0.6866666700000000E+000  0.1408300200000000E+001 -0.4914802432587523E-001  0.4519494107154028E-001  0.4902950199258185E-001 -0.1597599345583379E-001  0.5121580725391943E-002
 0.6997222200000000E+000  0.1408300200000000E+001 -0.4646225676684998E-001  0.4295221442558535E-001  0.4634319477379605E-001 -0.1432483492389588E-001  0.5334147832782232E-002
 0.7125000000000000E+000  0.1408300200000000E+001 -0.4394409906324465E-001  0.4082630359024646E-001  0.4382450074824149E-001 -0.1283937931187511E-001  0.5548955032011503E-002
 0.7250000000000000E+000  0.1408300200000000E+001 -0.4158038451812517E-001  0.3880999991145383E-001  0.4146026202638438E-001 -0.1150384306055289E-001  0.5765354900293345E-002
 0.7372222200000000E+000  0.1408300200000000E+001 -0.3935922325581277E-001  0.3689663604243892E-001  0.3923859962719301E-001 -0.1030393413447333E-001  0.5982564679852460E-002
 0.7491666700000000E+000  0.1408300200000000E+001 -0.3726985180597663E-001  0.3508003356524686E-001  0.3714876343576008E-001 -0.9226708960687226E-002  0.6199643270010052E-002
 0.7608333300000000E+000  0.1408300200000000E+001 -0.3530250533555644E-001  0.3335445903143376E-001  0.3518100485987791E-001 -0.8260442832649288E-002  0.6415464100593632E-002
 0.7722222200000000E+000  0.1408300200000000E+001 -0.3344828453047250E-001  0.3171456549462925E-001  0.3332644418214863E-001 -0.7394500997070901E-002  0.6628686286531287E-002
 0.7833333300000000E+000  0.1408300200000000E+001 -0.3169905791322110E-001  0.3015535646750360E-001  0.3157697339988953E-001 -0.6619231833481825E-002  0.6837719151379125E-002
 0.7941666700000000E+000  0.1408300200000000E+001 -0.3004735314812505E-001  0.2867213280715661E-001  0.2992514808676340E-001 -0.5925859501401940E-002  0.7040684638330294E-002
 0.8047222200000000E+000  0.1408300200000000E+001 -0.2848627166932158E-001  0.2726045374069338E-001  0.2836410260084480E-001 -0.5306392764912162E-002  0.7235373427254986E-002
 0.8149999999999999E+000  0.1408300200000000E+001 -0.2700939036951768E-001  0.2591608047630239E-001  0.2688745234533982E-001 -0.4753534292851050E-002  0.7419198986658136E-002
 0.8250000000000000E+000  0.1408300200000000E+001 -0.2561068796853168E-001  0.2463493690453173E-001  0.2548922065734971E-001 -0.4260606159725289E-002  0.7589145269856473E-002
 0.8347222200000000E+000  0.1408300200000000E+001 -0.2428445706469868E-001  0.2341305276679859E-001  0.2416375125859881E-001 -0.3821475859420224E-002  0.7741713882317929E-002
 0.8441666700000000E+000  0.1408300200000000E+001 -0.2302522316248430E-001  0.2224650889311842E-001  0.2290562746332060E-001 -0.3430491799128944E-002  0.7872870034121316E-002
 0.8533333300000000E+000  0.1408300200000000E+001 -0.2182766883444226E-001  0.2113138338030383E-001  0.2170959615256245E-001 -0.3082427032273088E-002  0.7977991205834816E-002
 0.8622222200000000E+000  0.1408300200000000E+001 -0.2068654323434976E-001  0.2006368058223397E-001  0.2057047656046572E-001 -0.2772425700241154E-002  0.8051826176960259E-002
 0.8708333300000000E+000  0.1408300200000000E+001 -0.1959659108288830E-001  0.1903927481414635E-001  0.1948308770586971E-001 -0.2495962892332893E-002  0.8088469955202919E-002
 0.8791666700000000E+000  0.1408300200000000E+001 -0.1855246982899002E-001  0.1805383990094784E-001  0.1844216289372729E-001 -0.2248809024684777E-002  0.8081370682797314E-002
 0.8872222200000000E+000  0.1408300200000000E+001 -0.1754868913077053E-001  0.1710279674672826E-001  0.1744228500329330E-001 -0.2027008532043526E-002  0.8023385466431164E-002
 0.8950000000000000E+000  0.1408300200000000E+001 -0.1657955431072693E-001  0.1618126209725368E-001  0.1647782388671120E-001 -0.1826868327415520E-002  0.7906911751771706E-002
 0.9025000000000000E+000  0.1408300200000000E+001 -0.1563916120178889E-001  0.1528404399905346E-001  0.1554292282664580E-001 -0.1644966534388877E-002  0.7724130632872402E-002
 0.9097222200000000E+000  0.1408300200000000E+001 -0.1472143261097941E-001  0.1440567594110062E-001  0.1463152421929372E-001 -0.1478177443071493E-002  0.7467407049452974E-002
 0.9166666700000000E+000  0.1408300200000000E+001 -0.1382024362850126E-001  0.1354053639382474E-001  0.1373748190897499E-001 -0.1323719403597072E-002  0.7129902788839265E-002
 0.9233333300000000E+000  0.1408300200000000E+001 -0.1292967033275018E-001  0.1268308970162557E-001  0.1285479573476988E-001 -0.1179225719378782E-002  0.6706465080292488E-002
 0.9297222200000000E+000  0.1408300200000000E+001 -0.1204437619028293E-001  0.1182826594261464E-001  0.1197798503868924E-001 -0.1042831592127755E-002  0.6194832432248864E-002
 0.9358333300000000E+000  0.1408300200000000E+001 -0.1116018970783882E-001  0.1097203624005289E-001  0.1110265832873634E-001 -0.9132718864989628E-003  0.5597183194188990E-002
 0.9416666700000000E+000  0.1408300200000000E+001 -0.1027482304480204E-001  0.1011214034669218E-001  0.1022623463427430E-001 -0.7899632570302394E-003  0.4921935075402451E-002
 0.9472222200000000E+000  0.1408300200000000E+001 -0.9388676813125383E-002  0.9248917019172203E-002  0.9348767669955476E-002 -0.6730430838498266E-003  0.4185574743796333E-002
 0.9525000000000000E+000  0.1408300200000000E+001 -0.8505510382824683E-002  0.8386021627033675E-002  0.8473656571162927E-002 -0.5633197752355912E-003  0.3414009650089452E-002
 0.9575000000000000E+000  0.1408300200000000E+001 -0.7632719058646847E-002  0.7530768581138976E-002  0.7607981796982916E-002 -0.4621024844313937E-003  0.2642684728418544E-002
 0.9622222200000000E+000  0.1408300200000000E+001 -0.6780833243056005E-002  0.6693700627412504E-002  0.6762068250359541E-002 -0.3708935213796106E-003  0.1914406694285320E-002
 0.9666666700000000E+000  0.1408300200000000E+001 -0.5962047477920690E-002  0.5887166591287536E-002  0.5948058575010472E-002 -0.2909892808956245E-003  0.1273960966790865E-002
 0.9708333300000000E+000  0.1408300200000000E+001 -0.5187962113609654E-002  0.5123063591257568E-002  0.5177653443344994E-002 -0.2230998303266592E-003  0.7593890450034061E-003
 0.9747222200000000E+000  0.1408300200000000E+001 -0.4467259067930409E-002  0.4410458148719348E-002  0.4459733091716671E-002 -0.1671320209314463E-003  0.3915668485110267E-003
 0.9783333300000000E+000  0.1408300200000000E+001 -0.3804437963008939E-002  0.3754239415729950E-002  0.3799012532489733E-002 -0.1222388815940115E-003  0.1662398273724175E-003
 0.9816666700000000E+000  0.1408300200000000E+001 -0.3200214048524914E-002  0.3155455735643097E-002  0.3196379347490555E-002 -0.8709011561128309E-004  0.5409975513715953E-004
 0.9847222200000000E+000  0.1408300200000000E+001 -0.2653140342468028E-002  0.2612924967405066E-002  0.2650503616512424E-002 -0.6019646369289802E-004  0.1213768030292053E-004
 0.9875000000000000E+000  0.1408300200000000E+001 -0.2161169472831578E-002  0.2124817816221671E-002  0.2159419008210929E-002 -0.4012517632989585E-004  0.1592523611061335E-005
 0.9900000000000000E+000  0.1408300200000000E+001 -0.1722439692018351E-002  0.1689465899418201E-002  0.1721327339010789E-002 -0.2558212148205632E-004  0.8934940565876565E-007
 0.9922222200000000E+000  0.1408300200000000E+001 -0.1335428574647850E-002  0.1305528121695519E-002  0.1334759735606974E-002 -0.1542337762317806E-004 -0.7318827524400554E-010
 0.9941666700000000E+000  0.1408300200000000E+001 -0.9989214765899819E-003  0.9719686689511060E-003  0.9985471706685839E-003 -0.8650126828021718E-005 -0.1035186395698192E-009
 0.9958333300000000E+000  0.1408300200000000E+001 -0.7119662758318824E-003  0.6880241702414806E-003  0.7117761087921974E-003 -0.4402263804004026E-005 -0.7089741964753040E-012
 0.9972222200000000E+000  0.1408300200000000E+001 -0.4738162571481870E-003  0.4531661649093174E-003  0.4737320272083699E-003 -0.1952482760551459E-005  0.9445926280875736E-014
 0.9983333300000000E+000  0.1408300200000000E+001 -0.2839055552446111E-003  0.2671007332590703E-003  0.2838753132979120E-003 -0.7017264592524831E-006  0.1767056577753038E-016
 0.9991666700000000E+000  0.1408300200000000E+001 -0.1418114340700205E-003  0.1300380518829407E-003  0.1418038885194430E-003 -0.1752111533702146E-006 -0.7637819677142222E-019
 0.9997222200000000E+000  0.1408300200000000E+001 -0.4724040931527133E-004  0.3948275785531164E-004  0.4723957198332975E-004 -0.1945224274895259E-007  0.1379649707779224E-018
 0.1000000000000000E+001  0.1408300200000000E+001  0.1392349226800261E-188  0.1392349226800261E-188  0.1392349226800261E-188 -0.1392349226800261E-188 -0.1392349226800261E-188

 0.0000000000000000E+000  0.1440799400000000E+001 -0.4648095929815734E+000  0.2645204517783396E+000  0.4646991535950378E+000 -0.2964000000000000E+000  0.5908507999757404E-003
 0.2777777800000000E-003  0.1440799400000000E+001 -0.4648093557976058E+000  0.2645203535158564E+000  0.4646989164108207E+000 -0.2963999158828260E+000  0.5908512604929031E-003
 0.8333333300000000E-003  0.1440799400000000E+001 -0.4648074559624767E+000  0.2645195664365335E+000  0.4646970165736931E+000 -0.2963992421042730E+000  0.5908549492318896E-003
 0.1666666700000000E-002  0.1440799400000000E+001 -0.4648010307776410E+000  0.2645169045537036E+000  0.4646905913820981E+000 -0.2963969633663419E+000  0.5908674246053894E-003
 0.2777777800000000E-002  0.1440799400000000E+001 -0.4647857570408194E+000  0.2645105767865413E+000  0.4646753176292082E+000 -0.2963915461826370E+000  0.5908970817035990E-003
 0.4166666700000000E-002  0.1440799400000000E+001 -0.4647558167833146E+000  0.2644981727043677E+000  0.4646453773402018E+000 -0.2963809261848502E+000  0.5909552211662492E-003
 0.5833333300000000E-002  0.1440799400000000E+001 -0.4647038528571577E+000  0.2644766439869942E+000  0.4645934133593587E+000 -0.2963624911292766E+000  0.5910561407946766E-003
 0.7777777800000000E-002  0.1440799400000000E+001 -0.4646209155286908E+000  0.2644422820265587E+000  0.4645104759435774E+000 -0.2963330595382029E+000  0.5912172497205424E-003
 0.1000000000000000E-001  0.1440799400000000E+001 -0.4644964017415741E+000  0.2643906922883329E+000  0.4643859620253010E+000 -0.2962888549353466E+000  0.5914592046453533E-003
 0.1250000000000000E-001  0.1440799400000000E+001 -0.4643179890704460E+000  0.2643167661757088E+000  0.4642075491660809E+000 -0.2962254755841464E+000  0.5918060677567952E-003
 0.1527777800000000E-001  0.1440799400000000E+001 -0.4640715671538571E+000  0.2642146514384426E+000  0.4639611269893978E+000 -0.2961378597086681E+000  0.5922854853473030E-003
 0.1833333300000000E-001  0.1440799400000000E+001 -0.4637411701545542E+000  0.2640777224500758E+000  0.4636307296408131E+000 -0.2960202462221347E+000  0.5929288857265514E-003
 0.2166666700000000E-001  0.1440799400000000E+001 -0.4633089137511948E+000  0.2638985516302763E+000  0.4631984727795312E+000 -0.2958661307279083E+000  0.5937716962860566E-003
 0.2527777800000000E-001  0.1440799400000000E+001 -0.4627549437281213E+000  0.2636688847284325E+000  0.4626445021679996E+000 -0.2956682175714661E+000  0.5948535739394854E-003
 0.2916666700000000E-001  0.1440799400000000E+001 -0.4620573994646860E+000  0.2633796210848743E+000  0.4619469571610340E+000 -0.2954183671309317E+000  0.5962186518978314E-003
 0.3333333300000000E-001  0.1440799400000000E+001 -0.4611924029143912E+000  0.2630208029652218E+000  0.4610819596847331E+000 -0.2951075399102337E+000  0.5979157929745672E-003
 0.3777777800000000E-001  0.1440799400000000E+001 -0.4601340783189889E+000  0.2625816158047079E+000  0.4600236339503209E+000 -0.2947257369313985E+000  0.5999988514563660E-003
 0.4250000000000000E-001  0.1440799400000000E+001 -0.4588546164725647E+000  0.2620504047127959E+000  0.4587441707179422E+000 -0.2942619389446476E+000  0.6025269300398367E-003
 0.4750000000000000E-001  0.1440799400000000E+001 -0.4573243884990386E+000  0.2614147088821375E+000  0.4572139410738343E+000 -0.2937040439120703E+000  0.6055646366305247E-003
 0.5277777800000000E-001  0.1440799400000000E+001 -0.4555121260555325E+000  0.2606613204820256E+000  0.4554016766333261E+000 -0.2930388068887176E+000  0.6091823226879312E-003
 0.5833333300000000E-001  0.1440799400000000E+001 -0.4533851762537955E+000  0.2597763710396268E+000  0.4532747244618461E+000 -0.2922517840237425E+000  0.6134563012732191E-003
 0.6416666700000000E-001  0.1440799400000000E+001 -0.4509098414377672E+000  0.2587454491052930E+000  0.4507993868520161E+000 -0.2913272841654828E+000  0.6184690378761977E-003
 0.7027777800000000E-001  0.1440799400000000E+001 -0.4480518198187710E+000  0.2575537555167600E+000  0.4479413619583188E+000 -0.2902483354044938E+000  0.6243092921017850E-003
 0.7666666699999999E-001  0.1440799400000000E+001 -0.4447767445173767E+000  0.2561862950328833E+000  0.4446662828383634E+000 -0.2889966692936348E+000  0.6310722205360699E-003
 0.8333333300000000E-001  0.1440799400000000E+001 -0.4410508356671130E+000  0.2546281104426638E+000  0.4409403695559342E+000 -0.2875527347538579E+000  0.6388594094533933E-003
 0.9027777800000000E-001  0.1440799400000000E+001 -0.4368416543693209E+000  0.2528645547829055E+000  0.4367311831350913E+000 -0.2858957474833603E+000  0.6477788491809534E-003
 0.9750000000000000E-001  0.1440799400000000E+001 -0.4321189623621880E+000  0.2508816040078081E+000  0.4320084852283708E+000 -0.2840037904920959E+000  0.6579448188725389E-003
 0.1050000000000000E+000  0.1440799400000000E+001 -0.4268556568228159E+000  0.2486661985780759E+000  0.4267451729179071E+000 -0.2818539723368350E+000  0.6694777084005214E-003
 0.1127777800000000E+000  0.1440799400000000E+001 -0.4210287687151375E+000  0.2462066110164428E+000  0.4209182770623013E+000 -0.2794226611537610E+000  0.6825037488865655E-003
 0.1208333300000000E+000  0.1440799400000000E+001 -0.4146204951709624E+000  0.2434928297516998E+000  0.4145099946765094E+000 -0.2766858094871743E+000  0.6971546430217631E-003
 0.1291666700000000E+000  0.1440799400000000E+001 -0.4076191691480996E+000  0.2405169218233605E+000  0.4075086585886130E+000 -0.2736193580456295E+000  0.7135672263501552E-003
 0.1377777800000000E+000  0.1440799400000000E+001 -0.4000202497200991E+000  0.2372734140726718E+000  0.3999097277281920E+000 -0.2701997837867157E+000  0.7318828647554100E-003
 0.1466666700000000E+000  0.1440799400000000E+001 -0.3918270721717549E+000  0.2337595870729296E+000  0.3917165372201362E+000 -0.2664047063595812E+000  0.7522470807664346E-003
 0.1558333300000000E+000  0.1440799400000000E+001 -0.3830515155133286E+000  0.2299757539261681E+000  0.3829409658971523E+000 -0.2622136415589297E+000  0.7748089317607996E-003
 0.1652777800000000E+000  0.1440799400000000E+001 -0.3737143428246871E+000  0.2259254246670696E+000  0.3736037766418564E+000 -0.2576088017765611E+000  0.7997206282323794E-003
 0.1750000000000000E+000  0.1440799400000000E+001 -0.3638453729857040E+000  0.2216154290341057E+000  0.3637347881151149E+000 -0.2525760141318609E+000  0.8271369078765889E-003
 0.1850000000000000E+000  0.1440799400000000E+001 -0.3534832008109322E+000  0.2170558785918954E+000  0.3533725948881985E+000 -0.2471055983604349E+000  0.8572148532288762E-003
 0.1952777800000000E+000  0.1440799400000000E+001 -0.3426746953011242E+000  0.2122600688049275E+000  0.3425640656917210E+000 -0.2411932755538995E+000  0.8901135471555962E-003
 0.2058333300000000E+000  0.1440799400000000E+001 -0.3314741368581693E+000  0.2072442596189783E+000  0.3313634806276570E+000 -0.2348409814591526E+000  0.9259939773597607E-003
 0.2166666700000000E+000  0.1440799400000000E+001 -0.3199420174702907E+000  0.2020273396050055E+000  0.3198313313511971E+000 -0.2280575160106195E+000  0.9650192725877136E-003
 0.2277777800000000E+000  0.1440799400000000E+001 -0.3081437142094969E+000  0.1966304602799355E+000  0.3080329945647883E+000 -0.2208590625088585E+000  0.1007354766354201E-002
 0.2391666700000000E+000  0.1440799400000000E+001 -0.2961478378071227E+000  0.1910765405229850E+000  0.2960370805894938E+000 -0.2132693711595360E+000  0.1053168777270670E-002
 0.2508333300000000E+000  0.1440799400000000E+001 -0.2840246117497706E+000  0.1853897883409082E+000  0.2839138124566269E+000 -0.2053197288655925E+000  0.1102633195027001E-002
 0.2627777800000000E+000  0.1440799400000000E+001 -0.2718441341742729E+000  0.1795951579902914E+000  0.2717332877975582E+000 -0.1970485547853046E+000  0.1155924702468834E-002
 0.2750000000000000E+000  0.1440799400000000E+001 -0.2596748345599017E+000  0.1737178725983286E+000  0.2595639355305982E+000 -0.1885007703565977E+000  0.1213225733121834E-002
 0.2875000000000000E+000  0.1440799400000000E+001 -0.2475819309081407E+000  0.1677829069708082E+000  0.2474709730342177E+000 -0.1797267913985592E+000  0.1274726279292975E-002
 0.3002777800000000E+000  0.1440799400000000E+001 -0.2356262044866357E+000  0.1618145695618196E+000  0.2355151808840652E+000 -0.1707813612180297E+000  0.1340625453868665E-002
 0.3133333300000000E+000  0.1440799400000000E+001 -0.2238629792028402E+000  0.1558361233224231E+000  0.2237518822186331E+000 -0.1617221857457609E+000  0.1411133448200593E-002
 0.3266666700000000E+000  0.1440799400000000E+001 -0.2123413371904351E+000  0.1498694555029970E+000  0.2122301583164050E+000 -0.1526084463705146E+000  0.1486473948515041E-002
 0.3402777800000000E+000  0.1440799400000000E+001 -0.2011037072209971E+000  0.1439348678598608E+000  0.2009924369977097E+000 -0.1434993740108520E+000  0.1566886177811314E-002
 0.3541666700000000E+000  0.1440799400000000E+001 -0.1901855924287721E+000  0.1380508732944119E+000  0.1900742203375347E+000 -0.1344527885807115E+000  0.1652627943712926E-002
 0.3683333300000000E+000  0.1440799400000000E+001 -0.1796156390840018E+000  0.1322341120071385E+000  0.1795041534261657E+000 -0.1255238489349071E+000  0.1743978249348874E-002
 0.3827777800000000E+000  0.1440799400000000E+001 -0.1694158274714153E+000  0.1264992842427974E+000  0.1693042152326726E+000 -0.1167639185029858E+000  0.1841240765504241E-002
 0.3975000000000000E+000  0.1440799400000000E+001 -0.1596019146985937E+000  0.1208591837321321E+000  0.1594901613975103E+000 -0.1082197231198629E+000  0.1944746803797789E-002
 0.4125000000000000E+000  0.1440799400000000E+001 -0.1501838964287088E+000  0.1153247172683093E+000  0.1500719859465150E+000 -0.9993265689873486E-001  0.2054859511178787E-002
 0.4277777800000000E+000  0.1440799400000000E+001 -0.1411666279049017E+000  0.1099050021789383E+000  0.1410545422956854E+000 -0.9193839160771018E-001  0.2171977657346667E-002
 0.4433333300000000E+000  0.1440799400000000E+001 -0.1325504580269339E+000  0.1046074722865469E+000  0.1324381773062930E+000 -0.8426668344179056E-001  0.2296540019228261E-002
 0.4591666700000000E+000  0.1440799400000000E+001 -0.1243318557387867E+000  0.9943798853263718E-001  0.1242193576491140E+000 -0.7694136187414755E-001  0.2429030467841676E-002
 0.4752777800000000E+000  0.1440799400000000E+001 -0.1165040828968543E+000  0.9440099721143917E-001  0.1163913426501703E+000 -0.6998054154516192E-001  0.2569982525172296E-002
 0.4916666700000000E+000  0.1440799400000000E+001 -0.1090577594360599E+000  0.8949964641060403E-001  0.1089447494334119E+000 -0.6339690321345330E-001  0.2719985402167363E-002
 0.5083333300000000E+000  0.1440799400000000E+001 -0.1019814446299743E+000  0.8473594181022892E-001  0.1018681341622486E+000 -0.5719813124560220E-001  0.2879689287681985E-002
 0.5247222200000000E+000  0.1440799400000000E+001 -0.9547521677326683E-001  0.8025913350039697E-001  0.9536158316778923E-001 -0.5157028969595192E-001  0.3044105805216617E-002
 0.5408333300000000E+000  0.1440799400000000E+001 -0.8948377641695347E-001  0.7604954939526691E-001  0.8936979642865329E-001 -0.4646816121840033E-001  0.3213210946050629E-002
 0.5566666700000000E+000  0.1440799400000000E+001 -0.8395741396041287E-001  0.7208870594363589E-001  0.8384306391748897E-001 -0.4184806102142261E-001  0.3386975140103401E-002
 0.5722222200000000E+000  0.1440799400000000E+001 -0.7885160095753663E-001  0.6835935314271643E-001  0.7873685695101183E-001 -0.3766847192109248E-001  0.3565358303111148E-002
 0.5875000000000000E+000  0.1440799400000000E+001 -0.7412650875832194E-001  0.6484544763292782E-001  0.7401134688172108E-001 -0.3389039236062747E-001  0.3748305829907959E-002
 0.6025000000000000E+000  0.1440799400000000E+001 -0.6974657421921608E-001  0.6153213249348415E-001  0.6963097087245969E-001 -0.3047753894100848E-001  0.3935742530832196E-002
 0.6172222200000000E+000  0.1440799400000000E+001 -0.6568004678057145E-001  0.5840567298595416E-001  0.6556397904796590E-001 -0.2739638684103169E-001  0.4127567200933630E-002
 0.6316666700000000E+000  0.1440799400000000E+001 -0.6189857833370468E-001  0.5545339236666228E-001  0.6178202445173710E-001 -0.2461613098206845E-001  0.4323646011287490E-002
 0.6458333300000000E+000  0.1440799400000000E+001 -0.5837685631107480E-001  0.5266361034515089E-001  0.5825979624485867E-001 -0.2210859311603941E-001  0.4523804419612309E-002
 0.6597222200000000E+000  0.1440799400000000E+001 -0.5509224379741197E-001  0.5002555776366147E-001  0.5497465994229891E-001 -0.1984807017682386E-001  0.4727819513506857E-002
 0.6733333300000000E+000  0.1440799400000000E+001 -0.5202449015423318E-001  0.4752932008292377E-001  0.5190636819102792E-001 -0.1781118671598049E-001  0.4935409138714548E-002
 0.6866666700000000E+000  0.1440799400000000E+001 -0.4915544467527946E-001  0.4516575935476459E-001  0.4903677460202157E-001 -0.1597671584653402E-001  0.5146221227754926E-002
 0.6997222200000000E+000  0.1440799400000000E+001 -0.4646882383656655E-001  0.4292645789730679E-001  0.4634960121195410E-001 -0.1432541383589641E-001  0.5359819889531235E-002
 0.7125000000000000E+000  0.1440799400000000E+001 -0.4394998016036722E-001  0.4080364404861402E-001  0.4383020758940578E-001 -0.1283984142707592E-001  0.5575671378843485E-002
 0.7250000000000000E+000  0.1440799400000000E+001 -0.4158572507304651E-001  0.3879014579953485E-001  0.4146541398062016E-001 -0.1150421044675594E-001  0.5793125492295387E-002
 0.7372222200000000E+000  0.1440799400000000E+001 -0.3936415040897320E-001  0.3687932868248819E-001  0.3924332314078908E-001 -0.1030422501448344E-001  0.6011396090991609E-002
 0.7491666700000000E+000  0.1440799400000000E+001 -0.3727447742939913E-001  0.3506504382790366E-001  0.3715316972974445E-001 -0.9226938363157265E-002  0.6229537987579635E-002
 0.7608333300000000E+000  0.1440799400000000E+001 -0.3530692856837789E-001  0.3334158437001107E-001  0.3518519248643953E-001 -0.8260623140913616E-002  0.6446419694408439E-002
 0.7722222200000000E+000  0.1440799400000000E+001 -0.3345259388782207E-001  0.3170362730620203E-001  0.3333050115879084E-001 -0.7394642409964990E-002  0.6660694443910298E-002
 0.7833333300000000E+000  0.1440799400000000E+001 -0.3170333301784253E-001  0.3014619769776521E-001  0.3158097897156108E-001 -0.6619342751637777E-002  0.6870764544041293E-002
 0.7941666700000000E+000  0.1440799400000000E+001 -0.3005166611467175E-001  0.2866461576498081E-001  0.2992917414639512E-001 -0.5925946849654353E-002  0.7074743608313536E-002
 0.8047222200000000E+000  0.1440799400000000E+001 -0.2849068816034406E-001  0.2725445804897490E-001  0.2836821478808414E-001 -0.5306462260667996E-002  0.7270412456575296E-002
 0.8149999999999999E+000  0.1440799400000000E+001 -0.2701397032844863E-001  0.2591150111806481E-001  0.2689171082909654E-001 -0.4753590668164906E-002  0.7455172933991831E-002
 0.8250000000000000E+000  0.1440799400000000E+001 -0.2561548602036717E-001  0.2463168228012036E-001  0.2549368059333220E-001 -0.4260653343940388E-002  0.7625995332573434E-002
 0.8347222200000000E+000  0.1440799400000000E+001 -0.2428952256376542E-001  0.2341104270915525E-001  0.2416846290087721E-001 -0.3821517127438707E-002  0.7779365266708999E-002
 0.8441666700000000E+000  0.1440799400000000E+001 -0.2303059985328139E-001  0.2224567255945933E-001  0.2291063589511032E-001 -0.3430529889432901E-002  0.7911229307066803E-002
 0.8533333300000000E+000  0.1440799400000000E+001 -0.2183339407906885E-001  0.2113165693366522E-001  0.2171494058788348E-001 -0.3082464237579775E-002  0.8016943312658092E-002
 0.8622222200000000E+000  0.1440799400000000E+001 -0.2069264675826916E-001  0.2006500459060408E-001  0.2057618916480522E-001 -0.2772463932622974E-002  0.8091231140057092E-002
 0.8708333300000000E+000  0.1440799400000000E+001 -0.1960309318183572E-001  0.1904159126588969E-001  0.1948919187321293E-001 -0.2496003723831974E-002  0.8128159283766671E-002
 0.8791666700000000E+000  0.1440799400000000E+001 -0.1855937900166845E-001  0.1805708877980687E-001  0.1844867093583761E-001 -0.2248853703841626E-002  0.8121143596132047E-002
 0.8872222200000000E+000  0.1440799400000000E+001 -0.1755599912628424E-001  0.1710691211582875E-001  0.1744919522785215E-001 -0.2027057976691780E-002  0.8063005109326445E-002
 0.8950000000000000E+000  0.1440799400000000E+001 -0.1658724065521544E-001  0.1618616773006728E-001  0.1648511711173914E-001 -0.1826923094928723E-002  0.7946101717912310E-002
 0.9025000000000000E+000  0.1440799400000000E+001 -0.1564717736858326E-001  0.1528964867659860E-001  0.1555055847364932E-001 -0.1645026772465776E-002  0.7762572308373568E-002
 0.9097222200000000E+000  0.1440799400000000E+001 -0.1472970618670722E-001  0.1441186873604784E-001  0.1463943631160797E-001 -0.1478242828064678E-002  0.7504738563620264E-002
 0.9166666700000000E+000  0.1440799400000000E+001 -0.1382867307083385E-001  0.1354718249774421E-001  0.1374557554407010E-001 -0.1323789079200021E-002  0.7165720725316482E-002
 0.9233333300000000E+000  0.1440799400000000E+001 -0.1293812324000983E-001  0.1269002768553766E-001  0.1286294492933541E-001 -0.1179298256293709E-002  0.6740330559403511E-002
 0.9297222200000000E+000  0.1440799400000000E+001 -0.1205269035808738E-001  0.1183530772276152E-001  0.1198603321877280E-001 -0.1042904997707834E-002  0.6226283588765522E-002
 0.9358333300000000E+000  0.1440799400000000E+001 -0.1116817851615091E-001  0.1097897131730580E-001  0.1111042304006344E-001 -0.9133436984249481E-003  0.5625756426371937E-002
 0.9416666700000000E+000  0.1440799400000000E+001 -0.1028228669631123E-001  0.1011874593542412E-001  0.1023351808284098E-001 -0.7900307510891808E-003  0.4947197165424465E-002
 0.9472222200000000E+000  0.1440799400000000E+001 -0.9395420301655346E-002  0.9254975102234003E-002  0.9355374128917010E-002 -0.6731036045784342E-003  0.4207166806955162E-002
 0.9525000000000000E+000  0.1440799400000000E+001 -0.8511367430504974E-002  0.8391342397143509E-002  0.8479416107120720E-002 -0.5633711545692387E-003  0.3431700878223793E-002
 0.9575000000000000E+000  0.1440799400000000E+001 -0.7637578562862986E-002  0.7535217011078742E-002  0.7612777060374153E-002 -0.4621434544337883E-003  0.2656429073654429E-002
 0.9622222200000000E+000  0.1440799400000000E+001 -0.6784661502955368E-002  0.6697219511178872E-002  0.6765857675607719E-002 -0.3709239788552758E-003  0.1924388888310424E-002
 0.9666666700000000E+000  0.1440799400000000E+001 -0.5964897463909977E-002  0.5889787116048874E-002  0.5950887068325779E-002 -0.2910102701139038E-003  0.1280612474697106E-002
 0.9708333300000000E+000  0.1440799400000000E+001 -0.5189962879148844E-002  0.5124896044290780E-002  0.5179643189416939E-002 -0.2231132078430540E-003  0.7633540658305347E-003
 0.9747222200000000E+000  0.1440799400000000E+001 -0.4468585684296865E-002  0.4411662565487850E-002  0.4461054311492984E-002 -0.1671399243008815E-003  0.3936090469024761E-003
 0.9783333300000000E+000  0.1440799400000000E+001 -0.3805272653560305E-002  0.3754986568062476E-002  0.3799844607724345E-002 -0.1222432350411803E-003  0.1671050612067650E-003
 0.9816666700000000E+000  0.1440799400000000E+001 -0.3200714653341812E-002  0.3155894842896001E-002  0.3196878688880531E-002 -0.8709236286439769E-004  0.5438057237492898E-004
 0.9847222200000000E+000  0.1440799400000000E+001 -0.2653426529079380E-002  0.2613169080689310E-002  0.2650789210967074E-002 -0.6019754985821505E-004  0.1220049145780548E-004
 0.9875000000000000E+000  0.1440799400000000E+001 -0.2161324439325394E-002  0.2124944957659103E-002  0.2159573713934880E-002 -0.4012566359392217E-004  0.1600737550183706E-005
 0.9900000000000000E+000  0.1440799400000000E+001 -0.1722518242590913E-002  0.1689526817201685E-002  0.1721405784237340E-002 -0.2558232122862715E-004  0.8980826691655199E-007
 0.9922222200000000E+000  0.1440799400000000E+001 -0.1335465214756608E-002  0.1305554180051023E-002  0.1334796337612847E-002 -0.1542345077235954E-004 -0.7365949488155669E-010
 0.9941666700000000E+000  0.1440799400000000E+001 -0.9989368206614838E-003  0.9719780987888105E-003  0.9985625028033354E-003 -0.8650149987290415E-005 -0.1040517586757637E-009
 0.9958333300000000E+000  0.1440799400000000E+001 -0.7119718333828128E-003  0.6880267255284258E-003  0.7117816632616599E-003 -0.4402269835902195E-005 -0.7125872851602451E-012
 0.9972222200000000E+000  0.1440799400000000E+001 -0.4738178955760524E-003  0.4531664742082341E-003  0.4737336650317135E-003 -0.1952483952607699E-005  0.9494631200518809E-014
 0.9983333300000000E+000  0.1440799400000000E+001 -0.2839059077509783E-003  0.2671006086846413E-003  0.2838756657263679E-003 -0.7017266138081197E-006  0.1775347730979759E-016
 0.9991666700000000E+000  0.1440799400000000E+001 -0.1418114780039200E-003  0.1300379768001981E-003  0.1418039324484952E-003 -0.1752111630333675E-006  0.3949891357664096E-019
 0.9997222200000000E+000  0.1440799400000000E+001 -0.4724041093937948E-004  0.3948274627379886E-004  0.4723957360737830E-004 -0.1945224286829455E-007 -0.8547608039678994E-019
 0.1000000000000000E+001  0.1440799400000000E+001  0.1392349226800261E-188  0.1392349226800261E-188 -0.1392349226800261E-188 -0.1392349226800261E-188 -0.1392349226800261E-188

 0.0000000000000000E+000  0.1469687600000000E+001 -0.4655555016200533E+000  0.2637745496907479E+000  0.4654450612048554E+000 -0.2964000000000000E+000  0.5928354391808341E-003
 0.2777777800000000E-003  0.1469687600000000E+001 -0.4655552638146701E+000  0.2637744519218876E+000  0.4654448233992206E+000 -0.2963999159585739E+000  0.5928359012449018E-003
 0.8333333300000000E-003  0.1469687600000000E+001 -0.4655533590020283E+000  0.2637736687964640E+000  0.4654429185845635E+000 -0.2963992427867558E+000  0.5928396023745848E-003
 0.1666666700000000E-002  0.1469687600000000E+001 -0.4655469169834492E+000  0.2637710202855701E+000  0.4654364765591682E+000 -0.2963969661007502E+000  0.5928521196536131E-003
 0.2777777800000000E-002  0.1469687600000000E+001 -0.4655316032303446E+000  0.2637647243055370E+000  0.4654211627898595E+000 -0.2963915537946044E+000  0.5928818763717970E-003
 0.4166666700000000E-002  0.1469687600000000E+001 -0.4655015845325096E+000  0.2637523825331143E+000  0.4653911440602569E+000 -0.2963809433571679E+000  0.5929402111283954E-003
 0.5833333300000000E-002  0.1469687600000000E+001 -0.4654494844706177E+000  0.2637309619572545E+000  0.4653390439432170E+000 -0.2963625248917187E+000  0.5930414697519224E-003
 0.7777777800000000E-002  0.1469687600000000E+001 -0.4653663298732045E+000  0.2636967725901722E+000  0.4652558892577516E+000 -0.2963331197723189E+000  0.5932031198523678E-003
 0.1000000000000000E-001  0.1469687600000000E+001 -0.4652414899263556E+000  0.2636454419511932E+000  0.4651310491786346E+000 -0.2962889548949989E+000  0.5934458875183625E-003
 0.1250000000000000E-001  0.1469687600000000E+001 -0.4650626099637368E+000  0.2635718870637571E+000  0.4649521690263343E+000 -0.2962256324312227E+000  0.5937939157639704E-003
 0.1527777800000000E-001  0.1469687600000000E+001 -0.4648155427342927E+000  0.2634702849980491E+000  0.4647051015345978E+000 -0.2961380950616178E+000  0.5942749437472657E-003
 0.1833333300000000E-001  0.1469687600000000E+001 -0.4644842807066977E+000  0.2633340432768335E+000  0.4643738391547682E+000 -0.2960205867127571E+000  0.5949205053476438E-003
 0.2166666700000000E-001  0.1469687600000000E+001 -0.4640508929258882E+000  0.2631557714117919E+000  0.4639404509121632E+000 -0.2958666085593666E+000  0.5957661469595915E-003
 0.2527777800000000E-001  0.1469687600000000E+001 -0.4634954735092600E+000  0.2629272562706673E+000  0.4633850309020972E+000 -0.2956688710666634E+000  0.5968516587071001E-003
 0.2916666700000000E-001  0.1469687600000000E+001 -0.4627961050955008E+000  0.2626394423832284E+000  0.4626856617385117E+000 -0.2954192412574592E+000  0.5982213220478375E-003
 0.3333333300000000E-001  0.1469687600000000E+001 -0.4619288478672572E+000  0.2622824212579077E+000  0.4618184035764144E+000 -0.2951086867625810E+000  0.5999241639292476E-003
 0.3777777800000000E-001  0.1469687600000000E+001 -0.4608677594100388E+000  0.2618454315333763E+000  0.4607573139705239E+000 -0.2947272161470220E+000  0.6020142195390205E-003
 0.4250000000000000E-001  0.1469687600000000E+001 -0.4595849592622635E+000  0.2613168752850447E+000  0.4594745124250234E+000 -0.2942638180234665E+000  0.6045507901050334E-003
 0.4750000000000000E-001  0.1469687600000000E+001 -0.4580507431366505E+000  0.2606843521188150E+000  0.4579402946146201E+000 -0.2937063984045947E+000  0.6075987005571363E-003
 0.5277777800000000E-001  0.1469687600000000E+001 -0.4562337637731630E+000  0.2599347175961607E+000  0.4561233132371169E+000 -0.2930417204099135E+000  0.6112285386730203E-003
 0.5833333300000000E-001  0.1469687600000000E+001 -0.4541012867403024E+000  0.2590541689763850E+000  0.4539908338142838E+000 -0.2922553480446186E+000  0.6155168738586521E-003
 0.6416666700000000E-001  0.1469687600000000E+001 -0.4516195313511919E+000  0.2580283620521635E+000  0.4515090756074672E+000 -0.2913315975292710E+000  0.6205464486166311E-003
 0.7027777800000000E-001  0.1469687600000000E+001 -0.4487541127377568E+000  0.2568425653623711E+000  0.4486436536912372E+000 -0.2902535035085060E+000  0.6264063207090489E-003
 0.7666666699999999E-001  0.1469687600000000E+001 -0.4454705826234441E+000  0.2554818505621036E+000  0.4453601197255048E+000 -0.2890028028794360E+000  0.6331919663696656E-003
 0.8333333300000000E-001  0.1469687600000000E+001 -0.4417350834821435E+000  0.2539313250318274E+000  0.4416246161137689E+000 -0.2875599482472609E+000  0.6410053131215702E-003
 0.9027777800000000E-001  0.1469687600000000E+001 -0.4375151048338737E+000  0.2521764023911484E+000  0.4374046322980428E+000 -0.2859041568358344E+000  0.6499547140565600E-003
 0.9750000000000000E-001  0.1469687600000000E+001 -0.4327803455354532E+000  0.2502031132642350E+000  0.4326698670486788E+000 -0.2840135104852830E+000  0.6601548322229023E-003
 0.1050000000000000E+000  0.1469687600000000E+001 -0.4275036513859029E+000  0.2479984448414165E+000  0.4273931660688161E+000 -0.2818651133374144E+000  0.6717264619203768E-003
 0.1127777800000000E+000  0.1469687600000000E+001 -0.4216620164033124E+000  0.2455507063235071E+000  0.4215515232701826E+000 -0.2794353253322158E+000  0.6847962583274326E-003
 0.1208333300000000E+000  0.1469687600000000E+001 -0.4152376181520538E+000  0.2428499106483725E+000  0.4151271160991387E+000 -0.2767000865525457E+000  0.6994963665815022E-003
 0.1291666700000000E+000  0.1469687600000000E+001 -0.4082187900824045E+000  0.2398881352844503E+000  0.4081082778749308E+000 -0.2736353206098932E+000  0.7159640819271305E-003
 0.1377777800000000E+000  0.1469687600000000E+001 -0.4006010144049633E+000  0.2366599015619139E+000  0.4004904906627211E+000 -0.2702174824939358E+000  0.7343412451816342E-003
 0.1466666700000000E+000  0.1469687600000000E+001 -0.3923876739777808E+000  0.2331624673307383E+000  0.3922771371590059E+000 -0.2664241650238205E+000  0.7547738677889252E-003
 0.1558333300000000E+000  0.1469687600000000E+001 -0.3835907211755937E+000  0.2293961047556099E+000  0.3834801695591112E+000 -0.2622348525584927E+000  0.7774115079384548E-003
 0.1652777800000000E+000  0.1469687600000000E+001 -0.3742310185145062E+000  0.2253642644728386E+000  0.3741204501798050E+000 -0.2576317220419265E+000  0.8024068875556472E-003
 0.1750000000000000E+000  0.1469687600000000E+001 -0.3643385099580411E+000  0.2210736985357310E+000  0.3642279227632609E+000 -0.2526005620502753E+000  0.8299152642907131E-003
 0.1850000000000000E+000  0.1469687600000000E+001 -0.3539519392339246E+000  0.2165344236678877E+000  0.3538413307912944E+000 -0.2471316519698606E+000  0.8600942485519443E-003
 0.1952777800000000E+000  0.1469687600000000E+001 -0.3431183454520687E+000  0.2117596249333049E+000  0.3430077131007317E+000 -0.2412206723193374E+000  0.8931034578482227E-003
 0.2058333300000000E+000  0.1469687600000000E+001 -0.3318921965771478E+000  0.2067654386155424E+000  0.3317815373530307E+000 -0.2348695198810127E+000  0.9291044209847375E-003
 0.2166666700000000E+000  0.1469687600000000E+001 -0.3203341848993577E+000  0.2015706192676379E+000  0.3202234955016569E+000 -0.2280869591997078E+000  0.9682608150761539E-003
 0.2277777800000000E+000  0.1469687600000000E+001 -0.3085098954187462E+000  0.1961961771017278E+000  0.3083991721729597E+000 -0.2208891437066738E+000  0.1010738529501520E-002
 0.2391666700000000E+000  0.1469687600000000E+001 -0.2964881485732452E+000  0.1906648859849320E+000  0.2963773873899716E+000 -0.2132998010464904E+000  0.1056706448873103E-002
 0.2508333300000000E+000  0.1469687600000000E+001 -0.2843393736770889E+000  0.1850008085895872E+000  0.2842285700064618E+000 -0.2053502043146093E+000  0.1106337041010007E-002
 0.2627777800000000E+000  0.1469687600000000E+001 -0.2721338651448527E+000  0.1792287569768894E+000  0.2720230139257546E+000 -0.1970787685899753E+000  0.1159807583149543E-002
 0.2750000000000000E+000  0.1469687600000000E+001 -0.2599402342824081E+000  0.1733738181696266E+000  0.2598293298862852E+000 -0.1885304213545261E+000  0.1217301122723334E-002
 0.2875000000000000E+000  0.1469687600000000E+001 -0.2478238620230315E+000  0.1674608397778006E+000  0.2477128981910675E+000 -0.1797555943604218E+000  0.1279008291576164E-002
 0.3002777800000000E+000  0.1469687600000000E+001 -0.2358456704061395E+000  0.1615140140837664E+000  0.2357346401794004E+000 -0.1708090558887168E+000  0.1345128873064604E-002
 0.3133333300000000E+000  0.1469687600000000E+001 -0.2240610996518447E+000  0.1555565005431586E+000  0.2239499952933295E+000 -0.1617485444972904E+000  0.1415873766587090E-002
 0.3266666700000000E+000  0.1469687600000000E+001 -0.2125193224802805E+000  0.1496100967435477E+000  0.2124081353875646E+000 -0.1526332800467405E+000  0.1491467412194695E-002
 0.3402777800000000E+000  0.1469687600000000E+001 -0.2012628324818432E+000  0.1436950290588987E+000  0.2011515530897567E+000 -0.1435225357213446E+000  0.1572149839453824E-002
 0.3541666700000000E+000  0.1469687600000000E+001 -0.1903271725275056E+000  0.1378297494676929E+000  0.1902157901986670E+000 -0.1344741753482676E+000  0.1658179725668783E-002
 0.3683333300000000E+000  0.1469687600000000E+001 -0.1797410052065238E+000  0.1320308512825528E+000  0.1796295081089779E+000 -0.1255434012961892E+000  0.1749837015701150E-002
 0.3827777800000000E+000  0.1469687600000000E+001 -0.1695263058557752E+000  0.1263130012663687E+000  0.1694146808253756E+000 -0.1167816182773001E+000  0.1847426405997821E-002
 0.3975000000000000E+000  0.1469687600000000E+001 -0.1596988080871608E+000  0.1206889720311130E+000  0.1595870404739017E+000 -0.1082355896919948E+000  0.1951280328028089E-002
 0.4125000000000000E+000  0.1469687600000000E+001 -0.1502684683340413E+000  0.1151696605585395E+000  0.1501565418293002E+000 -0.9994674238875295E-001  0.2061763157221494E-002
 0.4277777800000000E+000  0.1469687600000000E+001 -0.1412400898876356E+000  0.1097641843734212E+000  0.1411279863314191E+000 -0.9195077535071886E-001  0.2179275013562223E-002
 0.4433333300000000E+000  0.1469687600000000E+001 -0.1326139598794513E+000  0.1044799862096201E+000  0.1325016590456244E+000 -0.8427746616210526E-001  0.2304256161382647E-002
 0.4591666700000000E+000  0.1469687600000000E+001 -0.1243864783859962E+000  0.9932294337437196E-001  0.1242739577435782E+000 -0.7695065989344112E-001  0.2437192114085439E-002
 0.4752777800000000E+000  0.1469687600000000E+001 -0.1165508338343451E+000  0.9429752467700682E-001  0.1164380682856987E+000 -0.6998848131448759E-001  0.2578618207339098E-002
 0.4916666700000000E+000  0.1469687600000000E+001 -0.1090975703250718E+000  0.8940690575698682E-001  0.1089845319198643E+000 -0.6340361636194569E-001  0.2729125658702611E-002
 0.5083333300000000E+000  0.1469687600000000E+001 -0.1020151707975715E+000  0.8465312377454508E-001  0.1019018284272299E+000 -0.5720375029114363E-001  0.2889366876135085E-002
 0.5247222200000000E+000  0.1469687600000000E+001 -0.9550379929447361E-001  0.8018517754764742E-001  0.9539012996777875E-001 -0.5157497385235874E-001  0.3054336732514795E-002
 0.5408333300000000E+000  0.1469687600000000E+001 -0.8950801321102340E-001  0.7598351191351962E-001  0.8939399334511901E-001 -0.4647205157544496E-001  0.3224011170288890E-002
 0.5566666700000000E+000  0.1469687600000000E+001 -0.8397798119123402E-001  0.7202974774558162E-001  0.8386358675679285E-001 -0.4185128102705921E-001  0.3398360557271621E-002
 0.5722222200000000E+000  0.1469687600000000E+001 -0.7886907156958840E-001  0.6830672802956708E-001  0.7875427828001676E-001 -0.3767112848694994E-001  0.3577344718083512E-002
 0.5875000000000000E+000  0.1469687600000000E+001 -0.7414136837887991E-001  0.6479849209167672E-001  0.7402615192980862E-001 -0.3389257730357281E-001  0.3760908915033004E-002
 0.6025000000000000E+000  0.1469687600000000E+001 -0.6975923474736408E-001  0.6149025643443452E-001  0.6964357112061659E-001 -0.3047933057106579E-001  0.3948977765368926E-002
 0.6172222200000000E+000  0.1469687600000000E+001 -0.6569085793192597E-001  0.5836835150392371E-001  0.6557472377388079E-001 -0.2739785156236599E-001  0.4141449793664413E-002
 0.6316666700000000E+000  0.1469687600000000E+001 -0.6190783742658475E-001  0.5542015842956397E-001  0.6179121051673435E-001 -0.2461732482799086E-001  0.4338190802566944E-002
 0.6458333300000000E+000  0.1469687600000000E+001 -0.5838481654904199E-001  0.5263404831619583E-001  0.5826767637771534E-001 -0.2210956317198736E-001  0.4539025758111307E-002
 0.6597222200000000E+000  0.1469687600000000E+001 -0.5509912126092550E-001  0.4999929770285890E-001  0.5498144973275857E-001 -0.1984885586629706E-001  0.4743731109404130E-002
 0.6733333300000000E+000  0.1469687600000000E+001 -0.5203046971092892E-001  0.4750603270848854E-001  0.5191225200273126E-001 -0.1781182094433476E-001  0.4952023882791952E-002
 0.6866666700000000E+000  0.1469687600000000E+001 -0.4916068496620980E-001  0.4514515161934640E-001  0.4904191056230184E-001 -0.1597722600304453E-001  0.5163550977416026E-002
 0.6997222200000000E+000  0.1469687600000000E+001 -0.4647346148941141E-001  0.4290826908559985E-001  0.4635412542976657E-001 -0.1432582266355497E-001  0.5377875211137580E-002
 0.7125000000000000E+000  0.1469687600000000E+001 -0.4395413334417945E-001  0.4078764235637888E-001  0.4383423771611359E-001 -0.1284016777032348E-001  0.5594461246329938E-002
 0.7250000000000000E+000  0.1469687600000000E+001 -0.4158949650325939E-001  0.3877612530867430E-001  0.4146905222273356E-001 -0.1150446989102035E-001  0.5812656926879732E-002
 0.7372222200000000E+000  0.1469687600000000E+001 -0.3936762988158420E-001  0.3686710670012968E-001  0.3924665880381392E-001 -0.1030443042946840E-001  0.6031673739277097E-002
 0.7491666700000000E+000  0.1469687600000000E+001 -0.3727774395573379E-001  0.3505445853298258E-001  0.3715628136492787E-001 -0.9227100362581186E-002  0.6250563625831437E-002
 0.7608333300000000E+000  0.1469687600000000E+001 -0.3531005216644149E-001  0.3333249271796888E-001  0.3518814969686351E-001 -0.8260750470178839E-002  0.6468191644789342E-002
 0.7722222200000000E+000  0.1469687600000000E+001 -0.3345563707220744E-001  0.3169590316470373E-001  0.3333336610711751E-001 -0.7394742271649694E-002  0.6683206896368223E-002
 0.7833333300000000E+000  0.1469687600000000E+001 -0.3170635202312017E-001  0.3013973015475906E-001  0.3158380762495593E-001 -0.6619421078342581E-002  0.6894006760008870E-002
 0.7941666700000000E+000  0.1469687600000000E+001 -0.3005471187343034E-001  0.2865930758501320E-001  0.2993201728014921E-001 -0.5926008531717863E-002  0.7098698997132293E-002
 0.8047222200000000E+000  0.1469687600000000E+001 -0.2849380704933667E-001  0.2725022422588075E-001  0.2837111876193789E-001 -0.5306511335713316E-002  0.7295057499788314E-002
 0.8149999999999999E+000  0.1469687600000000E+001 -0.2701720468660740E-001  0.2590826749505004E-001  0.2689471814024673E-001 -0.4753630477946561E-002  0.7480475945691143E-002
 0.8250000000000000E+000  0.1469687600000000E+001 -0.2561887443212488E-001  0.2462938417776619E-001  0.2549683019990311E-001 -0.4260686663338327E-002  0.7651915026399993E-002
 0.8347222200000000E+000  0.1469687600000000E+001 -0.2429309989312673E-001  0.2340962352389093E-001  0.2417179030105222E-001 -0.3821546269176711E-002  0.7805849117313792E-002
 0.8441666700000000E+000  0.1469687600000000E+001 -0.2303439700460909E-001  0.2224508227479235E-001  0.2291417293733304E-001 -0.3430556787432946E-002  0.7938211687036914E-002
 0.8533333300000000E+000  0.1469687600000000E+001 -0.2183743745172195E-001  0.2113185048301669E-001  0.2171871497796041E-001 -0.3082490510989183E-002  0.8044343393930764E-002
 0.8622222200000000E+000  0.1469687600000000E+001 -0.2069695736096387E-001  0.2006594002064480E-001  0.2058022363322996E-001 -0.2772490931807338E-002  0.8118950569771532E-002
 0.8708333300000000E+000  0.1469687600000000E+001 -0.1960768536625418E-001  0.1904322762875713E-001  0.1949350295840169E-001 -0.2496032559060812E-002  0.8156079655464048E-002
 0.8791666700000000E+000  0.1469687600000000E+001 -0.1856425879022857E-001  0.1805938371403228E-001  0.1845326735200791E-001 -0.2248885256962125E-002  0.8149123787917247E-002
 0.8872222200000000E+000  0.1469687600000000E+001 -0.1756116212610949E-001  0.1710981908010077E-001  0.1745407580087470E-001 -0.2027092896037759E-002  0.8090878613980180E-002
 0.8950000000000000E+000  0.1469687600000000E+001 -0.1659266960364538E-001  0.1618963291644361E-001  0.1649026831626622E-001 -0.1826961774300086E-002  0.7973674186709322E-002
 0.9025000000000000E+000  0.1469687600000000E+001 -0.1565283942607951E-001  0.1529360768719286E-001  0.1555595167190947E-001 -0.1645069316355455E-002  0.7789619668456067E-002
 0.9097222200000000E+000  0.1469687600000000E+001 -0.1473555022591046E-001  0.1441624324947573E-001  0.1464502492425537E-001 -0.1478289008077251E-002  0.7531006262689229E-002
 0.9166666700000000E+000  0.1469687600000000E+001 -0.1383462738248118E-001  0.1355187731810615E-001  0.1375129255471883E-001 -0.1323838290710776E-002  0.7190924915712104E-002
 0.9233333300000000E+000  0.1469687600000000E+001 -0.1294409430591974E-001  0.1269492880281942E-001  0.1286870135777594E-001 -0.1179349489913962E-002  0.6764162356916690E-002
 0.9297222200000000E+000  0.1469687600000000E+001 -0.1205856359260813E-001  0.1184028228362933E-001  0.1199171846210250E-001 -0.1042956846040399E-002  0.6248417834269911E-002
 0.9358333300000000E+000  0.1469687600000000E+001 -0.1117382206751940E-001  0.1098387061533081E-001  0.1111590819550649E-001 -0.9133944221801047E-003  0.5645866627864754E-002
 0.9416666700000000E+000  0.1469687600000000E+001 -0.1028755938413527E-001  0.1012341256395338E-001  0.1023866339141827E-001 -0.7900784258198603E-003  0.4964978105848432E-002
 0.9472222200000000E+000  0.1469687600000000E+001 -0.9400184313281480E-002  0.9259255004362610E-002  0.9360041273976230E-002 -0.6731463542476328E-003  0.4222365498999357E-002
 0.9525000000000000E+000  0.1469687600000000E+001 -0.8515505239823869E-002  0.8395101433188189E-002  0.8483484983023001E-002 -0.5634074473404678E-003  0.3444154438119270E-002
 0.9575000000000000E+000  0.1469687600000000E+001 -0.7641011627213328E-002  0.7538359741957724E-002  0.7616164711360097E-002 -0.4621723943262515E-003  0.2666104685629783E-002
 0.9622222200000000E+000  0.1469687600000000E+001 -0.6787365979612192E-002  0.6699705490722928E-002  0.6768534700342293E-002 -0.3709454927718183E-003  0.1931416267695387E-002
 0.9666666700000000E+000  0.1469687600000000E+001 -0.5966910767643528E-002  0.5891638369925646E-002  0.5952885180554523E-002 -0.2910250956859601E-003  0.1285295147938192E-002
 0.9708333300000000E+000  0.1469687600000000E+001 -0.5191376200119836E-002  0.5126190504477044E-002  0.5181048722811132E-002 -0.2231226566206953E-003  0.7661454446895506E-003
 0.9747222200000000E+000  0.1469687600000000E+001 -0.4469522735236133E-002  0.4412513322554094E-002  0.4461987549358699E-002 -0.1671455063556597E-003  0.3950467350405148E-003
 0.9783333300000000E+000  0.1469687600000000E+001 -0.3805862196258907E-002  0.3755514294744274E-002  0.3800432302866369E-002 -0.1222463096924390E-003  0.1677141615969236E-003
 0.9816666700000000E+000  0.1469687600000000E+001 -0.3201068210111753E-002  0.3156204972869991E-002  0.3197231353243405E-002 -0.8709394993748248E-004  0.5457825319951358E-004
 0.9847222200000000E+000  0.1469687600000000E+001 -0.2653628641299079E-002  0.2613341482745981E-002  0.2650990904961682E-002 -0.6019831691283932E-004  0.1224470559753562E-004
 0.9875000000000000E+000  0.1469687600000000E+001 -0.2161433876601952E-002  0.2125034746257034E-002  0.2159682967047655E-002 -0.4012600769297527E-004  0.1606519286651103E-005
 0.9900000000000000E+000  0.1469687600000000E+001 -0.1722573713515334E-002  0.1689569836735945E-002  0.1721461180766328E-002 -0.2558246228417918E-004  0.9013123923084237E-007
 0.9922222200000000E+000  0.1469687600000000E+001 -0.1335491088833074E-002  0.1305572581828960E-002  0.1334822184781823E-002 -0.1542350242761037E-004 -0.7399198482662330E-010
 0.9941666700000000E+000  0.1469687600000000E+001 -0.9989476560238464E-003  0.9719847578198591E-003  0.9985733297363714E-003 -0.8650166341362337E-005 -0.1044270106389818E-009
 0.9958333300000000E+000  0.1469687600000000E+001 -0.7119757578705746E-003  0.6880285299702719E-003  0.7117855855734210E-003 -0.4402274095342861E-005 -0.7151301421894233E-012
 0.9972222200000000E+000  0.1469687600000000E+001 -0.4738190525536678E-003  0.4531666926227550E-003  0.4737348215824445E-003 -0.1952484794378630E-005  0.9528924548461321E-014
 0.9983333300000000E+000  0.1469687600000000E+001 -0.2839061566731785E-003  0.2671005207167279E-003  0.2838759145935512E-003 -0.7017267229475224E-006  0.1782484309866224E-016
 0.9991666700000000E+000  0.1469687600000000E+001 -0.1418115090277928E-003  0.1300379237805848E-003  0.1418039634689450E-003 -0.1752111698569812E-006 -0.7096073001944403E-019
 0.9997222200000000E+000  0.1469687600000000E+001 -0.4724041208624110E-004  0.3948273809557062E-004  0.4723957475419782E-004 -0.1945224295256692E-007  0.6106976207348220E-019
 0.1000000000000000E+001  0.1469687600000000E+001  0.1392349226800261E-188 -0.1392349226800261E-188 -0.1392349226800261E-188  0.1392349226800261E-188 -0.1392349226800261E-188

 0.0000000000000000E+000  0.1494964800000000E+001 -0.4660576945407545E+000  0.2632723611722745E+000  0.4659472534338596E+000 -0.2964000000000000E+000  0.5941662308684919E-003
 0.2777777800000000E-003  0.1494964800000000E+001 -0.4660574563166874E+000  0.2632722637361672E+000  0.4659470152095395E+000 -0.2963999160095085E+000  0.5941666939698303E-003
 0.8333333300000000E-003  0.1494964800000000E+001 -0.4660555481504050E+000  0.2632714832760820E+000  0.4659451070412303E+000 -0.2963992432456734E+000  0.5941704034080459E-003
 0.1666666700000000E-002  0.1494964800000000E+001 -0.4660490947899514E+000  0.2632688437792606E+000  0.4659386536739222E+000 -0.2963969679394308E+000  0.5941829487866623E-003
 0.2777777800000000E-002  0.1494964800000000E+001 -0.4660337540755442E+000  0.2632625692270502E+000  0.4659233129432198E+000 -0.2963915589130709E+000  0.5942127723046292E-003
 0.4166666700000000E-002  0.1494964800000000E+001 -0.4660036825278919E+000  0.2632502694578576E+000  0.4658932413636208E+000 -0.2963809549042402E+000  0.5942712380148187E-003
 0.5833333300000000E-002  0.1494964800000000E+001 -0.4659514907434472E+000  0.2632289217805656E+000  0.4658410495237172E+000 -0.2963625475943849E+000  0.5943727239501804E-003
 0.7777777800000000E-002  0.1494964800000000E+001 -0.4658681897593704E+000  0.2631948487592042E+000  0.4657577484510924E+000 -0.2963331602751718E+000  0.5945347369331190E-003
 0.1000000000000000E-001  0.1494964800000000E+001 -0.4657431300599416E+000  0.2631436927797147E+000  0.4656326886186504E+000 -0.2962890221102631E+000  0.5947780495795280E-003
 0.1250000000000000E-001  0.1494964800000000E+001 -0.4655639352563828E+000  0.2630703881358984E+000  0.4654534936243414E+000 -0.2962257378989871E+000  0.5951268591012834E-003
 0.1527777800000000E-001  0.1494964800000000E+001 -0.4653164332432870E+000  0.2629691316625719E+000  0.4652059913474748E+000 -0.2961382533186989E+000  0.5956089669271490E-003
 0.1833333300000000E-001  0.1494964800000000E+001 -0.4649845883981614E+000  0.2628333532278616E+000  0.4648741461481288E+000 -0.2960208156671175E+000  0.5962559777258849E-003
 0.2166666700000000E-001  0.1494964800000000E+001 -0.4645504383470034E+000  0.2626556873462454E+000  0.4644399956325711E+000 -0.2958669298653698E+000  0.5971035176889531E-003
 0.2527777800000000E-001  0.1494964800000000E+001 -0.4639940423976143E+000  0.2624279486018241E+000  0.4638835990863956E+000 -0.2956693104938620E+000  0.5981914662640084E-003
 0.2916666700000000E-001  0.1494964800000000E+001 -0.4632934449613713E+000  0.2621411119841880E+000  0.4631830008960927E+000 -0.2954198290436494E+000  0.5995642043149473E-003
 0.3333333300000000E-001  0.1494964800000000E+001 -0.4624246646055058E+000  0.2617853021927811E+000  0.4623142196010969E+000 -0.2951094579381447E+000  0.6012708688486095E-003
 0.3777777800000000E-001  0.1494964800000000E+001 -0.4613617140099316E+000  0.2613497937255290E+000  0.4612512678503537E+000 -0.2947282108148245E+000  0.6033656163551590E-003
 0.4250000000000000E-001  0.1494964800000000E+001 -0.4600766647104024E+000  0.2608230270512625E+000  0.4599662171451840E+000 -0.2942650815738533E+000  0.6059078811868461E-003
 0.4750000000000000E-001  0.1494964800000000E+001 -0.4585397616195129E+000  0.2601926424903536E+000  0.4584293123599502E+000 -0.2937079816420975E+000  0.6089626337983306E-003
 0.5277777800000000E-001  0.1494964800000000E+001 -0.4567196043179250E+000  0.2594455383233124E+000  0.4566091530329059E+000 -0.2930436795628253E+000  0.6126006204295572E-003
 0.5833333300000000E-001  0.1494964800000000E+001 -0.4545834034491871E+000  0.2585679561014501E+000  0.4544729497605930E+000 -0.2922577446251551E+000  0.6168985823775209E-003
 0.6416666700000000E-001  0.1494964800000000E+001 -0.4520973224036868E+000  0.2575455969221150E+000  0.4519868658813125E+000 -0.2913344980085929E+000  0.6219394478946946E-003
 0.7027777800000000E-001  0.1494964800000000E+001 -0.4492269203631769E+000  0.2563637749317600E+000  0.4491164605191169E+000 -0.2902569787669794E+000  0.6278124746713387E-003
 0.7666666699999999E-001  0.1494964800000000E+001 -0.4459376942404925E+000  0.2550076068430377E+000  0.4458272305229176E+000 -0.2890069273935450E+000  0.6346133532797644E-003
 0.8333333300000000E-001  0.1494964800000000E+001 -0.4421957342239356E+000  0.2534622435318702E+000  0.4420852660101920E+000 -0.2875647989738210E+000  0.6424442400661484E-003
 0.9027777800000000E-001  0.1494964800000000E+001 -0.4379684816507261E+000  0.2517131394017352E+000  0.4378580082396668E+000 -0.2859098117609174E+000  0.6514137313727669E-003
 0.9750000000000000E-001  0.1494964800000000E+001 -0.4332255930643879E+000  0.2497463618648325E+000  0.4331151136678523E+000 -0.2840200468120517E+000  0.6616367476669547E-003
 0.1050000000000000E+000  0.1494964800000000E+001 -0.4279398797089424E+000  0.2475489295366319E+000  0.4278293934422729E+000 -0.2818726053042263E+000  0.6732343544358687E-003
 0.1127777800000000E+000  0.1494964800000000E+001 -0.4220883107787384E+000  0.2451091762572209E+000  0.4219778166502233E+000 -0.2794438416700377E+000  0.6863334912077823E-003
 0.1208333300000000E+000  0.1494964800000000E+001 -0.4156530507296639E+000  0.2424171313912926E+000  0.4155425476288010E+000 -0.2767096876166263E+000  0.7010665998010527E-003
 0.1291666700000000E+000  0.1494964800000000E+001 -0.4086224334238158E+000  0.2394648793348715E+000  0.4085119201081955E+000 -0.2736460552620258E+000  0.7175712837109300E-003
 0.1377777800000000E+000  0.1494964800000000E+001 -0.4009919567430065E+000  0.2362469375951000E+000  0.4008814318237966E+000 -0.2702293848261257E+000  0.7359897022200456E-003
 0.1466666700000000E+000  0.1494964800000000E+001 -0.3927650356800379E+000  0.2327605485937868E+000  0.3926544976057419E+000 -0.2664372510873732E+000  0.7564681946128736E-003
 0.1558333300000000E+000  0.1494964800000000E+001 -0.3839536721172751E+000  0.2290059567909295E+000  0.3838431191557382E+000 -0.2622491172649999E+000  0.7791566548969583E-003
 0.1652777800000000E+000  0.1494964800000000E+001 -0.3745787956363589E+000  0.2249865726796019E+000  0.3744682258546878E+000 -0.2576471364630505E+000  0.8042081479369502E-003
 0.1750000000000000E+000  0.1494964800000000E+001 -0.3646704345340999E+000  0.2207090958537248E+000  0.3645598457764772E+000 -0.2526170713336251E+000  0.8317782800377027E-003
 0.1850000000000000E+000  0.1494964800000000E+001 -0.3542674329103797E+000  0.2161834790286739E+000  0.3541568227733099E+000 -0.2471491741217617E+000  0.8620250155717984E-003
 0.1952777800000000E+000  0.1494964800000000E+001 -0.3434169445080549E+000  0.2114228327922704E+000  0.3433063103129750E+000 -0.2412390980517801E+000  0.8951083305520735E-003
 0.2058333300000000E+000  0.1494964800000000E+001 -0.3321735636611422E+000  0.2064432100369895E+000  0.3320629024240523E+000 -0.2348887136909568E+000  0.9311901166195043E-003
 0.2166666700000000E+000  0.1494964800000000E+001 -0.3205981175873071E+000  0.2012632749719352E+000  0.3204874259849910E+000 -0.2281067617715329E+000  0.9704344185972410E-003
 0.2277777800000000E+000  0.1494964800000000E+001 -0.3087563313264413E+000  0.1959039425831670E+000  0.3086456056592023E+000 -0.2209093756237058E+000  0.1013007498599720E-002
 0.2391666700000000E+000  0.1494964800000000E+001 -0.2967171665296175E+000  0.1903878890429765E+000  0.2966064026797477E+000 -0.2133202677059586E+000  0.1059078620772207E-002
 0.2508333300000000E+000  0.1494964800000000E+001 -0.2845511910876482E+000  0.1847390791410171E+000  0.2844403844734943E+000 -0.2053707018157498E+000  0.1108820640600203E-002
 0.2627777800000000E+000  0.1494964800000000E+001 -0.2723288315375540E+000  0.1789822291987564E+000  0.2722179770623190E+000 -0.1970990902786068E+000  0.1162411233893045E-002
 0.2750000000000000E+000  0.1494964800000000E+001 -0.2601188215553693E+000  0.1731423346285747E+000  0.2600079135504655E+000 -0.1885503646342783E+000  0.1220033859740708E-002
 0.2875000000000000E+000  0.1494964800000000E+001 -0.2479866517032568E+000  0.1672441574540251E+000  0.2478756838649596E+000 -0.1797749673469910E+000  0.1281879578835029E-002
 0.3002777800000000E+000  0.1494964800000000E+001 -0.2359933387134717E+000  0.1613118118157858E+000  0.2358823040324785E+000 -0.1708276834940958E+000  0.1348148624122846E-002
 0.3133333300000000E+000  0.1494964800000000E+001 -0.2241944010191409E+000  0.1553683875808299E+000  0.2240832917019586E+000 -0.1617662735802113E+000  0.1419052369791747E-002
 0.3266666700000000E+000  0.1494964800000000E+001 -0.2126390722248802E+000  0.1494356220749965E+000  0.2125278796057161E+000 -0.1526499833465307E+000  0.1494815761380745E-002
 0.3402777800000000E+000  0.1494964800000000E+001 -0.2013698894534554E+000  0.1435336910343179E+000  0.2012586038960403E+000 -0.1435381144117526E+000  0.1575679369313450E-002
 0.3541666700000000E+000  0.1494964800000000E+001 -0.1904224222217255E+000  0.1376810055391367E+000  0.1903110330088680E+000 -0.1344885601468474E+000  0.1661902454075867E-002
 0.3683333300000000E+000  0.1494964800000000E+001 -0.1798253440024827E+000  0.1318941274539379E+000  0.1797138392125887E+000 -0.1255565521961272E+000  0.1753765592030123E-002
 0.3827777800000000E+000  0.1494964800000000E+001 -0.1696006267048795E+000  0.1261877011164007E+000  0.1694889930730465E+000 -0.1167935230463645E+000  0.1851574167408092E-002
 0.3975000000000000E+000  0.1494964800000000E+001 -0.1597639880347330E+000  0.1205744850311962E+000  0.1596522107976029E+000 -0.1082462613714187E+000  0.1955661362629462E-002
 0.4125000000000000E+000  0.1494964800000000E+001 -0.1503253579369536E+000  0.1150653696776325E+000  0.1502134206582411E+000 -0.9995621604306276E-001  0.2066392376924936E-002
 0.4277777800000000E+000  0.1494964800000000E+001 -0.1412895046607397E+000  0.1096694728069069E+000  0.1411773890364962E+000 -0.9195910435321165E-001  0.2184168235767460E-002
 0.4433333300000000E+000  0.1494964800000000E+001 -0.1326566736986865E+000  0.1043942432357150E+000  0.1325443593402281E+000 -0.8428471827476493E-001  0.2309430200939353E-002
 0.4591666700000000E+000  0.1494964800000000E+001 -0.1244232187206423E+000  0.9924556936189867E-001  0.1243106829131624E+000 -0.7695691336982984E-001  0.2442664887233547E-002
 0.4752777800000000E+000  0.1494964800000000E+001 -0.1165822786869541E+000  0.9422793521454093E-001  0.1164694961245902E+000 -0.6999382122071360E-001  0.2584408846597809E-002
 0.4916666700000000E+000  0.1494964800000000E+001 -0.1091243466225915E+000  0.8934453503318215E-001  0.1090112891187300E+000 -0.6340813124544704E-001  0.2735254642270982E-002
 0.5083333300000000E+000  0.1494964800000000E+001 -0.1020378540640125E+000  0.8459742721282053E-001  0.1019244902414680E+000 -0.5720752929502586E-001  0.2895856170421051E-002
 0.5247222200000000E+000  0.1494964800000000E+001 -0.9552302268235326E-001  0.8013544162258458E-001  0.9540932933570170E-001 -0.5157812407208157E-001  0.3061197071895068E-002
 0.5408333300000000E+000  0.1494964800000000E+001 -0.8952431353126597E-001  0.7593910180235779E-001  0.8941026685050715E-001 -0.4647466791321742E-001  0.3231253256575307E-002
 0.5566666700000000E+000  0.1494964800000000E+001 -0.8399181332132266E-001  0.7199009890744361E-001  0.8387738903670899E-001 -0.4185344651674183E-001  0.3405995050841611E-002
 0.5722222200000000E+000  0.1494964800000000E+001 -0.7888082093168805E-001  0.6827133850237745E-001  0.7876599450269350E-001 -0.3767291503816868E-001  0.3585382218462842E-002
 0.5875000000000000E+000  0.1494964800000000E+001 -0.7415136164384428E-001  0.6476691555388123E-001  0.7403610849852911E-001 -0.3389404667182309E-001  0.3769359933170176E-002
 0.6025000000000000E+000  0.1494964800000000E+001 -0.6976774898083957E-001  0.6146209596837441E-001  0.6965204481986773E-001 -0.3048053542617883E-001  0.3957852683072889E-002
 0.6172222200000000E+000  0.1494964800000000E+001 -0.6569812836389861E-001  0.5834325404927461E-001  0.6558194953914950E-001 -0.2739883656568023E-001  0.4150758811769618E-002
 0.6316666700000000E+000  0.1494964800000000E+001 -0.6191406403693115E-001  0.5539780986172955E-001  0.6179738802057133E-001 -0.2461812766506725E-001  0.4347943875318597E-002
 0.6458333300000000E+000  0.1494964800000000E+001 -0.5839016964083842E-001  0.5261416908633033E-001  0.5827297560390168E-001 -0.2211021550990750E-001  0.4549232510593218E-002
 0.6597222200000000E+000  0.1494964800000000E+001 -0.5510374616483307E-001  0.4998163900276726E-001  0.5498601568193921E-001 -0.1984938421872756E-001  0.4754400739186000E-002
 0.6733333300000000E+000  0.1494964800000000E+001 -0.5203449076174155E-001  0.4749037307994246E-001  0.5191620867074414E-001 -0.1781224744094037E-001  0.4963165038727418E-002
 0.6866666700000000E+000  0.1494964800000000E+001 -0.4916420885752099E-001  0.4513129397736154E-001  0.4904536429723357E-001 -0.1597756906353756E-001  0.5175171616277211E-002
 0.6997222200000000E+000  0.1494964800000000E+001 -0.4647658010806795E-001  0.4289603809272917E-001  0.4635716776957643E-001 -0.1432609758275554E-001  0.5389982424976270E-002
 0.7125000000000000E+000  0.1494964800000000E+001 -0.4395692616165277E-001  0.4077688212106056E-001  0.4383694778406388E-001 -0.1284038722109959E-001  0.5607061060541646E-002
 0.7250000000000000E+000  0.1494964800000000E+001 -0.4159203259712068E-001  0.3876669735016742E-001  0.4147149875406041E-001 -0.1150464435444235E-001  0.5825754058789775E-002
 0.7372222200000000E+000  0.1494964800000000E+001 -0.3936996964020407E-001  0.3685888815843475E-001  0.3924890185692201E-001 -0.1030456856021755E-001  0.6045271315438866E-002
 0.7491666700000000E+000  0.1494964800000000E+001 -0.3727994051426507E-001  0.3504734058570853E-001  0.3715837376542592E-001 -0.9227209298156512E-002  0.6264662849843672E-002
 0.7608333300000000E+000  0.1494964800000000E+001 -0.3531215261178067E-001  0.3332637917090488E-001  0.3519013825243394E-001 -0.8260836091626913E-002  0.6482791406099485E-002
 0.7722222200000000E+000  0.1494964800000000E+001 -0.3345768344518182E-001  0.3169070919785055E-001  0.3333529262169307E-001 -0.7394809422472508E-002  0.6698303315830058E-002
 0.7833333300000000E+000  0.1494964800000000E+001 -0.3170838214140709E-001  0.3013538118434320E-001  0.3158570973611321E-001 -0.6619473747996072E-002  0.6909592656201158E-002
 0.7941666700000000E+000  0.1494964800000000E+001 -0.3005675998945782E-001  0.2865573822527118E-001  0.2993392913420647E-001 -0.5926050008756088E-002  0.7114763267334548E-002
 0.8047222200000000E+000  0.1494964800000000E+001 -0.2849590435222496E-001  0.2724737731571523E-001  0.2837307153618472E-001 -0.5306544335261430E-002  0.7311584398926999E-002
 0.8149999999999999E+000  0.1494964800000000E+001 -0.2701937965068898E-001  0.2590609317005721E-001  0.2689674041499147E-001 -0.4753657247181799E-002  0.7497444255308149E-002
 0.8250000000000000E+000  0.1494964800000000E+001 -0.2562115300763403E-001  0.2462783894763401E-001  0.2549894817616062E-001 -0.4260709068238985E-002  0.7669297093883896E-002
 0.8347222200000000E+000  0.1494964800000000E+001 -0.2429550552926835E-001  0.2340866932997156E-001  0.2417402785391751E-001 -0.3821565864945453E-002  0.7823609757160815E-002
 0.8441666700000000E+000  0.1494964800000000E+001 -0.2303695048883740E-001  0.2224468548902726E-001  0.2291655148849944E-001 -0.3430574874552738E-002  0.7956306931319615E-002
 0.8533333300000000E+000  0.1494964800000000E+001 -0.2184015654311429E-001  0.2113198080707269E-001  0.2172125316439330E-001 -0.3082508178281831E-002  0.8062719084498937E-002
 0.8622222200000000E+000  0.1494964800000000E+001 -0.2069985619471399E-001  0.2006656925086808E-001  0.2058293674730812E-001 -0.2772509087364196E-002  0.8137540798712371E-002
 0.8708333300000000E+000  0.1494964800000000E+001 -0.1961077360202725E-001  0.1904432823874385E-001  0.1949640212969338E-001 -0.2496051949534342E-002  0.8174805067651107E-002
 0.8791666700000000E+000  0.1494964800000000E+001 -0.1856754048745292E-001  0.1806092722774733E-001  0.1845635844960352E-001 -0.2248906475416578E-002  0.8167889793451314E-002
 0.8872222200000000E+000  0.1494964800000000E+001 -0.1756463434077835E-001  0.1711177421134750E-001  0.1745735804499516E-001 -0.2027116378524409E-002  0.8109573594086813E-002
 0.8950000000000000E+000  0.1494964800000000E+001 -0.1659632073703318E-001  0.1619196349249059E-001  0.1649373262145567E-001 -0.1826987785717704E-002  0.7992167841575340E-002
 0.9025000000000000E+000  0.1494964800000000E+001 -0.1565664740319185E-001  0.1529627041296467E-001  0.1555957878922468E-001 -0.1645097927058701E-002  0.7807761748162808E-002
 0.9097222200000000E+000  0.1494964800000000E+001 -0.1473948067088549E-001  0.1441918546439517E-001  0.1464878353730169E-001 -0.1478320064556524E-002  0.7548626052662584E-002
 0.9166666700000000E+000  0.1494964800000000E+001 -0.1383863207386570E-001  0.1355503500969552E-001  0.1375513759959579E-001 -0.1323871386427842E-002  0.7207832021717619E-002
 0.9233333300000000E+000  0.1494964800000000E+001 -0.1294811034921924E-001  0.1269822530007360E-001  0.1287257299405970E-001 -0.1179383946089331E-002  0.6780149552054852E-002
 0.9297222200000000E+000  0.1494964800000000E+001 -0.1206251391666410E-001  0.1184362823503191E-001  0.1199554229990961E-001 -0.1042991716170998E-002  0.6263266927653548E-002
 0.9358333300000000E+000  0.1494964800000000E+001 -0.1117761797937392E-001  0.1098716599795364E-001  0.1111959752826702E-001 -0.9134285364815185E-003  0.5659358482990541E-002
 0.9416666700000000E+000  0.1494964800000000E+001 -0.1029110590708470E-001  0.1012655149339149E-001  0.1024212420138011E-001 -0.7901104899003550E-003  0.4976907808578931E-002
 0.9472222200000000E+000  0.1494964800000000E+001 -0.9403388727938899E-002  0.9262133840502923E-002  0.9363180505136005E-002 -0.6731751062035058E-003  0.4232563135590384E-002
 0.9525000000000000E+000  0.1494964800000000E+001 -0.8518288467990577E-002  0.8397629927261145E-002  0.8486221823493468E-002 -0.5634318567279694E-003  0.3452510527117203E-002
 0.9575000000000000E+000  0.1494964800000000E+001 -0.7643320814099151E-002  0.7540473676647300E-002  0.7618443338031337E-002 -0.4621918583736603E-003  0.2672597022244071E-002
 0.9622222200000000E+000  0.1494964800000000E+001 -0.6789185071883009E-002  0.6701377645672558E-002  0.6770335319836081E-002 -0.3709599622216581E-003  0.1936131737609188E-002
 0.9666666700000000E+000  0.1494964800000000E+001 -0.5968264928430434E-002  0.5892883557057212E-002  0.5954229119468813E-002 -0.2910350666423416E-003  0.1288437318945874E-002
 0.9708333300000000E+000  0.1494964800000000E+001 -0.5192326775426456E-002  0.5127061151664641E-002  0.5181994058681796E-002 -0.2231290112549829E-003  0.7680185165680197E-003
 0.9747222200000000E+000  0.1494964800000000E+001 -0.4470152952654800E-002  0.4413085512636842E-002  0.4462615201715461E-002 -0.1671492603735800E-003  0.3960114428792266E-003
 0.9783333300000000E+000  0.1494964800000000E+001 -0.3806258677848298E-002  0.3755869209310113E-002  0.3800827541763939E-002 -0.1222483773794605E-003  0.1681228686368378E-003
 0.9816666700000000E+000  0.1494964800000000E+001 -0.3201305975794017E-002  0.3156413537176126E-002  0.3197468518738432E-002 -0.8709501720587455E-004  0.5471089416554691E-004
 0.9847222200000000E+000  0.1494964800000000E+001 -0.2653764556532243E-002  0.2613457420099611E-002  0.2651126538935776E-002 -0.6019883272660149E-004  0.1227437186958699E-004
 0.9875000000000000E+000  0.1494964800000000E+001 -0.2161507468483841E-002  0.2125095125879448E-002  0.2159756435083465E-002 -0.4012623908177568E-004  0.1610398537975087E-005
 0.9900000000000000E+000  0.1494964800000000E+001 -0.1722611014657432E-002  0.1689598765260305E-002  0.1721498431880625E-002 -0.2558255713548503E-004  0.9034792932958580E-007
 0.9922222200000000E+000  0.1494964800000000E+001 -0.1335508487504371E-002  0.1305584955946864E-002  0.1334839565359337E-002 -0.1542353716231068E-004 -0.7421544081638002E-010
 0.9941666700000000E+000  0.1494964800000000E+001 -0.9989549420548207E-003  0.9719892355857079E-003  0.9985806100991715E-003 -0.8650177338312473E-005 -0.1046787824004000E-009
 0.9958333300000000E+000  0.1494964800000000E+001 -0.7119783968029987E-003  0.6880297433332354E-003  0.7117882230426387E-003 -0.4402276959502496E-005 -0.7168360960350753E-012
 0.9972222200000000E+000  0.1494964800000000E+001 -0.4738198305345658E-003  0.4531668394914698E-003  0.4737355992762942E-003 -0.1952485360406321E-005  0.9551924738900137E-014
 0.9983333300000000E+000  0.1494964800000000E+001 -0.2839063240544796E-003  0.2671004615651039E-003  0.2838760819378579E-003 -0.7017267963355716E-006  0.1785953832161462E-016
 0.9991666700000000E+000  0.1494964800000000E+001 -0.1418115298889809E-003  0.1300378881289272E-003  0.1418039843278312E-003 -0.1752111744453361E-006  0.3209254916309746E-019
 0.9997222200000000E+000  0.1494964800000000E+001 -0.4724041285741767E-004  0.3948273259637822E-004  0.4723957552534611E-004 -0.1945224300923254E-007 -0.5246244540752270E-019
 0.1000000000000000E+001  0.1494964800000000E+001  0.1392349226800261E-188 -0.1392349226800261E-188  0.1392349226800261E-188  0.1392349226800261E-188  0.1392349226800261E-188

 0.0000000000000000E+000  0.1516630900000000E+001 -0.4663749736991122E+000  0.2629550847916495E+000  0.4662645321555695E+000 -0.2964000000000000E+000  0.5950047874796938E-003
 0.2777777800000000E-003  0.1516630900000000E+001 -0.4663747352103980E+000  0.2629549875659437E+000  0.4662642936666014E+000 -0.2963999160416620E+000  0.5950052512346351E-003
 0.8333333300000000E-003  0.1516630900000000E+001 -0.4663728249243035E+000  0.2629542087911656E+000  0.4662623833784730E+000 -0.2963992435353741E+000  0.5950089659082133E-003
 0.1666666700000000E-002  0.1516630900000000E+001 -0.4663663643947333E+000  0.2629515749939883E+000  0.4662559228420242E+000 -0.2963969691001344E+000  0.5950215289929062E-003
 0.2777777800000000E-002  0.1516630900000000E+001 -0.4663510066382839E+000  0.2629453139906994E+000  0.4662405650692219E+000 -0.2963915621442047E+000  0.5950513946026674E-003
 0.4166666700000000E-002  0.1516630900000000E+001 -0.4663209016846511E+000  0.2629330407803606E+000  0.4662104600835294E+000 -0.2963809621935598E+000  0.5951099428291661E-003
 0.5833333300000000E-002  0.1516630900000000E+001 -0.4662686519230633E+000  0.2629117391971917E+000  0.4661582102662867E+000 -0.2963625619258966E+000  0.5952115719979707E-003
 0.7777777800000000E-002  0.1516630900000000E+001 -0.4661852584090856E+000  0.2628777397417796E+000  0.4660748166634478E+000 -0.2963331858434097E+000  0.5953738136399612E-003
 0.1000000000000000E-001  0.1516630900000000E+001 -0.4660600598057609E+000  0.2628266942002588E+000  0.4659496179266396E+000 -0.2962890645412523E+000  0.5956174696887321E-003
 0.1250000000000000E-001  0.1516630900000000E+001 -0.4658806659937882E+000  0.2627535477864820E+000  0.4657702239232420E+000 -0.2962258044776513E+000  0.5959667715072139E-003
 0.1527777800000000E-001  0.1516630900000000E+001 -0.4656328891576421E+000  0.2626525098323848E+000  0.4655224468223920E+000 -0.2961383532217186E+000  0.5964495597620996E-003
 0.1833333300000000E-001  0.1516630900000000E+001 -0.4653006759188423E+000  0.2625170243349091E+000  0.4651902332281181E+000 -0.2960209601992972E+000  0.5970974837278518E-003
 0.2166666700000000E-001  0.1516630900000000E+001 -0.4648660440440858E+000  0.2623397416174842E+000  0.4647556008873177E+000 -0.2958671326965394E+000  0.5979462198775020E-003
 0.2527777800000000E-001  0.1516630900000000E+001 -0.4643090308388829E+000  0.2621124937887075E+000  0.4641985870832148E+000 -0.2956695878917006E+000  0.5990357039432177E-003
 0.2916666700000000E-001  0.1516630900000000E+001 -0.4636076565523161E+000  0.2618262750970109E+000  0.4634972120399156E+000 -0.2954202000965864E+000  0.6004103794266227E-003
 0.3333333300000000E-001  0.1516630900000000E+001 -0.4627379134481537E+000  0.2614712312271245E+000  0.4626274679932917E+000 -0.2951099447601455E+000  0.6021194526850441E-003
 0.3777777800000000E-001  0.1516630900000000E+001 -0.4616737858237251E+000  0.2610366593487271E+000  0.4615633392095928E+000 -0.2947288387221316E+000  0.6042171566436084E-003
 0.4250000000000000E-001  0.1516630900000000E+001 -0.4603873148753271E+000  0.2605110242038727E+000  0.4602768668505577E+000 -0.2942658792207749E+000  0.6067630095387293E-003
 0.4750000000000000E-001  0.1516630900000000E+001 -0.4588487134088289E+000  0.2598819918526081E+000  0.4587382636836839E+000 -0.2937089811010770E+000  0.6098220735229789E-003
 0.5277777800000000E-001  0.1516630900000000E+001 -0.4570265474081909E+000  0.2591364875811449E+000  0.4569160956503675E+000 -0.2930449163305903E+000  0.6134651946863423E-003
 0.5833333300000000E-001  0.1516630900000000E+001 -0.4548879928057446E+000  0.2582607809392653E+000  0.4547775386357592E+000 -0.2922592575345673E+000  0.6177692226375795E-003
 0.6416666700000000E-001  0.1516630900000000E+001 -0.4523991776518310E+000  0.2572406016608754E+000  0.4522887206379184E+000 -0.2913363290236458E+000  0.6228172026736499E-003
 0.7027777800000000E-001  0.1516630900000000E+001 -0.4495256257730171E+000  0.2560612927178620E+000  0.4494151654254934E+000 -0.2902591726359290E+000  0.6286985184633143E-003
 0.7666666699999999E-001  0.1516630900000000E+001 -0.4462327994498021E+000  0.2547079992974433E+000  0.4461223352148158E+000 -0.2890095311358114E+000  0.6355089956376420E-003
 0.8333333300000000E-001  0.1516630900000000E+001 -0.4424867558370560E+000  0.2531658997588749E+000  0.4423762870896562E+000 -0.2875678611758063E+000  0.6433509347285525E-003
 0.9027777800000000E-001  0.1516630900000000E+001 -0.4382549058350153E+000  0.2514204742705471E+000  0.4381444318714503E+000 -0.2859133816601578E+000  0.6523330853550447E-003
 0.9750000000000000E-001  0.1516630900000000E+001 -0.4335068792635488E+000  0.2494578134788395E+000  0.4333963992927080E+000 -0.2840241731533931E+000  0.6625705301890792E-003
 0.1050000000000000E+000  0.1516630900000000E+001 -0.4282154655502501E+000  0.2472649558381552E+000  0.4281049786841371E+000 -0.2818773349625452E+000  0.6741845055981253E-003
 0.1127777800000000E+000  0.1516630900000000E+001 -0.4223576182271780E+000  0.2448302507325930E+000  0.4222471234703058E+000 -0.2794492180451868E+000  0.6873021302846905E-003
 0.1208333300000000E+000  0.1516630900000000E+001 -0.4159154934957191E+000  0.2421437378742421E+000  0.4158049897333179E+000 -0.2767157488226313E+000  0.7020560330114464E-003
 0.1291666700000000E+000  0.1516630900000000E+001 -0.4088774255115318E+000  0.2391975059968910E+000  0.4087669114963715E+000 -0.2736528321586886E+000  0.7185840115083215E-003
 0.1377777800000000E+000  0.1516630900000000E+001 -0.4012389220963384E+000  0.2359860701455417E+000  0.4011283964341438E+000 -0.2702368989503349E+000  0.7370284257290771E-003
 0.1466666700000000E+000  0.1516630900000000E+001 -0.3930034185890885E+000  0.2325066629409362E+000  0.3928928797222195E+000 -0.2664455125876444E+000  0.7575358215368784E-003
 0.1558333300000000E+000  0.1516630900000000E+001 -0.3841829481978180E+000  0.2287595112801850E+000  0.3840723943871882E+000 -0.2622581229443345E+000  0.7802563045448062E-003
 0.1652777800000000E+000  0.1516630900000000E+001 -0.3747984829246588E+000  0.2247480002310646E+000  0.3746879122295582E+000 -0.2576568680733744E+000  0.8053431557102696E-003
 0.1750000000000000E+000  0.1516630900000000E+001 -0.3648801043965615E+000  0.2204787961792364E+000  0.3647695146523626E+000 -0.2526274942590255E+000  0.8329522010323510E-003
 0.1850000000000000E+000  0.1516630900000000E+001 -0.3544667201747401E+000  0.2159618113360780E+000  0.3543561089680209E+000 -0.2471602366089277E+000  0.8632416279236645E-003
 0.1952777800000000E+000  0.1516630900000000E+001 -0.3436055564691249E+000  0.2112101091751009E+000  0.3434949211101449E+000 -0.2412507311122892E+000  0.8963716382977213E-003
 0.2058333300000000E+000  0.1516630900000000E+001 -0.3323512874896776E+000  0.2062396898478604E+000  0.3322406249818577E+000 -0.2349008317816952E+000  0.9325043524258820E-003
 0.2166666700000000E+000  0.1516630900000000E+001 -0.3207648257291429E+000  0.2010691604378345E+000  0.3206541327351184E+000 -0.2281192643106870E+000  0.9718040468322287E-003
 0.2277777800000000E+000  0.1516630900000000E+001 -0.3089119847232861E+000  0.1957193757308890E+000  0.3088012575274559E+000 -0.2209221493335496E+000  0.1014437218499885E-002
 0.2391666700000000E+000  0.1516630900000000E+001 -0.2968618153502950E+000  0.1902129501507136E+000  0.2967510498170819E+000 -0.2133331897158230E+000  0.1060573370726356E-002
 0.2508333300000000E+000  0.1516630900000000E+001 -0.2846849730519684E+000  0.1845737866317784E+000  0.2845741645796533E+000 -0.2053836433798245E+000  0.1110385603274698E-002
 0.2627777800000000E+000  0.1516630900000000E+001 -0.2724519678284863E+000  0.1788265410065268E+000  0.2723411112977483E+000 -0.1971119209086315E+000  0.1164051843104014E-002
 0.2750000000000000E+000  0.1516630900000000E+001 -0.2602316106481920E+000  0.1729961508189821E+000  0.2601207003651713E+000 -0.1885629564009447E+000  0.1221755808700446E-002
 0.2875000000000000E+000  0.1516630900000000E+001 -0.2480894613074504E+000  0.1671073240410257E+000  0.2479784909400732E+000 -0.1797871990824882E+000  0.1283688830983474E-002
 0.3002777800000000E+000  0.1516630900000000E+001 -0.2360865963294715E+000  0.1611841254745735E+000  0.2359755588366388E+000 -0.1708394446348704E+000  0.1350051426198961E-002
 0.3133333300000000E+000  0.1516630900000000E+001 -0.2242785835214640E+000  0.1552496010591904E+000  0.2241674710740210E+000 -0.1617774674201278E+000  0.1421055267712639E-002
 0.3266666700000000E+000  0.1516630900000000E+001 -0.2127146949108687E+000  0.1493254500917069E+000  0.2126034988030200E+000 -0.1526605295217443E+000  0.1496925619586596E-002
 0.3402777800000000E+000  0.1516630900000000E+001 -0.2014374950789103E+000  0.1434318163631766E+000  0.2013262056295037E+000 -0.1435479505139946E+000  0.1577903393055632E-002
 0.3541666700000000E+000  0.1516630900000000E+001 -0.1904825703324114E+000  0.1375870851644087E+000  0.1903711767738738E+000 -0.1344976424243923E+000  0.1664248216087995E-002
 0.3683333300000000E+000  0.1516630900000000E+001 -0.1798786009773251E+000  0.1318077985410266E+000  0.1797670913314758E+000 -0.1255648553846551E+000  0.1756241062976649E-002
 0.3827777800000000E+000  0.1516630900000000E+001 -0.1696475567171837E+000  0.1261085867112244E+000  0.1695359176555157E+000 -0.1168010394210931E+000  0.1854187751352663E-002
 0.3975000000000000E+000  0.1516630900000000E+001 -0.1598051451723493E+000  0.1205021993129581E+000  0.1596933618599479E+000 -0.1082529991675569E+000  0.1958421936839751E-002
 0.4125000000000000E+000  0.1516630900000000E+001 -0.1503612795209796E+000  0.1149995227601549E+000  0.1502493354409696E+000 -0.9996219740314985E-001  0.2069309337781210E-002
 0.4277777800000000E+000  0.1516630900000000E+001 -0.1413207058463680E+000  0.1096096749858830E+000  0.1412085826039252E+000 -0.9196436298118292E-001  0.2187251550240449E-002
 0.4433333300000000E+000  0.1516630900000000E+001 -0.1326836433123871E+000  0.1043401086843461E+000  0.1325713204162148E+000 -0.8428929696021763E-001  0.2312690464543082E-002
 0.4591666700000000E+000  0.1516630900000000E+001 -0.1244464162528967E+000  0.9919671929017479E-001  0.1243338708721428E+000 -0.7696086152684802E-001  0.2446113389528218E-002
 0.4752777800000000E+000  0.1516630900000000E+001 -0.1166021323636101E+000  0.9418400047342354E-001  0.1164893390609647E+000 -0.6999719256447960E-001  0.2588057643594039E-002
 0.4916666700000000E+000  0.1516630900000000E+001 -0.1091412523926834E+000  0.8930515824581052E-001  0.1090281828323735E+000 -0.6341098168858038E-001  0.2739116637981181E-002
 0.5083333300000000E+000  0.1516630900000000E+001 -0.1020521753967612E+000  0.8456226443488236E-001  0.1019387980320318E+000 -0.5720991512536586E-001  0.2899945206687489E-002
 0.5247222200000000E+000  0.1516630900000000E+001 -0.9553515941349702E-001  0.8010404226262760E-001  0.9542145090370002E-001 -0.5158011291081904E-001  0.3065519913060421E-002
 0.5408333300000000E+000  0.1516630900000000E+001 -0.8953460464573264E-001  0.7591106498504091E-001  0.8942054103747488E-001 -0.4647631968173597E-001  0.3235816646536644E-002
 0.5566666700000000E+000  0.1516630900000000E+001 -0.8400054605612833E-001  0.7196506815090629E-001  0.8388610292788730E-001 -0.4185481364198491E-001  0.3410805707474173E-002
 0.5722222200000000E+000  0.1516630900000000E+001 -0.7888823865884696E-001  0.6824899685005482E-001  0.7877339130979098E-001 -0.3767404292268903E-001  0.3590446821399598E-002
 0.5875000000000000E+000  0.1516630900000000E+001 -0.7415767063204010E-001  0.6474698119023563E-001  0.7404239432131310E-001 -0.3389497430649600E-001  0.3774685106348631E-002
 0.6025000000000000E+000  0.1516630900000000E+001 -0.6977312417262042E-001  0.6144431827845324E-001  0.6965739442339000E-001 -0.3048129606498798E-001  0.3963444969196105E-002
 0.6172222200000000E+000  0.1516630900000000E+001 -0.6570271828309365E-001  0.5832741011459852E-001  0.6558651126132004E-001 -0.2739945840596538E-001  0.4156624639667476E-002
 0.6316666700000000E+000  0.1516630900000000E+001 -0.6191799494802324E-001  0.5538370135126123E-001  0.6180128793185415E-001 -0.2461863449967074E-001  0.4354089518629978E-002
 0.6458333300000000E+000  0.1516630900000000E+001 -0.5839354906885607E-001  0.5260161950243120E-001  0.5827632102774774E-001 -0.2211062733167512E-001  0.4555664035767439E-002
 0.6597222200000000E+000  0.1516630900000000E+001 -0.5510666586634301E-001  0.4997049125884977E-001  0.5498889816656633E-001 -0.1984971776675134E-001  0.4761123943545745E-002
 0.6733333300000000E+000  0.1516630900000000E+001 -0.5203702923609176E-001  0.4748048735895002E-001  0.5191870650150370E-001 -0.1781251668638979E-001  0.4970185374139693E-002
 0.6866666700000000E+000  0.1516630900000000E+001 -0.4916643346528708E-001  0.4512254585179337E-001  0.4904754461656409E-001 -0.1597778563526539E-001  0.5182494098865251E-002
 0.6997222200000000E+000  0.1516630900000000E+001 -0.4647854886093478E-001  0.4288831686642849E-001  0.4635908836888547E-001 -0.1432627113670670E-001  0.5397611526393042E-002
 0.7125000000000000E+000  0.1516630900000000E+001 -0.4395868923246116E-001  0.4077008937571009E-001  0.4383865861633593E-001 -0.1284052575786297E-001  0.5615000580790864E-002
 0.7250000000000000E+000  0.1516630900000000E+001 -0.4159363359631050E-001  0.3876074566018628E-001  0.4147304321357844E-001 -0.1150475449084171E-001  0.5834006974179791E-002
 0.7372222200000000E+000  0.1516630900000000E+001 -0.3937144669221104E-001  0.3685369996061726E-001  0.3925031785976302E-001 -0.1030465576001946E-001  0.6053839600529675E-002
 0.7491666700000000E+000  0.1516630900000000E+001 -0.3728132716422774E-001  0.3504284717957493E-001  0.3715969466124947E-001 -0.9227278067291395E-002  0.6273547268224447E-002
 0.7608333300000000E+000  0.1516630900000000E+001 -0.3531347858636780E-001  0.3332251982876559E-001  0.3519139359156247E-001 -0.8260890142801318E-002  0.6491991263989197E-002
 0.7722222200000000E+000  0.1516630900000000E+001 -0.3345897528538307E-001  0.3168743037305560E-001  0.3333650879546906E-001 -0.7394851813375415E-002  0.6707816175833703E-002
 0.7833333300000000E+000  0.1516630900000000E+001 -0.3170966372213417E-001  0.3013263579278792E-001  0.3158691050563561E-001 -0.6619506997148445E-002  0.6919414001140748E-002
 0.7941666700000000E+000  0.1516630900000000E+001 -0.3005805293495821E-001  0.2865348498991681E-001  0.2993513605659841E-001 -0.5926076192195635E-002  0.7124886110304469E-002
 0.8047222200000000E+000  0.1516630900000000E+001 -0.2849722835303150E-001  0.2724558015208866E-001  0.2837430429434879E-001 -0.5306565167019697E-002  0.7321998829051026E-002
 0.8149999999999999E+000  0.1516630900000000E+001 -0.2702075268371082E-001  0.2590472060041530E-001  0.2689801705255188E-001 -0.4753674145876677E-002  0.7508136914178947E-002
 0.8250000000000000E+000  0.1516630900000000E+001 -0.2562259145660662E-001  0.2462686351853643E-001  0.2550028523495665E-001 -0.4260723211841036E-002  0.7680250570215945E-002
 0.8347222200000000E+000  0.1516630900000000E+001 -0.2429702419938182E-001  0.2340806701735161E-001  0.2417544040776448E-001 -0.3821578235237405E-002  0.7834801894444977E-002
 0.8441666700000000E+000  0.1516630900000000E+001 -0.2303856250533253E-001  0.2224443506624707E-001  0.2291805306277269E-001 -0.3430586292518609E-002  0.7967710040365129E-002
 0.8533333300000000E+000  0.1516630900000000E+001 -0.2184187311987896E-001  0.2113206314998275E-001  0.2172285552691727E-001 -0.3082519331290624E-002  0.8074299056104885E-002
 0.8622222200000000E+000  0.1516630900000000E+001 -0.2070168625836511E-001  0.2006696655814750E-001  0.2058464955495606E-001 -0.2772520548697171E-002  0.8149256120521626E-002
 0.8708333300000000E+000  0.1516630900000000E+001 -0.1961272325425421E-001  0.1904502313707585E-001  0.1949823241184954E-001 -0.2496064190564305E-002  0.8186605753821651E-002
 0.8791666700000000E+000  0.1516630900000000E+001 -0.1856961229491491E-001  0.1806190174471892E-001  0.1845830991515995E-001 -0.2248919870564173E-002  0.8179716257176785E-002
 0.8872222200000000E+000  0.1516630900000000E+001 -0.1756682644909961E-001  0.1711300860076736E-001  0.1745943020573230E-001 -0.2027131203095581E-002  0.8121355515520304E-002
 0.8950000000000000E+000  0.1516630900000000E+001 -0.1659862582805477E-001  0.1619343492332906E-001  0.1649591974585387E-001 -0.1827004206975851E-002  0.8003823124628865E-002
 0.9025000000000000E+000  0.1516630900000000E+001 -0.1565905154457001E-001  0.1529795155748463E-001  0.1556186872922429E-001 -0.1645115989454370E-002  0.7819195718083382E-002
 0.9097222200000000E+000  0.1516630900000000E+001 -0.1474196216357469E-001  0.1442104308145238E-001  0.1465115652573488E-001 -0.1478339671212262E-002  0.7559731128463447E-002
 0.9166666700000000E+000  0.1516630900000000E+001 -0.1384116047609921E-001  0.1355702868992959E-001  0.1375756518877204E-001 -0.1323892280718960E-002  0.7218488207102316E-002
 0.9233333300000000E+000  0.1516630900000000E+001 -0.1295064595318051E-001  0.1270030664008169E-001  0.1287501740519516E-001 -0.1179405699505098E-002  0.6790226225749237E-002
 0.9297222200000000E+000  0.1516630900000000E+001 -0.1206500806092727E-001  0.1184574082251904E-001  0.1199795656550422E-001 -0.1043013731156204E-002  0.6272626538720068E-002
 0.9358333300000000E+000  0.1516630900000000E+001 -0.1118001466119107E-001  0.1098924667935455E-001  0.1112192690093648E-001 -0.9134500744850315E-003  0.5667862863193210E-002
 0.9416666700000000E+000  0.1516630900000000E+001 -0.1029334515242944E-001  0.1012853341030996E-001  0.1024430931376463E-001 -0.7901307336674556E-003  0.4984427733480839E-002
 0.9472222200000000E+000  0.1516630900000000E+001 -0.9405411984764776E-002  0.9263951547916469E-002  0.9365162593640026E-002 -0.6731932589616564E-003  0.4238991426027052E-002
 0.9525000000000000E+000  0.1516630900000000E+001 -0.8520045795537178E-002  0.8399226433091012E-002  0.8487949853282925E-002 -0.5634472678230444E-003  0.3457778089102909E-002
 0.9575000000000000E+000  0.1516630900000000E+001 -0.7644778829804179E-002  0.7541808425107238E-002  0.7619882052381797E-002 -0.4622041471725944E-003  0.2676689781287758E-002
 0.9622222200000000E+000  0.1516630900000000E+001 -0.6790333633091262E-002  0.6702433443676895E-002  0.6771472214160820E-002 -0.3709690975860819E-003  0.1939104402949550E-002
 0.9666666700000000E+000  0.1516630900000000E+001 -0.5969119921756566E-002  0.5893669755482275E-002  0.5955077657239368E-002 -0.2910413617906263E-003  0.1290418178711177E-002
 0.9708333300000000E+000  0.1516630900000000E+001 -0.5192926938184837E-002  0.5127610856829222E-002  0.5182590912746495E-002 -0.2231330231806138E-003  0.7691993214878853E-003
 0.9747222200000000E+000  0.1516630900000000E+001 -0.4470550840586459E-002  0.4413446769118478E-002  0.4463011469961092E-002 -0.1671516303844273E-003  0.3966196010378292E-003
 0.9783333300000000E+000  0.1516630900000000E+001 -0.3806508989252739E-002  0.3756093280506052E-002  0.3801077068548963E-002 -0.1222496827387526E-003  0.1683805171737898E-003
 0.9816666700000000E+000  0.1516630900000000E+001 -0.3201456080787949E-002  0.3156545208147669E-002  0.3197618244805972E-002 -0.8709569097467649E-004  0.5479450963037219E-004
 0.9847222200000000E+000  0.1516630900000000E+001 -0.2653850359957589E-002  0.2613530612063659E-002  0.2651212164796384E-002 -0.6019915835596323E-004  0.1229307285418597E-004
 0.9875000000000000E+000  0.1516630900000000E+001 -0.2161553926346981E-002  0.2125133243230519E-002  0.2159802814762159E-002 -0.4012638515407561E-004  0.1612843890256483E-005
 0.9900000000000000E+000  0.1516630900000000E+001 -0.1722634562236568E-002  0.1689617027453895E-002  0.1721521947877657E-002 -0.2558261701318256E-004  0.9048452036225439E-007
 0.9922222200000000E+000  0.1516630900000000E+001 -0.1335519470899603E-002  0.1305592767491204E-002  0.1334850537332280E-002 -0.1542355908948562E-004 -0.7435645393821805E-010
 0.9941666700000000E+000  0.1516630900000000E+001 -0.9989595415391744E-003  0.9719920622961801E-003  0.9985852060053373E-003 -0.8650184280391990E-005 -0.1048374896824006E-009
 0.9958333300000000E+000  0.1516630900000000E+001 -0.7119800626875640E-003  0.6880305092984499E-003  0.7117898880035210E-003 -0.4402278767564909E-005 -0.7179114013306389E-012
 0.9972222200000000E+000  0.1516630900000000E+001 -0.4738203216512720E-003  0.4531669322059536E-003  0.4737360902117948E-003 -0.1952485717723027E-005  0.9566430899506207E-014
 0.9983333300000000E+000  0.1516630900000000E+001 -0.2839064297173184E-003  0.2671004242244999E-003  0.2838761875773433E-003 -0.7017268426633303E-006  0.1789412026856399E-016
 0.9991666700000000E+000  0.1516630900000000E+001 -0.1418115430580230E-003  0.1300378656230978E-003  0.1418039974954202E-003 -0.1752111773418199E-006 -0.6294458569822198E-019
 0.9997222200000000E+000  0.1516630900000000E+001 -0.4724041334423803E-004  0.3948272912494244E-004  0.4723957601214861E-004 -0.1945224304500477E-007  0.5481496295089518E-019
 0.1000000000000000E+001  0.1516630900000000E+001 -0.1392349226800261E-188 -0.1392349226800261E-188  0.1392349226800261E-188 -0.1392349226800261E-188 -0.1392349226800261E-188

 0.0000000000000000E+000  0.1534686100000000E+001 -0.4665589502012536E+000  0.2627711098989210E+000  0.4664485084046452E+000 -0.2964000000000000E+000  0.5954902462796799E-003
 0.2777777800000000E-003  0.1534686100000000E+001 -0.4665587115590366E+000  0.2627710127952791E+000  0.4664482697621737E+000 -0.2963999160602971E+000  0.5954907104130084E-003
 0.8333333300000000E-003  0.1534686100000000E+001 -0.4665568000433911E+000  0.2627702349982279E+000  0.4664463582444902E+000 -0.2963992437032750E+000  0.5954944281174517E-003
 0.1666666700000000E-002  0.1534686100000000E+001 -0.4665503353555301E+000  0.2627676045076853E+000  0.4664398935497362E+000 -0.2963969697728391E+000  0.5955070014525825E-003
 0.2777777800000000E-002  0.1534686100000000E+001 -0.4665349677142126E+000  0.2627613513647694E+000  0.4664245258920323E+000 -0.2963915640168611E+000  0.5955368914302079E-003
 0.4166666700000000E-002  0.1534686100000000E+001 -0.4665048433841638E+000  0.2627490935624819E+000  0.4663944015298584E+000 -0.2963809664182040E+000  0.5955954874272121E-003
 0.5833333300000000E-002  0.1534686100000000E+001 -0.4664525599941919E+000  0.2627278187206976E+000  0.4663421180841180E+000 -0.2963625702319584E+000  0.5956971995170043E-003
 0.7777777800000000E-002  0.1534686100000000E+001 -0.4663691128102594E+000  0.2626938619443698E+000  0.4662586708111427E+000 -0.2963332006619009E+000  0.5958595735347458E-003
 0.1000000000000000E-001  0.1534686100000000E+001 -0.4662438336387698E+000  0.2626428804731157E+000  0.4661333915058970E+000 -0.2962890891328297E+000  0.5961034283866905E-003
 0.1250000000000000E-001  0.1534686100000000E+001 -0.4660643243963553E+000  0.2625698258559978E+000  0.4659538820716666E+000 -0.2962258430644160E+000  0.5964530152065672E-003
 0.1527777800000000E-001  0.1534686100000000E+001 -0.4658163881552245E+000  0.2624689146750677E+000  0.4657059455652909E+000 -0.2961384111221740E+000  0.5969361973767662E-003
 0.1833333300000000E-001  0.1534686100000000E+001 -0.4654839612380031E+000  0.2623335991239674E+000  0.4653735182918689E+000 -0.2960210439653442E+000  0.5975846499949735E-003
 0.2166666700000000E-001  0.1534686100000000E+001 -0.4650490498925662E+000  0.2621565386974917E+000  0.4649386064794352E+000 -0.2958672502507796E+000  0.5984340786433252E-003
 0.2527777800000000E-001  0.1534686100000000E+001 -0.4644916786626839E+000  0.2619295756707827E+000  0.4643812346494277E+000 -0.2956697486623813E+000  0.5995244516383312E-003
 0.2916666700000000E-001  0.1534686100000000E+001 -0.4637898537829446E+000  0.2616437154648645E+000  0.4636794090114072E+000 -0.2954204151467956E+000  0.6009002487439723E-003
 0.3333333300000000E-001  0.1534686100000000E+001 -0.4629195522608368E+000  0.2612891159384742E+000  0.4628091065449073E+000 -0.2951102269065127E+000  0.6026107164660977E-003
 0.3777777800000000E-001  0.1534686100000000E+001 -0.4618547419316656E+000  0.2608550874134566E+000  0.4617442950540887E+000 -0.2947292026372793E+000  0.6047101319797142E-003
 0.4250000000000000E-001  0.1534686100000000E+001 -0.4605674463949332E+000  0.2603301087128027E+000  0.4604569981038234E+000 -0.2942663415120401E+000  0.6072580620836228E-003
 0.4750000000000000E-001  0.1534686100000000E+001 -0.4590278598349975E+000  0.2597018608278425E+000  0.4589174098400165E+000 -0.2937095603569470E+000  0.6103196220163344E-003
 0.5277777800000000E-001  0.1534686100000000E+001 -0.4572045287505218E+000  0.2589572847100308E+000  0.4570940767186769E+000 -0.2930456331243035E+000  0.6139657156732190E-003
 0.5833333300000000E-001  0.1534686100000000E+001 -0.4550646089426366E+000  0.2580826661496964E+000  0.4549541544936531E+000 -0.2922601343730687E+000  0.6182732553671017E-003
 0.6416666700000000E-001  0.1534686100000000E+001 -0.4525742079664043E+000  0.2570637514906862E+000  0.4524637506676126E+000 -0.2913373902288269E+000  0.6233253541545724E-003
 0.7027777800000000E-001  0.1534686100000000E+001 -0.4496988291451152E+000  0.2558859004234625E+000  0.4495883685058008E+000 -0.2902604441436521E+000  0.6292114686361213E-003
 0.7666666699999999E-001  0.1534686100000000E+001 -0.4464039146761677E+000  0.2545342746491669E+000  0.4462934501413071E+000 -0.2890110401985981E+000  0.6360275026313085E-003
 0.8333333300000000E-001  0.1534686100000000E+001 -0.4426555025597553E+000  0.2529940684646740E+000  0.4425450335030662E+000 -0.2875696359547820E+000  0.6438758401443611E-003
 0.9027777800000000E-001  0.1534686100000000E+001 -0.4384209860485543E+000  0.2512507769776798E+000  0.4383105117647755E+000 -0.2859154506943177E+000  0.6528653195295550E-003
 0.9750000000000000E-001  0.1534686100000000E+001 -0.4336699794698668E+000  0.2492905043042027E+000  0.4335594991661778E+000 -0.2840265646967299E+000  0.6631111173626934E-003
 0.1050000000000000E+000  0.1534686100000000E+001 -0.4283752596062094E+000  0.2471003003970272E+000  0.4282647723926789E+000 -0.2818800761858560E+000  0.6747345689376374E-003
 0.1127777800000000E+000  0.1534686100000000E+001 -0.4225137709152325E+000  0.2446685236454628E+000  0.4224032757941854E+000 -0.2794523341058376E+000  0.6878628966848272E-003
 0.1208333300000000E+000  0.1534686100000000E+001 -0.4160676648215847E+000  0.2419852197506421E+000  0.4159571606757781E+000 -0.2767192618150369E+000  0.7026288375931455E-003
 0.1291666700000000E+000  0.1534686100000000E+001 -0.4090252756630073E+000  0.2390424799477868E+000  0.4089147612424169E+000 -0.2736567599734027E+000  0.7191703018392935E-003
 0.1377777800000000E+000  0.1534686100000000E+001 -0.4013821170388129E+000  0.2358348178375934E+000  0.4012715909460092E+000 -0.2702412540749516E+000  0.7376297655500210E-003
 0.1466666700000000E+000  0.1534686100000000E+001 -0.3931416361013656E+000  0.2323594603385081E+000  0.3930310967751480E+000 -0.2664503009095036E+000  0.7581538941815139E-003
 0.1558333300000000E+000  0.1534686100000000E+001 -0.3843158842399278E+000  0.2286166241425928E+000  0.3842053299371919E+000 -0.2622633426159359E+000  0.7808929158500433E-003
 0.1652777800000000E+000  0.1534686100000000E+001 -0.3749258580719563E+000  0.2246096795521248E+000  0.3748152868474626E+000 -0.2576625085235385E+000  0.8060002366139840E-003
 0.1750000000000000E+000  0.1534686100000000E+001 -0.3650016701657937E+000  0.2203452736736377E+000  0.3648910798498082E+000 -0.2526335354293459E+000  0.8336318096583803E-003
 0.1850000000000000E+000  0.1534686100000000E+001 -0.3545822648979858E+000  0.2158332952091400E+000  0.3544716530713335E+000 -0.2471666485073493E+000  0.8639459515188017E-003
 0.1952777800000000E+000  0.1534686100000000E+001 -0.3437149105143953E+000  0.2110867802908832E+000  0.3436042744808576E+000 -0.2412574737560886E+000  0.8971029948878443E-003
 0.2058333300000000E+000  0.1534686100000000E+001 -0.3324543275548540E+000  0.2061216984685673E+000  0.3323436643105614E+000 -0.2349078555915059E+000  0.9332651923962928E-003
 0.2166666700000000E+000  0.1534686100000000E+001 -0.3208614779699354E+000  0.2009566236841615E+000  0.3207507841693232E+000 -0.2281265109889029E+000  0.9725969547053208E-003
 0.2277777800000000E+000  0.1534686100000000E+001 -0.3090022266175867E+000  0.1956123758027335E+000  0.3088914985358361E+000 -0.2209295532220594E+000  0.1015264914769100E-002
 0.2391666700000000E+000  0.1534686100000000E+001 -0.2969456761186307E+000  0.1901115334333370E+000  0.2968349096098079E+000 -0.2133406795944948E+000  0.1061438714336116E-002
 0.2508333300000000E+000  0.1534686100000000E+001 -0.2847625326819004E+000  0.1844779636382999E+000  0.2846517231326570E+000 -0.2053911446215080E+000  0.1111291594587672E-002
 0.2627777800000000E+000  0.1534686100000000E+001 -0.2725233547006414E+000  0.1787362871744518E+000  0.2724124969786026E+000 -0.1971193578747869E+000  0.1165001627879721E-002
 0.2750000000000000E+000  0.1534686100000000E+001 -0.2602969979546901E+000  0.1729114080340045E+000  0.2601860863513489E+000 -0.1885702549351853E+000  0.1222752682869446E-002
 0.2875000000000000E+000  0.1534686100000000E+001 -0.2481490623764024E+000  0.1670280028539961E+000  0.2480380905432548E+000 -0.1797942889469122E+000  0.1284736246918141E-002
 0.3002777800000000E+000  0.1534686100000000E+001 -0.2361406591468248E+000  0.1611101078376423E+000  0.2360296200243436E+000 -0.1708462617378930E+000  0.1351153000281032E-002
 0.3133333300000000E+000  0.1534686100000000E+001 -0.2243273846888912E+000  0.1551807434663340E+000  0.2242162704272530E+000 -0.1617839557025557E+000  0.1422214789526295E-002
 0.3266666700000000E+000  0.1534686100000000E+001 -0.2127585332944371E+000  0.1492615870009950E+000  0.2126473351646628E+000 -0.1526666423974735E+000  0.1498147063118023E-002
 0.3402777800000000E+000  0.1534686100000000E+001 -0.2014766854507841E+000  0.1433727637259955E+000  0.2013653937457085E+000 -0.1435536518054169E+000  0.1579190929596559E-002
 0.3541666700000000E+000  0.1534686100000000E+001 -0.1905174371847167E+000  0.1375326439954307E+000  0.1904060411075672E+000 -0.1345029067688815E+000  0.1665606229676723E-002
 0.3683333300000000E+000  0.1534686100000000E+001 -0.1799094727492193E+000  0.1317577583804408E+000  0.1797979602890193E+000 -0.1255696681365943E+000  0.1757674168026104E-002
 0.3827777800000000E+000  0.1534686100000000E+001 -0.1696747605546854E+000  0.1260627289291322E+000  0.1695631183460647E+000 -0.1168053961024158E+000  0.1855700813184692E-002
 0.3975000000000000E+000  0.1534686100000000E+001 -0.1598290023605254E+000  0.1204603001543808E+000  0.1597172155270975E+000 -0.1082569045520596E+000  0.1960020094730120E-002
 0.4125000000000000E+000  0.1534686100000000E+001 -0.1503821016113498E+000  0.1149613561279413E+000  0.1502701535895319E+000 -0.9996566432651033E-001  0.2070998031538470E-002
 0.4277777800000000E+000  0.1534686100000000E+001 -0.1413387915279032E+000  0.1095750149021002E+000  0.1412266638702027E+000 -0.9196741098095759E-001  0.2189036550009371E-002
 0.4433333300000000E+000  0.1534686100000000E+001 -0.1326992759994514E+000  0.1043087314316693E+000  0.1325869481551002E+000 -0.8429195084059836E-001  0.2314577904357080E-002
 0.4591666700000000E+000  0.1534686100000000E+001 -0.1244598623432141E+000  0.9916840524219826E-001  0.1243473114141036E+000 -0.7696314993187660E-001  0.2448109805233288E-002
 0.4752777800000000E+000  0.1534686100000000E+001 -0.1166136401215820E+000  0.9415853560309594E-001  0.1165008405942192E+000 -0.6999914663116186E-001  0.2590170014768885E-002
 0.4916666700000000E+000  0.1534686100000000E+001 -0.1091510513639894E+000  0.8928233535965516E-001  0.1090379748161529E+000 -0.6341263382740409E-001  0.2741352435153936E-002
 0.5083333300000000E+000  0.1534686100000000E+001 -0.1020604762919968E+000  0.8454188413428816E-001  0.1019470910786537E+000 -0.5721129796399743E-001  0.2902312443345466E-002
 0.5247222200000000E+000  0.1534686100000000E+001 -0.9554219401558925E-001  0.8008584334173215E-001  0.9542847671771927E-001 -0.5158126564555563E-001  0.3068022505375675E-002
 0.5408333300000000E+000  0.1534686100000000E+001 -0.8954056945873951E-001  0.7589481506363570E-001  0.8942649603984229E-001 -0.4647727704541341E-001  0.3238458498871053E-002
 0.5566666700000000E+000  0.1534686100000000E+001 -0.8400560758361891E-001  0.7195056058719121E-001  0.8389115353420666E-001 -0.4185560602309578E-001  0.3413590709155706E-002
 0.5722222200000000E+000  0.1534686100000000E+001 -0.7889253797464284E-001  0.6823604791726635E-001  0.7877767850097397E-001 -0.3767469663791825E-001  0.3593378839652853E-002
 0.5875000000000000E+000  0.1534686100000000E+001 -0.7416132730066606E-001  0.6473542753413396E-001  0.7404603756398388E-001 -0.3389551195594084E-001  0.3777767976196887E-002
 0.6025000000000000E+000  0.1534686100000000E+001 -0.6977623959882526E-001  0.6143401463235262E-001  0.6966049501942331E-001 -0.3048173692334570E-001  0.3966682478683362E-002
 0.6172222200000000E+000  0.1534686100000000E+001 -0.6570537855699274E-001  0.5831822726753284E-001  0.6558915519307490E-001 -0.2739981881687472E-001  0.4160020510971454E-002
 0.6316666700000000E+000  0.1534686100000000E+001 -0.6192027325647963E-001  0.5537552434532553E-001  0.6180354827374214E-001 -0.2461892825375353E-001  0.4357647384151974E-002
 0.6458333300000000E+000  0.1534686100000000E+001 -0.5839550773606868E-001  0.5259434603602105E-001  0.5827825998713455E-001 -0.2211086601695109E-001  0.4559387408040436E-002
 0.6597222200000000E+000  0.1534686100000000E+001 -0.5510835807617891E-001  0.4996403028226665E-001  0.5499056880656009E-001 -0.1984991108527640E-001  0.4765016179390704E-002
 0.6733333300000000E+000  0.1534686100000000E+001 -0.5203850048786114E-001  0.4747475783286450E-001  0.5192015419738087E-001 -0.1781267273587138E-001  0.4974249630492060E-002
 0.6866666700000000E+000  0.1534686100000000E+001 -0.4916772280178770E-001  0.4511747565737027E-001  0.4904880828468727E-001 -0.1597791115576428E-001  0.5186733280522588E-002
 0.6997222200000000E+000  0.1534686100000000E+001 -0.4647968990601130E-001  0.4288384184404141E-001  0.4636020150542157E-001 -0.1432637172476151E-001  0.5402028223090863E-002
 0.7125000000000000E+000  0.1534686100000000E+001 -0.4395971106633541E-001  0.4076615248234742E-001  0.4383965017407042E-001 -0.1284060605055406E-001  0.5619596993598790E-002
 0.7250000000000000E+000  0.1534686100000000E+001 -0.4159456149548767E-001  0.3875729622449722E-001  0.4147393834372119E-001 -0.1150481832321296E-001  0.5838784827504656E-002
 0.7372222200000000E+000  0.1534686100000000E+001 -0.3937230275341912E-001  0.3685069302767263E-001  0.3925113853826265E-001 -0.1030470629880166E-001  0.6058800039066006E-002
 0.7491666700000000E+000  0.1534686100000000E+001 -0.3728213082999027E-001  0.3504024293141038E-001  0.3716046021731057E-001 -0.9227317924055794E-002  0.6278690735863563E-002
 0.7608333300000000E+000  0.1534686100000000E+001 -0.3531424708601458E-001  0.3332028306853158E-001  0.3519212115227965E-001 -0.8260921469370920E-002  0.6497317361208916E-002
 0.7722222200000000E+000  0.1534686100000000E+001 -0.3345972400184388E-001  0.3168553006608966E-001  0.3333721365700525E-001 -0.7394876381930497E-002  0.6713323494024084E-002
 0.7833333300000000E+000  0.1534686100000000E+001 -0.3171040649312359E-001  0.3013104465015763E-001  0.3158760643970062E-001 -0.6619526267373450E-002  0.6925099928028665E-002
 0.7941666700000000E+000  0.1534686100000000E+001 -0.3005880229377118E-001  0.2865217908849592E-001  0.2993583555753440E-001 -0.5926091367317767E-002  0.7130746604246480E-002
 0.8047222200000000E+000  0.1534686100000000E+001 -0.2849799571226814E-001  0.2724453857839308E-001  0.2837501877027630E-001 -0.5306577240453292E-002  0.7328028156099861E-002
 0.8149999999999999E+000  0.1534686100000000E+001 -0.2702154846286228E-001  0.2590392511106016E-001  0.2689875696156256E-001 -0.4753683939819948E-002  0.7514327345013981E-002
 0.8250000000000000E+000  0.1534686100000000E+001 -0.2562342515189001E-001  0.2462629820267521E-001  0.2550106016482609E-001 -0.4260731409018302E-002  0.7686592029712672E-002
 0.8347222200000000E+000  0.1534686100000000E+001 -0.2429790439224145E-001  0.2340771795187409E-001  0.2417625909554290E-001 -0.3821585404667518E-002  0.7841281560857725E-002
 0.8441666700000000E+000  0.1534686100000000E+001 -0.2303949680368893E-001  0.2224428994952676E-001  0.2291892334819953E-001 -0.3430592910026261E-002  0.7974311889413241E-002
 0.8533333300000000E+000  0.1534686100000000E+001 -0.2184286802402811E-001  0.2113211089911340E-001  0.2172378423124369E-001 -0.3082525795261851E-002  0.8081003347191027E-002
 0.8622222200000000E+000  0.1534686100000000E+001 -0.2070274694311167E-001  0.2006719685707424E-001  0.2058564227613371E-001 -0.2772527191397293E-002  0.8156038827407466E-002
 0.8708333300000000E+000  0.1534686100000000E+001 -0.1961385325729015E-001  0.1904542591796948E-001  0.1949929322515641E-001 -0.2496071285197020E-002  0.8193437944731700E-002
 0.8791666700000000E+000  0.1534686100000000E+001 -0.1857081310522961E-001  0.1806246659266803E-001  0.1845944097153107E-001 -0.2248927634144192E-002  0.8186563441684802E-002
 0.8872222200000000E+000  0.1534686100000000E+001 -0.1756809699340766E-001  0.1711372407290646E-001  0.1746063122364066E-001 -0.2027139795195097E-002  0.8128176988606810E-002
 0.8950000000000000E+000  0.1534686100000000E+001 -0.1659996186633298E-001  0.1619428778888329E-001  0.1649718740486995E-001 -0.1827013724549544E-002  0.8010571361991592E-002
 0.9025000000000000E+000  0.1534686100000000E+001 -0.1566044500314185E-001  0.1529892597933139E-001  0.1556319598988280E-001 -0.1645126458277665E-002  0.7825815910619106E-002
 0.9097222200000000E+000  0.1534686100000000E+001 -0.1474340046690138E-001  0.1442211979481553E-001  0.1465253193233537E-001 -0.1478351035148375E-002  0.7566160991448496E-002
 0.9166666700000000E+000  0.1534686100000000E+001 -0.1384262598079924E-001  0.1355818427483125E-001  0.1375897225391869E-001 -0.1323904391040654E-002  0.7224658263083756E-002
 0.9233333300000000E+000  0.1534686100000000E+001 -0.1295211564437713E-001  0.1270151304236964E-001  0.1287643423239976E-001 -0.1179418307855739E-002  0.6796060839728101E-002
 0.9297222200000000E+000  0.1534686100000000E+001 -0.1206645373300681E-001  0.1184696534491587E-001  0.1199935593136236E-001 -0.1043026491192986E-002  0.6278046056511629E-002
 0.9358333300000000E+000  0.1534686100000000E+001 -0.1118140385204532E-001  0.1099045271589370E-001  0.1112327707140849E-001 -0.9134625581326673E-003  0.5672787265651978E-002
 0.9416666700000000E+000  0.1534686100000000E+001 -0.1029464309672230E-001  0.1012968220617928E-001  0.1024557587558200E-001 -0.7901424672215673E-003  0.4988782172856883E-002
 0.9472222200000000E+000  0.1534686100000000E+001 -0.9406584740229750E-002  0.9265005166249464E-002  0.9366311482265192E-002 -0.6732037805792404E-003  0.4242713813828862E-002
 0.9525000000000000E+000  0.1534686100000000E+001 -0.8521064410723964E-002  0.8400151835846734E-002  0.8488951483302093E-002 -0.5634562003480693E-003  0.3460828387187778E-002
 0.9575000000000000E+000  0.1534686100000000E+001 -0.7645623951306580E-002  0.7542582101377675E-002  0.7620715984063142E-002 -0.4622112699599299E-003  0.2679059812297586E-002
 0.9622222200000000E+000  0.1534686100000000E+001 -0.6790999379495851E-002  0.6703045425493305E-002  0.6772131196856820E-002 -0.3709743925735158E-003  0.1940825825436286E-002
 0.9666666700000000E+000  0.1534686100000000E+001 -0.5969615501078667E-002  0.5894125462494341E-002  0.5955569494148375E-002 -0.2910450105241222E-003  0.1291565267241511E-002
 0.9708333300000000E+000  0.1534686100000000E+001 -0.5193274805316811E-002  0.5127929479951371E-002  0.5182936861847422E-002 -0.2231353485121159E-003  0.7698831091099738E-003
 0.9747222200000000E+000  0.1534686100000000E+001 -0.4470781460971510E-002  0.4413656158958036E-002  0.4463241151474889E-002 -0.1671530040380948E-003  0.3969717754476640E-003
 0.9783333300000000E+000  0.1534686100000000E+001 -0.3806654069994410E-002  0.3756223153236854E-002  0.3801221694500106E-002 -0.1222504393131591E-003  0.1685297161282127E-003
 0.9816666700000000E+000  0.1534686100000000E+001 -0.3201543080367749E-002  0.3156621523963417E-002  0.3197705024756413E-002 -0.8709608148055855E-004  0.5484292916986040E-004
 0.9847222200000000E+000  0.1534686100000000E+001 -0.2653900090230764E-002  0.2613573033149082E-002  0.2651261792153931E-002 -0.6019934708390126E-004  0.1230390199434159E-004
 0.9875000000000000E+000  0.1534686100000000E+001 -0.2161580852298953E-002  0.2125155335299021E-002  0.2159829695399592E-002 -0.4012646981390469E-004  0.1614259899397752E-005
 0.9900000000000000E+000  0.1534686100000000E+001 -0.1722648209794037E-002  0.1689627611778552E-002  0.1721535577130826E-002 -0.2558265171660590E-004  0.9056361380123449E-007
 0.9922222200000000E+000  0.1534686100000000E+001 -0.1335525836554250E-002  0.1305597294847376E-002  0.1334856896366871E-002 -0.1542357179780985E-004 -0.7443816362525247E-010
 0.9941666700000000E+000  0.1534686100000000E+001 -0.9989622072567967E-003  0.9719937005735654E-003  0.9985878696491478E-003 -0.8650188303800119E-005 -0.1049293904753064E-009
 0.9958333300000000E+000  0.1534686100000000E+001 -0.7119810281802456E-003  0.6880309532281068E-003  0.7117908529608654E-003 -0.4402279815458730E-005 -0.7185340444695481E-012
 0.9972222200000000E+000  0.1534686100000000E+001 -0.4738206062862463E-003  0.4531669859403919E-003  0.4737363747417484E-003 -0.1952485924812038E-005  0.9574824304422262E-014
 0.9983333300000000E+000  0.1534686100000000E+001 -0.2839064909559617E-003  0.2671004025831615E-003  0.2838762488024520E-003 -0.7017268695134367E-006  0.1790233159497906E-016
 0.9991666700000000E+000  0.1534686100000000E+001 -0.1418115506903567E-003  0.1300378525794710E-003  0.1418040051269117E-003 -0.1752111790205207E-006  0.2390680837192018E-019
 0.9997222200000000E+000  0.1534686100000000E+001 -0.4724041362638248E-004  0.3948272711305077E-004  0.4723957629428274E-004 -0.1945224306573479E-007 -0.5384729829917806E-019
 0.1000000000000000E+001  0.1534686100000000E+001 -0.1392349226800261E-188  0.1392349226800261E-188  0.1392349226800261E-188  0.1392349226800261E-188  0.1392349226800261E-188

 0.0000000000000000E+000  0.1549130200000000E+001 -0.4666532493146582E+000  0.2626768116100805E+000  0.4665428073883741E+000 -0.2964000000000000E+000  0.5957388508750686E-003
 0.2777777800000000E-003  0.1549130200000000E+001 -0.4666530105937488E+000  0.2626767145690211E+000  0.4665425686672099E+000 -0.2963999160698461E+000  0.5957393152021678E-003
 0.8333333300000000E-003  0.1549130200000000E+001 -0.4666510984477801E+000  0.2626759372732538E+000  0.4665406565192010E+000 -0.2963992437893104E+000  0.5957430344587264E-003
 0.1666666700000000E-002  0.1549130200000000E+001 -0.4666446316281925E+000  0.2626733084780332E+000  0.4665341896927133E+000 -0.2963969701175452E+000  0.5957556130431293E-003
 0.2777777800000000E-002  0.1549130200000000E+001 -0.4666292589194484E+000  0.2626670593651557E+000  0.4665188169675659E+000 -0.2963915649764440E+000  0.5957855154995970E-003
 0.4166666700000000E-002  0.1549130200000000E+001 -0.4665991246561804E+000  0.2626548094626254E+000  0.4664886826721392E+000 -0.2963809685829879E+000  0.5958441359599909E-003
 0.5833333300000000E-002  0.1549130200000000E+001 -0.4665468240267923E+000  0.2626335483312339E+000  0.4664363819869244E+000 -0.2963625744881346E+000  0.5959458905138192E-003
 0.7777777800000000E-002  0.1549130200000000E+001 -0.4664633493292389E+000  0.2625996134366060E+000  0.4663529072002353E+000 -0.2963332082551637E+000  0.5961083323214983E-003
 0.1000000000000000E-001  0.1549130200000000E+001 -0.4663380288549065E+000  0.2625486648143726E+000  0.4662275865920071E+000 -0.2962891017339991E+000  0.5963522889810234E-003
 0.1250000000000000E-001  0.1549130200000000E+001 -0.4661584604376974E+000  0.2624756572616696E+000  0.4660480179827816E+000 -0.2962258628369739E+000  0.5967020217507939E-003
 0.1527777800000000E-001  0.1549130200000000E+001 -0.4659104424784776E+000  0.2623748110776910E+000  0.4657999997580397E+000 -0.2961384407914205E+000  0.5971854056459655E-003
 0.1833333300000000E-001  0.1549130200000000E+001 -0.4655779060202219E+000  0.2622395826585256E+000  0.4654674629432111E+000 -0.2960210868885959E+000  0.5978341289883566E-003
 0.2166666700000000E-001  0.1549130200000000E+001 -0.4651428514057794E+000  0.2620626362011123E+000  0.4650324078612834E+000 -0.2958673104877287E+000  0.5986839122669463E-003
 0.2527777800000000E-001  0.1549130200000000E+001 -0.4645852966367407E+000  0.2618358191929426E+000  0.4644748524914918E+000 -0.2956698310442454E+000  0.5997747404847633E-003
 0.2916666700000000E-001  0.1549130200000000E+001 -0.4638832407633286E+000  0.2615501427831576E+000  0.4637727958590047E+000 -0.2954205253425228E+000  0.6011511119758286E-003
 0.3333333300000000E-001  0.1549130200000000E+001 -0.4630126529721135E+000  0.2611957710719896E+000  0.4629022071224083E+000 -0.2951103714836091E+000  0.6028622938061457E-003
 0.3777777800000000E-001  0.1549130200000000E+001 -0.4619474926594228E+000  0.2607620211242152E+000  0.4618370456468522E+000 -0.2947293891143128E+000  0.6049625858111910E-003
 0.4250000000000000E-001  0.1549130200000000E+001 -0.4606597744041240E+000  0.2602373789818502E+000  0.4605493259765367E+000 -0.2942665783989852E+000  0.6075115796586798E-003
 0.4750000000000000E-001  0.1549130200000000E+001 -0.4591196828447242E+000  0.2596095332911080E+000  0.4590092327114743E+000 -0.2937098571789878E+000  0.6105744177725596E-003
 0.5277777800000000E-001  0.1549130200000000E+001 -0.4572957544913461E+000  0.2588654330344815E+000  0.4571853023190875E+000 -0.2930460004236894E+000  0.6142220336504770E-003
 0.5833333300000000E-001  0.1549130200000000E+001 -0.4551551348256165E+000  0.2579913723281123E+000  0.4550446802336693E+000 -0.2922605836829708E+000  0.6185313717161596E-003
 0.6416666700000000E-001  0.1549130200000000E+001 -0.4526639208966400E+000  0.2569731060308254E+000  0.4525534634518711E+000 -0.2913379340124981E+000  0.6235855797260668E-003
 0.7027777800000000E-001  0.1549130200000000E+001 -0.4497876055178719E+000  0.2557960024034901E+000  0.4496771447290385E+000 -0.2902610956914601E+000  0.6294741516292034E-003
 0.7666666699999999E-001  0.1549130200000000E+001 -0.4464916205925336E+000  0.2544452316124173E+000  0.4463811559040119E+000 -0.2890118134756959E+000  0.6362930312856447E-003
 0.8333333300000000E-001  0.1549130200000000E+001 -0.4427419943028820E+000  0.2529059961238230E+000  0.4426315250877075E+000 -0.2875705453920306E+000  0.6441446454459890E-003
 0.9027777800000000E-001  0.1549130200000000E+001 -0.4385061108565875E+000  0.2511637987025157E+000  0.4383956364087254E+000 -0.2859165109163457E+000  0.6531378779060640E-003
 0.9750000000000000E-001  0.1549130200000000E+001 -0.4337535766410207E+000  0.2492047503677045E+000  0.4336430961667739E+000 -0.2840277901822809E+000  0.6633879533300584E-003
 0.1050000000000000E+000  0.1549130200000000E+001 -0.4284571619588481E+000  0.2470159069642645E+000  0.4283466745672944E+000 -0.2818814808587879E+000  0.6750162576722836E-003
 0.1127777800000000E+000  0.1549130200000000E+001 -0.4225938066186666E+000  0.2445856314949160E+000  0.4224833113110095E+000 -0.2794539308584538E+000  0.6881500664825092E-003
 0.1208333300000000E+000  0.1549130200000000E+001 -0.4161456595995174E+000  0.2419039727274171E+000  0.4160351552572470E+000 -0.2767210619702817E+000  0.7029221721725305E-003
 0.1291666700000000E+000  0.1549130200000000E+001 -0.4091010553358485E+000  0.2389630231751818E+000  0.4089905407075080E+000 -0.2736587727002123E+000  0.7194705425033227E-003
 0.1377777800000000E+000  0.1549130200000000E+001 -0.4014555103922861E+000  0.2357572956938811E+000  0.4013449840788302E+000 -0.2702434857737695E+000  0.7379377130941185E-003
 0.1466666700000000E+000  0.1549130200000000E+001 -0.3932124779807170E+000  0.2322840142737573E+000  0.3931019384191210E+000 -0.2664527545987020E+000  0.7584704106449954E-003
 0.1558333300000000E+000  0.1549130200000000E+001 -0.3843840188141743E+000  0.2285433903701625E+000  0.3842734642592743E+000 -0.2622660173503504E+000  0.7812189260064286E-003
 0.1652777800000000E+000  0.1549130200000000E+001 -0.3749911421319466E+000  0.2245387867107660E+000  0.3748805706361821E+000 -0.2576653988876683E+000  0.8063367293013290E-003
 0.1750000000000000E+000  0.1549130200000000E+001 -0.3650639763667095E+000  0.2202768405138077E+000  0.3649533857577305E+000 -0.2526366311459856E+000  0.8339798388470170E-003
 0.1850000000000000E+000  0.1549130200000000E+001 -0.3546414847698928E+000  0.2157674284248176E+000  0.3545308726255754E+000 -0.2471699342087176E+000  0.8643066373032867E-003
 0.1952777800000000E+000  0.1549130200000000E+001 -0.3437709571377048E+000  0.2110235725558181E+000  0.3436603207585116E+000 -0.2412609289544997E+000  0.8974775243350781E-003
 0.2058333300000000E+000  0.1549130200000000E+001 -0.3325071377606167E+000  0.2060612267656073E+000  0.3323964741389418E+000 -0.2349114548811834E+000  0.9336548203548295E-003
 0.2166666700000000E+000  0.1549130200000000E+001 -0.3209110139423191E+000  0.2008989480043372E+000  0.3208003197283967E+000 -0.2281302244960283E+000  0.9730030047157325E-003
 0.2277777800000000E+000  0.1549130200000000E+001 -0.3090484768485477E+000  0.1955575382342671E+000  0.3089377483128353E+000 -0.2209333473004816E+000  0.1015688780003172E-002
 0.2391666700000000E+000  0.1549130200000000E+001 -0.2969886556224063E+000  0.1900595577046402E+000  0.2968778886136634E+000 -0.2133445177473358E+000  0.1061881858866853E-002
 0.2508333300000000E+000  0.1549130200000000E+001 -0.2848022824939051E+000  0.1844288550897210E+000  0.2846914723928242E+000 -0.2053949886055080E+000  0.1111755554908867E-002
 0.2627777800000000E+000  0.1549130200000000E+001 -0.2725599406596355E+000  0.1786900331677833E+000  0.2724490823271524E+000 -0.1971231689279982E+000  0.1165488014943452E-002
 0.2750000000000000E+000  0.1549130200000000E+001 -0.2603305088660494E+000  0.1728679787347164E+000  0.2602195965861517E+000 -0.1885739950548778E+000  0.1223263184530995E-002
 0.2875000000000000E+000  0.1549130200000000E+001 -0.2481796076148003E+000  0.1669873523686579E+000  0.2480686350305653E+000 -0.1797979221381869E+000  0.1285272631147324E-002
 0.3002777800000000E+000  0.1549130200000000E+001 -0.2361683658476567E+000  0.1610721756173100E+000  0.2360573258901140E+000 -0.1708497551554614E+000  0.1351717119037635E-002
 0.3133333300000000E+000  0.1549130200000000E+001 -0.2243523946508104E+000  0.1551454559170315E+000  0.2242412794595454E+000 -0.1617872806173840E+000  0.1422808583467949E-002
 0.3266666700000000E+000  0.1549130200000000E+001 -0.2127809997235805E+000  0.1492288592384138E+000  0.2126698005577345E+000 -0.1526697749351784E+000  0.1498772567335637E-002
 0.3402777800000000E+000  0.1549130200000000E+001 -0.2014967697016076E+000  0.1433425013848210E+000  0.2013854768406859E+000 -0.1435565734256990E+000  0.1579850280222377E-002
 0.3541666700000000E+000  0.1549130200000000E+001 -0.1905353055892454E+000  0.1375047450593634E+000  0.1904239082215131E+000 -0.1345056044738809E+000  0.1666301671791877E-002
 0.3683333300000000E+000  0.1549130200000000E+001 -0.1799252936582391E+000  0.1317321149568272E+000  0.1798137797559142E+000 -0.1255721344207033E+000  0.1758408064688179E-002
 0.3827777800000000E+000  0.1549130200000000E+001 -0.1696887016521316E+000  0.1260392289425450E+000  0.1695770578309545E+000 -0.1168076286706960E+000  0.1856475655943637E-002
 0.3975000000000000E+000  0.1549130200000000E+001 -0.1598412283225893E+000  0.1204388289071288E+000  0.1597294396849228E+000 -0.1082589058509595E+000  0.1960838515429959E-002
 0.4125000000000000E+000  0.1549130200000000E+001 -0.1503927721219958E+000  0.1149417977261419E+000  0.1502808220803232E+000 -0.9996744093400453E-001  0.2071862815928804E-002
 0.4277777800000000E+000  0.1549130200000000E+001 -0.1413480596755587E+000  0.1095572535168912E+000  0.1412359297553989E+000 -0.9196897290954902E-001  0.2189950653008285E-002
 0.4433333300000000E+000  0.1549130200000000E+001 -0.1327072870411873E+000  0.1042926523963594E+000  0.1325949566612980E+000 -0.8429331080176250E-001  0.2315544467234058E-002
 0.4591666700000000E+000  0.1549130200000000E+001 -0.1244667528123461E+000  0.9915389598995122E-001  0.1243541990401550E+000 -0.7696432260484540E-001  0.2449132175030976E-002
 0.4752777800000000E+000  0.1549130200000000E+001 -0.1166195372557733E+000  0.9414548643963519E-001  0.1165067345387496E+000 -0.7000014797266164E-001  0.2591251765771544E-002
 0.4916666700000000E+000  0.1549130200000000E+001 -0.1091560728056312E+000  0.8927064009542836E-001  0.1090429926772556E+000 -0.6341348044669402E-001  0.2742497393068603E-002
 0.5083333300000000E+000  0.1549130200000000E+001 -0.1020647300289487E+000  0.8453144057676415E-001  0.1019513407938289E+000 -0.5721200658154139E-001  0.2903524711938081E-002
 0.5247222200000000E+000  0.1549130200000000E+001 -0.9554579883228018E-001  0.8007651762775292E-001  0.9543207703123606E-001 -0.5158185634775990E-001  0.3069304090168617E-002
 0.5408333300000000E+000  0.1549130200000000E+001 -0.8954362605871602E-001  0.7588648810420474E-001  0.8942954761266131E-001 -0.4647776763126666E-001  0.3239811399346132E-002
 0.5566666700000000E+000  0.1549130200000000E+001 -0.8400820129503582E-001  0.7194312648482233E-001  0.8389374164940723E-001 -0.4185601206523412E-001  0.3415016917104562E-002
 0.5722222200000000E+000  0.1549130200000000E+001 -0.7889474109298271E-001  0.6822941251868653E-001  0.7877987540642928E-001 -0.3767503162230896E-001  0.3594880335558143E-002
 0.5875000000000000E+000  0.1549130200000000E+001 -0.7416320109810805E-001  0.6472950712701603E-001  0.7404790448170641E-001 -0.3389578746393531E-001  0.3779346724062830E-002
 0.6025000000000000E+000  0.1549130200000000E+001 -0.6977783604095628E-001  0.6142873477410823E-001  0.6966208386228458E-001 -0.3048196283216073E-001  0.3968340418469937E-002
 0.6172222200000000E+000  0.1549130200000000E+001 -0.6570674176098570E-001  0.5831352174388812E-001  0.6559051002303039E-001 -0.2740000350168667E-001  0.4161759548924678E-002
 0.6316666700000000E+000  0.1549130200000000E+001 -0.6192144072694147E-001  0.5537133424638765E-001  0.6180470653777524E-001 -0.2461907878143631E-001  0.4359469380562202E-002
 0.6458333300000000E+000  0.1549130200000000E+001 -0.5839651141083876E-001  0.5259061893789581E-001  0.5827925356321560E-001 -0.2211098832565379E-001  0.4561294161835412E-002
 0.6597222200000000E+000  0.1549130200000000E+001 -0.5510922520900975E-001  0.4996071952728388E-001  0.5499142488656058E-001 -0.1985001014669007E-001  0.4767009409783616E-002
 0.6733333300000000E+000  0.1549130200000000E+001 -0.5203925439448136E-001  0.4747182189328308E-001  0.5192089603346987E-001 -0.1781275269954619E-001  0.4976330954364482E-002
 0.6866666700000000E+000  0.1549130200000000E+001 -0.4916838348924928E-001  0.4511487757681985E-001  0.4904945581912621E-001 -0.1597797547553402E-001  0.5188904185670846E-002
 0.6997222200000000E+000  0.1549130200000000E+001 -0.4648027460441179E-001  0.4288154874487373E-001  0.4636077190288010E-001 -0.1432642326847259E-001  0.5404290036008120E-002
 0.7125000000000000E+000  0.1549130200000000E+001 -0.4396023467739794E-001  0.4076413513382135E-001  0.4384015827096667E-001 -0.1284064719438943E-001  0.5621950841788821E-002
 0.7250000000000000E+000  0.1549130200000000E+001 -0.4159503697173708E-001  0.3875552866100795E-001  0.4147439702837128E-001 -0.1150485103236252E-001  0.5841231594425804E-002
 0.7372222200000000E+000  0.1549130200000000E+001 -0.3937274141792715E-001  0.3684915221296104E-001  0.3925155907184261E-001 -0.1030473219598833E-001  0.6061340311367605E-002
 0.7491666700000000E+000  0.1549130200000000E+001 -0.3728254264571009E-001  0.3503890846161233E-001  0.3716085250469957E-001 -0.9227338347520164E-002  0.6281324741384253E-002
 0.7608333300000000E+000  0.1549130200000000E+001 -0.3531464088177994E-001  0.3331913690782627E-001  0.3519249396991554E-001 -0.8260937521763923E-002  0.6500044895955721E-002
 0.7722222200000000E+000  0.1549130200000000E+001 -0.3346010766033492E-001  0.3168455631152083E-001  0.3333757484309684E-001 -0.7394888971362562E-002  0.6716143837341195E-002
 0.7833333300000000E+000  0.1549130200000000E+001 -0.3171078710521114E-001  0.3013022931822162E-001  0.3158796305128463E-001 -0.6619536141823032E-002  0.6928011742966317E-002
 0.7941666700000000E+000  0.1549130200000000E+001 -0.3005918628191493E-001  0.2865150992045325E-001  0.2993619399709626E-001 -0.5926099143347486E-002  0.7133747821987278E-002
 0.8047222200000000E+000  0.1549130200000000E+001 -0.2849838892466959E-001  0.2724400485775773E-001  0.2837538488370576E-001 -0.5306583427112088E-002  0.7331115841320632E-002
 0.8149999999999999E+000  0.1549130200000000E+001 -0.2702195623885006E-001  0.2590351748960825E-001  0.2689913610794926E-001 -0.4753688958421303E-002  0.7517497540692001E-002
 0.8250000000000000E+000  0.1549130200000000E+001 -0.2562385235771200E-001  0.2462600852747104E-001  0.2550145725731331E-001 -0.4260735609405954E-002  0.7689839577674520E-002
 0.8347222200000000E+000  0.1549130200000000E+001 -0.2429835542542758E-001  0.2340753908858698E-001  0.2417667861137306E-001 -0.3821589078420019E-002  0.7844599896518879E-002
 0.8441666700000000E+000  0.1549130200000000E+001 -0.2303997556295163E-001  0.2224421559475712E-001  0.2291936930484891E-001 -0.3430596300967614E-002  0.7977692808293003E-002
 0.8533333300000000E+000  0.1549130200000000E+001 -0.2184337784055034E-001  0.2113213537400955E-001  0.2172426012433348E-001 -0.3082529107535120E-002  0.8084436741778766E-002
 0.8622222200000000E+000  0.1549130200000000E+001 -0.2070329046890877E-001  0.2006731487578544E-001  0.2058615097448328E-001 -0.2772530595264298E-002  0.8159512395564958E-002
 0.8708333300000000E+000  0.1549130200000000E+001 -0.1961443230552564E-001  0.1904563232188833E-001  0.1949983681737675E-001 -0.2496074920655648E-002  0.8196936872169153E-002
 0.8791666700000000E+000  0.1549130200000000E+001 -0.1857142843929804E-001  0.1806275604537399E-001  0.1846002056019429E-001 -0.2248931612400423E-002  0.8190070067388715E-002
 0.8872222200000000E+000  0.1549130200000000E+001 -0.1756874806375016E-001  0.1711409071125621E-001  0.1746124666489351E-001 -0.2027144198020624E-002  0.8131670468771484E-002
 0.8950000000000000E+000  0.1549130200000000E+001 -0.1660064650066493E-001  0.1619472483356478E-001  0.1649783699765305E-001 -0.1827018601629805E-002  0.8014027360140806E-002
 0.9025000000000000E+000  0.1549130200000000E+001 -0.1566115906466177E-001  0.1529942531543400E-001  0.1556387612737165E-001 -0.1645131822824263E-002  0.7829206358935387E-002
 0.9097222200000000E+000  0.1549130200000000E+001 -0.1474413751181779E-001  0.1442267155091147E-001  0.1465323674461704E-001 -0.1478356858398688E-002  0.7569453992717813E-002
 0.9166666700000000E+000  0.1549130200000000E+001 -0.1384337696822322E-001  0.1355877645008051E-001  0.1375969329253362E-001 -0.1323910596785245E-002  0.7227818235190859E-002
 0.9233333300000000E+000  0.1549130200000000E+001 -0.1295286878062607E-001  0.1270213126098586E-001  0.1287716027685759E-001 -0.1179424768830417E-002  0.6799049045412622E-002
 0.9297222200000000E+000  0.1549130200000000E+001 -0.1206719456413670E-001  0.1184759285148171E-001  0.1200007303115363E-001 -0.1043033029919784E-002  0.6280821698160673E-002
 0.9358333300000000E+000  0.1549130200000000E+001 -0.1118211574252080E-001  0.1099107075163239E-001  0.1112396896421607E-001 -0.9134689552478763E-003  0.5675309356597026E-002
 0.9416666700000000E+000  0.1549130200000000E+001 -0.1029530823033493E-001  0.1013027091073737E-001  0.1024622492573527E-001 -0.7901484799759987E-003  0.4991012372903649E-002
 0.9472222200000000E+000  0.1549130200000000E+001 -0.9407185722224723E-002  0.9265545098062858E-002  0.9366900232450905E-002 -0.6732091722990120E-003  0.4244620315910100E-002
 0.9525000000000000E+000  0.1549130200000000E+001 -0.8521586403732044E-002  0.8400626063536420E-002  0.8489464771332193E-002 -0.5634607777549020E-003  0.3462390676841096E-002
 0.9575000000000000E+000  0.1549130200000000E+001 -0.7646057036587567E-002  0.7542978575783919E-002  0.7621143334509211E-002 -0.4622149199790406E-003  0.2680273693542575E-002
 0.9622222200000000E+000  0.1549130200000000E+001 -0.6791340542433641E-002  0.6703359037872033E-002  0.6772468893386344E-002 -0.3709771059451013E-003  0.1941707506761888E-002
 0.9666666700000000E+000  0.1549130200000000E+001 -0.5969869460216531E-002  0.5894358990027725E-002  0.5955821535324543E-002 -0.2910468802799106E-003  0.1292152786464443E-002
 0.9708333300000000E+000  0.1549130200000000E+001 -0.5193453068098399E-002  0.5128092757436011E-002  0.5183114141674814E-002 -0.2231365400978649E-003  0.7702333334361044E-003
 0.9747222200000000E+000  0.1549130200000000E+001 -0.4470899640119120E-002  0.4413763459136879E-002  0.4463358849483626E-002 -0.1671537079443982E-003  0.3971521527373862E-003
 0.9783333300000000E+000  0.1549130200000000E+001 -0.3806728414452636E-002  0.3756289704816118E-002  0.3801295805900805E-002 -0.1222508270046682E-003  0.1686061327945865E-003
 0.9816666700000000E+000  0.1549130200000000E+001 -0.3201587661597039E-002  0.3156660630632019E-002  0.3197749493439002E-002 -0.8709628158627949E-004  0.5486772854361514E-004
 0.9847222200000000E+000  0.1549130200000000E+001 -0.2653925573345749E-002  0.2613594770901699E-002  0.2651287222531644E-002 -0.6019944379267459E-004  0.1230944839849437E-004
 0.9875000000000000E+000  0.1549130200000000E+001 -0.2161594649795804E-002  0.2125166655825766E-002  0.2159843469676039E-002 -0.4012651319548187E-004  0.1614985137959560E-005
 0.9900000000000000E+000  0.1549130200000000E+001 -0.1722655203098069E-002  0.1689633035426444E-002  0.1721542561055299E-002 -0.2558266949935906E-004  0.9060412282384001E-007
 0.9922222200000000E+000  0.1549130200000000E+001 -0.1335529098444372E-002  0.1305599614760048E-002  0.1334860154864734E-002 -0.1542357830980514E-004 -0.7448002841713407E-010
 0.9941666700000000E+000  0.1549130200000000E+001 -0.9989635732218377E-003  0.9719945400596411E-003  0.9985892345515258E-003 -0.8650190365470573E-005 -0.1049764592412363E-009
 0.9958333300000000E+000  0.1549130200000000E+001 -0.7119815229167086E-003  0.6880311807062481E-003  0.7117913474230115E-003 -0.4402280352418872E-005 -0.7188529358997105E-012
 0.9972222200000000E+000  0.1549130200000000E+001 -0.4738207521384193E-003  0.4531670134749610E-003  0.4737365205401067E-003 -0.1952486030928275E-005  0.9579128777791621E-014
 0.9983333300000000E+000  0.1549130200000000E+001 -0.2839065223357530E-003  0.2671003914937597E-003  0.2838762801753082E-003 -0.7017268832719794E-006  0.1791718169077664E-016
 0.9991666700000000E+000  0.1549130200000000E+001 -0.1418115546013023E-003  0.1300378458956772E-003  0.1418040090374256E-003 -0.1752111798807122E-006 -0.5530546835246544E-019
 0.9997222200000000E+000  0.1549130200000000E+001 -0.4724041377095821E-004  0.3948272608215209E-004  0.4723957643885319E-004 -0.1945224307635927E-007  0.5413213161513109E-019
 0.1000000000000000E+001  0.1549130200000000E+001  0.1392349226800261E-188 -0.1392349226800261E-188 -0.1392349226800261E-188  0.1392349226800261E-188  0.1392349226800261E-188

 0.0000000000000000E+000  0.1559963200000000E+001 -0.4666930525922608E+000  0.2626370086804522E+000  0.4665826106112485E+000 -0.2964000000000000E+000  0.5958437406907075E-003
 0.2777777800000000E-003  0.1559963200000000E+001 -0.4666928138381330E+000  0.2626369116658122E+000  0.4665823718568659E+000 -0.2963999160738762E+000  0.5958442050995624E-003
 0.8333333300000000E-003  0.1559963200000000E+001 -0.4666909014260867E+000  0.2626361345816628E+000  0.4665804594427784E+000 -0.2963992438256208E+000  0.5958479250109790E-003
 0.1666666700000000E-002  0.1559963200000000E+001 -0.4666844337066349E+000  0.2626335065021267E+000  0.4665739917164236E+000 -0.2963969702630247E+000  0.5958605058101265E-003
 0.2777777800000000E-002  0.1559963200000000E+001 -0.4666690588587811E+000  0.2626272590905404E+000  0.4665586168521591E+000 -0.2963915653814257E+000  0.5958904135315951E-003
 0.4166666700000000E-002  0.1559963200000000E+001 -0.4666389204024091E+000  0.2626150125229130E+000  0.4665284783636143E+000 -0.2963809694966120E+000  0.5959490443134416E-003
 0.5833333300000000E-002  0.1559963200000000E+001 -0.4665866124957568E+000  0.2625937571793989E+000  0.4664761704011108E+000 -0.2963625762844086E+000  0.5960508167834513E-003
 0.7777777800000000E-002  0.1559963200000000E+001 -0.4665031261838957E+000  0.2625598315221859E+000  0.4663926840000748E+000 -0.2963332114598198E+000  0.5962132871926709E-003
 0.1000000000000000E-001  0.1559963200000000E+001 -0.4663777882744209E+000  0.2625088967672486E+000  0.4662673459566453E+000 -0.2962891070521892E+000  0.5964572868062632E-003
 0.1250000000000000E-001  0.1559963200000000E+001 -0.4661981948777957E+000  0.2624359090829037E+000  0.4660877523679192E+000 -0.2962258711817731E+000  0.5968070811543727E-003
 0.1527777800000000E-001  0.1559963200000000E+001 -0.4659501424229781E+000  0.2623350903375430E+000  0.4658396996474626E+000 -0.2961384533130129E+000  0.5972905501601822E-003
 0.1833333300000000E-001  0.1559963200000000E+001 -0.4656175597242520E+000  0.2621998987013235E+000  0.4655071165920059E+000 -0.2960211050039026E+000  0.5979393877249614E-003
 0.2166666700000000E-001  0.1559963200000000E+001 -0.4651824446317884E+000  0.2620230003561972E+000  0.4650720010318513E+000 -0.2958673359101013E+000  0.5987893206270979E-003
 0.2527777800000000E-001  0.1559963200000000E+001 -0.4646248123855445E+000  0.2617962449900481E+000  0.4645143681845895E+000 -0.2956698658126511E+000  0.5998803409099010E-003
 0.2916666700000000E-001  0.1559963200000000E+001 -0.4639226590030298E+000  0.2615106461701344E+000  0.4638122140426648E+000 -0.2954205718494853E+000  0.6012569547423553E-003
 0.3333333300000000E-001  0.1559963200000000E+001 -0.4630519503694026E+000  0.2611563706315200E+000  0.4629415044632389E+000 -0.2951104325008819E+000  0.6029684378650865E-003
 0.3777777800000000E-001  0.1559963200000000E+001 -0.4619866423186894E+000  0.2607227382854812E+000  0.4618761952491462E+000 -0.2947294678150378E+000  0.6050690996743461E-003
 0.4250000000000000E-001  0.1559963200000000E+001 -0.4606987456219373E+000  0.2601982382214995E+000  0.4605882971367511E+000 -0.2942666783747225E+000  0.6076185423303983E-003
 0.4750000000000000E-001  0.1559963200000000E+001 -0.4591584408881443E+000  0.2595705623172284E+000  0.4590479906965396E+000 -0.2937099824497623E+000  0.6106819197271138E-003
 0.5277777800000000E-001  0.1559963200000000E+001 -0.4573342604110782E+000  0.2588266629453658E+000  0.4572238081795595E+000 -0.2930461554387763E+000  0.6143301778517607E-003
 0.5833333300000000E-001  0.1559963200000000E+001 -0.4551933453163319E+000  0.2579528377366604E+000  0.4550828906640486E+000 -0.2922607733098643E+000  0.6186402746761142E-003
 0.6416666700000000E-001  0.1559963200000000E+001 -0.4527017882183078E+000  0.2569348451443553E+000  0.4525913307119309E+000 -0.2913381635112389E+000  0.6236953725970029E-003
 0.7027777800000000E-001  0.1559963200000000E+001 -0.4498250774941672E+000  0.2557580570470823E+000  0.4497146166422307E+000 -0.2902613706711806E+000  0.6295849813213027E-003
 0.7666666699999999E-001  0.1559963200000000E+001 -0.4465286407019249E+000  0.2544076471844257E+000  0.4464181759485523E+000 -0.2890121398303362E+000  0.6364050616027516E-003
 0.8333333300000000E-001  0.1559963200000000E+001 -0.4427785018797264E+000  0.2528688214709179E+000  0.4426680325976649E+000 -0.2875709292121032E+000  0.6442580582272528E-003
 0.9027777800000000E-001  0.1559963200000000E+001 -0.4385420414174705E+000  0.2511270859033651E+000  0.4384315669003587E+000 -0.2859169583741689E+000  0.6532528741630708E-003
 0.9750000000000000E-001  0.1559963200000000E+001 -0.4337888623513073E+000  0.2491685544146199E+000  0.4336783818050782E+000 -0.2840283073886353E+000  0.6635047543635713E-003
 0.1050000000000000E+000  0.1559963200000000E+001 -0.4284917322490939E+000  0.2469802853362738E+000  0.4283812447824074E+000 -0.2818820736903042E+000  0.6751351061574326E-003
 0.1127777800000000E+000  0.1559963200000000E+001 -0.4226275889575146E+000  0.2445506436178805E+000  0.4225170935711006E+000 -0.2794546047564387E+000  0.6882712275062261E-003
 0.1208333300000000E+000  0.1559963200000000E+001 -0.4161785804238908E+000  0.2418696793209728E+000  0.4160680759987050E+000 -0.2767218217137423E+000  0.7030459342054667E-003
 0.1291666700000000E+000  0.1559963200000000E+001 -0.4091330411241778E+000  0.2389294854976820E+000  0.4090225264081583E+000 -0.2736596221591043E+000  0.7195972183117570E-003
 0.1377777800000000E+000  0.1559963200000000E+001 -0.4014864888754520E+000  0.2357245746882440E+000  0.4013759624688721E+000 -0.2702444276496527E+000  0.7380676405450591E-003
 0.1466666700000000E+000  0.1559963200000000E+001 -0.3932423794482025E+000  0.2322521696458130E+000  0.3931318397872677E+000 -0.2664537901657721E+000  0.7586039534451241E-003
 0.1558333300000000E+000  0.1559963200000000E+001 -0.3844127774919631E+000  0.2285124796141256E+000  0.3843022228306396E+000 -0.2622671462100217E+000  0.7813564743308870E-003
 0.1652777800000000E+000  0.1559963200000000E+001 -0.3750186975746608E+000  0.2245088641223384E+000  0.3749081259644093E+000 -0.2576666187546632E+000  0.8064787003550061E-003
 0.1750000000000000E+000  0.1559963200000000E+001 -0.3650902748262589E+000  0.2202479562135451E+000  0.3649796840936253E+000 -0.2526379376831390E+000  0.8341266773150440E-003
 0.1850000000000000E+000  0.1559963200000000E+001 -0.3546664804661754E+000  0.2157396274429625E+000  0.3545558681877908E+000 -0.2471713209303602E+000  0.8644588157695574E-003
 0.1952777800000000E+000  0.1559963200000000E+001 -0.3437946133878237E+000  0.2109968940034744E+000  0.3436839768627504E+000 -0.2412623872140582E+000  0.8976355436400846E-003
 0.2058333300000000E+000  0.1559963200000000E+001 -0.3325294279074922E+000  0.2060357031296739E+000  0.3324187641265470E+000 -0.2349129739563351E+000  0.9338192099371246E-003
 0.2166666700000000E+000  0.1559963200000000E+001 -0.3209319220309262E+000  0.2008746045985623E+000  0.3208212276425706E+000 -0.2281317917786266E+000  0.9731743229960275E-003
 0.2277777800000000E+000  0.1559963200000000E+001 -0.3090679980286920E+000  0.1955343928149267E+000  0.3089572693013898E+000 -0.2209349485901690E+000  0.1015867614780603E-002
 0.2391666700000000E+000  0.1559963200000000E+001 -0.2970067962390537E+000  0.1900376202778712E+000  0.2968960290193247E+000 -0.2133461376405046E+000  0.1062068827854817E-002
 0.2508333300000000E+000  0.1559963200000000E+001 -0.2848190598754538E+000  0.1844081278998454E+000  0.2847082495414759E+000 -0.2053966109613939E+000  0.1111951306376160E-002
 0.2627777800000000E+000  0.1559963200000000E+001 -0.2725753826036661E+000  0.1786705108704114E+000  0.2724645240135515E+000 -0.1971247773868416E+000  0.1165693228573921E-002
 0.2750000000000000E+000  0.1559963200000000E+001 -0.2603446528638531E+000  0.1728496487271665E+000  0.2602337402984218E+000 -0.1885755735772850E+000  0.1223478572455095E-002
 0.2875000000000000E+000  0.1559963200000000E+001 -0.2481924998393096E+000  0.1669701952702800E+000  0.2480815269380861E+000 -0.1797994555321339E+000  0.1285498939297037E-002
 0.3002777800000000E+000  0.1559963200000000E+001 -0.2361800599678173E+000  0.1610561658620422E+000  0.2360690196578456E+000 -0.1708512295582096E+000  0.1351955128781585E-002
 0.3133333300000000E+000  0.1559963200000000E+001 -0.2243629505240488E+000  0.1551305624333350E+000  0.2242518349404445E+000 -0.1617886839034798E+000  0.1423059113597738E-002
 0.3266666700000000E+000  0.1559963200000000E+001 -0.2127904820214876E+000  0.1492150461900416E+000  0.2126792824183786E+000 -0.1526710970281173E+000  0.1499036476485724E-002
 0.3402777800000000E+000  0.1559963200000000E+001 -0.2015052465342275E+000  0.1433297289346066E+000  0.2013939531854930E+000 -0.1435578065002887E+000  0.1580128469658144E-002
 0.3541666700000000E+000  0.1559963200000000E+001 -0.1905428471667183E+000  0.1374929701417048E+000  0.1904314492543090E+000 -0.1345067430441887E+000  0.1666595088745970E-002
 0.3683333300000000E+000  0.1559963200000000E+001 -0.1799319710419353E+000  0.1317212920267567E+000  0.1798204565309767E+000 -0.1255731753188780E+000  0.1758717706169399E-002
 0.3827777800000000E+000  0.1559963200000000E+001 -0.1696945856211245E+000  0.1260293106905579E+000  0.1695829411193849E+000 -0.1168085709281229E+000  0.1856802573173810E-002
 0.3975000000000000E+000  0.1559963200000000E+001 -0.1598463883856537E+000  0.1204297669178189E+000  0.1597345989865270E+000 -0.1082597505001910E+000  0.1961183818823311E-002
 0.4125000000000000E+000  0.1559963200000000E+001 -0.1503972756800575E+000  0.1149335430800732E+000  0.1502853247859262E+000 -0.9996819075135580E-001  0.2072227680834923E-002
 0.4277777800000000E+000  0.1559963200000000E+001 -0.1413519713450449E+000  0.1095497573228681E+000  0.1412398404700376E+000 -0.9196963212091583E-001  0.2190336326151863E-002
 0.4433333300000000E+000  0.1559963200000000E+001 -0.1327106681324947E+000  0.1042858662544402E+000  0.1325983366825081E+000 -0.8429388477216491E-001  0.2315952273964743E-002
 0.4591666700000000E+000  0.1559963200000000E+001 -0.1244696609532648E+000  0.9914777238714696E-001  0.1243571059811811E+000 -0.7696481752980427E-001  0.2449563527517843E-002
 0.4752777800000000E+000  0.1559963200000000E+001 -0.1166220261501867E+000  0.9413997907597135E-001  0.1165092220869997E+000 -0.7000057058686189E-001  0.2591708172061171E-002
 0.4916666700000000E+000  0.1559963200000000E+001 -0.1091581921071360E+000  0.8926570415068824E-001  0.1090451104676310E+000 -0.6341383776021070E-001  0.2742980467287715E-002
 0.5083333300000000E+000  0.1559963200000000E+001 -0.1020665253159194E+000  0.8452703291819878E-001  0.1019531343834504E+000 -0.5721230565136565E-001  0.2904036185532085E-002
 0.5247222200000000E+000  0.1559963200000000E+001 -0.9554732023941008E-001  0.8007258175646802E-001  0.9543359653784760E-001 -0.5158210565145486E-001  0.3069844809304360E-002
 0.5408333300000000E+000  0.1559963200000000E+001 -0.8954491608917138E-001  0.7588297375727074E-001  0.8943083552145636E-001 -0.4647797468096241E-001  0.3240382207643373E-002
 0.5566666700000000E+000  0.1559963200000000E+001 -0.8400929596243337E-001  0.7193998896719288E-001  0.8389483395497876E-001 -0.4185618343340487E-001  0.3415618654940246E-002
 0.5722222200000000E+000  0.1559963200000000E+001 -0.7889567091022910E-001  0.6822661209227009E-001  0.7878080260159069E-001 -0.3767517300073162E-001  0.3595513838539866E-002
 0.5875000000000000E+000  0.1559963200000000E+001 -0.7416399192552597E-001  0.6472700846055665E-001  0.7404869240560809E-001 -0.3389590374052938E-001  0.3780012820848125E-002
 0.6025000000000000E+000  0.1559963200000000E+001 -0.6977850981087684E-001  0.6142650644881948E-001  0.6966275442500940E-001 -0.3048205817560537E-001  0.3969039927574570E-002
 0.6172222200000000E+000  0.1559963200000000E+001 -0.6570731709321304E-001  0.5831153581387484E-001  0.6559108182107834E-001 -0.2740008144671780E-001  0.4162493274643332E-002
 0.6316666700000000E+000  0.1559963200000000E+001 -0.6192193345037274E-001  0.5536956584866520E-001  0.6180519537572376E-001 -0.2461914231061630E-001  0.4360238107804083E-002
 0.6458333300000000E+000  0.1559963200000000E+001 -0.5839693500486548E-001  0.5258904594696515E-001  0.5827967289518883E-001 -0.2211103994516400E-001  0.4562098649624490E-002
 0.6597222200000000E+000  0.1559963200000000E+001 -0.5510959117606970E-001  0.4995932225133039E-001  0.5499178618887968E-001 -0.1985005195481713E-001  0.4767850383516426E-002
 0.6733333300000000E+000  0.1559963200000000E+001 -0.5203957257494640E-001  0.4747058280561284E-001  0.5192120911968155E-001 -0.1781278644759198E-001  0.4977209096268541E-002
 0.6866666700000000E+000  0.1559963200000000E+001 -0.4916866232704990E-001  0.4511378108010839E-001  0.4904972910581624E-001 -0.1597800262117382E-001  0.5189820123517910E-002
 0.6997222200000000E+000  0.1559963200000000E+001 -0.4648052137145667E-001  0.4288058096323493E-001  0.4636101263434325E-001 -0.1432644502206666E-001  0.5405244329522160E-002
 0.7125000000000000E+000  0.1559963200000000E+001 -0.4396045566290153E-001  0.4076328373055330E-001  0.4384037270885527E-001 -0.1284066455879264E-001  0.5622943966746969E-002
 0.7250000000000000E+000  0.1559963200000000E+001 -0.4159523764225401E-001  0.3875478267746208E-001  0.4147459061214025E-001 -0.1150486483697142E-001  0.5842263923650071E-002
 0.7372222200000000E+000  0.1559963200000000E+001 -0.3937292655230268E-001  0.3684850192681815E-001  0.3925173655421361E-001 -0.1030474312566261E-001  0.6062412092464873E-002
 0.7491666700000000E+000  0.1559963200000000E+001 -0.3728271644875453E-001  0.3503834526155234E-001  0.3716101806597182E-001 -0.9227346967055041E-002  0.6282436070588768E-002
 0.7608333300000000E+000  0.1559963200000000E+001 -0.3531480707965255E-001  0.3331865318195718E-001  0.3519265131413342E-001 -0.8260944296525196E-002  0.6501195687322568E-002
 0.7722222200000000E+000  0.1559963200000000E+001 -0.3346026957987576E-001  0.3168414534812068E-001  0.3333772727832964E-001 -0.7394894284611306E-002  0.6717333786957054E-002
 0.7833333300000000E+000  0.1559963200000000E+001 -0.3171094773908289E-001  0.3012988521566798E-001  0.3158811355591323E-001 -0.6619540309237615E-002  0.6929240286915977E-002
 0.7941666700000000E+000  0.1559963200000000E+001 -0.3005934834068384E-001  0.2865122750505515E-001  0.2993634527325414E-001 -0.5926102425143107E-002  0.7135014087593795E-002
 0.8047222200000000E+000  0.1559963200000000E+001 -0.2849855487654353E-001  0.2724377960672788E-001  0.2837553939862184E-001 -0.5306586038128576E-002  0.7332418590341777E-002
 0.8149999999999999E+000  0.1559963200000000E+001 -0.2702212833727541E-001  0.2590334545763105E-001  0.2689929612340600E-001 -0.4753691076470419E-002  0.7518835103843580E-002
 0.8250000000000000E+000  0.1559963200000000E+001 -0.2562403265648079E-001  0.2462588627370045E-001  0.2550162484689024E-001 -0.4260737382136248E-002  0.7691209778918432E-002
 0.8347222200000000E+000  0.1559963200000000E+001 -0.2429854578052011E-001  0.2340746360207926E-001  0.2417685566468765E-001 -0.3821590628889735E-002  0.7845999966460642E-002
 0.8441666700000000E+000  0.1559963200000000E+001 -0.2304017761983438E-001  0.2224418421526503E-001  0.2291955751748574E-001 -0.3430597732080669E-002  0.7979119285668950E-002
 0.8533333300000000E+000  0.1559963200000000E+001 -0.2184359300517764E-001  0.2113214570488062E-001  0.2172446097164117E-001 -0.3082530505448513E-002  0.8085885362431091E-002
 0.8622222200000000E+000  0.1559963200000000E+001 -0.2070351986060716E-001  0.2006736468623972E-001  0.2058636566728332E-001 -0.2772532031835850E-002  0.8160977969403309E-002
 0.8708333300000000E+000  0.1559963200000000E+001 -0.1961467668960011E-001  0.1904571943485735E-001  0.1950006623721951E-001 -0.2496076454970673E-002  0.8198413149187756E-002
 0.8791666700000000E+000  0.1559963200000000E+001 -0.1857168813801445E-001  0.1806287820875289E-001  0.1846026517248878E-001 -0.2248933291392984E-002  0.8191549596483057E-002
 0.8872222200000000E+000  0.1559963200000000E+001 -0.1756902284525678E-001  0.1711424545064627E-001  0.1746150640901061E-001 -0.2027146056202414E-002  0.8133144455913937E-002
 0.8950000000000000E+000  0.1559963200000000E+001 -0.1660093544824930E-001  0.1619490928790565E-001  0.1649811115575772E-001 -0.1827020659970871E-002  0.8015485537594794E-002
 0.9025000000000000E+000  0.1559963200000000E+001 -0.1566146043249090E-001  0.1529963605997809E-001  0.1556416317730783E-001 -0.1645134086901198E-002  0.7830636884500320E-002
 0.9097222200000000E+000  0.1559963200000000E+001 -0.1474444858038657E-001  0.1442290441956621E-001  0.1465353420908982E-001 -0.1478359316073120E-002  0.7570843408289819E-002
 0.9166666700000000E+000  0.1559963200000000E+001 -0.1384369392189963E-001  0.1355902637801442E-001  0.1375999760595605E-001 -0.1323913215894010E-002  0.7229151527651419E-002
 0.9233333300000000E+000  0.1559963200000000E+001 -0.1295318664192103E-001  0.1270239218098306E-001  0.1287746670367263E-001 -0.1179427495662653E-002  0.6800309870066252E-002
 0.9297222200000000E+000  0.1559963200000000E+001 -0.1206750723273771E-001  0.1184785769194503E-001  0.1200037568354500E-001 -0.1043035789571647E-002  0.6281992840589267E-002
 0.9358333300000000E+000  0.1559963200000000E+001 -0.1118241619729889E-001  0.1099133159537109E-001  0.1112426097859666E-001 -0.9134716551371635E-003  0.5676373522178427E-002
 0.9416666700000000E+000  0.1559963200000000E+001 -0.1029558895177755E-001  0.1013051937555651E-001  0.1024649885881340E-001 -0.7901510176500394E-003  0.4991953383232914E-002
 0.9472222200000000E+000  0.1559963200000000E+001 -0.9407439368627870E-002  0.9265772978443769E-002  0.9367148716139908E-002 -0.6732114478686083E-003  0.4245424748814610E-002
 0.9525000000000000E+000  0.1559963200000000E+001 -0.8521806712709494E-002  0.8400826213344958E-002  0.8489681406166705E-002 -0.5634627096456050E-003  0.3463049874774567E-002
 0.9575000000000000E+000  0.1559963200000000E+001 -0.7646239821693315E-002  0.7543145909444858E-002  0.7621323699091686E-002 -0.4622164604663485E-003  0.2680785884466462E-002
 0.9622222200000000E+000  0.1559963200000000E+001 -0.6791484531203239E-002  0.6703491399095411E-002  0.6772611419080806E-002 -0.3709782511201156E-003  0.1942079528469247E-002
 0.9666666700000000E+000  0.1559963200000000E+001 -0.5969976644099785E-002  0.5894457550905194E-002  0.5955927909695114E-002 -0.2910476694065594E-003  0.1292400687983868E-002
 0.9708333300000000E+000  0.1559963200000000E+001 -0.5193528303924093E-002  0.5128161668847800E-002  0.5183188962630608E-002 -0.2231370430029283E-003  0.7703811092576036E-003
 0.9747222200000000E+000  0.1559963200000000E+001 -0.4470949517412697E-002  0.4413808745066007E-002  0.4463408523708633E-002 -0.1671540050249372E-003  0.3972282621628495E-003
 0.9783333300000000E+000  0.1559963200000000E+001 -0.3806759791244952E-002  0.3756317792702467E-002  0.3801327084330685E-002 -0.1222509906276159E-003  0.1686383764172159E-003
 0.9816666700000000E+000  0.1559963200000000E+001 -0.3201606476850757E-002  0.3156677135403976E-002  0.3197768261192632E-002 -0.8709636603948081E-004  0.5487819248678026E-004
 0.9847222200000000E+000  0.1559963200000000E+001 -0.2653936328310811E-002  0.2613603945175743E-002  0.2651297955239207E-002 -0.6019948460782514E-004  0.1231178866305325E-004
 0.9875000000000000E+000  0.1559963200000000E+001 -0.2161600472914222E-002  0.2125171433565010E-002  0.2159849282994447E-002 -0.4012653150428829E-004  0.1615291146133477E-005
 0.9900000000000000E+000  0.1559963200000000E+001 -0.1722658154557924E-002  0.1689635324429488E-002  0.1721545508556587E-002 -0.2558267700440042E-004  0.9062121519070098E-007
 0.9922222200000000E+000  0.1559963200000000E+001 -0.1335530475093325E-002  0.1305600593857378E-002  0.1334861530082016E-002 -0.1542358105812793E-004 -0.7449769604661648E-010
 0.9941666700000000E+000  0.1559963200000000E+001 -0.9989641497135581E-003  0.9719948943564910E-003  0.9985898105947595E-003 -0.8650191235577443E-005 -0.1049963194779193E-009
 0.9958333300000000E+000  0.1559963200000000E+001 -0.7119817317151079E-003  0.6880312767111064E-003  0.7117915561056381E-003 -0.4402280579037386E-005 -0.7189874890592537E-012
 0.9972222200000000E+000  0.1559963200000000E+001 -0.4738208136937977E-003  0.4531670250956523E-003  0.4737365820727735E-003 -0.1952486075713633E-005  0.9580940244586131E-014
 0.9983333300000000E+000  0.1559963200000000E+001 -0.2839065355792621E-003  0.2671003868136014E-003  0.2838762934158906E-003 -0.7017268890786938E-006  0.1791415593906828E-016
 0.9991666700000000E+000  0.1559963200000000E+001 -0.1418115562518753E-003  0.1300378430748499E-003  0.1418040106878165E-003 -0.1752111802437442E-006  0.1688822554903140E-019
 0.9997222200000000E+000  0.1559963200000000E+001 -0.4724041383197471E-004  0.3948272564709750E-004  0.4723957649986747E-004 -0.1945224308084048E-007 -0.4903704765068108E-019
 0.1000000000000000E+001  0.1559963200000000E+001  0.1392349226800261E-188 -0.1392349226800261E-188  0.1392349226800261E-188  0.1392349226800261E-188 -0.1392349226800261E-188

 0.0000000000000000E+000  0.1567185300000000E+001 -0.4667048487311153E+000  0.2626252126447165E+000  0.4665944067338843E+000 -0.2964000000000000E+000  0.5958748207914893E-003
 0.2777777800000000E-003  0.1567185300000000E+001 -0.4667046099671426E+000  0.2626251156379066E+000  0.4665941679696567E+000 -0.2963999160750704E+000  0.5958752852245720E-003
 0.8333333300000000E-003  0.1567185300000000E+001 -0.4667026974762388E+000  0.2626243386164759E+000  0.4665922554767116E+000 -0.2963992438363812E+000  0.5958790053300305E-003
 0.1666666700000000E-002  0.1567185300000000E+001 -0.4666962294900939E+000  0.2626217107490521E+000  0.4665857874836629E+000 -0.2963969703061369E+000  0.5958915867854326E-003
 0.2777777800000000E-002  0.1567185300000000E+001 -0.4666808540082719E+000  0.2626154638416882E+000  0.4665704119854281E+000 -0.2963915655014402E+000  0.5959214960669838E-003
 0.4166666700000000E-002  0.1567185300000000E+001 -0.4666507143091897E+000  0.2626032182624469E+000  0.4665402722541688E+000 -0.2963809697673605E+000  0.5959801299071994E-003
 0.5833333300000000E-002  0.1567185300000000E+001 -0.4665984042457744E+000  0.2625819646343222E+000  0.4664879621348951E+000 -0.2963625768167267E+000  0.5960819076859874E-003
 0.7777777800000000E-002  0.1567185300000000E+001 -0.4665149144917808E+000  0.2625480417148597E+000  0.4664044722917152E+000 -0.2963332124095059E+000  0.5962443865701833E-003
 0.1000000000000000E-001  0.1567185300000000E+001 -0.4663895714150528E+000  0.2624971110698597E+000  0.4662791290810148E+000 -0.2962891086282120E+000  0.5964883989115778E-003
 0.1250000000000000E-001  0.1567185300000000E+001 -0.4662099706152780E+000  0.2624241292740240E+000  0.4660995280891144E+000 -0.2962258736547185E+000  0.5968382115060818E-003
 0.1527777800000000E-001  0.1567185300000000E+001 -0.4659619079370006E+000  0.2623233186608174E+000  0.4658514651451634E+000 -0.2961384570237333E+000  0.5973217057311872E-003
 0.1833333300000000E-001  0.1567185300000000E+001 -0.4656293115339879E+000  0.2621881379261877E+000  0.4655188683853733E+000 -0.2960211103722962E+000  0.5979705771414196E-003
 0.2166666700000000E-001  0.1567185300000000E+001 -0.4651941785176564E+000  0.2620112538403966E+000  0.4650837349012896E+000 -0.2958673434439130E+000  0.5988205543787946E-003
 0.2527777800000000E-001  0.1567185300000000E+001 -0.4646365233094997E+000  0.2617845167434708E+000  0.4645260790920364E+000 -0.2956698761161202E+000  0.5999116315727395E-003
 0.2916666700000000E-001  0.1567185300000000E+001 -0.4639343410282240E+000  0.2614989409193383E+000  0.4638238960512513E+000 -0.2954205856316267E+000  0.6012883172138322E-003
 0.3333333300000000E-001  0.1567185300000000E+001 -0.4630635965805511E+000  0.2611446938839611E+000  0.4629531506576561E+000 -0.2951104505830934E+000  0.6029998896130927E-003
 0.3777777800000000E-001  0.1567185300000000E+001 -0.4619982447447528E+000  0.2607110963922454E+000  0.4618877976583262E+000 -0.2947294911376677E+000  0.6051006609997439E-003
 0.4250000000000000E-001  0.1567185300000000E+001 -0.4607102951633590E+000  0.2601866384368614E+000  0.4605998466611037E+000 -0.2942667080021159E+000  0.6076502366431167E-003
 0.4750000000000000E-001  0.1567185300000000E+001 -0.4591699272511501E+000  0.2595590128531752E+000  0.4590594770422521E+000 -0.2937100195732387E+000  0.6107137738357568E-003
 0.5277777800000000E-001  0.1567185300000000E+001 -0.4573456720523046E+000  0.2588151730186473E+000  0.4572352198032243E+000 -0.2930462013768628E+000  0.6143622222657557E-003
 0.5833333300000000E-001  0.1567185300000000E+001 -0.4552046694014327E+000  0.2579414176056547E+000  0.4550942147312693E+000 -0.2922608295050267E+000  0.6186725439193369E-003
 0.6416666700000000E-001  0.1567185300000000E+001 -0.4527130105986434E+000  0.2569235061327177E+000  0.4526025530740093E+000 -0.2913382315222741E+000  0.6237279055314445E-003
 0.7027777800000000E-001  0.1567185300000000E+001 -0.4498361827063385E+000  0.2557468115506581E+000  0.4497257218357014E+000 -0.2902614521603394E+000  0.6296178214781993E-003
 0.7666666699999999E-001  0.1567185300000000E+001 -0.4465396119947737E+000  0.2543965086580569E+000  0.4464291472221829E+000 -0.2890122365442733E+000  0.6364382575191323E-003
 0.8333333300000000E-001  0.1567185300000000E+001 -0.4427893212739420E+000  0.2528578043914012E+000  0.4426788519720590E+000 -0.2875710429557297E+000  0.6442916637842226E-003
 0.9027777800000000E-001  0.1567185300000000E+001 -0.4385526898023140E+000  0.2511162057053303E+000  0.4384422152646805E+000 -0.2859170909766415E+000  0.6532869489227567E-003
 0.9750000000000000E-001  0.1567185300000000E+001 -0.4337993196228905E+000  0.2491578273961690E+000  0.4336888390553296E+000 -0.2840284606608782E+000  0.6635393639000237E-003
 0.1050000000000000E+000  0.1567185300000000E+001 -0.4285019774930729E+000  0.2469697285324386E+000  0.4283914900041210E+000 -0.2818822493738561E+000  0.6751703223781831E-003
 0.1127777800000000E+000  0.1567185300000000E+001 -0.4226376006781610E+000  0.2445402746406048E+000  0.4225271052684075E+000 -0.2794548044638355E+000  0.6883071289596892E-003
 0.1208333300000000E+000  0.1567185300000000E+001 -0.4161883368197783E+000  0.2418595161655521E+000  0.4160778323700211E+000 -0.2767220468612543E+000  0.7030826063689320E-003
 0.1291666700000000E+000  0.1567185300000000E+001 -0.4091425204062604E+000  0.2389195463189755E+000  0.4090320056642573E+000 -0.2736598738936108E+000  0.7196347538615980E-003
 0.1377777800000000E+000  0.1567185300000000E+001 -0.4014956696259518E+000  0.2357148775475180E+000  0.4013851431917749E+000 -0.2702447067717857E+000  0.7381061395952949E-003
 0.1466666700000000E+000  0.1567185300000000E+001 -0.3932512410077149E+000  0.2322427322375835E+000  0.3931407013173416E+000 -0.2664540970531709E+000  0.7586435237663763E-003
 0.1558333300000000E+000  0.1567185300000000E+001 -0.3844213003678199E+000  0.2285033189773326E+000  0.3843107456749580E+000 -0.2622674807446027E+000  0.7813972315366985E-003
 0.1652777800000000E+000  0.1567185300000000E+001 -0.3750268638535097E+000  0.2244999963478590E+000  0.3749162922093304E+000 -0.2576669802592257E+000  0.8065207680681563E-003
 0.1750000000000000E+000  0.1567185300000000E+001 -0.3650980685796786E+000  0.2202393961547538E+000  0.3649874778104006E+000 -0.2526383248724080E+000  0.8341701873010358E-003
 0.1850000000000000E+000  0.1567185300000000E+001 -0.3546738881272568E+000  0.2157313884445125E+000  0.3545632758091418E+000 -0.2471717318823513E+000  0.8645039080606308E-003
 0.1952777800000000E+000  0.1567185300000000E+001 -0.3438016240858152E+000  0.2109889876556739E+000  0.3436909875175110E+000 -0.2412628193664008E+000  0.8976823666412473E-003
 0.2058333300000000E+000  0.1567185300000000E+001 -0.3325360337429921E+000  0.2060281390595460E+000  0.3324253699148474E+000 -0.2349134241315056E+000  0.9338679205273324E-003
 0.2166666700000000E+000  0.1567185300000000E+001 -0.3209381182762722E+000  0.2008673903071763E+000  0.3208274238362240E+000 -0.2281322562402295E+000  0.9732250866419964E-003
 0.2277777800000000E+000  0.1567185300000000E+001 -0.3090737832473085E+000  0.1955275335635246E+000  0.3089630544632295E+000 -0.2209354231299491E+000  0.1015920605654228E-002
 0.2391666700000000E+000  0.1567185300000000E+001 -0.2970121723121987E+000  0.1900311190307949E+000  0.2969014050299448E+000 -0.2133466176936134E+000  0.1062124228991950E-002
 0.2508333300000000E+000  0.1567185300000000E+001 -0.2848240319394451E+000  0.1844019853211051E+000  0.2847132215364492E+000 -0.2053970917445164E+000  0.1112009309866585E-002
 0.2627777800000000E+000  0.1567185300000000E+001 -0.2725799588974552E+000  0.1786647253750150E+000  0.2724691002309924E+000 -0.1971252540517548E+000  0.1165754035816078E-002
 0.2750000000000000E+000  0.1567185300000000E+001 -0.2603488444991827E+000  0.1728442165790709E+000  0.2602379318491348E+000 -0.1885760413706985E+000  0.1223542394461749E-002
 0.2875000000000000E+000  0.1567185300000000E+001 -0.2481963205007567E+000  0.1669651107247656E+000  0.2480853475055950E+000 -0.1797999099518702E+000  0.1285565997096755E-002
 0.3002777800000000E+000  0.1567185300000000E+001 -0.2361835255614029E+000  0.1610514213413456E+000  0.2360724851469904E+000 -0.1708516664960221E+000  0.1352025653903239E-002
 0.3133333300000000E+000  0.1567185300000000E+001 -0.2243660787897246E+000  0.1551261487281729E+000  0.2242549630898520E+000 -0.1617890997659661E+000  0.1423133348659086E-002
 0.3266666700000000E+000  0.1567185300000000E+001 -0.2127932921258345E+000  0.1492109526791592E+000  0.2126820923931443E+000 -0.1526714888290829E+000  0.1499114675910452E-002
 0.3402777800000000E+000  0.1567185300000000E+001 -0.2015077586627449E+000  0.1433259438111440E+000  0.2013964651694491E+000 -0.1435581719207198E+000  0.1580210900502000E-002
 0.3541666700000000E+000  0.1567185300000000E+001 -0.1905450821271878E+000  0.1374894806421350E+000  0.1904336840533658E+000 -0.1345070804583157E+000  0.1666682031685374E-002
 0.3683333300000000E+000  0.1567185300000000E+001 -0.1799339498943094E+000  0.1317180846528823E+000  0.1798224352029847E+000 -0.1255734837879003E+000  0.1758809456630060E-002
 0.3827777800000000E+000  0.1567185300000000E+001 -0.1696963293416003E+000  0.1260263714213546E+000  0.1695846846381789E+000 -0.1168088501649888E+000  0.1856899442645433E-002
 0.3975000000000000E+000  0.1567185300000000E+001 -0.1598479175738766E+000  0.1204270814046243E+000  0.1597361279490945E+000 -0.1082600008108993E+000  0.1961286136335050E-002
 0.4125000000000000E+000  0.1567185300000000E+001 -0.1503986103109147E+000  0.1149310968249501E+000  0.1502866591641611E+000 -0.9996841295867261E-001  0.2072335794657103E-002
 0.4277777800000000E+000  0.1567185300000000E+001 -0.1413531305681444E+000  0.1095475358363394E+000  0.1412409994101721E+000 -0.9196982747719297E-001  0.2190450605704157E-002
 0.4433333300000000E+000  0.1567185300000000E+001 -0.1327116701176148E+000  0.1042838551926980E+000  0.1325993383505095E+000 -0.8429405486733453E-001  0.2316073111964412E-002
 0.4591666700000000E+000  0.1567185300000000E+001 -0.1244705227787639E+000  0.9914595766931092E-001  0.1243579674510972E+000 -0.7696496419991730E-001  0.2449691342407863E-002
 0.4752777800000000E+000  0.1567185300000000E+001 -0.1166227637315017E+000  0.9413834698071079E-001  0.1165099592693849E+000 -0.7000069582774948E-001  0.2591843410694286E-002
 0.4916666700000000E+000  0.1567185300000000E+001 -0.1091588201593384E+000  0.8926424139526373E-001  0.1090457380720166E+000 -0.6341394364931427E-001  0.2743123607949626E-002
 0.5083333300000000E+000  0.1567185300000000E+001 -0.1020670573463347E+000  0.8452572672000914E-001  0.1019536659108634E+000 -0.5721239428002801E-001  0.2904187741271605E-002
 0.5247222200000000E+000  0.1567185300000000E+001 -0.9554777110557942E-001  0.8007141537192468E-001  0.9543404684080629E-001 -0.5158217953200055E-001  0.3070005030851758E-002
 0.5408333300000000E+000  0.1567185300000000E+001 -0.8954529838698795E-001  0.7588193229086475E-001  0.8943121719052781E-001 -0.4647803603960809E-001  0.3240551344974356E-002
 0.5566666700000000E+000  0.1567185300000000E+001 -0.8400962036458010E-001  0.7193905917349583E-001  0.8389515765720824E-001 -0.4185623421789879E-001  0.3415796957069841E-002
 0.5722222200000000E+000  0.1567185300000000E+001 -0.7889594645923040E-001  0.6822578219487532E-001  0.7878107737354800E-001 -0.3767521489782649E-001  0.3595701553070123E-002
 0.5875000000000000E+000  0.1567185300000000E+001 -0.7416422628509696E-001  0.6472626798904363E-001  0.7404892590473408E-001 -0.3389593819875432E-001  0.3780210193321980E-002
 0.6025000000000000E+000  0.1567185300000000E+001 -0.6977870948066155E-001  0.6142584609224249E-001  0.6966295314435493E-001 -0.3048208643034244E-001  0.3969247200530156E-002
 0.6172222200000000E+000  0.1567185300000000E+001 -0.6570748759118100E-001  0.5831094729048957E-001  0.6559125127170683E-001 -0.2740010454548010E-001  0.4162710686405289E-002
 0.6316666700000000E+000  0.1567185300000000E+001 -0.6192207946740391E-001  0.5536904179035439E-001  0.6180534024130798E-001 -0.2461916113728060E-001  0.4360465890953342E-002
 0.6458333300000000E+000  0.1567185300000000E+001 -0.5839706053556123E-001  0.5258857979686944E-001  0.5827979716284231E-001 -0.2211105524243188E-001  0.4562337029072395E-002
 0.6597222200000000E+000  0.1567185300000000E+001 -0.5510969962916001E-001  0.4995890817381498E-001  0.5499189325959282E-001 -0.1985006434451109E-001  0.4768099574210709E-002
 0.6733333300000000E+000  0.1567185300000000E+001 -0.5203966686660783E-001  0.4747021560667727E-001  0.5192130190168130E-001 -0.1781279644870599E-001  0.4977469300366146E-002
 0.6866666700000000E+000  0.1567185300000000E+001 -0.4916874495962391E-001  0.4511345613752058E-001  0.4904981009334056E-001 -0.1597801066568615E-001  0.5190091527040696E-002
 0.6997222200000000E+000  0.1567185300000000E+001 -0.4648059449995685E-001  0.4288029416491021E-001  0.4636108397422237E-001 -0.1432645146866420E-001  0.5405527098329577E-002
 0.7125000000000000E+000  0.1567185300000000E+001 -0.4396052115112103E-001  0.4076303142054274E-001  0.4384043625671426E-001 -0.1284066970466848E-001  0.5623238241825110E-002
 0.7250000000000000E+000  0.1567185300000000E+001 -0.4159529711019177E-001  0.3875456160820131E-001  0.4147464797994711E-001 -0.1150486892791470E-001  0.5842569815479467E-002
 0.7372222200000000E+000  0.1567185300000000E+001 -0.3937298141615613E-001  0.3684830921712703E-001  0.3925178915042399E-001 -0.1030474636462933E-001  0.6062729674424787E-002
 0.7491666700000000E+000  0.1567185300000000E+001 -0.3728276795460702E-001  0.3503817835949342E-001  0.3716106712940514E-001 -0.9227349521420399E-002  0.6282765371206621E-002
 0.7608333300000000E+000  0.1567185300000000E+001 -0.3531485633174036E-001  0.3331850983177155E-001  0.3519269794247213E-001 -0.8260946304198760E-002  0.6501536681145836E-002
 0.7722222200000000E+000  0.1567185300000000E+001 -0.3346031756409804E-001  0.3168402356081289E-001  0.3333777245190996E-001 -0.7394895859171161E-002  0.6717686383948749E-002
 0.7833333300000000E+000  0.1567185300000000E+001 -0.3171099534230643E-001  0.3012978324231382E-001  0.3158815815736937E-001 -0.6619541544233916E-002  0.6929604319999880E-002
 0.7941666700000000E+000  0.1567185300000000E+001 -0.3005939636617733E-001  0.2865114381245126E-001  0.2993639010335542E-001 -0.5926103397689674E-002  0.7135389298206606E-002
 0.8047222200000000E+000  0.1567185300000000E+001 -0.2849860405575392E-001  0.2724371285456475E-001  0.2837558518852477E-001 -0.5306586811892402E-002  0.7332804611601796E-002
 0.8149999999999999E+000  0.1567185300000000E+001 -0.2702217933800635E-001  0.2590329447673172E-001  0.2689934354338412E-001 -0.4753691704145357E-002  0.7519231441149397E-002
 0.8250000000000000E+000  0.1567185300000000E+001 -0.2562408608736972E-001  0.2462585004438657E-001  0.2550167451144443E-001 -0.4260737907477389E-002  0.7691615787514676E-002
 0.8347222200000000E+000  0.1567185300000000E+001 -0.2429860219158444E-001  0.2340744123207341E-001  0.2417690813380305E-001 -0.3821591088364930E-002  0.7846414825776638E-002
 0.8441666700000000E+000  0.1567185300000000E+001 -0.2304023749870744E-001  0.2224417491621845E-001  0.2291961329364741E-001 -0.3430598156185120E-002  0.7979541970127953E-002
 0.8533333300000000E+000  0.1567185300000000E+001 -0.2184365676851525E-001  0.2113214876656097E-001  0.2172452049206902E-001 -0.3082530919714542E-002  0.8086314608551685E-002
 0.8622222200000000E+000  0.1567185300000000E+001 -0.2070358784012507E-001  0.2006737944757147E-001  0.2058642929080670E-001 -0.2772532457558283E-002  0.8161412239340625E-002
 0.8708333300000000E+000  0.1567185300000000E+001 -0.1961474911210216E-001  0.1904574525068327E-001  0.1950013422509057E-001 -0.2496076909659273E-002  0.8198850591031032E-002
 0.8791666700000000E+000  0.1567185300000000E+001 -0.1857176509901222E-001  0.1806291441167989E-001  0.1846033766263860E-001 -0.2248933788956539E-002  0.8191988002418779E-002
 0.8872222200000000E+000  0.1567185300000000E+001 -0.1756910427605154E-001  0.1711429130740593E-001  0.1746158338348144E-001 -0.2027146606868414E-002  0.8133581220197890E-002
 0.8950000000000000E+000  0.1567185300000000E+001 -0.1660102107718608E-001  0.1619496395064371E-001  0.1649819240183124E-001 -0.1827021269953792E-002  0.8015917617793687E-002
 0.9025000000000000E+000  0.1567185300000000E+001 -0.1566154974220645E-001  0.1529969851379267E-001  0.1556424824390716E-001 -0.1645134757853729E-002  0.7831060771630420E-002
 0.9097222200000000E+000  0.1567185300000000E+001 -0.1474454076497052E-001  0.1442297342985809E-001  0.1465362236208375E-001 -0.1478360044398174E-002  0.7571255114530205E-002
 0.9166666700000000E+000  0.1567185300000000E+001 -0.1384378785060345E-001  0.1355910044384207E-001  0.1376008778869775E-001 -0.1323913992060195E-002  0.7229546604377354E-002
 0.9233333300000000E+000  0.1567185300000000E+001 -0.1295328083967691E-001  0.1270246950434541E-001  0.1287755751279233E-001 -0.1179428303752948E-002  0.6800683474047988E-002
 0.9297222200000000E+000  0.1567185300000000E+001 -0.1206759989172385E-001  0.1184793617718742E-001  0.1200046537419637E-001 -0.1043036607388487E-002  0.6282339870838811E-002
 0.9358333300000000E+000  0.1567185300000000E+001 -0.1118250523680226E-001  0.1099140889623978E-001  0.1112434751675678E-001 -0.9134724552439745E-003  0.5676688853892342E-002
 0.9416666700000000E+000  0.1567185300000000E+001 -0.1029567214338063E-001  0.1013059300798491E-001  0.1024658003865556E-001 -0.7901517696850765E-003  0.4992232222314275E-002
 0.9472222200000000E+000  0.1567185300000000E+001 -0.9407514536598941E-002  0.9265840510714619E-002  0.9367222354116215E-002 -0.6732121222297387E-003  0.4245663117849618E-002
 0.9525000000000000E+000  0.1567185300000000E+001 -0.8521872001168069E-002  0.8400885527683625E-002  0.8489745605774682E-002 -0.5634632821582045E-003  0.3463245208178093E-002
 0.9575000000000000E+000  0.1567185300000000E+001 -0.7646293989964556E-002  0.7543195498722479E-002  0.7621377150028789E-002 -0.4622169169871818E-003  0.2680937656969202E-002
 0.9622222200000000E+000  0.1567185300000000E+001 -0.6791527202177511E-002  0.6703530624282067E-002  0.6772653656466015E-002 -0.3709785904906952E-003  0.1942189766099572E-002
 0.9666666700000000E+000  0.1567185300000000E+001 -0.5970008407939092E-002  0.5894486759346502E-002  0.5955959433632285E-002 -0.2910479032626802E-003  0.1292474146297880E-002
 0.9708333300000000E+000  0.1567185300000000E+001 -0.5193550599955485E-002  0.5128182090663073E-002  0.5183211135714291E-002 -0.2231371920377018E-003  0.7704248982686511E-003
 0.9747222200000000E+000  0.1567185300000000E+001 -0.4470964298452668E-002  0.4413822165473588E-002  0.4463423244569078E-002 -0.1671540930639745E-003  0.3972508149390696E-003
 0.9783333300000000E+000  0.1567185300000000E+001 -0.3806769089679805E-002  0.3756326116483706E-002  0.3801336353615913E-002 -0.1222510391167852E-003  0.1686479308535697E-003
 0.9816666700000000E+000  0.1567185300000000E+001 -0.3201612052695295E-002  0.3156682026547005E-002  0.3197773822960616E-002 -0.8709639106690425E-004  0.5488129316142126E-004
 0.9847222200000000E+000  0.1567185300000000E+001 -0.2653939515508380E-002  0.2613606663942258E-002  0.2651301135840828E-002 -0.6019949670324659E-004  0.1231248212927794E-004
 0.9875000000000000E+000  0.1567185300000000E+001 -0.2161602198573905E-002  0.2125172849431044E-002  0.2159851005749930E-002 -0.4012653693003250E-004  0.1615381822244075E-005
 0.9900000000000000E+000  0.1567185300000000E+001 -0.1722659029211519E-002  0.1689636002766842E-002  0.1721546382037075E-002 -0.2558267922848947E-004  0.9062627998029656E-007
 0.9922222200000000E+000  0.1567185300000000E+001 -0.1335530883057650E-002  0.1305600884008984E-002  0.1334861937622071E-002 -0.1542358187258221E-004 -0.7450293166708786E-010
 0.9941666700000000E+000  0.1567185300000000E+001 -0.9989643205544785E-003  0.9719949993509191E-003  0.9985899813027721E-003 -0.8650191493429919E-005 -0.1050022044424789E-009
 0.9958333300000000E+000  0.1567185300000000E+001 -0.7119817935916304E-003  0.6880313051617507E-003  0.7117916179478521E-003 -0.4402280646194794E-005 -0.7190273584532022E-012
 0.9972222200000000E+000  0.1567185300000000E+001 -0.4738208319354714E-003  0.4531670285393993E-003  0.4737366003077167E-003 -0.1952486088985603E-005  0.9581481121813421E-014
 0.9983333300000000E+000  0.1567185300000000E+001 -0.2839065395039192E-003  0.2671003854266613E-003  0.2838762973396806E-003 -0.7017268907995248E-006  0.1792136535536933E-016
 0.9991666700000000E+000  0.1567185300000000E+001 -0.1418115567410155E-003  0.1300378422389077E-003  0.1418040111769026E-003 -0.1752111803513240E-006 -0.5265483930294685E-019
 0.9997222200000000E+000  0.1567185300000000E+001 -0.4724041385005657E-004  0.3948272551818949E-004  0.4723957651794868E-004 -0.1945224308217073E-007  0.5190235914480936E-019
 0.1000000000000000E+001  0.1567185300000000E+001  0.1392349226800261E-188 -0.1392349226800261E-188  0.1392349226800261E-188  0.1392349226800261E-188  0.1392349226800261E-188

 0.0000000000000000E+000  0.1570796300000000E+001 -0.4667063232950220E+000  0.2626237380936999E+000  0.4665958812957636E+000 -0.2963999999999999E+000  0.5958787057614103E-003
 0.2777777800000000E-003  0.1570796300000000E+001 -0.4667060845298186E+000  0.2626236410878688E+000  0.4665956425303054E+000 -0.2963999160752196E+000  0.5958791701975166E-003
 0.8333333300000000E-003  0.1570796300000000E+001 -0.4667041720290572E+000  0.2626228640742783E+000  0.4665937300275025E+000 -0.2963992438377261E+000  0.5958828903272325E-003
 0.1666666700000000E-002  0.1570796300000000E+001 -0.4666977040095742E+000  0.2626202362333698E+000  0.4665872620011157E+000 -0.2963969703115260E+000  0.5958954718646650E-003
 0.2777777800000000E-002  0.1570796300000000E+001 -0.4666823284485032E+000  0.2626139893890365E+000  0.4665718864236316E+000 -0.2963915655164424E+000  0.5959253813412247E-003
 0.4166666700000000E-002  0.1570796300000000E+001 -0.4666521885940761E+000  0.2626017439333490E+000  0.4665417465370269E+000 -0.2963809698012047E+000  0.5959840155637326E-003
 0.5833333300000000E-002  0.1570796300000000E+001 -0.4665998782610548E+000  0.2625804905196575E+000  0.4664894361481462E+000 -0.2963625768832678E+000  0.5960857940061101E-003
 0.7777777800000000E-002  0.1570796300000000E+001 -0.4665163880767776E+000  0.2625465679424291E+000  0.4664059458746815E+000 -0.2963332125282188E+000  0.5962482739496668E-003
 0.1000000000000000E-001  0.1570796300000000E+001 -0.4663910443541175E+000  0.2624956378111944E+000  0.4662806020180467E+000 -0.2962891088252184E+000  0.5964922878820188E-003
 0.1250000000000000E-001  0.1570796300000000E+001 -0.4662114426289127E+000  0.2624226567514552E+000  0.4661010001007132E+000 -0.2962258739638424E+000  0.5968421027572973E-003
 0.1527777800000000E-001  0.1570796300000000E+001 -0.4659633786726524E+000  0.2623218471548135E+000  0.4658529358787751E+000 -0.2961384574875818E+000  0.5973256001347800E-003
 0.1833333300000000E-001  0.1570796300000000E+001 -0.4656307805565366E+000  0.2621866677829434E+000  0.4655203374058759E+000 -0.2960211110433578E+000  0.5979744757756478E-003
 0.2166666700000000E-001  0.1570796300000000E+001 -0.4651956452996335E+000  0.2620097854796489E+000  0.4650852016812130E+000 -0.2958673443856567E+000  0.5988244585548665E-003
 0.2527777800000000E-001  0.1570796300000000E+001 -0.4646379872211248E+000  0.2617830506664779E+000  0.4645275430015980E+000 -0.2956698774040775E+000  0.5999155428626262E-003
 0.2916666700000000E-001  0.1570796300000000E+001 -0.4639358013273623E+000  0.2614974777169464E+000  0.4638253563483136E+000 -0.2954205873544260E+000  0.6012922374797000E-003
 0.3333333300000000E-001  0.1570796300000000E+001 -0.4630650524027580E+000  0.2611432342446325E+000  0.4629546064777716E+000 -0.2951104528434114E+000  0.6030038210384042E-003
 0.3777777800000000E-001  0.1570796300000000E+001 -0.4619996950936097E+000  0.2607096411099012E+000  0.4618892480050727E+000 -0.2947294940530501E+000  0.6051046061220787E-003
 0.4250000000000000E-001  0.1570796300000000E+001 -0.4607117389013771E+000  0.2601851884183256E+000  0.4606012903969882E+000 -0.2942667117056084E+000  0.6076541983886841E-003
 0.4750000000000000E-001  0.1570796300000000E+001 -0.4591713630915579E+000  0.2595575691249912E+000  0.4590609128804982E+000 -0.2937100242137589E+000  0.6107177555555954E-003
 0.5277777800000000E-001  0.1570796300000000E+001 -0.4573470985521261E+000  0.2588137367329589E+000  0.4572366463008506E+000 -0.2930462071192299E+000  0.6143662277735018E-003
 0.5833333300000000E-001  0.1570796300000000E+001 -0.4552060849563133E+000  0.2579399900448145E+000  0.4550956302839148E+000 -0.2922608365295521E+000  0.6186765775304280E-003
 0.6416666700000000E-001  0.1570796300000000E+001 -0.4527144134399357E+000  0.2569220887122433E+000  0.4526039559130194E+000 -0.2913382400238116E+000  0.6237319721035759E-003
 0.7027777800000000E-001  0.1570796300000000E+001 -0.4498375709010446E+000  0.2557454058200959E+000  0.4497271100280700E+000 -0.2902614623466742E+000  0.6296219264527160E-003
 0.7666666699999999E-001  0.1570796300000000E+001 -0.4465409834489208E+000  0.2543951162993325E+000  0.4464305186739277E+000 -0.2890122486337416E+000  0.6364424069630957E-003
 0.8333333300000000E-001  0.1570796300000000E+001 -0.4427906737400330E+000  0.2528564272141889E+000  0.4426802044356722E+000 -0.2875710571739500E+000  0.6442958644326976E-003
 0.9027777800000000E-001  0.1570796300000000E+001 -0.4385540208914193E+000  0.2511148456390373E+000  0.4384435463512205E+000 -0.2859171075522630E+000  0.6532912082209268E-003
 0.9750000000000000E-001  0.1570796300000000E+001 -0.4338006268219334E+000  0.2491564864781392E+000  0.4336901462517059E+000 -0.2840284798202714E+000  0.6635436900445555E-003
 0.1050000000000000E+000  0.1570796300000000E+001 -0.4285032581876679E+000  0.2469684088921338E+000  0.4283927706959327E+000 -0.2818822713347180E+000  0.6751747243574194E-003
 0.1127777800000000E+000  0.1570796300000000E+001 -0.4226388521812487E+000  0.2445389784796016E+000  0.4225283567685779E+000 -0.2794548294277377E+000  0.6883116165920739E-003
 0.1208333300000000E+000  0.1570796300000000E+001 -0.4161895564060881E+000  0.2418582457333451E+000  0.4160790519532596E+000 -0.2767220750052349E+000  0.7030871903390090E-003
 0.1291666700000000E+000  0.1570796300000000E+001 -0.4091437053520717E+000  0.2389183038850024E+000  0.4090331906068204E+000 -0.2736599053610334E+000  0.7196394457537869E-003
 0.1377777800000000E+000  0.1570796300000000E+001 -0.4014968172539568E+000  0.2357136653695136E+000  0.4013862908163301E+000 -0.2702447416627324E+000  0.7381109519237108E-003
 0.1466666700000000E+000  0.1570796300000000E+001 -0.3932523487354089E+000  0.2322415525274334E+000  0.3931418090413558E+000 -0.2664541354148485E+000  0.7586484700021991E-003
 0.1558333300000000E+000  0.1570796300000000E+001 -0.3844223657585483E+000  0.2285021738649682E+000  0.3843118110617441E+000 -0.2622675225622518E+000  0.7814023261314621E-003
 0.1652777800000000E+000  0.1570796300000000E+001 -0.3750278846680425E+000  0.2244988878446954E+000  0.3749173130196221E+000 -0.2576670254481955E+000  0.8065260264745386E-003
 0.1750000000000000E+000  0.1570796300000000E+001 -0.3650990428269134E+000  0.2202383261175085E+000  0.3649884520530548E+000 -0.2526383732720371E+000  0.8341756259895438E-003
 0.1850000000000000E+000  0.1570796300000000E+001 -0.3546748141112935E+000  0.2157303585413020E+000  0.3545642017882121E+000 -0.2471717832523878E+000  0.8645095445351026E-003
 0.1952777800000000E+000  0.1570796300000000E+001 -0.3438025004477871E+000  0.2109879993353103E+000  0.3436918638740790E+000 -0.2412628733865425E+000  0.8976882194521055E-003
 0.2058333300000000E+000  0.1570796300000000E+001 -0.3325368594954658E+000  0.2060271935254185E+000  0.3324261956614211E+000 -0.2349134804045546E+000  0.9338740092842313E-003
 0.2166666700000000E+000  0.1570796300000000E+001 -0.3209388928282964E+000  0.2008664884969181E+000  0.3208281983817865E+000 -0.2281323142991269E+000  0.9732314320280485E-003
 0.2277777800000000E+000  0.1570796300000000E+001 -0.3090745064193322E+000  0.1955266761347789E+000  0.3089637776281559E+000 -0.2209354824486521E+000  0.1015927229440682E-002
 0.2391666700000000E+000  0.1570796300000000E+001 -0.2970128443394141E+000  0.1900303063540813E+000  0.2969020770493445E+000 -0.2133466777015037E+000  0.1062131154058037E-002
 0.2508333300000000E+000  0.1570796300000000E+001 -0.2848246534639396E+000  0.1844012174793915E+000  0.2847138430523165E+000 -0.2053971518436664E+000  0.1112016560223264E-002
 0.2627777800000000E+000  0.1570796300000000E+001 -0.2725805309491571E+000  0.1786640021701351E+000  0.2724696722731507E+000 -0.1971253136361230E+000  0.1165761636637878E-002
 0.2750000000000000E+000  0.1570796300000000E+001 -0.2603493684671289E+000  0.1728435375439694E+000  0.2602384558065037E+000 -0.1885760998461101E+000  0.1223550372124978E-002
 0.2875000000000000E+000  0.1570796300000000E+001 -0.2481967980955964E+000  0.1669644751412961E+000  0.2480858250886922E+000 -0.1797999667555399E+000  0.1285574379229680E-002
 0.3002777800000000E+000  0.1570796300000000E+001 -0.2361839587714719E+000  0.1610508282622264E+000  0.2360729183440041E+000 -0.1708517211144069E+000  0.1352034469446654E-002
 0.3133333300000000E+000  0.1570796300000000E+001 -0.2243664698326045E+000  0.1551255970021787E+000  0.2242553541181981E+000 -0.1617891517498800E+000  0.1423142627939880E-002
 0.3266666700000000E+000  0.1570796300000000E+001 -0.2127936433974378E+000  0.1492104409785658E+000  0.2126824436485497E+000 -0.1526715378052426E+000  0.1499124450731239E-002
 0.3402777800000000E+000  0.1570796300000000E+001 -0.2015080726863495E+000  0.1433254706600256E+000  0.2013967791749831E+000 -0.1435582175992417E+000  0.1580221204244383E-002
 0.3541666700000000E+000  0.1570796300000000E+001 -0.1905453615038559E+000  0.1374890444449824E+000  0.1904339634098570E+000 -0.1345071226359736E+000  0.1666692899433526E-002
 0.3683333300000000E+000  0.1570796300000000E+001 -0.1799341972566227E+000  0.1317176837223532E+000  0.1798226825427518E+000 -0.1255735223473415E+000  0.1758820925311792E-002
 0.3827777800000000E+000  0.1570796300000000E+001 -0.1696965473116675E+000  0.1260260040047550E+000  0.1695849025830353E+000 -0.1168088850703308E+000  0.1856911551196535E-002
 0.3975000000000000E+000  0.1570796300000000E+001 -0.1598481087267332E+000  0.1204267457083075E+000  0.1597363190737436E+000 -0.1082600321003928E+000  0.1961298925883722E-002
 0.4125000000000000E+000  0.1570796300000000E+001 -0.1503987771434966E+000  0.1149307910366128E+000  0.1502868259651647E+000 -0.9996844073516586E-001  0.2072349308736664E-002
 0.4277777800000000E+000  0.1570796300000000E+001 -0.1413532754742225E+000  0.1095472581447387E+000  0.1412411442808789E+000 -0.9196985189723368E-001  0.2190464890491570E-002
 0.4433333300000000E+000  0.1570796300000000E+001 -0.1327117953684755E+000  0.1042836038048028E+000  0.1325994635617297E+000 -0.8429407612966884E-001  0.2316088216548808E-002
 0.4591666700000000E+000  0.1570796300000000E+001 -0.1244706305092608E+000  0.9914573082495935E-001  0.1243580751371454E+000 -0.7696498253405690E-001  0.2449707319094055E-002
 0.4752777800000000E+000  0.1570796300000000E+001 -0.1166228559311177E+000  0.9413814296468796E-001  0.1165100514191336E+000 -0.7000071148317900E-001  0.2591860315338271E-002
 0.4916666700000000E+000  0.1570796300000000E+001 -0.1091588986675052E+000  0.8926405854718204E-001  0.1090458165242053E+000 -0.6341395688571982E-001  0.2743141500336484E-002
 0.5083333300000000E+000  0.1570796300000000E+001 -0.1020671238515108E+000  0.8452556344200141E-001  0.1019537323531630E+000 -0.5721240535883329E-001  0.2904206685531763E-002
 0.5247222200000000E+000  0.1570796300000000E+001 -0.9554782746500254E-001  0.8007126957099163E-001  0.9543410312982677E-001 -0.5158218876725303E-001  0.3070025058326187E-002
 0.5408333300000000E+000  0.1570796300000000E+001 -0.8954534617518192E-001  0.7588180210502381E-001  0.8943126490012721E-001 -0.4647804370959087E-001  0.3240572486909711E-002
 0.5566666700000000E+000  0.1570796300000000E+001 -0.8400966091566128E-001  0.7193894294703032E-001  0.8389519812079818E-001 -0.4185624056608565E-001  0.3415819244592702E-002
 0.5722222200000000E+000  0.1570796300000000E+001 -0.7889598090354007E-001  0.6822567845570121E-001  0.7878111172072537E-001 -0.3767522013506599E-001  0.3595725017130457E-002
 0.5875000000000000E+000  0.1570796300000000E+001 -0.7416425558062088E-001  0.6472617542832937E-001  0.7404895509270040E-001 -0.3389594250611639E-001  0.3780234864612376E-002
 0.6025000000000000E+000  0.1570796300000000E+001 -0.6977873443987308E-001  0.6142576354609459E-001  0.6966297798475937E-001 -0.3048208996225307E-001  0.3969273109367617E-002
 0.6172222200000000E+000  0.1570796300000000E+001 -0.6570750890384124E-001  0.5831087372366785E-001  0.6559127245344719E-001 -0.2740010743288111E-001  0.4162737862580149E-002
 0.6316666700000000E+000  0.1570796300000000E+001 -0.6192209771988532E-001  0.5536897628182481E-001  0.6180535834985587E-001 -0.2461916349065886E-001  0.4360494363537996E-002
 0.6458333300000000E+000  0.1570796300000000E+001 -0.5839707622719950E-001  0.5258852152700752E-001  0.5827981269659737E-001 -0.2211105715462695E-001  0.4562366826180566E-002
 0.6597222200000000E+000  0.1570796300000000E+001 -0.5510971318605521E-001  0.4995885641315138E-001  0.5499190664368767E-001 -0.1985006589325235E-001  0.4768130722710697E-002
 0.6733333300000000E+000  0.1570796300000000E+001 -0.5203967865328950E-001  0.4747016970594876E-001  0.5192131349965174E-001 -0.1781279769886898E-001  0.4977501825527446E-002
 0.6866666700000000E+000  0.1570796300000000E+001 -0.4916875528889109E-001  0.4511341551893652E-001  0.4904982021697270E-001 -0.1597801167126922E-001  0.5190125452115965E-002
 0.6997222200000000E+000  0.1570796300000000E+001 -0.4648060364119164E-001  0.4288025831444980E-001  0.4636109289187535E-001 -0.1432645227450409E-001  0.5405562444051232E-002
 0.7125000000000000E+000  0.1570796300000000E+001 -0.4396052933730221E-001  0.4076299988120331E-001  0.4384044420034583E-001 -0.1284067034791506E-001  0.5623275025816464E-002
 0.7250000000000000E+000  0.1570796300000000E+001 -0.4159530454382320E-001  0.3875453397402939E-001  0.4147465515105725E-001 -0.1150486943929220E-001  0.5842608051550720E-002
 0.7372222200000000E+000  0.1570796300000000E+001 -0.3937298827426598E-001  0.3684828512796807E-001  0.3925179572507311E-001 -0.1030474676950774E-001  0.6062769371748582E-002
 0.7491666700000000E+000  0.1570796300000000E+001 -0.3728277439295875E-001  0.3503815749634908E-001  0.3716107326244870E-001 -0.9227349840722023E-002  0.6282806533349236E-002
 0.7608333300000000E+000  0.1570796300000000E+001 -0.3531486248836619E-001  0.3331849191266658E-001  0.3519270377112311E-001 -0.8260946555162624E-002  0.6501579304926186E-002
 0.7722222200000000E+000  0.1570796300000000E+001 -0.3346032356223776E-001  0.3168400833711810E-001  0.3333777809871273E-001 -0.7394896055994795E-002  0.6717730458112853E-002
 0.7833333300000000E+000  0.1570796300000000E+001 -0.3171100129282056E-001  0.3012977049540957E-001  0.3158816373265538E-001 -0.6619541698611312E-002  0.6929649823664039E-002
 0.7941666700000000E+000  0.1570796300000000E+001 -0.3005940236947642E-001  0.2865113335068355E-001  0.2993639570722278E-001 -0.5926103519260239E-002  0.7135436199051440E-002
 0.8047222200000000E+000  0.1570796300000000E+001 -0.2849861020327065E-001  0.2724370451039177E-001  0.2837559091236985E-001 -0.5306586908614661E-002  0.7332852863768379E-002
 0.8149999999999999E+000  0.1570796300000000E+001 -0.2702218571321785E-001  0.2590328810400370E-001  0.2689934947099277E-001 -0.4753691782606168E-002  0.7519280982814110E-002
 0.8250000000000000E+000  0.1570796300000000E+001 -0.2562409276635722E-001  0.2462584551564142E-001  0.2550168071963081E-001 -0.4260737973146239E-002  0.7691666538084967E-002
 0.8347222200000000E+000  0.1570796300000000E+001 -0.2429860924310157E-001  0.2340743843577451E-001  0.2417691469256676E-001 -0.3821591145800386E-002  0.7846466682683384E-002
 0.8441666700000000E+000  0.1570796300000000E+001 -0.2304024498370968E-001  0.2224417375382052E-001  0.2291962026580041E-001 -0.3430598209199155E-002  0.7979594805176654E-002
 0.8533333300000000E+000  0.1570796300000000E+001 -0.2184366473908577E-001  0.2113214914928352E-001  0.2172452793226501E-001 -0.3082530971498756E-002  0.8086368263810163E-002
 0.8622222200000000E+000  0.1570796300000000E+001 -0.2070359633772936E-001  0.2006738129277874E-001  0.2058643724390044E-001 -0.2772532510774582E-002  0.8161466522581687E-002
 0.8708333300000000E+000  0.1570796300000000E+001 -0.1961475816509150E-001  0.1904574847772938E-001  0.1950014272373943E-001 -0.2496076966496418E-002  0.8198905270769672E-002
 0.8791666700000000E+000  0.1570796300000000E+001 -0.1857177471932609E-001  0.1806291893713946E-001  0.1846034672408457E-001 -0.2248933851153166E-002  0.8192042802682544E-002
 0.8872222200000000E+000  0.1570796300000000E+001 -0.1756911445510274E-001  0.1711429703961899E-001  0.1746159300548008E-001 -0.2027146675702982E-002  0.8133635815273320E-002
 0.8950000000000000E+000  0.1570796300000000E+001 -0.1660103178101741E-001  0.1619497078362684E-001  0.1649820255779254E-001 -0.1827021346203130E-002  0.8015971627381416E-002
 0.9025000000000000E+000  0.1570796300000000E+001 -0.1566156090614652E-001  0.1529970632068102E-001  0.1556425887744574E-001 -0.1645134841724430E-002  0.7831113757112342E-002
 0.9097222200000000E+000  0.1570796300000000E+001 -0.1474455228827880E-001  0.1442298205632410E-001  0.1465363338143166E-001 -0.1478360135440595E-002  0.7571306577433390E-002
 0.9166666700000000E+000  0.1570796300000000E+001 -0.1384379959193372E-001  0.1355910970226457E-001  0.1376009906177170E-001 -0.1323914089082892E-002  0.7229595988627922E-002
 0.9233333300000000E+000  0.1570796300000000E+001 -0.1295329261464197E-001  0.1270247916996990E-001  0.1287756886416764E-001 -0.1179428404766254E-002  0.6800730174245600E-002
 0.9297222200000000E+000  0.1570796300000000E+001 -0.1206761147434119E-001  0.1184794598805173E-001  0.1200047658576269E-001 -0.1043036709617652E-002  0.6282383249362122E-002
 0.9358333300000000E+000  0.1570796300000000E+001 -0.1118251636697696E-001  0.1099141855905590E-001  0.1112435833425567E-001 -0.9134725552593571E-003  0.5676728270141502E-002
 0.9416666700000000E+000  0.1570796300000000E+001 -0.1029568254255404E-001  0.1013060221223756E-001  0.1024659018635238E-001 -0.7901518636913782E-003  0.4992267077025949E-002
 0.9472222200000000E+000  0.1570796300000000E+001 -0.9407523932798022E-002  0.9265848952432066E-002  0.9367231559060949E-002 -0.6732122065266122E-003  0.4245692913844057E-002
 0.9525000000000000E+000  0.1570796300000000E+001 -0.8521880162401931E-002  0.8400892942137628E-002  0.8489753630898629E-002 -0.5634633537237540E-003  0.3463269624752613E-002
 0.9575000000000000E+000  0.1570796300000000E+001 -0.7646300761144736E-002  0.7543201697517183E-002  0.7621383831539837E-002 -0.4622169740534614E-003  0.2680956628459658E-002
 0.9622222200000000E+000  0.1570796300000000E+001 -0.6791532536163789E-002  0.6703535527536540E-002  0.6772658936252249E-002 -0.3709786329128876E-003  0.1942203545753803E-002
 0.9666666700000000E+000  0.1570796300000000E+001 -0.5970012378503212E-002  0.5894490410479782E-002  0.5955963374207879E-002 -0.2910479324952900E-003  0.1292483328555085E-002
 0.9708333300000000E+000  0.1570796300000000E+001 -0.5193553387017484E-002  0.5128184643443654E-002  0.5183213907407454E-002 -0.2231372106674227E-003  0.7704303718758872E-003
 0.9747222200000000E+000  0.1570796300000000E+001 -0.4470966146120330E-002  0.4413823843059042E-002  0.4463425084714128E-002 -0.1671541040690718E-003  0.3972536340259242E-003
 0.9783333300000000E+000  0.1570796300000000E+001 -0.3806770252007305E-002  0.3756327156977257E-002  0.3801337512299633E-002 -0.1222510451780492E-003  0.1686491251535747E-003
 0.9816666700000000E+000  0.1570796300000000E+001 -0.3201612749689438E-002  0.3156682637951886E-002  0.3197774518195156E-002 -0.8709639419539195E-004  0.5488168074418270E-004
 0.9847222200000000E+000  0.1570796300000000E+001 -0.2653939913915696E-002  0.2613607003794619E-002  0.2651301533423634E-002 -0.6019949821520275E-004  0.1231256881218123E-004
 0.9875000000000000E+000  0.1570796300000000E+001 -0.2161602414285434E-002  0.2125173026417657E-002  0.2159851221098426E-002 -0.4012653760826319E-004  0.1615393156705527E-005
 0.9900000000000000E+000  0.1570796300000000E+001 -0.1722659138545260E-002  0.1689636087560601E-002  0.1721546491224175E-002 -0.2558267950650578E-004  0.9062691307582853E-007
 0.9922222200000000E+000  0.1570796300000000E+001 -0.1335530934054135E-002  0.1305600920278610E-002  0.1334861988565523E-002 -0.1542358197439087E-004 -0.7450358612519975E-010
 0.9941666700000000E+000  0.1570796300000000E+001 -0.9989643419099875E-003  0.9719950124754672E-003  0.9985900026416674E-003 -0.8650191525662075E-005 -0.1050029400618251E-009
 0.9958333300000000E+000  0.1570796300000000E+001 -0.7119818013263380E-003  0.6880313087181479E-003  0.7117916256782711E-003 -0.4402280654589677E-005 -0.7190323431388439E-012
 0.9972222200000000E+000  0.1570796300000000E+001 -0.4738208342157224E-003  0.4531670289698769E-003  0.4737366025871264E-003 -0.1952486090644687E-005  0.9581545158985504E-014
 0.9983333300000000E+000  0.1570796300000000E+001 -0.2839065399945103E-003  0.2671003852532923E-003  0.2838762978301634E-003 -0.7017268910146572E-006  0.1791518779089726E-016
 0.9991666700000000E+000  0.1570796300000000E+001 -0.1418115568021591E-003  0.1300378421344122E-003  0.1418040112380394E-003 -0.1752111803647712E-006  0.1768039426040530E-019
 0.9997222200000000E+000  0.1570796300000000E+001 -0.4724041385231679E-004  0.3948272550208352E-004  0.4723957652020882E-004 -0.1945224308233470E-007 -0.5019546047502858E-019
 0.1000000000000000E+001  0.1570796300000000E+001 -0.8192575876008704E-189  0.8207817572754808E-189 -0.6668378675582190E-189 -0.7986810763845292E-189 -0.1370248545915047E-188

