 0.0000000000000000E+000  0.0000000000000000E+000 -0.2786722325186629E+001  0.2287356140515373E+001  0.2287358384450561E+001 -0.8352718342714088E-002  0.0000000000000000E+000
 0.2777777800000000E-003  0.0000000000000000E+000 -0.2786679359814772E+001  0.2287314710977758E+001  0.2287316952597973E+001 -0.8354421959102293E-002  0.6782063729857058E-150
 0.8333333300000000E-003  0.0000000000000000E+000 -0.2786336899988258E+001  0.2286984578039444E+001  0.2286986813459330E+001 -0.8368075193312566E-002  0.1359818115671667E-149
 0.1666666700000000E-002  0.0000000000000000E+000 -0.2785200550884158E+001  0.2285890382101439E+001  0.2285892615202413E+001 -0.8414337816136460E-002  0.3270148196479016E-149
 0.2777777800000000E-002  0.0000000000000000E+000 -0.2782625819616462E+001  0.2283418717745646E+001  0.2283420942175152E+001 -0.8524747517377626E-002  0.4483523887429386E-149
 0.4166666700000000E-002  0.0000000000000000E+000 -0.2778029407598113E+001  0.2279034872354186E+001  0.2279037185796313E+001 -0.8742160230795142E-002  0.2738713611108669E-149
 0.5833333300000000E-002  0.0000000000000000E+000 -0.2771167273870880E+001  0.2272569783554800E+001  0.2272572535852955E+001 -0.9119199292349158E-002  0.2350813219288159E-149
 0.7777777800000000E-002  0.0000000000000000E+000 -0.2762256432885221E+001  0.2264350640958443E+001  0.2264354330801580E+001 -0.9711494664616994E-002  0.1447986530637990E-149
 0.1000000000000000E-001  0.0000000000000000E+000 -0.2751776571963352E+001  0.2255005495368632E+001  0.2255010112920073E+001 -0.1056597418925156E-001 -0.1838468486935316E-150
 0.1250000000000000E-001  0.0000000000000000E+000 -0.2740114700946847E+001  0.2245101550413021E+001  0.2245106366016377E+001 -0.1171103822836794E-001 -0.6037524241228090E-150
 0.1527777800000000E-001  0.0000000000000000E+000 -0.2727347403606329E+001  0.2234915297423406E+001  0.2234919463213628E+001 -0.1315508034572453E-001 -0.1787085912137676E-150
 0.1833333300000000E-001  0.0000000000000000E+000 -0.2713241930233946E+001  0.2224420941776229E+001  0.2224423980057912E+001 -0.1489213419203332E-001  0.6893564002352485E-150
 0.2166666700000000E-001  0.0000000000000000E+000 -0.2697369490716315E+001  0.2213391518149655E+001  0.2213393328634403E+001 -0.1690911025694923E-001  0.5689664908165696E-150
 0.2527777800000000E-001  0.0000000000000000E+000 -0.2679224662423133E+001  0.2201505759525439E+001  0.2201506436695952E+001 -0.1919097115101568E-001 -0.1907647050049538E-150
 0.2916666700000000E-001  0.0000000000000000E+000 -0.2658311522711851E+001  0.2188421175095329E+001  0.2188420863068747E+001 -0.2172330487579809E-001 -0.2715340515043782E-150
 0.3333333300000000E-001  0.0000000000000000E+000 -0.2634197875982869E+001  0.2173815354355425E+001  0.2173814175619582E+001 -0.2449311108659002E-001 -0.2180705432942432E-150
 0.3777777800000000E-001  0.0000000000000000E+000 -0.2606548196521576E+001  0.2157407454402985E+001  0.2157405484620571E+001 -0.2748870800426939E-001 -0.2096520996665974E-149
 0.4250000000000000E-001  0.0000000000000000E+000 -0.2575143204212344E+001  0.2138969354606474E+001  0.2138966620601164E+001 -0.3069931064613500E-001 -0.3313846408887187E-149
 0.4750000000000000E-001  0.0000000000000000E+000 -0.2539889428704770E+001  0.2118331416588190E+001  0.2118327907978004E+001 -0.3411457480068312E-001 -0.1713263700291156E-149
 0.5277777800000000E-001  0.0000000000000000E+000 -0.2500819982828730E+001  0.2095385010562278E+001  0.2095380700664375E+001 -0.3772419929243148E-001 -0.8710955004746695E-150
 0.5833333300000000E-001  0.0000000000000000E+000 -0.2458086918043252E+001  0.2070082375113863E+001  0.2070077245473369E+001 -0.4151762504458465E-001 -0.4220550202655186E-150
 0.6416666700000000E-001  0.0000000000000000E+000 -0.2411946082577902E+001  0.2042433942734817E+001  0.2042428003590954E+001 -0.4548382553600062E-001 -0.1089187085096736E-149
 0.7027777800000000E-001  0.0000000000000000E+000 -0.2362736350221652E+001  0.2012503355074472E+001  0.2012496655410083E+001 -0.4961116108157603E-001 -0.2992938394292391E-149
 0.7666666699999999E-001  0.0000000000000000E+000 -0.2310855427262393E+001  0.1980400411174780E+001  0.1980393036792176E+001 -0.5388729440372268E-001 -0.6958096736809887E-149
 0.8333333300000000E-001  0.0000000000000000E+000 -0.2256735058730521E+001  0.1946272642381533E+001  0.1946264705433101E+001 -0.5829913201676144E-001 -0.3975552952206777E-149
 0.9027777800000000E-001  0.0000000000000000E+000 -0.2200817815936730E+001  0.1910296106114346E+001  0.1910287731510305E+001 -0.6283279187109349E-001 -0.1066331225412956E-150
 0.9750000000000000E-001  0.0000000000000000E+000 -0.2143537387177070E+001  0.1872666215245375E+001  0.1872657528114913E+001 -0.6747357208982470E-001  0.1983854516429167E-149
 0.1050000000000000E+000  0.0000000000000000E+000 -0.2085303145511856E+001  0.1833589080482555E+001  0.1833580196449525E+001 -0.7220593115865948E-001  0.4088027984664891E-150
 0.1127777800000000E+000  0.0000000000000000E+000 -0.2026489440615152E+001  0.1793273933389296E+001  0.1793264951788359E+001 -0.7701346089271940E-001 -0.3203936262586483E-150
 0.1208333300000000E+000  0.0000000000000000E+000 -0.1967429314041166E+001  0.1751926905285874E+001  0.1751917904986871E+001 -0.8187885087226633E-001  0.1931695418816622E-149
 0.1291666700000000E+000  0.0000000000000000E+000 -0.1908411496542786E+001  0.1709745918002527E+001  0.1709736955598907E+001 -0.8678388499400840E-001  0.2643413667673426E-149
 0.1377777800000000E+000  0.0000000000000000E+000 -0.1849681083093979E+001  0.1666917500253267E+001  0.1666908610396404E+001 -0.9170937203767869E-001 -0.3439795395787043E-150
 0.1466666700000000E+000  0.0000000000000000E+000 -0.1791441234331013E+001  0.1623614109358483E+001  0.1623605306852139E+001 -0.9663516386798703E-001 -0.1727760902482295E-149
 0.1558333300000000E+000  0.0000000000000000E+000 -0.1733857024322285E+001  0.1579993092353119E+001  0.1579984375424820E+001 -0.1015401104114417E+000 -0.1610014169750381E-150
 0.1652777800000000E+000  0.0000000000000000E+000 -0.1677059316241444E+001  0.1536195985204599E+001  0.1536187339302499E+001 -0.1064020812357590E+000 -0.3433692667019312E-150
 0.1750000000000000E+000  0.0000000000000000E+000 -0.1621149635343267E+001  0.1492349012406476E+001  0.1492340413956041E+001 -0.1111979363764653E+000  0.3111690745937361E-150
 0.1850000000000000E+000  0.0000000000000000E+000 -0.1566204108674949E+001  0.1448563380494074E+001  0.1448554800231214E+001 -0.1159035866743795E+000  0.6624943766504488E-150
 0.1952777800000000E+000  0.0000000000000000E+000 -0.1512277801248547E+001  0.1404936386856460E+001  0.1404927792544504E+001 -0.1204940151210198E+000 -0.2186289395363088E-150
 0.2058333300000000E+000  0.0000000000000000E+000 -0.1459408408024025E+001  0.1361552514878851E+001  0.1361543873370971E+001 -0.1249433405901442E+000 -0.1450416939535414E-149
 0.2166666700000000E+000  0.0000000000000000E+000 -0.1407619321805134E+001  0.1318484459127638E+001  0.1318475737831856E+001 -0.1292249191985660E+000 -0.3470448827011880E-150
 0.2277777800000000E+000  0.0000000000000000E+000 -0.1356922798466343E+001  0.1275794615988900E+001  0.1275785783839140E+001 -0.1333114238959969E+000  0.3257920404889249E-149
 0.2391666700000000E+000  0.0000000000000000E+000 -0.1307322011548764E+001  0.1233535978257308E+001  0.1233527006302680E+001 -0.1371750061697773E+000  0.1344855852949131E-149
 0.2508333300000000E+000  0.0000000000000000E+000 -0.1258813291947840E+001  0.1191753445212078E+001  0.1191744306928492E+001 -0.1407874363179243E+000  0.1156126020584958E-149
 0.2627777800000000E+000  0.0000000000000000E+000 -0.1211387574147860E+001  0.1150484673835669E+001  0.1150475345243492E+001 -0.1441203055432539E+000  0.6998876028107383E-150
 0.2750000000000000E+000  0.0000000000000000E+000 -0.1165032041068985E+001  0.1109761269144247E+001  0.1109751728798640E+001 -0.1471452179139449E+000  0.3605948028918443E-152
 0.2875000000000000E+000  0.0000000000000000E+000 -0.1119730942273768E+001  0.1069609387720778E+001  0.1069599616619837E+001 -0.1498340504537468E+000 -0.5574902453881456E-150
 0.3002777800000000E+000  0.0000000000000000E+000 -0.1075466638058599E+001  0.1030050632718303E+001  0.1030040614163454E+001 -0.1521592078966104E+000  0.2047320178389047E-153
 0.3133333300000000E+000  0.0000000000000000E+000 -0.1032220293134713E+001  0.9911027146537079E+000  0.9910924340837265E+000 -0.1540939160160698E+000  0.1942757537396026E-150
 0.3266666700000000E+000  0.0000000000000000E+000 -0.9899722971983493E+000  0.9527799169206994E+000  0.9527693617325655E+000 -0.1556125428244917E+000 -0.1367941270352210E-150
 0.3402777800000000E+000  0.0000000000000000E+000 -0.9487029211801069E+000  0.9150938094951081E+000  0.9150829688625027E+000 -0.1566909263970070E+000 -0.6193365767285813E-151
 0.3541666700000000E+000  0.0000000000000000E+000 -0.9083924187297489E+000  0.8780534836091862E+000  0.8780423483006664E+000 -0.1573067399358793E+000  0.6303957942186948E-150
 0.3683333300000000E+000  0.0000000000000000E+000 -0.8690214263702040E+000  0.8416660697831766E+000  0.8416546319850047E+000 -0.1574398585013619E+000  0.3467478272021204E-150
 0.3827777800000000E+000  0.0000000000000000E+000 -0.8305709996407311E+000  0.8059369286116401E+000  0.8059251817541625E+000 -0.1570727429233421E+000  0.1615178049978966E-150
 0.3975000000000000E+000  0.0000000000000000E+000 -0.7930229297732503E+000  0.7708701014659677E+000  0.7708580400561682E+000 -0.1561908285352441E+000  0.2501981262669518E-150
 0.4125000000000000E+000  0.0000000000000000E+000 -0.7563596366236641E+000  0.7364683655291302E+000  0.7364559849858925E+000 -0.1547829129608740E+000  0.7160975293297692E-150
 0.4277777800000000E+000  0.0000000000000000E+000 -0.7205643243806327E+000  0.7027335269052256E+000  0.7027208233989520E+000 -0.1528415391573180E+000  0.1534457772712434E-150
 0.4433333300000000E+000  0.0000000000000000E+000 -0.6856209974487231E+000  0.6696665770002550E+000  0.6696535472950991E+000 -0.1503633660282245E+000 -0.1441734109656037E-149
 0.4591666700000000E+000  0.0000000000000000E+000 -0.6515143713706280E+000  0.6372677408250936E+000  0.6372543821220619E+000 -0.1473495096020213E+000 -0.2651983943729119E-149
 0.4752777800000000E+000  0.0000000000000000E+000 -0.6182300110062742E+000  0.6055367319373136E+000  0.6055230417195538E+000 -0.1438058737183303E+000  0.5423802051946766E-150
 0.4916666700000000E+000  0.0000000000000000E+000 -0.5857541478517634E+000  0.5744726943045344E+000  0.5744586701808774E+000 -0.1397434188739381E+000  0.6144914959013350E-150
 0.5083333300000000E+000  0.0000000000000000E+000 -0.5540737464579740E+000  0.5440743719173942E+000  0.5440600114653256E+000 -0.1351784080832706E+000  0.1454835710845916E-150
 0.5247222200000000E+000  0.0000000000000000E+000 -0.5241692292421197E+000  0.5152968726204177E+000  0.5152821842947058E+000 -0.1303040113041845E+000 -0.8044586145987666E-150
 0.5408333300000000E+000  0.0000000000000000E+000 -0.4959113813008712E+000  0.4880322224011703E+000  0.4880172140809231E+000 -0.1251804325488381E+000 -0.7990466159660006E-150
 0.5566666700000000E+000  0.0000000000000000E+000 -0.4691840113938167E+000  0.4621820945558853E+000  0.4621667734974126E+000 -0.1198643892044199E+000  0.5979587677675539E-150
 0.5722222200000000E+000  0.0000000000000000E+000 -0.4438823027255079E+000  0.4376567731700215E+000  0.4376411459827560E+000 -0.1144088760079131E+000  0.8214318160457736E-150
 0.5875000000000000E+000  0.0000000000000000E+000 -0.4199112441136063E+000  0.4143740779710243E+000  0.4143581506082363E+000 -0.1088629678466694E+000 -0.2910366404036942E-151
 0.6025000000000000E+000  0.0000000000000000E+000 -0.3971845233084332E+000  0.3922586464885188E+000  0.3922424242510701E+000 -0.1032717421691789E+000 -0.3350800564190552E-150
 0.6172222200000000E+000  0.0000000000000000E+000 -0.3756234272768375E+000  0.3712411527478643E+000  0.3712246402953023E+000 -0.9767622714287308E-001 -0.3200598779165882E-150
 0.6316666700000000E+000  0.0000000000000000E+000 -0.3551559651736063E+000  0.3512576865650234E+000  0.3512408879320528E+000 -0.9211341922437755E-001  0.5485817021196322E-150
 0.6458333300000000E+000  0.0000000000000000E+000 -0.3357161724350273E+000  0.3322492655131220E+000  0.3322321841301559E+000 -0.8661636473431973E-001  0.7325848223834210E-151
 0.6597222200000000E+000  0.0000000000000000E+000 -0.3172433664922420E+000  0.3141612643804493E+000  0.3141439030944204E+000 -0.8121423949235800E-001 -0.1255973852287935E-150
 0.6733333300000000E+000  0.0000000000000000E+000 -0.2996816860812513E+000  0.2969430935481821E+000  0.2969254546451539E+000 -0.7593251592274362E-001 -0.3044244117049285E-150
 0.6866666700000000E+000  0.0000000000000000E+000 -0.2829795397934269E+000  0.2805477659581905E+000  0.2805298511844220E+000 -0.7079311039768810E-001 -0.1481657373563728E-150
 0.6997222200000000E+000  0.0000000000000000E+000 -0.2670892483358074E+000  0.2649316354118713E+000  0.2649134459946460E+000 -0.6581458973103348E-001  0.1286016600298619E-149
 0.7125000000000000E+000  0.0000000000000000E+000 -0.2519665891324924E+000  0.2500540239550925E+000  0.2500355606202873E+000 -0.6101234653186675E-001  0.8613444120923560E-150
 0.7250000000000000E+000  0.0000000000000000E+000 -0.2375705587051361E+000  0.2358770508480154E+000  0.2358583138369227E+000 -0.5639883830292447E-001 -0.1427461852888386E-150
 0.7372222200000000E+000  0.0000000000000000E+000 -0.2238630382752221E+000  0.2223653563614917E+000  0.2223463454442875E+000 -0.5198379021549315E-001  0.1231087800525941E-149
 0.7491666700000000E+000  0.0000000000000000E+000 -0.2108085428032782E+000  0.2094858991823874E+000  0.2094666136688342E+000 -0.4777441562333565E-001  0.4817074533254189E-150
 0.7608333300000000E+000  0.0000000000000000E+000 -0.1983740402051271E+000  0.1972078161365228E+000  0.1971882548846707E+000 -0.4377564915202481E-001 -0.2738786099012392E-149
 0.7722222200000000E+000  0.0000000000000000E+000 -0.1865286757876045E+000  0.1855021825708905E+000  0.1854823439910747E+000 -0.3999033766595764E-001  0.1375417857579397E-149
 0.7833333300000000E+000  0.0000000000000000E+000 -0.1752436690456725E+000  0.1743419380186391E+000  0.1743218200759017E+000 -0.3641947406665415E-001 -0.6301305344638963E-150
 0.7941666700000000E+000  0.0000000000000000E+000 -0.1644921009928184E+000  0.1637016997311378E+000  0.1636812999430912E+000 -0.3306238248354589E-001 -0.1548872411277783E-149
 0.8047222200000000E+000  0.0000000000000000E+000 -0.1542488206425995E+000  0.1535576905784790E+000  0.1535370060109470E+000 -0.2991692722986830E-001  0.6262835081825765E-150
 0.8149999999999999E+000  0.0000000000000000E+000 -0.1444902465417034E+000  0.1438875602134661E+000  0.1438665874705845E+000 -0.2697967477225200E-001  0.2051198609322763E-149
 0.8250000000000000E+000  0.0000000000000000E+000 -0.1351943182382728E+000  0.1346703522387449E+000  0.1346490874510170E+000 -0.2424608770180657E-001  0.3430618739999022E-150
 0.8347222200000000E+000  0.0000000000000000E+000 -0.1263403513264077E+000  0.1258863738547938E+000  0.1258648126618907E+000 -0.2171067449856537E-001 -0.2457180924775855E-150
 0.8441666700000000E+000  0.0000000000000000E+000 -0.1179089423086646E+000  0.1175171130769861E+000  0.1174952506059557E+000 -0.1936714067680939E-001 -0.1228678894125435E-149
 0.8533333300000000E+000  0.0000000000000000E+000 -0.1098819167493101E+000  0.1095451974687190E+000  0.1095230283085359E+000 -0.1720853771923122E-001 -0.3665498595710348E-149
 0.8622222200000000E+000  0.0000000000000000E+000 -0.1022421876235102E+000  0.1019542624522219E+000  0.1019317806205859E+000 -0.1522737381032609E-001 -0.2015154404575678E-149
 0.8708333300000000E+000  0.0000000000000000E+000 -0.9497374441289991E-001  0.9472894835621877E-001  0.9470614726252878E-001 -0.1341574722382307E-001 -0.3570595639014919E-149
 0.8791666700000000E+000  0.0000000000000000E+000 -0.8806154329664424E-001  0.8785479831688552E-001  0.8783167071655924E-001 -0.1176544051687618E-001 -0.2361152631998494E-149
 0.8872222200000000E+000  0.0000000000000000E+000 -0.8149148821061539E-001  0.8131824568432539E-001  0.8129478362711072E-001 -0.1026802582998349E-001  0.5449208842273276E-150
 0.8950000000000000E+000  0.0000000000000000E+000 -0.7525031734568949E-001  0.7510650669688938E-001  0.7508270146322255E-001 -0.8914936299370509E-002  0.1676285883489735E-149
 0.9025000000000000E+000  0.0000000000000000E+000 -0.6932560932548193E-001  0.6920759159372954E-001  0.6918343362327056E-001 -0.7697554768790399E-002 -0.4551155082685683E-150
 0.9097222200000000E+000  0.0000000000000000E+000 -0.6370570328131916E-001  0.6361022954095577E-001  0.6358570834692386E-001 -0.6607272686337398E-002 -0.1358062935033492E-149
 0.9166666700000000E+000  0.0000000000000000E+000 -0.5837965599216884E-001  0.5830382994385322E-001  0.5827893401227165E-001 -0.5635548867093399E-002  0.4232695779731763E-149
 0.9233333300000000E+000  0.0000000000000000E+000 -0.5333723234839488E-001  0.5327847655029279E-001  0.5325319322351433E-001 -0.4773965633350078E-002  0.2382188309789162E-149
 0.9297222200000000E+000  0.0000000000000000E+000 -0.4856881490689485E-001  0.4852484055408701E-001  0.4849915588873938E-001 -0.4014263151138558E-002 -0.2575494563461956E-149
 0.9358333300000000E+000  0.0000000000000000E+000 -0.4406542289878931E-001  0.4403420242188719E-001  0.4400810102426027E-001 -0.3348386536104417E-002 -0.1188247144319154E-148
 0.9416666700000000E+000  0.0000000000000000E+000 -0.3981864303773765E-001  0.3979838551536183E-001  0.3977185034098109E-001 -0.2768512038613716E-002 -0.1143842671711053E-148
 0.9472222200000000E+000  0.0000000000000000E+000 -0.3582063696760217E-001  0.3580976585129805E-001  0.3578277796720848E-001 -0.2267079898786252E-002  0.1214828972627589E-149
 0.9525000000000000E+000  0.0000000000000000E+000 -0.3206406354774249E-001  0.3206119668015350E-001  0.3203373497020060E-001 -0.1836811031961830E-002  0.8178468412128344E-149
 0.9575000000000000E+000  0.0000000000000000E+000 -0.2854210455305988E-001  0.2854603601471808E-001  0.2851807682440570E-001 -0.1470733264728351E-002  0.4961242076367972E-149
 0.9622222200000000E+000  0.0000000000000000E+000 -0.2524841286981497E-001  0.2525809666179287E-001  0.2522961335454846E-001 -0.1162194049877538E-002 -0.5985765155567805E-149
 0.9666666700000000E+000  0.0000000000000000E+000 -0.2217709172824720E-001  0.2219162705817521E-001  0.2216258945880056E-001 -0.9048744032251421E-003  0.1558051889813266E-149
 0.9708333300000000E+000  0.0000000000000000E+000 -0.1932270285702785E-001  0.1934132086806243E-001  0.1931169456128150E-001 -0.6928021645859076E-003  0.3235446541066245E-149
 0.9747222200000000E+000  0.0000000000000000E+000 -0.1668020044132080E-001  0.1670225240796131E-001  0.1667199782353923E-001 -0.5203569685984386E-003 -0.2246457702460198E-148
 0.9783333300000000E+000  0.0000000000000000E+000 -0.1424496291506666E-001  0.1426990970927839E-001  0.1423898093251568E-001 -0.3822809618651520E-003  0.7007173913773758E-149
 0.9816666700000000E+000  0.0000000000000000E+000 -0.1201274394527081E-001  0.1204014689427244E-001  0.1200849006353910E-001 -0.2736817981685392E-003  0.1903258410319777E-148
 0.9847222200000000E+000  0.0000000000000000E+000 -0.9979692512286217E-002  0.1000920564477372E-001  0.9976756764391638E-002 -0.1900384842755516E-003  0.7850398383831689E-149
 0.9875000000000000E+000  0.0000000000000000E+000 -0.8142293886127279E-002  0.8173657868071883E-002  0.8140339701491644E-002 -0.1272021826154104E-003 -0.2685341822966998E-149
 0.9900000000000000E+000  0.0000000000000000E+000 -0.6497405273097963E-002  0.6530443339117552E-002  0.6496160921962104E-002 -0.8140030595747293E-004 -0.6363279787650781E-149
 0.9922222200000000E+000  0.0000000000000000E+000 -0.5042219294153835E-002  0.5076835759465258E-002  0.5041469917464892E-002 -0.4923670579104246E-004 -0.4136422046110695E-149
 0.9941666700000000E+000  0.0000000000000000E+000 -0.3774255398146432E-002  0.3810432187710652E-002  0.3773835527933155E-002 -0.2769264425750226E-004  0.3764226809614167E-150
 0.9958333300000000E+000  0.0000000000000000E+000 -0.2691378238489160E-002  0.2729187521177155E-002  0.2691164737784085E-002 -0.1412754965664707E-004  0.5703373757349427E-150
 0.9972222200000000E+000  0.0000000000000000E+000 -0.1791745446627397E-002  0.1830832341656030E-002  0.1791650822709775E-002 -0.6278366202156691E-005  0.1686810288117121E-150
 0.9983333300000000E+000  0.0000000000000000E+000 -0.1073847537343266E-002  0.1114580183284756E-002  0.1073813548782748E-002 -0.2260053269692261E-005 -0.7115754050028536E-150
 0.9991666700000000E+000  0.0000000000000000E+000 -0.5364708035585645E-003  0.5700043495208992E-003  0.5364623207557329E-003 -0.5649747574934080E-006 -0.7522685742500738E-150
 0.9997222200000000E+000  0.0000000000000000E+000 -0.1787259061782670E-003  0.2008171133228729E-003  0.1787249646743949E-003 -0.6277407109379169E-007 -0.1690205410775623E-150
 0.1000000000000000E+001  0.0000000000000000E+000 -0.5326672841906718E-027  0.1305586307737543E-026 -0.3011414416708777E-027 -0.3985527533322429E-038 -0.1353631603742497E-176

 0.0000000000000000E+000  0.1047197600000000E+000 -0.2787032055442277E+001  0.2287046412028153E+001  0.2287645044678209E+001 -0.8352718342714094E-002  0.6055190302230123E-002
 0.2777777800000000E-003  0.1047197600000000E+000 -0.2786988894417551E+001  0.2287005154496906E+001  0.2287603371719233E+001 -0.8354422146729148E-002  0.6059616141976280E-002
 0.8333333300000000E-003  0.1047197600000000E+000 -0.2786644884491261E+001  0.2286676390763161E+001  0.2287271317882453E+001 -0.8368076851240839E-002  0.6094998230300689E-002
 0.1666666700000000E-002  0.1047197600000000E+000 -0.2785503515014058E+001  0.2285586715318821E+001  0.2286170859498816E+001 -0.8414344046750606E-002  0.6213766515750308E-002
 0.2777777800000000E-002  0.1047197600000000E+000 -0.2782918122643713E+001  0.2283125162783840E+001  0.2283685538702829E+001 -0.8524762438261488E-002  0.6490768134115111E-002
 0.4166666700000000E-002  0.1047197600000000E+000 -0.2778305241077247E+001  0.2278758906234299E+001  0.2279279311761298E+001 -0.8742185368207984E-002  0.7013599258948124E-002
 0.5833333300000000E-002  0.1047197600000000E+000 -0.2771425042414394E+001  0.2272318931878542E+001  0.2272785795910966E+001 -0.9119228948812020E-002  0.7865587665096579E-002
 0.7777777800000000E-002  0.1047197600000000E+000 -0.2762503425940146E+001  0.2264130308247438E+001  0.2264538811231121E+001 -0.9711515959126301E-002  0.9106355028752743E-002
 0.1000000000000000E-001  0.1047197600000000E+000 -0.2752030767111377E+001  0.2254818136571317E+001  0.2255173599860953E+001 -0.1056597376962983E-001  0.1075937068500524E-001
 0.1250000000000000E-001  0.1047197600000000E+000 -0.2740403067969941E+001  0.2244947752796482E+001  0.2245262294304862E+001 -0.1171100933741682E-001  0.1281173348218014E-001
 0.1527777800000000E-001  0.1047197600000000E+000 -0.2727702833933863E+001  0.2234795715160283E+001  0.2235083890472791E+001 -0.1315502480698641E-001  0.1522249041723149E-001
 0.1833333300000000E-001  0.1047197600000000E+000 -0.2713700633462454E+001  0.2224337782741386E+001  0.2224613523975151E+001 -0.1489206079557929E-001  0.1793232044460530E-001
 0.2166666700000000E-001  0.1047197600000000E+000 -0.2697969075003805E+001  0.2213349064893896E+001  0.2213624313276082E+001 -0.1690903300537159E-001  0.2087050292053452E-001
 0.2527777800000000E-001  0.1047197600000000E+000 -0.2680002345209994E+001  0.2201510043142843E+001  0.2201794663678572E+001 -0.1919090875382224E-001  0.2395893647522981E-001
 0.2916666700000000E-001  0.1047197600000000E+000 -0.2659302047467505E+001  0.2188479102865707E+001  0.2188781478156690E+001 -0.2172328122199332E-001  0.2711463261290215E-001
 0.3333333300000000E-001  0.1047197600000000E+000 -0.2635431084713865E+001  0.2173933554552491E+001  0.2174261385756411E+001 -0.2449315603131324E-001  0.3025199639543156E-001
 0.3777777800000000E-001  0.1047197600000000E+000 -0.2608046502506926E+001  0.2157591042673562E+001  0.2157952088773983E+001 -0.2748885795760083E-001  0.3328564375012518E-001
 0.4250000000000000E-001  0.1047197600000000E+000 -0.2576919359374963E+001  0.2139220795658119E+001  0.2139623421477773E+001 -0.3069960868933466E-001  0.3613388991346416E-001
 0.4750000000000000E-001  0.1047197600000000E+000 -0.2541944999058079E+001  0.2118649637653693E+001  0.2119103111681828E+001 -0.3411507026535725E-001  0.3872266544629867E-001
 0.5277777800000000E-001  0.1047197600000000E+000 -0.2503144845532173E+001  0.2095764893486923E+001  0.2096279414089340E+001 -0.3772494691354692E-001  0.4098934116999614E-001
 0.5833333300000000E-001  0.1047197600000000E+000 -0.2460659911180171E+001  0.2070514702030815E+001  0.2071101161655599E+001 -0.4151868393243557E-001  0.4288590390421491E-001
 0.6416666700000000E-001  0.1047197600000000E+000 -0.2414736720945582E+001  0.2042905800072207E+001  0.2043575329637857E+001 -0.4548525828259771E-001  0.4438099857589337E-001
 0.7027777800000000E-001  0.1047197600000000E+000 -0.2365707327699256E+001  0.2012998927933894E+001  0.2013762293852580E+001 -0.4961303330491558E-001  0.4546055421538312E-001
 0.7666666699999999E-001  0.1047197600000000E+000 -0.2313965510858547E+001  0.1980902043444884E+001  0.1981768989943527E+001 -0.5388967494492643E-001  0.4612698024868656E-001
 0.8333333300000000E-001  0.1047197600000000E+000 -0.2259941960452359E+001  0.1946762009258692E+001  0.1947740640599041E+001 -0.5830209386023162E-001  0.4639714230859349E-001
 0.9027777800000000E-001  0.1047197600000000E+000 -0.2204080700149389E+001  0.1910755349004277E+001  0.1911851630351157E+001 -0.6283641370286057E-001  0.4629950057380198E-001
 0.9750000000000000E-001  0.1047197600000000E+000 -0.2146818795521988E+001  0.1873078918258970E+001  0.1874296344707832E+001 -0.6747794027766889E-001  0.4587084773834210E-001
 0.1050000000000000E+000  0.1047197600000000E+000 -0.2088570257926166E+001  0.1833941011802709E+001  0.1835280463020333E+001 -0.7221114186361773E-001  0.4515305446773016E-001
 0.1127777800000000E+000  0.1047197600000000E+000 -0.2029714704139698E+001  0.1793553521592806E+001  0.1795013291065625E+001 -0.7701962200435829E-001  0.4419013451296541E-001
 0.1208333300000000E+000  0.1047197600000000E+000 -0.1970590545198886E+001  0.1752125460482764E+001  0.1753701429143798E+001 -0.8188608349544234E-001  0.4302582493336696E-001
 0.1291666700000000E+000  0.1047197600000000E+000 -0.1911491595624989E+001  0.1709857634248806E+001  0.1711543549598022E+001 -0.8679232429184792E-001  0.4170175007542988E-001
 0.1377777800000000E+000  0.1047197600000000E+000 -0.1852667501258571E+001  0.1666939291386396E+001  0.1668727109381142E+001 -0.9171916729169824E-001  0.4025618355784560E-001
 0.1466666700000000E+000  0.1047197600000000E+000 -0.1794325313330668E+001  0.1623545330668428E+001  0.1625425585379599E+001 -0.9664647772394316E-001  0.3872330219275916E-001
 0.1558333300000000E+000  0.1047197600000000E+000 -0.1736633302948432E+001  0.1579835198306811E+001  0.1581797368192364E+001 -0.1015531173002233E+000  0.3713287452153409E-001
 0.1652777800000000E+000  0.1047197600000000E+000 -0.1679724866142934E+001  0.1535952162205822E+001  0.1537985012957714E+001 -0.1064169650317850E+000  0.3551024485153553E-001
 0.1750000000000000E+000  0.1047197600000000E+000 -0.1623703465728590E+001  0.1492023817388697E+001  0.1494115707120276E+001 -0.1112148873400073E+000  0.3387655370390188E-001
 0.1850000000000000E+000  0.1047197600000000E+000 -0.1568646656500679E+001  0.1448162403878948E+001  0.1450301545332815E+001 -0.1159227977836274E+000  0.3224906899193887E-001
 0.1952777800000000E+000  0.1047197600000000E+000 -0.1514610512494342E+001  0.1404465952498002E+001  0.1406640629989903E+001 -0.1205156778546895E+000  0.3064160779338664E-001
 0.2058333300000000E+000  0.1047197600000000E+000 -0.1461633405085647E+001  0.1361019421823202E+001  0.1363218165346147E+001 -0.1249676402505196E+000  0.2906497626397805E-001
 0.2166666700000000E+000  0.1047197600000000E+000 -0.1409739147323282E+001  0.1317895765725549E+001  0.1320107486360719E+001 -0.1292520298697635E+000  0.2752739757026106E-001
 0.2277777800000000E+000  0.1047197600000000E+000 -0.1358940225365908E+001  0.1275157464776983E+001  0.1277371556358598E+001 -0.1333415030979204E+000  0.2603492963701374E-001
 0.2391666700000000E+000  0.1047197600000000E+000 -0.1309239906317559E+001  0.1232857456924811E+001  0.1235063869639921E+001 -0.1372081893397661E+000  0.2459182489961611E-001
 0.2508333300000000E+000  0.1047197600000000E+000 -0.1260634521531832E+001  0.1191040479567827E+001  0.1193229770566673E+001 -0.1408238311973964E+000  0.2320086448690565E-001
 0.2627777800000000E+000  0.1047197600000000E+000 -0.1213114946070545E+001  0.1149743947484187E+001  0.1151907313224766E+001 -0.1441599866192761E+000  0.2186363595220146E-001
 0.2750000000000000E+000  0.1047197600000000E+000 -0.1166668269746350E+001  0.1108999165550844E+001  0.1111128460152655E+001 -0.1471882210230570E+000  0.2058078378627623E-001
 0.2875000000000000E+000  0.1047197600000000E+000 -0.1121278633806985E+001  0.1068831950044662E+001  0.1070919692837845E+001 -0.1498803677439685E+000  0.1935220557813938E-001
 0.3002777800000000E+000  0.1047197600000000E+000 -0.1076928289097175E+001  0.1029263537969743E+001  0.1031302913252535E+001 -0.1522087832906676E+000  0.1817722668132806E-001
 0.3133333300000000E+000  0.1047197600000000E+000 -0.1033598299306796E+001  0.9903112588860992E+000  0.9922961100491517E+000 -0.1541466413734086E+000  0.1705474026246283E-001
 0.3266666700000000E+000  0.1047197600000000E+000 -0.9912689676369943E+000  0.9519890088422911E+000  0.9539138283669695E+000 -0.1556682550051216E+000  0.1598331875784213E-001
 0.3402777800000000E+000  0.1047197600000000E+000 -0.9499204973560209E+000  0.9143079703798239E+000  0.9161678874516480E+000 -0.1567494053962933E+000  0.1496131296298518E-001
 0.3541666700000000E+000  0.1047197600000000E+000 -0.9095330948287165E+000  0.8772768517700046E+000  0.8790676178110270E+000 -0.1573677083108274E+000  0.1398692137136637E-001
 0.3683333300000000E+000  0.1047197600000000E+000 -0.8700873705285528E+000  0.8409024082567221E+000  0.8426203815328491E+000 -0.1575029822330080E+000  0.1305825417879242E-001
 0.3827777800000000E+000  0.1047197600000000E+000 -0.8315643744092152E+000  0.8051896350577178E+000  0.8068317642693860E+000 -0.1571376338778766E+000  0.1217337766457339E-001
 0.3975000000000000E+000  0.1047197600000000E+000 -0.7939459116577094E+000  0.7701422193846225E+000  0.7717060270629800E+000 -0.1562570486111994E+000  0.1133035644621265E-001
 0.4125000000000000E+000  0.1047197600000000E+000 -0.7572144334047715E+000  0.7357625963530330E+000  0.7372461614079578E+000 -0.1548499799972347E+000  0.1052727879001204E-001
 0.4277777800000000E+000  0.1047197600000000E+000 -0.7213531903564415E+000  0.7020522424290032E+000  0.7034541823969870E+000 -0.1529089345834092E+000  0.9762282393645705E-002
 0.4433333300000000E+000  0.1047197600000000E+000 -0.6863462460887427E+000  0.6690118318916927E+000  0.6703312845803882E+000 -0.1504305441882216E+000  0.9033572472272983E-002
 0.4591666700000000E+000  0.1047197600000000E+000 -0.6521783850299838E+000  0.6366412851047574E+000  0.6378778892840665E+000 -0.1474159086009694E+000  0.8339434330908195E-002
 0.4752777800000000E+000  0.1047197600000000E+000 -0.6188352480152504E+000  0.6049400231239723E+000  0.6060938986850232E+000 -0.1438709275614733E+000  0.7678248126236306E-002
 0.4916666700000000E+000  0.1047197600000000E+000 -0.5863031463585119E+000  0.5739069094178874E+000  0.5749786360980973E+000 -0.1398065705832656E+000  0.7048495276264479E-002
 0.5083333300000000E+000  0.1047197600000000E+000 -0.5545691254762583E+000  0.5435404191160476E+000  0.5445310142612851E+000 -0.1352391234087319E+000  0.6448768888432916E-002
 0.5247222200000000E+000  0.1047197600000000E+000 -0.5246152997911034E+000  0.5147943383712743E+000  0.5157077990848468E+000 -0.1303618953561005E+000  0.5895913555583298E-002
 0.5408333300000000E+000  0.1047197600000000E+000 -0.4963121925443628E+000  0.4875604692300683E+000  0.4884008765461306E+000 -0.1252351748004731E+000  0.5385405742943669E-002
 0.5566666700000000E+000  0.1047197600000000E+000 -0.4695433625113732E+000  0.4617403100815749E+000  0.4625117690543648E+000 -0.1199157611656135E+000  0.4913326861940809E-002
 0.5722222200000000E+000  0.1047197600000000E+000 -0.4442037532076338E+000  0.4372440105068822E+000  0.4379506020943886E+000 -0.1144567267881760E+000  0.4476274101366015E-002
 0.5875000000000000E+000  0.1047197600000000E+000 -0.4201981228688643E+000  0.4139892892897400E+000  0.4146350315661483E+000 -0.1089072180724047E+000  0.4071282728991181E-002
 0.6025000000000000E+000  0.1047197600000000E+000 -0.3974399374144045E+000  0.3919007107132274E+000  0.3924895284263789E+000 -0.1033123767536984E+000  0.3695764731046858E-002
 0.6172222200000000E+000  0.1047197600000000E+000 -0.3758502704137668E+000  0.3709088985887903E+000  0.3714445992972187E+000 -0.9771328731446306E-001  0.3347454326099910E-002
 0.6316666700000000E+000  0.1047197600000000E+000 -0.3553569260409083E+000  0.3509499116088282E+000  0.3514361674951161E+000 -0.9214699420161680E-001  0.3024362875522088E-002
 0.6458333300000000E+000  0.1047197600000000E+000 -0.3358937433192088E+000  0.3319647519538427E+000  0.3324050865325821E+000 -0.8664658338317921E-001  0.2724741290732177E-002
 0.6597222200000000E+000  0.1047197600000000E+000 -0.3173998518394384E+000  0.3138987921046493E+000  0.3142965706873377E+000 -0.8124126220517175E-001  0.2447045486072931E-002
 0.6733333300000000E+000  0.1047197600000000E+000 -0.2998192113185630E+000  0.2967014507756038E+000  0.2970598745057647E+000 -0.7595652696151912E-001  0.2189909337050056E-002
 0.6866666700000000E+000  0.1047197600000000E+000 -0.2831000601757031E+000  0.2803257579946021E+000  0.2806478605053130E+000 -0.7081431082813860E-001  0.1952118730920674E-002
 0.6997222200000000E+000  0.1047197600000000E+000 -0.2671945579224926E+000  0.2647280916580749E+000  0.2650167381711966E+000 -0.6583319107481543E-001  0.1732590522323069E-002
 0.7125000000000000E+000  0.1047197600000000E+000 -0.2520583296896265E+000  0.2498678035998577E+000  0.2501256917279502E+000 -0.6102856517344805E-001  0.1530351740233996E-002
 0.7250000000000000E+000  0.1047197600000000E+000 -0.2376502286482734E+000  0.2357070472546220E+000  0.2359367095215152E+000 -0.5641289070433576E-001  0.1344523154505422E-002
 0.7372222200000000E+000  0.1047197600000000E+000 -0.2239320014665485E+000  0.2222105004850913E+000  0.2224143079733066E+000 -0.5199588891081712E-001  0.1174302517300921E-002
 0.7491666700000000E+000  0.1047197600000000E+000 -0.2108680372035186E+000  0.2093451621113810E+000  0.2095253290865482E+000 -0.4778476597186480E-001  0.1018949796138363E-002
 0.7608333300000000E+000  0.1047197600000000E+000 -0.1984251863596813E+000  0.1970802108456687E+000  0.1972388002048533E+000 -0.4378444680733529E-001  0.8777739039224588E-003
 0.7722222200000000E+000  0.1047197600000000E+000 -0.1865724850217071E+000  0.1853867651276868E+000  0.1855256942678097E+000 -0.3999776668482760E-001  0.7501189041127358E-003
 0.7833333300000000E+000  0.1047197600000000E+000 -0.1752810514399233E+000  0.1742378081800038E+000  0.1743588553923713E+000 -0.3642570560899979E-001  0.6353527557437587E-003
 0.7941666700000000E+000  0.1047197600000000E+000 -0.1645238730252138E+000  0.1636080011515385E+000  0.1637128121832551E+000 -0.3306757401498410E-001  0.5328553686752834E-003
 0.8047222200000000E+000  0.1047197600000000E+000 -0.1542757125376838E+000  0.1534736106005135E+000  0.1535637054354656E+000 -0.2992122216519711E-001  0.4420085572588467E-003
 0.8149999999999999E+000  0.1047197600000000E+000 -0.1445129092491188E+000  0.1438123294229547E+000  0.1438891090063656E+000 -0.2698320247685152E-001  0.3621858171508161E-003
 0.8250000000000000E+000  0.1047197600000000E+000 -0.1352133300994728E+000  0.1346032437117604E+000  0.1346679967417634E+000 -0.2424896379583928E-001  0.2927445514899598E-003
 0.8347222200000000E+000  0.1047197600000000E+000 -0.1263562243715832E+000  0.1258267022502908E+000  0.1258806118149939E+000 -0.2171300139146364E-001  0.2330188190553782E-003
 0.8441666700000000E+000  0.1047197600000000E+000 -0.1179221282037829E+000  0.1174642335809226E+000  0.1175083836501604E+000 -0.1936900827908402E-001  0.1823143699274127E-003
 0.8533333300000000E+000  0.1047197600000000E+000 -0.1098928124037998E+000  0.1094985046029511E+000  0.1095338863694612E+000 -0.1721002428244702E-001  0.1399062056224726E-003
 0.8622222200000000E+000  0.1047197600000000E+000 -0.1022511404326504E+000  0.1019131888589443E+000  0.1019407067860765E+000 -0.1522854684610637E-001  0.1050384329023124E-003
 0.8708333300000000E+000  0.1047197600000000E+000 -0.9498105717805319E-001  0.9469296348772183E-001  0.9471344117891307E-001 -0.1341666447059270E-001  0.7692815954236767E-004
 0.8791666700000000E+000  0.1047197600000000E+000 -0.8806747879993798E-001  0.8782340713317864E-001  0.8783759289074408E-001 -0.1176615091787789E-001  0.5477256651277810E-004
 0.8872222200000000E+000  0.1047197600000000E+000 -0.8149627347239262E-001  0.8129098731299654E-001  0.8129955946025061E-001 -0.1026857050027210E-001  0.3776027580177780E-004
 0.8950000000000000E+000  0.1047197600000000E+000 -0.7525414755268119E-001  0.7508295313175947E-001  0.7508652500056380E-001 -0.8915349458450064E-002  0.2508619731309322E-004
 0.9025000000000000E+000  0.1047197600000000E+000 -0.6932865145976939E-001  0.6918734636338580E-001  0.6918647104559926E-001 -0.7697864626575742E-002  0.1596992372471588E-004
 0.9097222200000000E+000  0.1047197600000000E+000 -0.6370809944284667E-001  0.6359292640675603E-001  0.6358810119084356E-001 -0.6607502268816679E-002  0.9675925148412144E-005
 0.9166666700000000E+000  0.1047197600000000E+000 -0.5838152643183267E-001  0.5828913160418404E-001  0.5828080213001817E-001 -0.5635716775226282E-002  0.5534114222087465E-005
 0.9233333300000000E+000  0.1047197600000000E+000 -0.5333867822539914E-001  0.5326607333646413E-001  0.5325463748953432E-001 -0.4774086731138311E-002  0.2958340569644919E-005
 0.9297222200000000E+000  0.1047197600000000E+000 -0.4856992077568847E-001  0.4851444915655543E-001  0.4850026065231248E-001 -0.4014349180423866E-002  0.1460138822913698E-005
 0.9358333300000000E+000  0.1047197600000000E+000 -0.4406625895006407E-001  0.4402556459609873E-001  0.4400893632750041E-001 -0.3348446659892310E-002  0.6554435113410648E-006
 0.9416666700000000E+000  0.1047197600000000E+000 -0.3981926710169209E-001  0.3979126680970929E-001  0.3977247390650985E-001 -0.2768553314504355E-002  0.2625974624891835E-006
 0.9472222200000000E+000  0.1047197600000000E+000 -0.3582109630119008E-001  0.3580395432930967E-001  0.3578323697450637E-001 -0.2267107686810109E-002  0.9169304300360987E-007
 0.9525000000000000E+000  0.1047197600000000E+000 -0.3206439641829766E-001  0.3205650167139724E-001  0.3203406763134336E-001 -0.1836829341142758E-002  0.2706951994365886E-007
 0.9575000000000000E+000  0.1047197600000000E+000 -0.2854234163940160E-001  0.2854228686301817E-001  0.2851831377929930E-001 -0.1470745044112155E-002  0.6495850359100637E-008
 0.9622222200000000E+000  0.1047197600000000E+000 -0.2524857849312183E-001  0.2525514150044026E-001  0.2522977889738274E-001 -0.1162201429406350E-002  0.1203149410926328E-008
 0.9666666700000000E+000  0.1047197600000000E+000 -0.2217720492904470E-001  0.2218933160374051E-001  0.2216270261170775E-001 -0.9048788903592738E-003  0.1605485308176859E-009
 0.9708333300000000E+000  0.1047197600000000E+000 -0.1932277833244002E-001  0.1933956722982328E-001  0.1931177000909848E-001 -0.6928048023683690E-003  0.1413227327720864E-010
 0.9747222200000000E+000  0.1047197600000000E+000 -0.1668024935440417E-001  0.1670093792963552E-001  0.1667204672130073E-001 -0.5203584605697831E-003  0.7713477914381571E-012
 0.9783333300000000E+000  0.1047197600000000E+000 -0.1424499358982135E-001  0.1426894582405096E-001  0.1423901159912132E-001 -0.3822817690471445E-003  0.3597349521094438E-013
 0.9816666700000000E+000  0.1047197600000000E+000 -0.1201276245752194E-001  0.1203945800880116E-001  0.1200850857166929E-001 -0.2736822127971953E-003  0.2531979715178752E-014
 0.9847222200000000E+000  0.1047197600000000E+000 -0.9979703187629176E-002  0.1000872804111568E-001  0.9976767437771841E-002 -0.1900386845965803E-003  0.1125428395187031E-015
 0.9875000000000000E+000  0.1047197600000000E+000 -0.8142299714312805E-002  0.8173338632768631E-002  0.8140345528807479E-002 -0.1272022725288320E-003  0.1531741090177704E-017
 0.9900000000000000E+000  0.1047197600000000E+000 -0.6497408248480553E-002  0.6530239307803797E-002  0.6496163896992072E-002 -0.8140034283796940E-004  0.4810335643816782E-019
 0.9922222200000000E+000  0.1047197600000000E+000 -0.5042220690481432E-002  0.5076712483788512E-002  0.5041471313664598E-002 -0.4923671930399948E-004  0.2032172193716141E-020
 0.9941666700000000E+000  0.1047197600000000E+000 -0.3774255985887850E-002  0.3810362919695128E-002  0.3773836115634420E-002 -0.2769264853754830E-004  0.2469380286014555E-022
 0.9958333300000000E+000  0.1047197600000000E+000 -0.2691378452265514E-002  0.2729152212893624E-002  0.2691164951550056E-002 -0.1412755077176483E-004  0.6150331089535364E-023
 0.9972222200000000E+000  0.1047197600000000E+000 -0.1791745509865886E-002  0.1830816661198498E-002  0.1791650885946229E-002 -0.6278366422585725E-005  0.6296542912617292E-023
 0.9983333300000000E+000  0.1047197600000000E+000 -0.1073847550985101E-002  0.1114574541799671E-002  0.1073813562424318E-002 -0.2260053298276258E-005  0.4040232472858452E-022
 0.9991666700000000E+000  0.1047197600000000E+000 -0.5364708052621018E-003  0.5700029398215959E-003  0.5364623224592545E-003 -0.5649747592806190E-006  0.1181794130450609E-021
 0.9997222200000000E+000  0.1047197600000000E+000 -0.1787259062413220E-003  0.2008169567342305E-003  0.1787249647374499E-003 -0.6277407111586330E-007 -0.9947324986917829E-023
 0.1000000000000000E+001  0.1047197600000000E+000  0.1218014475445324E-026 -0.2349439679531647E-026 -0.2530378985320905E-026 -0.6198825641829432E-038 -0.1832458483211621E-039

 0.0000000000000000E+000  0.2058284800000000E+000 -0.2787907470050687E+001  0.2286171004557386E+001  0.2288455327626304E+001 -0.8352718342714094E-002  0.1183983587039407E-001
 0.2777777800000000E-003  0.2058284800000000E+000 -0.2787863755635970E+001  0.2286130233624818E+001  0.2288412972927170E+001 -0.8354422676556958E-002  0.1184849145463456E-001
 0.8333333300000000E-003  0.2058284800000000E+000 -0.2787515361355859E+001  0.2285805343285600E+001  0.2288075505192471E+001 -0.8368081533000431E-002  0.1191768806960180E-001
 0.1666666700000000E-002  0.2058284800000000E+000 -0.2786359791897640E+001  0.2284728455696670E+001  0.2286957345998204E+001 -0.8414361641571761E-002  0.1214996444414029E-001
 0.2777777800000000E-002  0.2058284800000000E+000 -0.2783744243747551E+001  0.2282295506207768E+001  0.2284433435369078E+001 -0.8524804576068440E-002  0.1269170991298619E-001
 0.4166666700000000E-002  0.2058284800000000E+000 -0.2779084772581888E+001  0.2277978996316799E+001  0.2279963671381307E+001 -0.8742256364943857E-002  0.1371427773255854E-001
 0.5833333300000000E-002  0.2058284800000000E+000 -0.2772153459925592E+001  0.2271610038685669E+001  0.2273388534609540E+001 -0.9119312720356708E-002  0.1538074775115589E-001
 0.7777777800000000E-002  0.2058284800000000E+000 -0.2763201328451249E+001  0.2263507690140535E+001  0.2265060171616399E+001 -0.9711576122794319E-002  0.1780798172566265E-001
 0.1000000000000000E-001  0.2058284800000000E+000 -0.2752748989505389E+001  0.2254288703108113E+001  0.2255635596429335E+001 -0.1056597259463276E-001  0.2104236904225378E-001
 0.1250000000000000E-001  0.2058284800000000E+000 -0.2741217917982252E+001  0.2244513134472400E+001  0.2245702918835192E+001 -0.1171092770730241E-001  0.2505947256119043E-001
 0.1527777800000000E-001  0.2058284800000000E+000 -0.2728707469132198E+001  0.2234457745200085E+001  0.2235548568512693E+001 -0.1315486783290801E-001  0.2978032620557868E-001
 0.1833333300000000E-001  0.2058284800000000E+000 -0.2714997786514939E+001  0.2224102715739208E+001  0.2225149301767834E+001 -0.1489185325461351E-001  0.3509034441777291E-001
 0.2166666700000000E-001  0.2058284800000000E+000 -0.2699665730563056E+001  0.2213229070733287E+001  0.2214277467721368E+001 -0.1690881438304392E-001  0.4085284462276809E-001
 0.2527777800000000E-001  0.2058284800000000E+000 -0.2682204781281349E+001  0.2201522310355858E+001  0.2202610079994827E+001 -0.1919073181858625E-001  0.4691670834458972E-001
 0.2916666700000000E-001  0.2058284800000000E+000 -0.2662110007424324E+001  0.2188643394760357E+001  0.2189802293555339E+001 -0.2172321337249161E-001  0.5312097329735606E-001
 0.3333333300000000E-001  0.2058284800000000E+000 -0.2638930897274148E+001  0.2174268951504716E+001  0.2175528200037530E+001 -0.2449328154297162E-001  0.5929896119389639E-001
 0.3777777800000000E-001  0.2058284800000000E+000 -0.2612303807684999E+001  0.2158112436871265E+001  0.2159501631313609E+001 -0.2748927968266165E-001  0.6528347511978801E-001
 0.4250000000000000E-001  0.2058284800000000E+000 -0.2581972548013174E+001  0.2139935622287349E+001  0.2141486859224229E+001 -0.3070044843023046E-001  0.7091341423147005E-001
 0.4750000000000000E-001  0.2058284800000000E+000 -0.2547800566545456E+001  0.2119555286967861E+001  0.2121304300795180E+001 -0.3411646763091088E-001  0.7604140743362300E-001
 0.5277777800000000E-001  0.2058284800000000E+000 -0.2509775615255164E+001  0.2096847176373809E+001  0.2098833411714626E+001 -0.3772705696102160E-001  0.8054149224087466E-001
 0.5833333300000000E-001  0.2058284800000000E+000 -0.2468006584597894E+001  0.2071747604879823E+001  0.2074013264023149E+001 -0.4152167427942272E-001  0.8431572919568617E-001
 0.6416666700000000E-001  0.2058284800000000E+000 -0.2422712581821973E+001  0.2044252568643927E+001  0.2046840803946539E+001 -0.4548930657687938E-001  0.8729872530441363E-001
 0.7027777800000000E-001  0.2058284800000000E+000 -0.2374205344446161E+001  0.2014414306819519E+001  0.2017366846173335E+001 -0.4961832591262743E-001  0.8945939654753349E-001
 0.7666666699999999E-001  0.2058284800000000E+000 -0.2322866707724677E+001  0.1982335322513731E+001  0.1985689890751641E+001 -0.5389640747115157E-001  0.9079982609623748E-001
 0.8333333300000000E-001  0.2058284800000000E+000 -0.2269123836889066E+001  0.1948160431513433E+001  0.1951948334335482E+001 -0.5831047370681996E-001  0.9135154730943473E-001
 0.9027777800000000E-001  0.2058284800000000E+000 -0.2213424661209316E+001  0.1912067433282803E+001  0.1916311608469634E+001 -0.6284666442765742E-001  0.9116997786911597E-001
 0.9750000000000000E-001  0.2058284800000000E+000 -0.2156215909944696E+001  0.1874257330943223E+001  0.1878971060407768E+001 -0.6749030714433957E-001  0.9032789062256615E-001
 0.1050000000000000E+000  0.2058284800000000E+000 -0.2097925065193595E+001  0.1834944751449713E+001  0.1840131104440426E+001 -0.7222589776053875E-001  0.8890878314671026E-001
 0.1127777800000000E+000  0.2058284800000000E+000 -0.2038947138466158E+001  0.1794349321517142E+001  0.1800001287053447E+001 -0.7703707286257126E-001  0.8700082886477423E-001
 0.1208333300000000E+000  0.2058284800000000E+000 -0.1979636278924839E+001  0.1752688435589507E+001  0.1758789624184138E+001 -0.8190657243739558E-001  0.8469185249013027E-001
 0.1291666700000000E+000  0.2058284800000000E+000 -0.1920301212772855E+001  0.1710171280087485E+001  0.1716697038626533E+001 -0.8681623396289713E-001  0.8206550228176550E-001
 0.1377777800000000E+000  0.2058284800000000E+000 -0.1861204925376799E+001  0.1666994991286904E+001  0.1673913759678272E+001 -0.9174691998694610E-001  0.7919866364993268E-001
 0.1466666700000000E+000  0.2058284800000000E+000 -0.1802565852158229E+001  0.1623341528157139E+001  0.1630616297690611E+001 -0.9667853322810842E-001  0.7615990421505078E-001
 0.1558333300000000E+000  0.2058284800000000E+000 -0.1744561594179402E+001  0.1579376384766422E+001  0.1586966135302344E+001 -0.1015899684152135E+000  0.7300882752081651E-001
 0.1652777800000000E+000  0.2058284800000000E+000 -0.1687332913064377E+001  0.1535247795829879E+001  0.1543108833872115E+001 -0.1064591309710146E+000  0.6979604651028343E-001
 0.1750000000000000E+000  0.2058284800000000E+000 -0.1630988880686473E+001  0.1491087264206173E+001  0.1499174407760181E+001 -0.1112629051197827E+000  0.6656364658701286E-001
 0.1850000000000000E+000  0.2058284800000000E+000 -0.1575611161160821E+001  0.1447009954947010E+001  0.1455277546125147E+001 -0.1159772119072963E+000  0.6334587843036937E-001
 0.1952777800000000E+000  0.2058284800000000E+000 -0.1521258710404759E+001  0.1403115953293161E+001  0.1411518691562148E+001 -0.1205770284557792E+000  0.6017003280695984E-001
 0.2058333300000000E+000  0.2058284800000000E+000 -0.1467971810662033E+001  0.1359491526876594E+001  0.1367985133870863E+001 -0.1250364499425432E+000  0.5705734888325052E-001
 0.2166666700000000E+000  0.2058284800000000E+000 -0.1415775441504801E+001  0.1316210318943813E+001  0.1324752052152842E+001 -0.1293287895641634E+000  0.5402389376639472E-001
 0.2277777800000000E+000  0.2058284800000000E+000 -0.1364682706670575E+001  0.1273334999734763E+001  0.1281884035193403E+001 -0.1334266569551789E+000  0.5108141565017021E-001
 0.2391666700000000E+000  0.2058284800000000E+000 -0.1314697098379937E+001  0.1230918302676234E+001  0.1239436009291364E+001 -0.1373021192221501E+000  0.4823807615984262E-001
 0.2508333300000000E+000  0.2058284800000000E+000 -0.1265814908150185E+001  0.1189004459374848E+001  0.1197454584992808E+001 -0.1409268408383519E+000  0.4549912646505004E-001
 0.2627777800000000E+000  0.2058284800000000E+000 -0.1218026802911256E+001  0.1147630154640794E+001  0.1155978942372654E+001 -0.1442722859312553E+000  0.4286746712632241E-001
 0.2750000000000000E+000  0.2058284800000000E+000 -0.1171319571794071E+001  0.1106825803418639E+001  0.1115042054893726E+001 -0.1473099108464095E+000  0.4034415022325052E-001
 0.2875000000000000E+000  0.2058284800000000E+000 -0.1125677015926365E+001  0.1066616222755159E+001  0.1074671320634574E+001 -0.1500114255912648E+000  0.3792877124850333E-001
 0.3002777800000000E+000  0.2058284800000000E+000 -0.1081081046742208E+001  0.1027021581711764E+001  0.1034889483082879E+001 -0.1523490504924165E+000  0.3561981624646654E-001
 0.3133333300000000E+000  0.2058284800000000E+000 -0.1037512416282996E+001  0.9880581042595512E+000  0.9957153131721524E+000 -0.1542958121863157E+000  0.3341493902710239E-001
 0.3266666700000000E+000  0.2058284800000000E+000 -0.9949511608801130E+000  0.9497385667549065E+000  0.9571640916270394E+000 -0.1558258682603270E+000  0.3131118086893892E-001
 0.3402777800000000E+000  0.2058284800000000E+000 -0.9533772735625997E+000  0.9120730354123552E+000  0.9192483379278279E+000 -0.1569148391698687E+000  0.2930516499968058E-001
 0.3541666700000000E+000  0.2058284800000000E+000 -0.9127708110494289E+000  0.8750691180866154E+000  0.8819780546553022E+000 -0.1575401782446074E+000  0.2739323203689385E-001
 0.3683333300000000E+000  0.2058284800000000E+000 -0.8731122967838070E+000  0.8387324942323883E+000  0.8453612543807755E+000 -0.1576815439194568E+000  0.2557156457650565E-001
 0.3827777800000000E+000  0.2058284800000000E+000 -0.8343827537160459E+000  0.8030671138346264E+000  0.8094041550911586E+000 -0.1573211897735335E+000  0.2383627305043856E-001
 0.3975000000000000E+000  0.2058284800000000E+000 -0.7965640170764062E+000  0.7680756528403315E+000  0.7741116352090157E+000 -0.1564443597300170E+000  0.2218347730869975E-001
 0.4125000000000000E+000  0.2058284800000000E+000 -0.7596386184546765E+000  0.7337595712750055E+000  0.7394872887219066E+000 -0.1550396825990996E+000  0.2060935494663214E-001
 0.4277777800000000E+000  0.2058284800000000E+000 -0.7235899332539211E+000  0.7001194073986100E+000  0.7055337184099427E+000 -0.1530995618063259E+000  0.1911019059150436E-001
 0.4433333300000000E+000  0.2058284800000000E+000 -0.6884021863941487E+000  0.6671549341920032E+000  0.6722526901975499E+000 -0.1506205524354862E+000  0.1768241016222635E-001
 0.4591666700000000E+000  0.2058284800000000E+000 -0.6540603517438497E+000  0.6348652073620787E+000  0.6396451776501445E+000 -0.1476037082499708E+000  0.1632260440793718E-001
 0.4752777800000000E+000  0.2058284800000000E+000 -0.6205502800558051E+000  0.6032488188462595E+000  0.6077116135646901E+000 -0.1440549173467365E+000  0.1502755682702890E-001
 0.4916666700000000E+000  0.2058284800000000E+000 -0.5878585036858213E+000  0.5723038380000912E+000  0.5764518257691746E+000 -0.1399851747559490E+000  0.1379425531676295E-001
 0.5083333300000000E+000  0.2058284800000000E+000 -0.5559722921776548E+000  0.5420279796950908E+000  0.5458652016325629E+000 -0.1354108305853640E+000  0.1261991178694838E-001
 0.5247222200000000E+000  0.2058284800000000E+000 -0.5258785549670522E+000  0.5133712766688747E+000  0.5169131764279676E+000 -0.1305255886689180E+000  0.1153747537332272E-001
 0.5408333300000000E+000  0.2058284800000000E+000 -0.4974470633225127E+000  0.4862249062018111E+000  0.4894872319180936E+000 -0.1253899761816356E+000  0.1053805485694652E-001
 0.5566666700000000E+000  0.2058284800000000E+000 -0.4705606589461298E+000  0.4604898801748892E+000  0.4634884565725005E+000 -0.1200610247699566E+000  0.9613951219564942E-002
 0.5722222200000000E+000  0.2058284800000000E+000 -0.4451135985409380E+000  0.4360759754232875E+000  0.4388265210309453E+000 -0.1145920264281833E+000  0.8758481228577296E-002
 0.5875000000000000E+000  0.2058284800000000E+000 -0.4210099802907708E+000  0.4129006323530590E+000  0.4154186123786068E+000 -0.1090323299840583E+000  0.7965823936228734E-002
 0.6025000000000000E+000  0.2058284800000000E+000 -0.3981626357086475E+000  0.3908882146348536E+000  0.3931887257211802E+000 -0.1034272591085175E+000  0.7230899500619896E-002
 0.6172222200000000E+000  0.2058284800000000E+000 -0.3764920286161792E+000  0.3699692100419797E+000  0.3720668901419449E+000 -0.9781805762859341E-001  0.6549261717102519E-002
 0.6316666700000000E+000  0.2058284800000000E+000 -0.3559253779739244E+000  0.3500795946664332E+000  0.3519885545748559E+000 -0.9224190574690821E-001  0.5917009133343054E-002
 0.6458333300000000E+000  0.2058284800000000E+000 -0.3363959624884488E+000  0.3311603320464144E+000  0.3328941055926348E+000 -0.8673200154975827E-001  0.5330710981739792E-002
 0.6597222200000000E+000  0.2058284800000000E+000 -0.3178423762828091E+000  0.3131567925238744E+000  0.3147283010733313E+000 -0.8131764149698079E-001  0.4787339183806520E-002
 0.6733333300000000E+000  0.2058284800000000E+000 -0.3002080691040176E+000  0.2960184222946643E+000  0.2974399528392568E+000 -0.7602438931215169E-001  0.4284215127195492E-002
 0.6866666700000000E+000  0.2058284800000000E+000 -0.2834407949188806E+000  0.2796983031827692E+000  0.2809814963979608E+000 -0.7087422559513169E-001  0.3818958646450002E-002
 0.6997222200000000E+000  0.2058284800000000E+000 -0.2674922546235323E+000  0.2641528842969314E+000  0.2653087318710399E+000 -0.6588575707299020E-001  0.3389446653055381E-002
 0.7125000000000000E+000  0.2058284800000000E+000 -0.2523176403121231E+000  0.2493416044112348E+000  0.2503804528269242E+000 -0.6107439484983201E-001  0.2993772297712925E-002
 0.7250000000000000E+000  0.2058284800000000E+000 -0.2378753977707024E+000  0.2352267159665441E+000  0.2361582767913452E+000 -0.5645259660437670E-001  0.2630212694164898E-002
 0.7372222200000000E+000  0.2058284800000000E+000 -0.2241268914805725E+000  0.2217730051885123E+000  0.2226063696187120E+000 -0.5203007235519035E-001  0.2297196032032567E-002
 0.7491666700000000E+000  0.2058284800000000E+000 -0.2110361530636520E+000  0.2089475861696584E+000  0.2096912432560041E+000 -0.4781400788306472E-001  0.1993272606210500E-002
 0.7608333300000000E+000  0.2058284800000000E+000 -0.1985696998288740E+000  0.1967197576032139E+000  0.1973816155740858E+000 -0.4380930056391449E-001  0.1717088790862105E-002
 0.7722222200000000E+000  0.2058284800000000E+000 -0.1866962580616099E+000  0.1850607610989740E+000  0.1856481702472222E+000 -0.4001875278702922E-001  0.1467359999414116E-002
 0.7833333300000000E+000  0.2058284800000000E+000 -0.1753866589503348E+000  0.1739437045390765E+000  0.1744634820737293E+000 -0.3644330801665485E-001  0.1242848623603453E-002
 0.7941666700000000E+000  0.2058284800000000E+000 -0.1646136246135008E+000  0.1633433741453862E+000  0.1638018296461900E+000 -0.3308223790688176E-001  0.1042340631364068E-002
 0.8047222200000000E+000  0.2058284800000000E+000 -0.1543516734356906E+000  0.1532361608025828E+000  0.1536391224766620E+000 -0.2993335294471993E-001  0.8646258851775993E-003
 0.8149999999999999E+000  0.2058284800000000E+000 -0.1445769201604606E+000  0.1435998803395715E+000  0.1439527210377223E+000 -0.2699316578869041E-001  0.7084781198015718E-003
 0.8250000000000000E+000  0.2058284800000000E+000 -0.1352670261457588E+000  0.1344137395347624E+000  0.1347214029937806E+000 -0.2425708639754049E-001  0.5726397157407626E-003
 0.8347222200000000E+000  0.2058284800000000E+000 -0.1264010529761275E+000  0.1256582051884832E+000  0.1259252316648910E+000 -0.2171957267458147E-001  0.4558074971685997E-003
 0.8441666700000000E+000  0.2058284800000000E+000 -0.1179593659712122E+000  0.1173149207855333E+000  0.1175454721176018E+000 -0.1937428229007323E-001  0.3566230072520290E-003
 0.8533333300000000E+000  0.2058284800000000E+000 -0.1099235810273282E+000  0.1093666647232384E+000  0.1095645488018454E+000 -0.1721422210431325E-001  0.2736677237440273E-003
 0.8622222200000000E+000  0.2058284800000000E+000 -0.1022764215575812E+000  0.1017972185395874E+000  0.1019659126560235E+000 -0.1523185920197202E-001  0.2054627628362233E-003
 0.8708333300000000E+000  0.2058284800000000E+000 -0.9500170634505815E-001  0.9459136360845684E-001  0.9473403711161967E-001 -0.1341925446082231E-001  0.1504764906724911E-003
 0.8791666700000000E+000  0.2058284800000000E+000 -0.8808423840352801E-001  0.8773477907923465E-001  0.8785431485187081E-001 -0.1176815678784084E-001  0.1071383490274134E-003
 0.8872222200000000E+000  0.2058284800000000E+000 -0.8150978481594040E-001  0.8121402914647956E-001  0.8131304417836083E-001 -0.1027010837587998E-001  0.7386108419023348E-004
 0.8950000000000000E+000  0.2058284800000000E+000 -0.7526496196715672E-001  0.7501645587926999E-001  0.7509732058179171E-001 -0.8916515983690435E-002  0.4906978155569648E-004
 0.9025000000000000E+000  0.2058284800000000E+000 -0.6933724057215929E-001  0.6913019022444107E-001  0.6919504685338995E-001 -0.7698739468385844E-002  0.3123784054344118E-004
 0.9097222200000000E+000  0.2058284800000000E+000 -0.6371486457473029E-001  0.6354407705053869E-001  0.6359485695557997E-001 -0.6608150450956554E-002  0.1892647027337268E-004
 0.9166666700000000E+000  0.2058284800000000E+000 -0.5838680717698751E-001  0.5824763648838192E-001  0.5828607631954348E-001 -0.5636190823019594E-002  0.1082491010561773E-004
 0.9233333300000000E+000  0.2058284800000000E+000 -0.5334276024577707E-001  0.5323105800632050E-001  0.5325871496163308E-001 -0.4774428615721801E-002  0.5786600289207682E-005
 0.9297222200000000E+000  0.2058284800000000E+000 -0.4857304283135157E-001  0.4848511363283702E-001  0.4850337958768459E-001 -0.4014592055704052E-002  0.2856068869219995E-005
 0.9358333300000000E+000  0.2058284800000000E+000 -0.4406861923269491E-001  0.4400117970832777E-001  0.4401129449829690E-001 -0.3348616397376362E-002  0.1282062152561668E-005
 0.9416666700000000E+000  0.2058284800000000E+000 -0.3982102889526398E-001  0.3977117059422444E-001  0.3977423429295937E-001 -0.2768669840544884E-002  0.5136457368999532E-006
 0.9472222200000000E+000  0.2058284800000000E+000 -0.3582239303146587E-001  0.3578754841306671E-001  0.3578453278363376E-001 -0.2267186134460718E-002  0.1793531314286556E-006
 0.9525000000000000E+000  0.2058284800000000E+000 -0.3206533612643347E-001  0.3204324773855052E-001  0.3203500674829418E-001 -0.1836881028879666E-002  0.5294837139854589E-007
 0.9575000000000000E+000  0.2058284800000000E+000 -0.2854301093947679E-001  0.2853170311535034E-001  0.2851898270829127E-001 -0.1470778297662958E-002  0.1270596326758988E-007
 0.9622222200000000E+000  0.2058284800000000E+000 -0.2524904604847609E-001  0.2524679919520048E-001  0.2523024622556142E-001 -0.1162222261907684E-002  0.2353372815657420E-008
 0.9666666700000000E+000  0.2058284800000000E+000 -0.2217752449372356E-001  0.2218285164499129E-001  0.2216302204119220E-001 -0.9048915575293284E-003  0.3140343470120328E-009
 0.9708333300000000E+000  0.2058284800000000E+000 -0.1932299139781720E-001  0.1933461680468674E-001  0.1931198299657486E-001 -0.6928122487908542E-003  0.2764283497251130E-010
 0.9747222200000000E+000  0.2058284800000000E+000 -0.1668038743443948E-001  0.1669722723640491E-001  0.1667218475808278E-001 -0.5203626723690642E-003  0.1508762215532617E-011
 0.9783333300000000E+000  0.2058284800000000E+000 -0.1424508018340494E-001  0.1426622483836753E-001  0.1423909816970037E-001 -0.3822840476961451E-003  0.7036451965401085E-013
 0.9816666700000000E+000  0.2058284800000000E+000 -0.1201281471673631E-001  0.1203751333206392E-001  0.1200856081925039E-001 -0.2736833832780699E-003  0.4952576028871671E-014
 0.9847222200000000E+000  0.2058284800000000E+000 -0.9979733323568439E-002  0.1000737979981692E-001  0.9976797568170284E-002 -0.1900392500942332E-003  0.2201346280729300E-015
 0.9875000000000000E+000  0.2058284800000000E+000 -0.8142316166956806E-002  0.8172437454755205E-002  0.8140361978996371E-002 -0.1272025263502293E-003  0.2996006813638428E-017
 0.9900000000000000E+000  0.2058284800000000E+000 -0.6497416647812405E-002  0.6529663342557022E-002  0.6496172295328458E-002 -0.8140044694979347E-004  0.9421073767460160E-019
 0.9922222200000000E+000  0.2058284800000000E+000 -0.5042224632230332E-002  0.5076364485831017E-002  0.5041475255052467E-002 -0.4923675745038585E-004  0.3849188800837841E-020
 0.9941666700000000E+000  0.2058284800000000E+000 -0.3774257645045809E-002  0.3810167381346115E-002  0.3773837774679040E-002 -0.2769266061989401E-004  0.7521399810966889E-023
 0.9958333300000000E+000  0.2058284800000000E+000 -0.2691379055742875E-002  0.2729052540304097E-002  0.2691165554998112E-002 -0.1412755391968294E-004  0.1504017720151988E-022
 0.9972222200000000E+000  0.2058284800000000E+000 -0.1791745688384184E-002  0.1830772396467231E-002  0.1791651064458771E-002 -0.6278367044845066E-005 -0.1893304114589548E-022
 0.9983333300000000E+000  0.2058284800000000E+000 -0.1073847589495142E-002  0.1114558616319733E-002  0.1073813600933615E-002 -0.2260053378967337E-005  0.2000939134557259E-021
 0.9991666700000000E+000  0.2058284800000000E+000 -0.5364708100710798E-003  0.5699989603485777E-003  0.5364623272681866E-003 -0.5649747643258187E-006 -0.2589278890513161E-022
 0.9997222200000000E+000  0.2058284800000000E+000 -0.1787259064193228E-003  0.2008165146965023E-003  0.1787249649154501E-003 -0.6277407117817008E-007  0.2756096554880561E-022
 0.1000000000000000E+001  0.2058284800000000E+000  0.6359525765730594E-027 -0.1510073469465915E-027 -0.1188873065789783E-026 -0.3243387836413845E-038 -0.5977046253564002E-040

 0.0000000000000000E+000  0.3033261900000000E+000 -0.2789257217811069E+001  0.2284821269279748E+001  0.2289704862577953E+001 -0.8352718342714094E-002  0.1730488778922507E-001
 0.2777777800000000E-003  0.3033261900000000E+000 -0.2789212649002539E+001  0.2284781249878900E+001  0.2289661455931111E+001 -0.8354423492092344E-002  0.1731754233669010E-001
 0.8333333300000000E-003  0.3033261900000000E+000 -0.2788857485574815E+001  0.2284462341761612E+001  0.2289315634386760E+001 -0.8368088739493070E-002  0.1741870874096357E-001
 0.1666666700000000E-002  0.3033261900000000E+000 -0.2787679991755530E+001  0.2283405203258994E+001  0.2288170162272176E+001 -0.8414388725990379E-002  0.1775830386811060E-001
 0.2777777800000000E-002  0.3033261900000000E+000 -0.2785017880640012E+001  0.2281016421766167E+001  0.2285586705997445E+001 -0.8524869447007461E-002  0.1855037598963008E-001
 0.4166666700000000E-002  0.3033261900000000E+000 -0.2780286459422899E+001  0.2276776710694095E+001  0.2281018901102997E+001 -0.8742365683012661E-002  0.2004554118132744E-001
 0.5833333300000000E-002  0.3033261900000000E+000 -0.2773276177078725E+001  0.2270517346438816E+001  0.2274317817408375E+001 -0.9119441741339737E-002  0.2248248916757924E-001
 0.7777777800000000E-002  0.3033261900000000E+000 -0.2764276825521144E+001  0.2262548068636107E+001  0.2265863877973138E+001 -0.9711668819045642E-002  0.2603266262250825E-001
 0.1000000000000000E-001  0.3033261900000000E+000 -0.2753855713004428E+001  0.2253472722236580E+001  0.2256347691845473E+001 -0.1056597081248936E-001  0.3076498513650509E-001
 0.1250000000000000E-001  0.3033261900000000E+000 -0.2742473754751395E+001  0.2243843224178686E+001  0.2246382037444160E+001 -0.1171080191964746E-001  0.3664550911427675E-001
 0.1527777800000000E-001  0.3033261900000000E+000 -0.2730256611517629E+001  0.2233936688035246E+001  0.2236264865828363E+001 -0.1315462579655611E-001  0.4356132552333180E-001
 0.1833333300000000E-001  0.3033261900000000E+000 -0.2716999759228042E+001  0.2223740199377457E+001  0.2225975540691286E+001 -0.1489153297909660E-001  0.5134815959308549E-001
 0.2166666700000000E-001  0.3033261900000000E+000 -0.2702287484378786E+001  0.2213044054613528E+001  0.2215285399556292E+001 -0.1690847648654741E-001  0.5980991148178683E-001
 0.2527777800000000E-001  0.3033261900000000E+000 -0.2685613344358937E+001  0.2201541717681879E+001  0.2203869556848299E+001 -0.1919045733899110E-001  0.6872941689885240E-001
 0.2916666700000000E-001  0.3033261900000000E+000 -0.2666463694803847E+001  0.2188898409225594E+001  0.2191380782475658E+001 -0.2172310587621622E-001  0.7787452246042720E-001
 0.3333333300000000E-001  0.3033261900000000E+000 -0.2644368679211003E+001  0.2174790016623484E+001  0.2177489602671998E+001 -0.2449347065387661E-001  0.8700335998811387E-001
 0.3777777800000000E-001  0.3033261900000000E+000 -0.2618933748606952E+001  0.2158923796883837E+001  0.2161904217943420E+001 -0.2748992380527707E-001  0.9587120735182475E-001
 0.4250000000000000E-001  0.3033261900000000E+000 -0.2589860986097016E+001  0.2141050129907283E+001  0.2144380584696759E+001 -0.3070173545593475E-001  0.1042396359014394E+000
 0.4750000000000000E-001  0.3033261900000000E+000 -0.2556963955558793E+001  0.2120970169837631E+001  0.2124727963523700E+001 -0.3411861331171075E-001  0.1118875508893186E+000
 0.5277777800000000E-001  0.3033261900000000E+000 -0.2520176688461090E+001  0.2098541378173186E+001  0.2102812156092313E+001 -0.3773030138897370E-001  0.1186228154353726E+000
 0.5833333300000000E-001  0.3033261900000000E+000 -0.2479555804304323E+001  0.2073681134483937E+001  0.2078556867533703E+001 -0.4152627749959484E-001  0.1242928186998348E+000
 0.6416666700000000E-001  0.3033261900000000E+000 -0.2435274855404927E+001  0.2046367995652893E+001  0.2051943050039972E+001 -0.4549554468867716E-001  0.1287923215747494E+000
 0.7027777800000000E-001  0.3033261900000000E+000 -0.2387610985665118E+001  0.2016640192431937E+001  0.2023006091069000E+001 -0.4962648898756074E-001  0.1320673287176228E+000
 0.7666666699999999E-001  0.3033261900000000E+000 -0.2336924893609096E+001  0.1984591062228205E+001  0.1991830733829731E+001 -0.5390680024797857E-001  0.1341144894576551E+000
 0.8333333300000000E-001  0.3033261900000000E+000 -0.2283636526825549E+001  0.1950361789627700E+001  0.1958544133707264E+001 -0.5832341939779832E-001  0.1349762965158456E+000
 0.9027777800000000E-001  0.3033261900000000E+000 -0.2228199148403494E+001  0.1914132014596297E+001  0.1923307488523421E+001 -0.6286251128637597E-001  0.1347330685648078E+000
 0.9750000000000000E-001  0.3033261900000000E+000 -0.2171074722465571E+001  0.1876109350580381E+001  0.1886307039773625E+001 -0.6750943686043727E-001  0.1334930716870825E+000
 0.1050000000000000E+000  0.3033261900000000E+000 -0.2112712622776840E+001  0.1836518677534681E+001  0.1847745026175921E+001 -0.7224873441719795E-001  0.1313821925842683E+000
 0.1127777800000000E+000  0.3033261900000000E+000 -0.2053533196978233E+001  0.1795592209834800E+001  0.1807831324943830E+001 -0.7706409111836797E-001  0.1285343421767466E+000
 0.1208333300000000E+000  0.3033261900000000E+000 -0.1993916638203800E+001  0.1753560990776674E+001  0.1766776245370415E+001 -0.8193830375558160E-001  0.1250833919353972E+000
 0.1291666700000000E+000  0.3033261900000000E+000 -0.1934196383284562E+001  0.1710647825406177E+001  0.1724784397964608E+001 -0.8685327005666167E-001  0.1211569947333061E+000
 0.1377777800000000E+000  0.3033261900000000E+000 -0.1874657490562091E+001  0.1667062614696940E+001  0.1682050567363007E+001 -0.9178991289947773E-001  0.1168723991840685E+000
 0.1466666700000000E+000  0.3033261900000000E+000 -0.1815537163550215E+001  0.1622998676394449E+001  0.1638756246731517E+001 -0.9672819193659238E-001  0.1123339450195137E+000
 0.1558333300000000E+000  0.3033261900000000E+000 -0.1757028298742143E+001  0.1578631162274587E+001  0.1595067987868826E+001 -0.1016470519296808E+000  0.1076320324320201E+000
 0.1652777800000000E+000  0.3033261900000000E+000 -0.1699283643135980E+001  0.1534116165767662E+001  0.1551136265800363E+001 -0.1065244382072082E+000  0.1028431002828066E+000
 0.1750000000000000E+000  0.3033261900000000E+000 -0.1642421309347585E+001  0.1489591302597976E+001  0.1507095698215274E+001 -0.1113372617413190E+000  0.9803038569149949E-001
 0.1850000000000000E+000  0.3033261900000000E+000 -0.1586529504844510E+001  0.1445176246007611E+001  0.1463065181133459E+001 -0.1160614545815492E+000  0.9324505023165262E-001
 0.1952777800000000E+000  0.3033261900000000E+000 -0.1531671700735056E+001  0.1400974181868285E+001  0.1419148934107436E+001 -0.1206719867631332E+000  0.8852758217174787E-001
 0.2058333300000000E+000  0.3033261900000000E+000 -0.1477891104126619E+001  0.1357073285656172E+001  0.1375437596520091E+001 -0.1251429263029350E+000  0.8390924134668980E-001
 0.2166666700000000E+000  0.3033261900000000E+000 -0.1425214412565708E+001  0.1313548127412804E+001  0.1332009294575882E+001 -0.1294475375663959E+000  0.7941344779849542E-001
 0.2277777800000000E+000  0.3033261900000000E+000 -0.1373655567912644E+001  0.1270461522028319E+001  0.1288931201711767E+001 -0.1335583583276472E+000  0.7505711527476502E-001
 0.2391666700000000E+000  0.3033261900000000E+000 -0.1323218280190561E+001  0.1227865738255465E+001  0.1246260510094917E+001 -0.1374473600007424E+000  0.7085178982308410E-001
 0.2508333300000000E+000  0.3033261900000000E+000 -0.1273898647503088E+001  0.1185804083882935E+001  0.1204045824370643E+001 -0.1410860870539328E+000  0.6680469090101719E-001
 0.2627777800000000E+000  0.3033261900000000E+000 -0.1225686889039561E+001  0.1144311983976439E+001  0.1162328090156439E+001 -0.1444458594619426E+000  0.6291956837778043E-001
 0.2750000000000000E+000  0.3033261900000000E+000 -0.1178569213308729E+001  0.1103418359204675E+001  0.1121141859768519E+001 -0.1474979658996450E+000  0.5919746443642022E-001
 0.2875000000000000E+000  0.3033261900000000E+000 -0.1132528792041877E+001  0.1063146376946729E+001  0.1080515957844181E+001 -0.1502139266723866E+000  0.5563730504954441E-001
 0.3002777800000000E+000  0.3033261900000000E+000 -0.1087546921159399E+001  0.1023514463834037E+001  0.1040474433763897E+001 -0.1525657524906756E+000  0.5223641968305746E-001
 0.3133333300000000E+000  0.3033261900000000E+000 -0.1043603792512247E+001  0.9845370560002864E+000  0.1001037269560775E+001 -0.1545262434514215E+000  0.4899095365139846E-001
 0.3266666700000000E+000  0.3033261900000000E+000 -0.1000678962926876E+001  0.9462251319728670E+000  0.9622208826492903E+000 -0.1560693175701353E+000  0.4589619276666010E-001
 0.3402777800000000E+000  0.3033261900000000E+000 -0.9587520437526573E+000  0.9085869759963444E+000  0.9240388730651727E+000 -0.1571703473450330E+000  0.4294684878994130E-001
 0.3541666700000000E+000  0.3033261900000000E+000 -0.9178028126332828E+000  0.8716284480602914E+000  0.8865022793843575E+000 -0.1578065353921957E+000  0.4013725666950984E-001
 0.3683333300000000E+000  0.3033261900000000E+000 -0.8778116183677158E+000  0.8353535261994192E+000  0.8496201160913385E+000 -0.1579572929576243E+000  0.3746155501525993E-001
 0.3827777800000000E+000  0.3033261900000000E+000 -0.8387594084261836E+000  0.7997645135635839E+000  0.8133995744805712E+000 -0.1576046369675458E+000  0.3491380920013577E-001
 0.3975000000000000E+000  0.3033261900000000E+000 -0.8006280359846889E+000  0.7648624981764047E+000  0.7778464827020254E+000 -0.1567335926399903E+000  0.3248812799645916E-001
 0.4125000000000000E+000  0.3033261900000000E+000 -0.7634001327059821E+000  0.7306474136579145E+000  0.7429653609819609E+000 -0.1553325957820675E+000  0.3017873137253868E-001
 0.4277777800000000E+000  0.3033261900000000E+000 -0.7270592457436672E+000  0.6971183337570647E+000  0.7087597149401618E+000 -0.1533938902006375E+000  0.2798001981291348E-001
 0.4433333300000000E+000  0.3033261900000000E+000 -0.6915898309202096E+000  0.6642736282640085E+000  0.6752321875377977E+000 -0.1509139121398781E+000  0.2588662175871956E-001
 0.4591666700000000E+000  0.3033261900000000E+000 -0.6569771382583014E+000  0.6321110100860025E+000  0.6423845991219551E+000 -0.1478936440273703E+000  0.2389342554148292E-001
 0.4752777800000000E+000  0.3033261900000000E+000 -0.6232073275780701E+000  0.6006277865879616E+000  0.6102181950967984E+000 -0.1443389558476258E+000  0.2199561796634895E-001
 0.4916666700000000E+000  0.3033261900000000E+000 -0.5902672582759352E+000  0.5698207995801158E+000  0.5787335747000735E+000 -0.1402608820643587E+000  0.2018869927431267E-001
 0.5083333300000000E+000  0.3033261900000000E+000 -0.5581445321082709E+000  0.5396865912954572E+000  0.5479308496219980E+000 -0.1356758723938348E+000  0.1846851000029950E-001
 0.5247222200000000E+000  0.3033261900000000E+000 -0.5278334881600919E+000  0.5111693565279298E+000  0.5187786940166300E+000 -0.1307782407723000E+000  0.1688323539712966E-001
 0.5408333300000000E+000  0.3033261900000000E+000 -0.4992027033717115E+000  0.4841593333663118E+000  0.4911679365584755E+000 -0.1256288835981642E+000  0.1541977552732868E-001
 0.5566666700000000E+000  0.3033261900000000E+000 -0.4721338829499155E+000  0.4585568065851448E+000  0.4649989694796365E+000 -0.1202851915944304E+000  0.1406679414052788E-001
 0.5722222200000000E+000  0.3033261900000000E+000 -0.4465201972243431E+000  0.4342709999681295E+000  0.4401807374473586E+000 -0.1148007963875627E+000  0.1281445613586578E-001
 0.5875000000000000E+000  0.3033261900000000E+000 -0.4222647022993650E+000  0.4112189448841438E+000  0.4166296823663903E+000 -0.1092253597441401E+000  0.1165419962562567E-001
 0.6025000000000000E+000  0.3033261900000000E+000 -0.3992792298535347E+000  0.3893247143127904E+000  0.3942690455027006E+000 -0.1036044865309126E+000  0.1057855609743014E-001
 0.6172222200000000E+000  0.3033261900000000E+000 -0.3774832843224514E+000  0.3685186033379624E+000  0.3730281015477461E+000 -0.9797966676823722E-001  0.9580991227808368E-002
 0.6316666700000000E+000  0.3033261900000000E+000 -0.3568031653087468E+000  0.3487364762218758E+000  0.3528415518290089E+000 -0.9238829030795079E-001  0.8655773335884669E-002
 0.6458333300000000E+000  0.3033261900000000E+000 -0.3371712725478488E+000  0.3299192509702679E+000  0.3336490485786385E+000 -0.8686372827534790E-001  0.7797863854740925E-002
 0.6597222200000000E+000  0.3033261900000000E+000 -0.3185253613227971E+000  0.3120123072708095E+000  0.3153946332456275E+000 -0.8143541455201470E-001  0.7002816942851017E-002
 0.6733333300000000E+000  0.3033261900000000E+000 -0.3008080835080632E+000  0.2949651450115316E+000  0.2980264238440060E+000 -0.7612901672456160E-001  0.6266700907503469E-002
 0.6866666700000000E+000  0.3033261900000000E+000 -0.2839664360406322E+000  0.2787309359651659E+000  0.2814961877102961E+000 -0.7096658831067842E-001  0.5586023003149364E-002
 0.6997222200000000E+000  0.3033261900000000E+000 -0.2679514039776932E+000  0.2632662479843143E+000  0.2657590852888451E+000 -0.6596678118030955E-001  0.4957668465202924E-002
 0.7125000000000000E+000  0.3033261900000000E+000 -0.2527175042307076E+000  0.2485306617885678E+000  0.2507733004799733E+000 -0.6114502713258826E-001  0.4378840414257098E-002
 0.7250000000000000E+000  0.3033261900000000E+000 -0.2382225480437324E+000  0.2344865894092288E+000  0.2364998727751277E+000 -0.5651378364902320E-001  0.3847012357776817E-002
 0.7372222200000000E+000  0.3033261900000000E+000 -0.2244273051776163E+000  0.2210989902182158E+000  0.2229024221604441E+000 -0.5208274308658205E-001  0.3359879854752825E-002
 0.7491666700000000E+000  0.3033261900000000E+000 -0.2112952515516794E+000  0.2083351613202860E+000  0.2099469471728854E+000 -0.4785905943052218E-001  0.2915317955212957E-002
 0.7608333300000000E+000  0.3033261900000000E+000 -0.1987923869090805E+000  0.1961645909724291E+000  0.1976016847453155E+000 -0.4384758726565428E-001  0.2511342983089805E-002
 0.7722222200000000E+000  0.3033261900000000E+000 -0.1868869566915611E+000  0.1845587146308937E+000  0.1858368694144565E+000 -0.4005107799594089E-001  0.2146072864870211E-002
 0.7833333300000000E+000  0.3033261900000000E+000 -0.1755493468752113E+000  0.1734908357552866E+000  0.1746246581553210E+000 -0.3647041848966317E-001  0.1817694764463276E-002
 0.7941666700000000E+000  0.3033261900000000E+000 -0.1647518684220989E+000  0.1629359362804089E+000  0.1639389419872794E+000 -0.3310482038843610E-001  0.1524430775006169E-002
 0.8047222200000000E+000  0.3033261900000000E+000 -0.1544686612302887E+000  0.1528706012094797E+000  0.1537552721394155E+000 -0.2995203267197797E-001  0.1264509067479087E-002
 0.8149999999999999E+000  0.3033261900000000E+000 -0.1446754925133976E+000  0.1432728379510549E+000  0.1440506787476945E+000 -0.2700850655404945E-001  0.1036134553218202E-002
 0.8250000000000000E+000  0.3033261900000000E+000 -0.1353497056097313E+000  0.1341220410565059E+000  0.1348036359592861E+000 -0.2426959192630312E-001  0.8374665702918241E-003
 0.8347222200000000E+000  0.3033261900000000E+000 -0.1264700719061310E+000  0.1253988606867699E+000  0.1259939289976732E+000 -0.2172968900053097E-001  0.6665980758019919E-003
 0.8441666700000000E+000  0.3033261900000000E+000 -0.1180166927544962E+000  0.1170851186883180E+000  0.1176025689270140E+000 -0.1938240089742687E-001  0.5215413925912218E-003
 0.8533333300000000E+000  0.3033261900000000E+000 -0.1099709447761295E+000  0.1091637662864354E+000  0.1096117490020104E+000 -0.1722068362161240E-001  0.4002211857442153E-003
 0.8622222200000000E+000  0.3033261900000000E+000 -0.1023153351599587E+000  0.1016187522548174E+000  0.1020047103720294E+000 -0.1523695743395891E-001  0.3004740066140919E-003
 0.8708333300000000E+000  0.3033261900000000E+000 -0.9503348806898634E-001  0.9443501924162785E-001  0.9476573687072788E-001 -0.1342324062230782E-001  0.2200594041520475E-003
 0.8791666700000000E+000  0.3033261900000000E+000 -0.8811003195915103E-001  0.8759840178115558E-001  0.8788005045723417E-001 -0.1177124378128957E-001  0.1566801259554382E-003
 0.8872222200000000E+000  0.3033261900000000E+000 -0.8153057800517698E-001  0.8109561343274918E-001  0.8133379638304863E-001 -0.1027247501622321E-001  0.1080146097601688E-003
 0.8950000000000000E+000  0.3033261900000000E+000 -0.7528160387355531E-001  0.7491413980823045E-001  0.7511393350134415E-001 -0.8918311069452147E-002  0.7175942861559152E-004
 0.9025000000000000E+000  0.3033261900000000E+000 -0.6935045742638725E-001  0.6904224947002274E-001  0.6920824323200100E-001 -0.7700085646145076E-002  0.4568188631513905E-004
 0.9097222200000000E+000  0.3033261900000000E+000 -0.6372527426827726E-001  0.6346891912569040E-001  0.6360525223431333E-001 -0.6609147814504018E-002  0.2767776209993294E-004
 0.9166666700000000E+000  0.3033261900000000E+000 -0.5839493250160012E-001  0.5818379501519350E-001  0.5829419155653304E-001 -0.5636920219658470E-002  0.1583011597011324E-004
 0.9233333300000000E+000  0.3033261900000000E+000 -0.5334904092113837E-001  0.5317718696665821E-001  0.5326498863858278E-001 -0.4774954642559408E-002  0.8462172205463651E-005
 0.9297222200000000E+000  0.3033261900000000E+000 -0.4857784634667776E-001  0.4843998176521468E-001  0.4850817830203592E-001 -0.4014965735762117E-002  0.4176627484176582E-005
 0.9358333300000000E+000  0.3033261900000000E+000 -0.4407225061080638E-001  0.4396366482860060E-001  0.4401492262718731E-001 -0.3348877543727884E-002  0.1874843173003003E-005
 0.9416666700000000E+000  0.3033261900000000E+000 -0.3982373941662745E-001  0.3974025402288502E-001  0.3977694264941811E-001 -0.2768849115682017E-002  0.7511357868188415E-006
 0.9472222200000000E+000  0.3033261900000000E+000 -0.3582438801410687E-001  0.3576230938640953E-001  0.3578652634909147E-001 -0.2267306823843691E-002  0.2622785192415635E-006
 0.9525000000000000E+000  0.3033261900000000E+000 -0.3206678181683347E-001  0.3202285795210340E-001  0.3203645152917679E-001 -0.1836960547672478E-002  0.7742932031329979E-007
 0.9575000000000000E+000  0.3033261900000000E+000 -0.2854404060718058E-001  0.2851542126196163E-001  0.2852001180510624E-001 -0.1470829455763514E-002  0.1858059423443183E-007
 0.9622222200000000E+000  0.3033261900000000E+000 -0.2524976533863020E-001  0.2523396562566001E-001  0.2523096516622472E-001 -0.1162254310785227E-002  0.3441454078558439E-008
 0.9666666700000000E+000  0.3033261900000000E+000 -0.2217801610922369E-001  0.2217288311382436E-001  0.2216351344870932E-001 -0.9049110446121717E-003  0.4592273299373379E-009
 0.9708333300000000E+000  0.3033261900000000E+000 -0.1932331917305951E-001  0.1932700128736954E-001  0.1931231065197573E-001 -0.6928237042221793E-003  0.4042338034351477E-010
 0.9747222200000000E+000  0.3033261900000000E+000 -0.1668059985242229E-001  0.1669151888981732E-001  0.1667239710952594E-001 -0.5203691516769182E-003  0.2206331458756910E-011
 0.9783333300000000E+000  0.3033261900000000E+000 -0.1424521339554423E-001  0.1426203902134583E-001  0.1423923134645028E-001 -0.3822875530842694E-003  0.1028974331689388E-012
 0.9816666700000000E+000  0.3033261900000000E+000 -0.1201289510990676E-001  0.1203452175368538E-001  0.1200864119452473E-001 -0.2736851838944975E-003  0.7242386378096635E-014
 0.9847222200000000E+000  0.3033261900000000E+000 -0.9979779683161692E-002  0.1000530574698971E-001  0.9976843919239810E-002 -0.1900401200282389E-003  0.3219125256154300E-015
 0.9875000000000000E+000  0.3033261900000000E+000 -0.8142341476804845E-002  0.8171051138891208E-002  0.8140387285067590E-002 -0.1272029168157475E-003  0.4381200893335361E-017
 0.9900000000000000E+000  0.3033261900000000E+000 -0.6497429568862591E-002  0.6528777314524114E-002  0.6496185214847267E-002 -0.8140060710967896E-004  0.1377627243240622E-018
 0.9922222200000000E+000  0.3033261900000000E+000 -0.5042230695983175E-002  0.5075829148433187E-002  0.5041481318249921E-002 -0.4923681613260923E-004  0.5635125716464264E-020
 0.9941666700000000E+000  0.3033261900000000E+000 -0.3774260197393941E-002  0.3809866578018370E-002  0.3773840326852821E-002 -0.2769267920666958E-004  0.1758286924029702E-022
 0.9958333300000000E+000  0.3033261900000000E+000 -0.2691379984095420E-002  0.2728899210595038E-002  0.2691166483305576E-002 -0.1412755876225392E-004 -0.1217099633956949E-022
 0.9972222200000000E+000  0.3033261900000000E+000 -0.1791745963005697E-002  0.1830704302547873E-002  0.1791651339071430E-002 -0.6278368002091735E-005 -0.1321464743072283E-022
 0.9983333300000000E+000  0.3033261900000000E+000 -0.1073847648736598E-002  0.1114534117622276E-002  0.1073813660173929E-002 -0.2260053503097663E-005 -0.1232896600634769E-021
 0.9991666700000000E+000  0.3033261900000000E+000 -0.5364708174689126E-003  0.5699928385925793E-003  0.5364623346659485E-003 -0.5649747720870518E-006 -0.3405520356413437E-022
 0.9997222200000000E+000  0.3033261900000000E+000 -0.1787259066931483E-003  0.2008158346951349E-003  0.1787249651892748E-003 -0.6277407127401911E-007 -0.3398438823791483E-023
 0.1000000000000000E+001  0.3033261900000000E+000  0.1564493533249083E-026 -0.2984023732290311E-026 -0.2080556510609498E-028  0.9306296544574676E-039 -0.2453357627699657E-039

 0.0000000000000000E+000  0.3972128600000000E+000 -0.2790981724749570E+001  0.2283096779124527E+001  0.2291301701605557E+001 -0.8352718342714094E-002  0.2241389245602171E-001
 0.2777777800000000E-003  0.3972128600000000E+000 -0.2790936062277140E+001  0.2283057722174524E+001  0.2291256949491304E+001 -0.8354424531640316E-002  0.2243028917659544E-001
 0.8333333300000000E-003  0.3972128600000000E+000 -0.2790572233981889E+001  0.2282746475067072E+001  0.2290900443242329E+001 -0.8368097925674483E-002  0.2256137275788252E-001
 0.1666666700000000E-002  0.3972128600000000E+000 -0.2789366674869039E+001  0.2281714626096724E+001  0.2289720037267433E+001 -0.8414423252915811E-002  0.2300140019577750E-001
 0.2777777800000000E-002  0.3972128600000000E+000 -0.2786644952889477E+001  0.2279382393876281E+001  0.2287060420276565E+001 -0.8524952155223097E-002  0.2402776009442236E-001
 0.4166666700000000E-002  0.3972128600000000E+000 -0.2781821398842998E+001  0.2275240977270549E+001  0.2282367216953617E+001 -0.8742505093096292E-002  0.2596533927021143E-001
 0.5833333300000000E-002  0.3972128600000000E+000 -0.2774709937985568E+001  0.2269121806594084E+001  0.2275505039234313E+001 -0.9119606335477677E-002  0.2912385236060202E-001
 0.7777777800000000E-002  0.3972128600000000E+000 -0.2765649954060962E+001  0.2261322632342735E+001  0.2266890473139223E+001 -0.9711787134399312E-002  0.3372641728707275E-001
 0.1000000000000000E-001  0.3972128600000000E+000 -0.2755268554971086E+001  0.2252430746519853E+001  0.2257257096676526E+001 -0.1056596858628504E-001  0.3986416214525763E-001
 0.1250000000000000E-001  0.3972128600000000E+000 -0.2744077338447245E+001  0.2242987665261603E+001  0.2247249266409775E+001 -0.1171064133362915E-001  0.4749604929293225E-001
 0.1527777800000000E-001  0.3972128600000000E+000 -0.2732236151869258E+001  0.2233271023400744E+001  0.2237179759328559E+001 -0.1315431654256942E-001  0.5648001043547042E-001
 0.1833333300000000E-001  0.3972128600000000E+000 -0.2719561075620407E+001  0.2223276885004244E+001  0.2227031463535698E+001 -0.1489112327888624E-001  0.6660864474786611E-001
 0.2166666700000000E-001  0.3972128600000000E+000 -0.2705647449719395E+001  0.2212807662471790E+001  0.2216574736691203E+001 -0.1690804332294063E-001  0.7763418705660474E-001
 0.2527777800000000E-001  0.3972128600000000E+000 -0.2689991055751868E+001  0.2201567400768689E+001  0.2205482711972898E+001 -0.1919010367199597E-001  0.8928175074852567E-001
 0.2916666700000000E-001  0.3972128600000000E+000 -0.2672069642303330E+001  0.2189227292429620E+001  0.2193405678780283E+001 -0.2172296338871396E-001  0.1012561576737821E+000
 0.3333333300000000E-001  0.3972128600000000E+000 -0.2651391187332511E+001  0.2175462857044284E+001  0.2180010252643258E+001 -0.2449370437015782E-001  0.1132474921108671E+000
 0.3777777800000000E-001  0.3972128600000000E+000 -0.2627523651674251E+001  0.2159973921604320E+001  0.2164998079192401E+001 -0.2749073574748607E-001  0.1249386939600012E+000
 0.4250000000000000E-001  0.3972128600000000E+000 -0.2600116568549243E+001  0.2142496534787619E+001  0.2148115008348013E+001 -0.3070336577955583E-001  0.1360164137378235E+000
 0.4750000000000000E-001  0.3972128600000000E+000 -0.2568918700741667E+001  0.2122811668484690E+001  0.2129156307828064E+001 -0.3412133848338820E-001  0.1461849585199059E+000
 0.5277777800000000E-001  0.3972128600000000E+000 -0.2533792271861032E+001  0.2100752657978764E+001  0.2107970220361782E+001 -0.3773442991710399E-001  0.1551818753540662E+000
 0.5833333300000000E-001  0.3972128600000000E+000 -0.2494722047235915E+001  0.2076211400477052E+001  0.2084460263461008E+001 -0.4153214448141119E-001  0.1627930826063365E+000
 0.6416666700000000E-001  0.3972128600000000E+000 -0.2451817118584262E+001  0.2049142526808301E+001  0.2058585976736988E+001 -0.4550350687089800E-001  0.1688651553340580E+000
 0.7027777800000000E-001  0.3972128600000000E+000 -0.2405304035992569E+001  0.2019564656697222E+001  0.2030361739931215E+001 -0.4963692202794970E-001  0.1733126854040150E+000
 0.7666666699999999E-001  0.3972128600000000E+000 -0.2355511051734638E+001  0.1987557959877448E+001  0.1999853274931357E+001 -0.5392009941853230E-001  0.1761195362873647E+000
 0.8333333300000000E-001  0.3972128600000000E+000 -0.2302845236141787E+001  0.1953258050709874E+001  0.1967171978972864E+001 -0.5834000418132739E-001  0.1773339057153079E+000
 0.9027777800000000E-001  0.3972128600000000E+000 -0.2247765173889238E+001  0.1916846661348103E+001  0.1932467358895699E+001 -0.6288283344679046E-001  0.1770582777384473E+000
 0.9750000000000000E-001  0.3972128600000000E+000 -0.2190752862887789E+001  0.1878540258910405E+001  0.1895918304117867E+001 -0.6753399081492427E-001  0.1754360912072140E+000
 0.1050000000000000E+000  0.3972128600000000E+000 -0.2132287820946609E+001  0.1838577768333580E+001  0.1857723832926851E+001 -0.7227806831395156E-001  0.1726372250715206E+000
 0.1127777800000000E+000  0.3972128600000000E+000 -0.2072825920957865E+001  0.1797208766592088E+001  0.1818094171232414E+001 -0.7709881692914543E-001  0.1688441719780598E+000
 0.1208333300000000E+000  0.3972128600000000E+000 -0.2012784150763984E+001  0.1754683134251741E+001  0.1777242784329155E+001 -0.8197910490288471E-001  0.1642402466737977E+000
 0.1291666700000000E+000  0.3972128600000000E+000 -0.1952530914226542E+001  0.1711242409994661E+001  0.1735379430939481E+001 -0.8690090554127351E-001  0.1590004867435424E+000
 0.1377777800000000E+000  0.3972128600000000E+000 -0.1892382426540595E+001  0.1667113945126500E+001  0.1692705273241567E+001 -0.9184521721272074E-001  0.1532854766949061E+000
 0.1466666700000000E+000  0.3972128600000000E+000 -0.1832602233134744E+001  0.1622506451925929E+001  0.1649408772123330E+001 -0.9679207063831285E-001  0.1472376812069024E+000
 0.1558333300000000E+000  0.3972128600000000E+000 -0.1773404517962700E+001  0.1577608028017200E+001  0.1605663544135597E+001 -0.1017204728646714E+000  0.1409799641349701E+000
 0.1652777800000000E+000  0.3972128600000000E+000 -0.1714958523928896E+001  0.1532585158832015E+001  0.1561626879883957E+001 -0.1066084187146064E+000  0.1346156067454334E+000
 0.1750000000000000E+000  0.3972128600000000E+000 -0.1657394631108211E+001  0.1487583406812929E+001  0.1517439745836034E+001 -0.1114328520901987E+000  0.1282294574598291E+000
 0.1850000000000000E+000  0.3972128600000000E+000 -0.1600809764243314E+001  0.1442728175345368E+001  0.1473226803101710E+001 -0.1161697181760292E+000  0.1218896092692650E+000
 0.1952777800000000E+000  0.3972128600000000E+000 -0.1545273261748879E+001  0.1398126463463282E+001  0.1429097411969748E+001 -0.1207939773916459E+000  0.1156494483577138E+000
 0.2058333300000000E+000  0.3972128600000000E+000 -0.1490831992463396E+001  0.1353868659135065E+001  0.1385146738606053E+001 -0.1252796628645259E+000  0.1095497421038970E+000
 0.2166666700000000E+000  0.3972128600000000E+000 -0.1437514666661817E+001  0.1310030248724676E+001  0.1341456863402893E+001 -0.1295999767362728E+000  0.1036206250107929E+000
 0.2277777800000000E+000  0.3972128600000000E+000 -0.1385336057363070E+001  0.1266673947181505E+001  0.1298098402803465E+001 -0.1337273654405892E+000  0.9788348063239787E-001
 0.2391666700000000E+000  0.3972128600000000E+000 -0.1334299890170180E+001  0.1223851146150156E+001  0.1255131546178535E+001 -0.1376336788425395E+000  0.9235253643412897E-001
 0.2508333300000000E+000  0.3972128600000000E+000 -0.1284401753312602E+001  0.1181603703143574E+001  0.1212607518252145E+001 -0.1412903089585967E+000  0.8703630395170872E-001
 0.2627777800000000E+000  0.3972128600000000E+000 -0.1235631045058387E+001  0.1139965184517418E+001  0.1170569569971963E+001 -0.1446683925316634E+000  0.8193875479420085E-001
 0.2750000000000000E+000  0.3972128600000000E+000 -0.1187973004986497E+001  0.1098962377061780E+001  0.1129054303659649E+001 -0.1477390049400955E+000  0.7706035426571665E-001
 0.2875000000000000E+000  0.3972128600000000E+000 -0.1141409798702933E+001  0.1058616141491994E+001  0.1088092387136855E+001 -0.1504734249423485E+000  0.7239885793938826E-001
 0.3002777800000000E+000  0.3972128600000000E+000 -0.1095921759580543E+001  0.1018942504600576E+001  0.1047709550143492E+001 -0.1528433960815875E+000  0.6795000428150573E-001
 0.3133333300000000E+000  0.3972128600000000E+000 -0.1051488212373460E+001  0.9799534686048931E+000  0.1007927327952157E+001 -0.1548214294266103E+000  0.6370805949897006E-001
 0.3266666700000000E+000  0.3972128600000000E+000 -0.1008087972588911E+001  0.9416575873537348E+000  0.9687635920375740E+000 -0.1563811370326953E+000  0.5966624270515375E-001
 0.3402777800000000E+000  0.3972128600000000E+000 -0.9657000554793775E+000  0.9040607604595214E+000  0.9302333220635965E+000 -0.1574975744216093E+000  0.5581709651457727E-001
 0.3541666700000000E+000  0.3972128600000000E+000 -0.9243037911942203E+000  0.8671665244590100E+000  0.8923488774482489E+000 -0.1581476234112484E+000  0.5215274030442310E-001
 0.3683333300000000E+000  0.3972128600000000E+000 -0.8838792293944923E+000  0.8309766087468943E+000  0.8551205487159209E+000 -0.1583103786803311E+000  0.4866510040230732E-001
 0.3827777800000000E+000  0.3972128600000000E+000 -0.8444071575493682E+000  0.7954911511308669E+000  0.8185567656808419E+000 -0.1579675538290674E+000  0.4534606482666691E-001
 0.3975000000000000E+000  0.3972128600000000E+000 -0.8058693984374892E+000  0.7607091613573883E+000  0.7826645640739260E+000 -0.1571038935352765E+000  0.4218762942111658E-001
 0.4125000000000000E+000  0.3972128600000000E+000 -0.7682486664530266E+000  0.7266285836752833E+000  0.7474496408422560E+000 -0.1557075858526693E+000  0.3918198045054904E-001
 0.4277777800000000E+000  0.3972128600000000E+000 -0.7315286895218636E+000  0.6932465905179377E+000  0.7129166475067226E+000 -0.1537706695436187E+000  0.3632157946892449E-001
 0.4433333300000000E+000  0.3972128600000000E+000 -0.6956941847480658E+000  0.6605597365544958E+000  0.6790693388896267E+000 -0.1512894280769351E+000  0.3359922006607408E-001
 0.4591666700000000E+000  0.3972128600000000E+000 -0.6607307248650125E+000  0.6285640036250616E+000  0.6459106072852271E+000 -0.1482647520749751E+000  0.3100806486776777E-001
 0.4752777800000000E+000  0.3972128600000000E+000 -0.6266248369847204E+000  0.5972550484689036E+000  0.6134427249665351E+000 -0.1447024880914118E+000  0.2854169161304973E-001
 0.4916666700000000E+000  0.3972128600000000E+000 -0.5933637723467897E+000  0.5666281404883700E+000  0.5816672638052461E+000 -0.1406137211303355E+000  0.2619410894342706E-001
 0.5083333300000000E+000  0.3972128600000000E+000 -0.5609355320119257E+000  0.5366783243858144E+000  0.5505852462436253E+000 -0.1360150288216339E+000  0.2395978805974250E-001
 0.5247222200000000E+000  0.3972128600000000E+000 -0.5303440116006800E+000  0.5083422469380727E+000  0.5211746645463561E+000 -0.1311015078289518E+000  0.2190118416937442E-001
 0.5408333300000000E+000  0.3972128600000000E+000 -0.5014561984169910E+000  0.4815089908229878E+000  0.4933254582336213E+000 -0.1259345281120006E+000  0.2000115545630266E-001
 0.5566666700000000E+000  0.3972128600000000E+000 -0.4741522894035786E+000  0.4560779540962476E+000  0.4669370803469170E+000 -0.1205719409811190E+000  0.1824487989870353E-001
 0.5722222200000000E+000  0.3972128600000000E+000 -0.4483240170946312E+000  0.4319576935202057E+000  0.4419175030829142E+000 -0.1150678136808893E+000  0.1661950734649920E-001
 0.5875000000000000E+000  0.3972128600000000E+000 -0.4238730620068073E+000  0.4090647545636250E+000  0.4181821757032000E+000 -0.1094722092766433E+000  0.1511385828846246E-001
 0.6025000000000000E+000  0.3972128600000000E+000 -0.4007099391946252E+000  0.3873228725524034E+000  0.3956533398444821E+000 -0.1038310931045843E+000  0.1371818636094996E-001
 0.6172222200000000E+000  0.3972128600000000E+000 -0.3787528926163942E+000  0.3666621271953273E+000  0.3742592736600884E+000 -0.9818627063067034E-001  0.1242396863450074E-001
 0.6316666700000000E+000  0.3972128600000000E+000 -0.3579270165712614E+000  0.3470182678382215E+000  0.3539336941431205E+000 -0.9257540015398627E-001  0.1122373250350233E-001
 0.6458333300000000E+000  0.3972128600000000E+000 -0.3381635607447608E+000  0.3283321795446170E+000  0.3346152894229464E+000 -0.8703207417987770E-001  0.1011091169839239E-001
 0.6597222200000000E+000  0.3972128600000000E+000 -0.3193991849527150E+000  0.3105492765985856E+000  0.3162471627614068E+000 -0.8158590220185233E-001  0.9079714580614262E-002
 0.6733333300000000E+000  0.3972128600000000E+000 -0.3015755009458500E+000  0.2936191477286434E+000  0.2987765256784163E+000 -0.7626268432106473E-001  0.8125021057589034E-002
 0.6866666700000000E+000  0.3972128600000000E+000 -0.2846385204314116E+000  0.2774950976317714E+000  0.2821542743242224E+000 -0.7108456685699903E-001  0.7242284126276322E-002
 0.6997222200000000E+000  0.3972128600000000E+000 -0.2685382983084073E+000  0.2621338618091139E+000  0.2663347366850615E+000 -0.6607025886588329E-001  0.6427450075397224E-002
 0.7125000000000000E+000  0.3972128600000000E+000 -0.2532284754657485E+000  0.2474952163819512E+000  0.2512753046430924E+000 -0.6123521801302019E-001  0.5676879969378473E-002
 0.7250000000000000E+000  0.3972128600000000E+000 -0.2386660410069420E+000  0.2335417896036296E+000  0.2369362679751117E+000 -0.5659190090912610E-001  0.4987287588875117E-002
 0.7372222200000000E+000  0.3972128600000000E+000 -0.2248109951675240E+000  0.2202387728266320E+000  0.2232805397322740E+000 -0.5214997671739605E-001  0.4355676380371806E-002
 0.7491666700000000E+000  0.3972128600000000E+000 -0.2116260957262718E+000  0.2075537063335259E+000  0.2102734544784658E+000 -0.4791655818938827E-001  0.3779283969529474E-002
 0.7608333300000000E+000  0.3972128600000000E+000 -0.1990766743568127E+000  0.1954563286655134E+000  0.1978826279744274E+000 -0.4389644466723162E-001  0.3255532365981698E-002
 0.7722222200000000E+000  0.3972128600000000E+000 -0.1871303565217394E+000  0.1839183299053978E+000  0.1860777153619164E+000 -0.4009232189721474E-001  0.2781976330871278E-002
 0.7833333300000000E+000  0.3972128600000000E+000 -0.1757569547572115E+000  0.1729132693456672E+000  0.1748303352252604E+000 -0.3650500398497657E-001  0.2356261255632132E-002
 0.7941666700000000E+000  0.3972128600000000E+000 -0.1649282509690870E+000  0.1624163840364344E+000  0.1641138796993766E+000 -0.3313362551205447E-001  0.1976078552576235E-002
 0.8047222200000000E+000  0.3972128600000000E+000 -0.1546178984836091E+000  0.1524045112734232E+000  0.1539034392839013E+000 -0.2997585655607842E-001  0.1639128144896130E-002
 0.8149999999999999E+000  0.3972128600000000E+000 -0.1448012181234778E+000  0.1428559068233921E+000  0.1441756197115736E+000 -0.2702806957359053E-001  0.1343080346562523E-002
 0.8250000000000000E+000  0.3972128600000000E+000 -0.1354551450676019E+000  0.1337502081285672E+000  0.1349085055132482E+000 -0.2428553751902590E-001  0.1085546863748691E-002
 0.8347222200000000E+000  0.3972128600000000E+000 -0.1265580785286463E+000  0.1250683020774328E+000  0.1260815252084536E+000 -0.2174258675539773E-001  0.8640537610536109E-003
 0.8441666700000000E+000  0.3972128600000000E+000 -0.1180897815577335E+000  0.1167922404012747E+000  0.1176753642984585E+000 -0.1939275061488116E-001  0.6760229342593901E-003
 0.8533333300000000E+000  0.3972128600000000E+000 -0.1100313243173124E+000  0.1089051967471250E+000  0.1096719199053536E+000 -0.1722892007142269E-001  0.5187629625363582E-003
 0.8622222200000000E+000  0.3972128600000000E+000 -0.1023649372239466E+000  0.1013913348278564E+000  0.1020541646293546E+000 -0.1524345553752210E-001  0.3894684796104605E-003
 0.8708333300000000E+000  0.3972128600000000E+000 -0.9507399545698973E-001  0.9423580432652996E-001  0.9480613973735250E-001 -0.1342832088608062E-001  0.2852345431122535E-003
 0.8791666700000000E+000  0.3972128600000000E+000 -0.8814290426614944E-001  0.8742463904342822E-001  0.8791284887987838E-001 -0.1177517777986930E-001  0.2030827890932419E-003
 0.8872222200000000E+000  0.3972128600000000E+000 -0.8155707555775218E-001  0.8094474390677019E-001  0.8136024169082264E-001 -0.1027549080256908E-001  0.1400035194561324E-003
 0.8950000000000000E+000  0.3972128600000000E+000 -0.7530280977421981E-001  0.7478378828639871E-001  0.7513510245678169E-001 -0.8920598384204623E-002  0.9301069253493037E-004
 0.9025000000000000E+000  0.3972128600000000E+000 -0.6936729788239390E-001  0.6893021678753668E-001  0.6922505759413297E-001 -0.7701800859166356E-002  0.5921007111406585E-004
 0.9097222200000000E+000  0.3972128600000000E+000 -0.6373853717462531E-001  0.6337317466305009E-001  0.6361849677255128E-001 -0.6610418524547979E-002  0.3587404551909503E-004
 0.9166666700000000E+000  0.3972128600000000E+000 -0.5840528438109731E-001  0.5810246928255950E-001  0.5830453058296305E-001 -0.5637849477686221E-002  0.2051783232277360E-004
 0.9233333300000000E+000  0.3972128600000000E+000 -0.5335704230465884E-001  0.5310856418267743E-001  0.5327298110575531E-001 -0.4775624777418921E-002  0.1096799875969036E-004
 0.9297222200000000E+000  0.3972128600000000E+000 -0.4858396562930025E-001  0.4838249263872559E-001  0.4851429146831143E-001 -0.4015441769788838E-002  0.5413393230695190E-005
 0.9358333300000000E+000  0.3972128600000000E+000 -0.4407687652468088E-001  0.4391587925742903E-001  0.4401954440181439E-001 -0.3349210209177918E-002  0.2430005267838075E-005
 0.9416666700000000E+000  0.3972128600000000E+000 -0.3982719217046640E-001  0.3970087394049415E-001  0.3978039264545100E-001 -0.2769077481563359E-002  0.9735522971114593E-006
 0.9472222200000000E+000  0.3972128600000000E+000 -0.3582692922326126E-001  0.3573016159820660E-001  0.3578906575299944E-001 -0.2267460557611038E-002  0.3399399732259708E-006
 0.9525000000000000E+000  0.3972128600000000E+000 -0.3206862329563974E-001  0.3199688714885313E-001  0.3203829184944763E-001 -0.1837061836261740E-002  0.1003560942636198E-006
 0.9575000000000000E+000  0.3972128600000000E+000 -0.2854535214291059E-001  0.2849468303362699E-001  0.2852132261365996E-001 -0.1470894618161651E-002  0.2408223540754248E-007
 0.9622222200000000E+000  0.3972128600000000E+000 -0.2525068151708916E-001  0.2521761963737088E-001  0.2523188089952434E-001 -0.1162295132252389E-002  0.4460444817413369E-008
 0.9666666700000000E+000  0.3972128600000000E+000 -0.2217864228408287E-001  0.2216018639534479E-001  0.2216413935865709E-001 -0.9049358654744432E-003  0.5952001346843422E-009
 0.9708333300000000E+000  0.3972128600000000E+000 -0.1932373665850706E-001  0.1931730161765708E-001  0.1931272798478122E-001 -0.6928382949419134E-003  0.5239226901359810E-010
 0.9747222200000000E+000  0.3972128600000000E+000 -0.1668087040552455E-001  0.1668424836738196E-001  0.1667266757787752E-001 -0.5203774042616760E-003  0.2859599397444150E-011
 0.9783333300000000E+000  0.3972128600000000E+000 -0.1424538306429860E-001  0.1425670771386185E-001  0.1423940097013006E-001 -0.3822920178056364E-003  0.1333644574998638E-012
 0.9816666700000000E+000  0.3972128600000000E+000 -0.1201299750395927E-001  0.1203071151244735E-001  0.1200874356578353E-001 -0.2736874772796046E-003  0.9386785618185460E-014
 0.9847222200000000E+000  0.3972128600000000E+000 -0.9979838729540943E-002  0.1000266412406791E-001  0.9976902954762714E-002 -0.1900412280293063E-003  0.4172262898937506E-015
 0.9875000000000000E+000  0.3972128600000000E+000 -0.8142373712849524E-002  0.8169285457264716E-002  0.8140419516301897E-002 -0.1272034141348258E-003  0.5678491800743906E-017
 0.9900000000000000E+000  0.3972128600000000E+000 -0.6497446025798296E-002  0.6527648826167535E-002  0.6496201669832526E-002 -0.8140081109791895E-004  0.1784581706974682E-018
 0.9922222200000000E+000  0.3972128600000000E+000 -0.5042238419087674E-002  0.5075147317352603E-002  0.5041489040647046E-002 -0.4923689087331616E-004  0.7404179911752605E-020
 0.9941666700000000E+000  0.3972128600000000E+000 -0.3774263448190827E-002  0.3809483460885276E-002  0.3773843577427644E-002 -0.2769270287971870E-004  0.5237423577921016E-022
 0.9958333300000000E+000  0.3972128600000000E+000 -0.2691381166490312E-002  0.2728703922810642E-002  0.2691167665643052E-002 -0.1412756492999063E-004  0.3859226070485058E-023
 0.9972222200000000E+000  0.3972128600000000E+000 -0.1791746312776850E-002  0.1830617575013390E-002  0.1791651688831307E-002 -0.6278369221287691E-005 -0.2562999013507657E-023
 0.9983333300000000E+000  0.3972128600000000E+000 -0.1073847724189347E-002  0.1114502914962707E-002  0.1073813735625224E-002 -0.2260053661196055E-005 -0.4615370897753867E-022
 0.9991666700000000E+000  0.3972128600000000E+000 -0.5364708268911451E-003  0.5699850416450221E-003  0.5364623440880907E-003 -0.5649747819721332E-006 -0.6729037581860719E-022
 0.9997222200000000E+000  0.3972128600000000E+000 -0.1787259070419056E-003  0.2008149686144006E-003  0.1787249655380309E-003 -0.6277407139609706E-007  0.2549767638534161E-023
 0.1000000000000000E+001  0.3972128600000000E+000  0.2630057977988943E-027  0.2547420551867452E-027 -0.1763834792435635E-026 -0.1669735658978074E-037  0.7265655761982022E-040

 0.0000000000000000E+000  0.4874885200000000E+000 -0.2792979776426316E+001  0.2281098747490130E+001  0.2293152350704523E+001 -0.8352718342714094E-002  0.2714196546343723E-001
 0.2777777800000000E-003  0.4874885200000000E+000 -0.2792932843926713E+001  0.2281060808833482E+001  0.2293106037660421E+001 -0.8354425732690376E-002  0.2716182951644342E-001
 0.8333333300000000E-003  0.4874885200000000E+000 -0.2792558953416027E+001  0.2280758463033797E+001  0.2292737135702890E+001 -0.8368108539278293E-002  0.2732063336937423E-001
 0.1666666700000000E-002  0.4874885200000000E+000 -0.2791320801721797E+001  0.2279755995468167E+001  0.2291516201671572E+001 -0.8414463147941469E-002  0.2785372247594481E-001
 0.2777777800000000E-002  0.4874885200000000E+000 -0.2788529844882227E+001  0.2277489448590283E+001  0.2288768227316808E+001 -0.8525047738527828E-002  0.2909720293708489E-001
 0.4166666700000000E-002  0.4874885200000000E+000 -0.2783599254426364E+001  0.2273462160701912E+001  0.2283929542632241E+001 -0.8742666251474886E-002  0.3144488686020298E-001
 0.5833333300000000E-002  0.4874885200000000E+000 -0.2776370168842344E+001  0.2267505662570869E+001  0.2276880468120854E+001 -0.9119796686980472E-002  0.3527259988706547E-001
 0.7777777800000000E-002  0.4874885200000000E+000 -0.2767239511737551E+001  0.2259903694235380E+001  0.2268079539046036E+001 -0.9711924050389694E-002  0.4085201122013141E-001
 0.1000000000000000E-001  0.4874885200000000E+000 -0.2756903868026757E+001  0.2251224282435392E+001  0.2258310182850448E+001 -0.1056596607721853E-001  0.4829607731195200E-001
 0.1250000000000000E-001  0.4874885200000000E+000 -0.2745933966062907E+001  0.2241996891431037E+001  0.2248253427419304E+001 -0.1171045545262650E-001  0.5755923254660032E-001
 0.1527777800000000E-001  0.4874885200000000E+000 -0.2734530077302400E+001  0.2232499858835268E+001  0.2238239376179465E+001 -0.1315395821177053E-001  0.6847535068388602E-001
 0.1833333300000000E-001  0.4874885200000000E+000 -0.2722533599021487E+001  0.2222739870618194E+001  0.2228255274819609E+001 -0.1489064788796115E-001  0.8080095033668820E-001
 0.2166666700000000E-001  0.4874885200000000E+000 -0.2709554930362487E+001  0.2212533759139523E+001  0.2218070793298250E+001 -0.1690753940436978E-001  0.9424500328670914E-001
 0.2527777800000000E-001  0.4874885200000000E+000 -0.2695095535074660E+001  0.2201598410539642E+001  0.2207357413804050E+001 -0.1918968968793665E-001  0.1084840514733416E+000
 0.2916666700000000E-001  0.4874885200000000E+000 -0.2678626960953176E+001  0.2189612705836408E+001  0.2195763384195756E+001 -0.2172279097566425E-001  0.1231690523016530E+000
 0.3333333300000000E-001  0.4874885200000000E+000 -0.2659635442290729E+001  0.2176252599514427E+001  0.2182951754461003E+001 -0.2449396383399033E-001  0.1379302839209521E+000
 0.3777777800000000E-001  0.4874885200000000E+000 -0.2637648780744743E+001  0.2161210070735221E+001  0.2168617560940001E+001 -0.2749166054079118E-001  0.1523846012169771E+000
 0.4250000000000000E-001  0.4874885200000000E+000 -0.2612257203352405E+001  0.2144204958812585E+001  0.2152495777857909E+001 -0.3070523414710251E-001  0.1661469555524257E+000
 0.4750000000000000E-001  0.4874885200000000E+000 -0.2583133284820986E+001  0.2124994607473957E+001  0.2134365936256046E+001 -0.3412447173154452E-001  0.1788464857569705E+000
 0.5277777800000000E-001  0.4874885200000000E+000 -0.2550051670761582E+001  0.2103383328387706E+001  0.2114055856369342E+001 -0.3773918783601717E-001  0.1901458547187287E+000
 0.5833333300000000E-001  0.4874885200000000E+000 -0.2512906359727776E+001  0.2079231595350803E+001  0.2091444907965970E+001 -0.4153891931237701E-001  0.1997614708092841E+000
 0.6416666700000000E-001  0.4874885200000000E+000 -0.2471722079714616E+001  0.2052463820723915E+001  0.2066466381371004E+001 -0.4551271772279558E-001  0.2074814578803114E+000
 0.7027777800000000E-001  0.4874885200000000E+000 -0.2426656538065326E+001  0.2023073237980304E+001  0.2039108335269283E+001 -0.4964901165881198E-001  0.2131782170601393E+000
 0.7666666699999999E-001  0.4874885200000000E+000 -0.2377991439142987E+001  0.1991122446864143E+001  0.2009412193154402E+001 -0.5393553481016234E-001  0.2168132986132800E+000
 0.8333333300000000E-001  0.4874885200000000E+000 -0.2326112725678084E+001  0.1956739097665283E+001  0.1977468874837583E+001 -0.5835928144827072E-001  0.2184337019681492E+000
 0.9027777800000000E-001  0.4874885200000000E+000 -0.2271482444142829E+001  0.1920106898457671E+001  0.1943412458467912E+001 -0.6290648663269149E-001  0.2181604865654575E+000
 0.9750000000000000E-001  0.4874885200000000E+000 -0.2214606535904555E+001  0.1881453199754995E+001  0.1907411975249513E+001 -0.6756260327151453E-001  0.2161719343413403E+000
 0.1050000000000000E+000  0.4874885200000000E+000 -0.2156002892855933E+001  0.1841034693205830E+001  0.1869662001375718E+001 -0.7231228487271613E-001  0.2126842124643319E+000
 0.1127777800000000E+000  0.4874885200000000E+000 -0.2096173666622879E+001  0.1799123102649884E+001  0.1830373055919206E+001 -0.7713935496666571E-001  0.2079323785634917E+000
 0.1208333300000000E+000  0.4874885200000000E+000 -0.2035584212343324E+001  0.1755992343475986E+001  0.1789762639277767E+001 -0.8202676264013344E-001  0.2021538965377583E+000
 0.1291666700000000E+000  0.4874885200000000E+000 -0.1974648962449583E+001  0.1711907746822411E+001  0.1748047193385299E+001 -0.8695656642542191E-001  0.1955758216032465E+000
 0.1377777800000000E+000  0.4874885200000000E+000 -0.1913724989446624E+001  0.1667118643192976E+001  0.1705436176975666E+001 -0.9190984958417681E-001  0.1884060972951262E+000
 0.1466666700000000E+000  0.4874885200000000E+000 -0.1853110112646305E+001  0.1621852913920139E+001  0.1662127092698368E+001 -0.9686672256266214E-001  0.1808284487775723E+000
 0.1558333300000000E+000  0.4874885200000000E+000 -0.1793045900967045E+001  0.1576314543952951E+001  0.1618302679276770E+001 -0.1018062620942877E+000  0.1730003823803446E+000
 0.1652777800000000E+000  0.4874885200000000E+000 -0.1733722505138445E+001  0.1530682543394345E+001  0.1574128970018776E+001 -0.1067065181716351E+000  0.1650533138737917E+000
 0.1750000000000000E+000  0.4874885200000000E+000 -0.1675285560518155E+001  0.1485111834500093E+001  0.1529755013125421E+001 -0.1115444711059346E+000  0.1570942537316654E+000
 0.1850000000000000E+000  0.4874885200000000E+000 -0.1617842565143584E+001  0.1439734362018617E+001  0.1485312746980449E+001 -0.1162960800742371E+000  0.1492082073033655E+000
 0.1952777800000000E+000  0.4874885200000000E+000 -0.1561469729404131E+001  0.1394661272676563E+001  0.1440917963598308E+001 -0.1209362936865045E+000  0.1414610362508031E+000
 0.2058333300000000E+000  0.4874885200000000E+000 -0.1506217978885990E+001  0.1349985141120212E+001  0.1396671441048675E+001 -0.1254391045299039E+000  0.1339023338558301E+000
 0.2166666700000000E+000  0.4874885200000000E+000 -0.1452118016998755E+001  0.1305782084297650E+001  0.1352660116554792E+001 -0.1297776430418124E+000  0.1265681238172813E+000
 0.2277777800000000E+000  0.4874885200000000E+000 -0.1399185165208302E+001  0.1262114254310788E+001  0.1308958796814482E+001 -0.1339242506441728E+000  0.1194833771194762E+000
 0.2391666700000000E+000  0.4874885200000000E+000 -0.1347422729045536E+001  0.1219031589842191E+001  0.1265631286376396E+001 -0.1378506375148257E+000  0.1126641244905753E+000
 0.2508333300000000E+000  0.4874885200000000E+000 -0.1296825277883560E+001  0.1176573858349178E+001  0.1222731943445626E+001 -0.1415280203843034E+000  0.1061193357720420E+000
 0.2627777800000000E+000  0.4874885200000000E+000 -0.1247380860210540E+001  0.1134772099286831E+001  0.1180306754296117E+001 -0.1449273251269195E+000  0.9985243929606172E-001
 0.2750000000000000E+000  0.4874885200000000E+000 -0.1199073233941388E+001  0.1093650294234275E+001  0.1138394736425792E+001 -0.1480193813727902E+000  0.9386263937811176E-001
 0.2875000000000000E+000  0.4874885200000000E+000 -0.1151883082971584E+001  0.1053226339689190E+001  0.1097028715801659E+001 -0.1507751892365846E+000  0.8814592236482141E-001
 0.3002777800000000E+000  0.4874885200000000E+000 -0.1105789352204725E+001  0.1013513229858881E+001  0.1056236379605642E+001 -0.1531661836655693E+000  0.8269592065758706E-001
 0.3133333300000000E+000  0.4874885200000000E+000 -0.1060770128532853E+001  0.9745199316195882E+000  0.1016041065106685E+001 -0.1551645414534443E+000  0.7750458524214075E-001
 0.3266666700000000E+000  0.4874885200000000E+000 -0.1016803171351121E+001  0.9362520074567990E+000  0.9764623254420119E+000 -0.1567435203542967E+000  0.7256270476485471E-001
 0.3402777800000000E+000  0.4874885200000000E+000 -0.9738666397332919E+000  0.8987124415786718E+000  0.9375167322599600E+000 -0.1578778083897698E+000  0.6786035336724267E-001
 0.3541666700000000E+000  0.4874885200000000E+000 -0.9319392069318543E+000  0.8619019520360122E+000  0.8992181665997420E+000 -0.1585439150205699E+000  0.6338719235545079E-001
 0.3683333300000000E+000  0.4874885200000000E+000 -0.8910004604995593E+000  0.8258195590918632E+000  0.8615783872525223E+000 -0.1587205670821539E+000  0.5913274229247879E-001
 0.3827777800000000E+000  0.4874885200000000E+000 -0.8510309059455023E+000  0.7904628076432774E+000  0.8246072477431875E+000 -0.1583891253603797E+000  0.5508656239160330E-001
 0.3975000000000000E+000  0.4874885200000000E+000 -0.8120122497471730E+000  0.7558282324276353E+000  0.7883131707724192E+000 -0.1575340079131027E+000  0.5123841940382923E-001
 0.4125000000000000E+000  0.4874885200000000E+000 -0.7739272334341271E+000  0.7219114204723093E+000  0.7527032035197615E+000 -0.1561431140889174E+000  0.4757837937942776E-001
 0.4277777800000000E+000  0.4874885200000000E+000 -0.7367597353839448E+000  0.6887073018022534E+000  0.7177833109189364E+000 -0.1542082435071794E+000  0.4409690277954134E-001
 0.4433333300000000E+000  0.4874885200000000E+000 -0.7004947238627169E+000  0.6562102996616711E+000  0.6835585204263176E+000 -0.1517255012914874E+000  0.4078490599051841E-001
 0.4591666700000000E+000  0.4874885200000000E+000 -0.6651180994083054E+000  0.6244143715615007E+000  0.6500329491126495E+000 -0.1486956707522865E+000  0.3763379952350718E-001
 0.4752777800000000E+000  0.4874885200000000E+000 -0.6306167724643770E+000  0.5933132515775835E+000  0.6172100399612666E+000 -0.1451245708797863E+000  0.3463553795881816E-001
 0.4916666700000000E+000  0.4874885200000000E+000 -0.5969784085486990E+000  0.5629003845264007E+000  0.5850924706200433E+000 -0.1410233454519669E+000  0.3178263372376773E-001
 0.5083333300000000E+000  0.4874885200000000E+000 -0.5641914330824958E+000  0.5331690838101386E+000  0.5536822953486771E+000 -0.1364087212120904E+000  0.2906819079560237E-001
 0.5247222200000000E+000  0.4874885200000000E+000 -0.5332709031515507E+000  0.5050471265060218E+000  0.5239683992242995E+000 -0.1314767062595282E+000  0.2656789856581438E-001
 0.5408333300000000E+000  0.4874885200000000E+000 -0.5040818709509429E+000  0.4784223230269571E+000  0.4958396109214568E+000 -0.1262892217896064E+000  0.2426075284800519E-001
 0.5566666700000000E+000  0.4874885200000000E+000 -0.4765027038169541E+000  0.4531931065887617E+000  0.4691942224954760E+000 -0.1209046553031098E+000  0.2212860885610554E-001
 0.5722222200000000E+000  0.4874885200000000E+000 -0.4504233959439973E+000  0.4292673193116435E+000  0.4439390137827428E+000 -0.1153775811275124E+000  0.2015574865443643E-001
 0.5875000000000000E+000  0.4874885200000000E+000 -0.4257439699580214E+000  0.4065609973444844E+000  0.4199882249223830E+000 -0.1097585293450767E+000  0.1832850783503337E-001
 0.6025000000000000E+000  0.4874885200000000E+000 -0.4023733587498454E+000  0.3849975338938832E+000  0.3972628864573143E+000 -0.1040938846184137E+000  0.1663498144715856E-001
 0.6172222200000000E+000  0.4874885200000000E+000 -0.3802282957747575E+000  0.3645068037671861E+000  0.3756900746899764E+000 -0.9842581914728142E-001  0.1506476503579667E-001
 0.6316666700000000E+000  0.4874885200000000E+000 -0.3592324346915375E+000  0.3450244635185889E+000  0.3552023241387190E+000 -0.9279230307780262E-001  0.1360874114876832E-001
 0.6458333300000000E+000  0.4874885200000000E+000 -0.3393156539195673E+000  0.3264913963327088E+000  0.3357371687333860E+000 -0.8722718581827571E-001  0.1225890197008597E-001
 0.6597222200000000E+000  0.4874885200000000E+000 -0.3204133100804051E+000  0.3088530890603369E+000  0.3172365920031429E+000 -0.8176028036947147E-001  0.1100818745881441E-001
 0.6733333300000000E+000  0.4874885200000000E+000 -0.3024657802168096E+000  0.2920592623008169E+000  0.2996467265252302E+000 -0.7641754009616186E-001  0.9850358667770474E-002
 0.6866666700000000E+000  0.4874885200000000E+000 -0.2854179088570247E+000  0.2760634004304250E+000  0.2829174341204460E+000 -0.7122121832363071E-001  0.8779877032231315E-002
 0.6997222200000000E+000  0.4874885200000000E+000 -0.2692186510560490E+000  0.2608224558624517E+000  0.2670020566753507E+000 -0.6619008966925423E-001  0.7791806565240447E-002
 0.7125000000000000E+000  0.4874885200000000E+000 -0.2538206137341005E+000  0.2462964510528746E+000  0.2518570498503226E+000 -0.6133964095429343E-001  0.6881717823547320E-002
 0.7250000000000000E+000  0.4874885200000000E+000 -0.2391798172625632E+000  0.2324482822307608E+000  0.2374418189227822E+000 -0.5668232690708594E-001  0.6045611999127037E-002
 0.7372222200000000E+000  0.4874885200000000E+000 -0.2252553565909697E+000  0.2192434247426653E+000  0.2237184444188063E+000 -0.5222778893249801E-001  0.5279843942584289E-002
 0.7491666700000000E+000  0.4874885200000000E+000 -0.2120091459356093E+000  0.2066497138248952E+000  0.2106514802831844E+000 -0.4798309114930836E-001  0.4581054464280260E-002
 0.7608333300000000E+000  0.4874885200000000E+000 -0.1994057333360222E+000  0.1946371894033374E+000  0.1982078131175055E+000 -0.4395296809235515E-001  0.3946109620256109E-002
 0.7722222200000000E+000  0.4874885200000000E+000 -0.1874120180041804E+000  0.1831778463702592E+000  0.1863564189383267E+000 -0.4014002871083831E-001  0.3372037838666856E-002
 0.7833333300000000E+000  0.4874885200000000E+000 -0.1759971415854208E+000  0.1722455487989483E+000  0.1750682861247859E+000 -0.3654500217113549E-001  0.2855978631313998E-002
 0.7941666700000000E+000  0.4874885200000000E+000 -0.1651322677523276E+000  0.1618158364280254E+000  0.1643162235923194E+000 -0.3316693323190841E-001  0.2395128332341701E-002
 0.8047222200000000E+000  0.4874885200000000E+000 -0.1547904818714081E+000  0.1518658448610339E+000  0.1540747838626746E+000 -0.3000340010925149E-001  0.1986694478306524E-002
 0.8149999999999999E+000  0.4874885200000000E+000 -0.1449465842471586E+000  0.1423741226404027E+000  0.1443200776540757E+000 -0.2705068365736751E-001  0.1627849476921689E-002
 0.8250000000000000E+000  0.4874885200000000E+000 -0.1355770345789205E+000  0.1333205927994409E+000  0.1350297355214365E+000 -0.2430396742103029E-001  0.1315695355109723E-002
 0.8347222200000000E+000  0.4874885200000000E+000 -0.1266597989094031E+000  0.1246864199375404E+000  0.1261827707509430E+000 -0.2175749200662834E-001  0.1047230906379809E-002
 0.8441666700000000E+000  0.4874885200000000E+000 -0.1181742468725125E+000  0.1164539249288612E+000  0.1177594901926110E+000 -0.1940470975835105E-001  0.8193291630340128E-003
 0.8533333300000000E+000  0.4874885200000000E+000 -0.1101010925172971E+000  0.1086065413655784E+000  0.1097414468234214E+000 -0.1723843622832963E-001  0.6287262476048617E-003
 0.8622222200000000E+000  0.4874885200000000E+000 -0.1024222448721557E+000  0.1011286837634599E+000  0.1021113013847024E+000 -0.1525096245484867E-001  0.4720205577486315E-003
 0.8708333300000000E+000  0.4874885200000000E+000 -0.9512079018529689E-001  0.9400574304800098E-001  0.9485281364705361E-001 -0.1343418926540895E-001  0.3456901351921536E-003
 0.8791666700000000E+000  0.4874885200000000E+000 -0.8818087484387090E-001  0.8722398491927745E-001  0.8795073407210696E-001 -0.1177972165502463E-001  0.2461243224119980E-003
 0.8872222200000000E+000  0.4874885200000000E+000 -0.8158767978016641E-001  0.8077053676859144E-001  0.8139078554822940E-001 -0.1027897382523950E-001  0.1696747325860368E-003
 0.8950000000000000E+000  0.4874885200000000E+000 -0.7532730011737755E-001  0.7463328137042070E-001  0.7515955012022947E-001 -0.8923239870440199E-002  0.1127218595955409E-003
 0.9025000000000000E+000  0.4874885200000000E+000 -0.6938674513749803E-001  0.6880086759714808E-001  0.6924447470985240E-001 -0.7703781520408111E-002  0.7175763555328215E-004
 0.9097222200000000E+000  0.4874885200000000E+000 -0.6375385203356766E-001  0.6326263611901296E-001  0.6363379041837020E-001 -0.6611885798509879E-002  0.4347607920785287E-004
 0.9166666700000000E+000  0.4874885200000000E+000 -0.5841723709768882E-001  0.5800858099908457E-001  0.5831646845723912E-001 -0.5638922420138036E-002  0.2486561275499534E-004
 0.9233333300000000E+000  0.4874885200000000E+000 -0.5336628053246251E-001  0.5302934376412398E-001  0.5328220903811236E-001 -0.4776398491099940E-002  0.1329207967862602E-004
 0.9297222200000000E+000  0.4874885200000000E+000 -0.4859103048144829E-001  0.4831612723373647E-001  0.4852134925857975E-001 -0.4015991356808878E-002  0.6560442611460212E-005
 0.9358333300000000E+000  0.4874885200000000E+000 -0.4408221702186996E-001  0.4386071703710458E-001  0.4402488012013832E-001 -0.3349594260140865E-002  0.2944889197375772E-005
 0.9416666700000000E+000  0.4874885200000000E+000 -0.3983117813771860E-001  0.3965541576410592E-001  0.3978437542889897E-001 -0.2769341112999099E-002  0.1179829780656036E-005
 0.9472222200000000E+000  0.4874885200000000E+000 -0.3582986278107322E-001  0.3569305268122130E-001  0.3579199722679238E-001 -0.2267638026416065E-002  0.4119654213572874E-006
 0.9525000000000000E+000  0.4874885200000000E+000 -0.3207074903034533E-001  0.3196690894744707E-001  0.3204041624675778E-001 -0.1837178759776113E-002  0.1216188428093711E-006
 0.9575000000000000E+000  0.4874885200000000E+000 -0.2854686609571577E-001  0.2847074513978776E-001  0.2852283572704774E-001 -0.1470969837346966E-002  0.2918452434176068E-007
 0.9622222200000000E+000  0.4874885200000000E+000 -0.2525173907400510E-001  0.2519875186958866E-001  0.2523293794258172E-001 -0.1162342252969808E-002  0.5405461932878882E-008
 0.9666666700000000E+000  0.4874885200000000E+000 -0.2217936507415460E-001  0.2214553102730460E-001  0.2216486184294085E-001 -0.9049645160404563E-003  0.7213011234377596E-009
 0.9708333300000000E+000  0.4874885200000000E+000 -0.1932421855306611E-001  0.1930610572244148E-001  0.1931320970314788E-001 -0.6928551366954354E-003  0.6349213802435324E-010
 0.9747222200000000E+000  0.4874885200000000E+000 -0.1668118269577388E-001  0.1667585638081976E-001  0.1667297977030166E-001 -0.5203869299395059E-003  0.3465435097101008E-011
 0.9783333300000000E+000  0.4874885200000000E+000 -0.1424557890544997E-001  0.1425055409312515E-001  0.1423959675925367E-001 -0.3822971712368158E-003  0.1616195855456683E-012
 0.9816666700000000E+000  0.4874885200000000E+000 -0.1201311569207410E-001  0.1202631358792410E-001  0.1200886172758873E-001 -0.2736901244148290E-003  0.1137549680690031E-013
 0.9847222200000000E+000  0.4874885200000000E+000 -0.9979906883333447E-002  0.9999615072131282E-002  0.9976971096024358E-002 -0.1900425069305632E-003  0.5056192454247643E-015
 0.9875000000000000E+000  0.4874885200000000E+000 -0.8142410920886963E-002  0.8167247451435787E-002  0.8140456718787022E-002 -0.1272039881590490E-003  0.6881423170359116E-017
 0.9900000000000000E+000  0.4874885200000000E+000 -0.6497465020947846E-002  0.6526346291175517E-002  0.6496220662730803E-002 -0.8140104654806342E-004  0.2164159796201324E-018
 0.9922222200000000E+000  0.4874885200000000E+000 -0.5042247333336734E-002  0.5074360328436263E-002  0.5041497954079635E-002 -0.4923697714139735E-004  0.8817470622988022E-020
 0.9941666700000000E+000  0.4874885200000000E+000 -0.3774267200357228E-002  0.3809041256479313E-002  0.3773847329337734E-002 -0.2769273020386090E-004  0.1393797525601086E-022
 0.9958333300000000E+000  0.4874885200000000E+000 -0.2691382531244462E-002  0.2728478516348776E-002  0.2691169030330932E-002 -0.1412757204897083E-004  0.1188100360353580E-023
 0.9972222200000000E+000  0.4874885200000000E+000 -0.1791746716492560E-002  0.1830517471766414E-002  0.1791652092534001E-002 -0.6278370628518239E-005 -0.4133691705007612E-023
 0.9983333300000000E+000  0.4874885200000000E+000 -0.1073847811279011E-002  0.1114466900020995E-002  0.1073813822713210E-002 -0.2260053843677655E-005  0.1301380777797804E-021
 0.9991666700000000E+000  0.4874885200000000E+000 -0.5364708377665472E-003  0.5699760422007681E-003  0.5364623549633884E-003 -0.5649747933817704E-006 -0.8275118982369859E-022
 0.9997222200000000E+000  0.4874885200000000E+000 -0.1787259074444511E-003  0.2008139689609977E-003  0.1787249659405750E-003 -0.6277407153700286E-007 -0.3136624135634469E-024
 0.1000000000000000E+001  0.4874885200000000E+000  0.1952390426934344E-026 -0.3737488246202577E-026 -0.1072557081338711E-026  0.6916212402505869E-039  0.2043710558838151E-040

 0.0000000000000000E+000  0.5741531400000000E+000 -0.2795153872343485E+001  0.2278924673837088E+001  0.2295166684113827E+001 -0.8352718342714094E-002  0.3147462810420719E-001
 0.2777777800000000E-003  0.5741531400000000E+000 -0.2795105554381418E+001  0.2278887955897221E+001  0.2295118670099084E+001 -0.8354427035431452E-002  0.3149767379149013E-001
 0.8333333300000000E-003  0.5741531400000000E+000 -0.2794720687010578E+001  0.2278595326431725E+001  0.2294736260386178E+001 -0.8368120051853205E-002  0.3168191418954389E-001
 0.1666666700000000E-002  0.5741531400000000E+000 -0.2793446978533074E+001  0.2277624927517687E+001  0.2293471162426135E+001 -0.8414506425743826E-002  0.3230040260616798E-001
 0.2777777800000000E-002  0.5741531400000000E+000 -0.2790580480509139E+001  0.2275430056875124E+001  0.2290626903487485E+001 -0.8525151445880671E-002  0.3374315433099545E-001
 0.4166666700000000E-002  0.5741531400000000E+000 -0.2785533069189566E+001  0.2271527250398240E+001  0.2285629684234221E+001 -0.8742841163800429E-002  0.3646733949328981E-001
 0.5833333300000000E-002  0.5741531400000000E+000 -0.2778175510466725E+001  0.2265748052694292E+001  0.2278376940888715E+001 -0.9120003381319585E-002  0.4090975747393993E-001
 0.7777777800000000E-002  0.5741531400000000E+000 -0.2768967437066010E+001  0.2258360812625201E+001  0.2269372915484993E+001 -0.9712072825111997E-002  0.4738731756705073E-001
 0.1000000000000000E-001  0.5741531400000000E+000 -0.2758681265236446E+001  0.2249912488369576E+001  0.2259455355583968E+001 -0.1056596343194256E-001  0.5603429818482768E-001
 0.1250000000000000E-001  0.5741531400000000E+000 -0.2747952561991237E+001  0.2240919428540889E+001  0.2249345293652529E+001 -0.1171025341100369E-001  0.6680309242671688E-001
 0.1527777800000000E-001  0.5741531400000000E+000 -0.2737026584820746E+001  0.2231660855158542E+001  0.2239391868496880E+001 -0.1315356828348799E-001  0.7950858935515631E-001
 0.1833333300000000E-001  0.5741531400000000E+000 -0.2725774068524411E+001  0.2222155279117101E+001  0.2229587406399403E+001 -0.1489012975258266E-001  0.9387830411900455E-001
 0.2166666700000000E-001  0.5741531400000000E+000 -0.2713824625977562E+001  0.2212235693609420E+001  0.2219701388109371E+001 -0.1690698857659726E-001  0.1095864850035474E+000
 0.2527777800000000E-001  0.5741531400000000E+000 -0.2700689872310892E+001  0.2201633683701363E+001  0.2209404314648518E+001 -0.1918923402801581E-001  0.1262705707370718E+000
 0.2916666700000000E-001  0.5741531400000000E+000 -0.2685839550476666E+001  0.2190037475418942E+001  0.2198343283175239E+001 -0.2172259428406403E-001  0.1435373904161143E+000
 0.3333333300000000E-001  0.5741531400000000E+000 -0.2668741589675044E+001  0.2177124622716597E+001  0.2186178733780718E+001 -0.2449423198940706E-001  0.1609665325458228E+000
 0.3777777800000000E-001  0.5741531400000000E+000 -0.2648884845481109E+001  0.2162579607224553E+001  0.2172599847640855E+001 -0.2749264665142120E-001  0.1781161477753654E+000
 0.4250000000000000E-001  0.5741531400000000E+000 -0.2625797783544534E+001  0.2146105247004459E+001  0.2157330952520241E+001 -0.3070724074280212E-001  0.1945339195541043E+000
 0.4750000000000000E-001  0.5741531400000000E+000 -0.2599069421492668E+001  0.2127432988393959E+001  0.2140135216665263E+001 -0.3412784937382372E-001  0.2097742487613753E+000
 0.5277777800000000E-001  0.5741531400000000E+000 -0.2568373991159425E+001  0.2106334279529873E+001  0.2120818286477197E+001 -0.3774433065837185E-001  0.2234207957860459E+000
 0.5833333300000000E-001  0.5741531400000000E+000 -0.2533497021805964E+001  0.2082632959979511E+001  0.2099232381756522E+001 -0.4154625891965021E-001  0.2351120542174039E+000
 0.6416666700000000E-001  0.5741531400000000E+000 -0.2494358241431703E+001  0.2056217217845183E+001  0.2075280381967464E+001 -0.4552271742441039E-001  0.2445661974727649E+000
 0.7027777800000000E-001  0.5741531400000000E+000 -0.2451025919245506E+001  0.2027048986666874E+001  0.2048919038831178E+001 -0.4966216303010056E-001  0.2516007817492814E+000
 0.7666666699999999E-001  0.5741531400000000E+000 -0.2403717929020034E+001  0.1995168472660143E+001  0.2020160200806002E+001 -0.5395235807136534E-001  0.2561434482616796E+000
 0.8333333300000000E-001  0.5741531400000000E+000 -0.2352787752048580E+001  0.1960692465981587E+001  0.1989069360628829E+001 -0.5838033023416081E-001  0.2582313462395758E+000
 0.9027777800000000E-001  0.5741531400000000E+000 -0.2298696794475335E+001  0.1923806127350869E+001  0.1955761102427085E+001 -0.6293235671234275E-001  0.2579994777394170E+000
 0.9750000000000000E-001  0.5741531400000000E+000 -0.2241977786903786E+001  0.1884749497290838E+001  0.1920391792204866E+001 -0.6759394390158026E-001  0.2556604416414165E+000
 0.1050000000000000E+000  0.5741531400000000E+000 -0.2183195256489849E+001  0.1843800704937953E+001  0.1883150148070354E+001 -0.7234981097288531E-001  0.2514795312381337E+000
 0.1127777800000000E+000  0.5741531400000000E+000 -0.2122909155429178E+001  0.1801258445402353E+001  0.1844246863509498E+001 -0.7718385818688464E-001  0.2457493661537576E+000
 0.1208333300000000E+000  0.5741531400000000E+000 -0.2061645849332218E+001  0.1757425896641526E+001  0.1803904400850098E+001 -0.8207911962149111E-001  0.2387674457811979E+000
 0.1291666700000000E+000  0.5741531400000000E+000 -0.1999877873760862E+001  0.1712597181655957E+001  0.1762347534851618E+001 -0.8701774306901079E-001  0.2308185730446703E+000
 0.1377777800000000E+000  0.5741531400000000E+000 -0.1938013598520439E+001  0.1667047951257158E+001  0.1719796073907667E+001 -0.9198090048343831E-001  0.2221629357662882E+000
 0.1466666700000000E+000  0.5741531400000000E+000 -0.1876393439699091E+001  0.1621028716304099E+001  0.1676458752209675E+001 -0.9694878545984113E-001  0.2130292269966117E+000
 0.1558333300000000E+000  0.5741531400000000E+000 -0.1815292515772901E+001  0.1574761880060454E+001  0.1632529562680460E+001 -0.1019005472853592E+000  0.2036120711837583E+000
 0.1652777800000000E+000  0.5741531400000000E+000 -0.1754926116904356E+001  0.1528440645728685E+001  0.1588185233196455E+001 -0.1068142932350130E+000  0.1940723861138367E+000
 0.1750000000000000E+000  0.5741531400000000E+000 -0.1695457783655849E+001  0.1482230232965537E+001  0.1543584603235142E+001 -0.1116670411486775E+000  0.1845398149841645E+000
 0.1850000000000000E+000  0.5741531400000000E+000 -0.1637007028285031E+001  0.1436269487581426E+001  0.1498868336795173E+001 -0.1164347640739029E+000  0.1751160823836319E+000
 0.1952777800000000E+000  0.5741531400000000E+000 -0.1579657506349614E+001  0.1390673635390089E+001  0.1454159854518441E+001 -0.1210923971625718E+000  0.1658788842173535E+000
 0.2058333300000000E+000  0.5741531400000000E+000 -0.1523464187385212E+001  0.1345537071139682E+001  0.1409566517315093E+001 -0.1256138889896355E+000  0.1568857294987997E+000
 0.2166666700000000E+000  0.5741531400000000E+000 -0.1468459386582893E+001  0.1300935983581593E+001  0.1365180896397185E+001 -0.1299722926963494E+000  0.1481774898111608E+000
 0.2277777800000000E+000  0.5741531400000000E+000 -0.1414658384488439E+001  0.1256931292544448E+001  0.1321082605981793E+001 -0.1341398366761803E+000  0.1397816497932617E+000
 0.2391666700000000E+000  0.5741531400000000E+000 -0.1362063379946325E+001  0.1213570762874427E+001  0.1277339554212695E+001 -0.1380880807190942E+000  0.1317150036234104E+000
 0.2508333300000000E+000  0.5741531400000000E+000 -0.1310667214481503E+001  0.1170891341234702E+001  0.1234009620179490E+001 -0.1417880526513096E+000  0.1239860142474757E+000
 0.2627777800000000E+000  0.5741531400000000E+000 -0.1260455901820843E+001  0.1128920826948073E+001  0.1191141834878691E+001 -0.1452104507871935E+000  0.1165966983627334E+000
 0.2750000000000000E+000  0.5741531400000000E+000 -0.1211411085170662E+001  0.1087679717711699E+001  0.1148777881674899E+001 -0.1483258391533349E+000  0.1095442364424143E+000
 0.2875000000000000E+000  0.5741531400000000E+000 -0.1163511399057370E+001  0.1047182311155838E+001  0.1106952951437050E+001 -0.1511049162350123E+000  0.1028221887476894E+000
 0.3002777800000000E+000  0.5741531400000000E+000 -0.1116733903175804E+001  0.1007437982622149E+001  0.1065696863553822E+001 -0.1535187824045894E+000  0.9642152538736419E-001
 0.3133333300000000E+000  0.5741531400000000E+000 -0.1071055020349870E+001  0.9684521266015810E+000  0.1025034909018073E+001 -0.1555392514878202E+000  0.9033141824508659E-001
 0.3266666700000000E+000  0.5741531400000000E+000 -0.1026451094261271E+001  0.9302268251560597E+000  0.9849884578351186E+000 -0.1571391959635278E+000  0.8453984436901485E-001
 0.3402777800000000E+000  0.5741531400000000E+000 -0.9828991296333017E+000  0.8927617033749267E+000  0.9455757974453899E+000 -0.1582929036705444E+000  0.7903410062052625E-001
 0.3541666700000000E+000  0.5741531400000000E+000 -0.9403768992546763E+000  0.8560542592900093E+000  0.9068124460171936E+000 -0.1589764780673052E+000  0.7380114412038714E-001
 0.3683333300000000E+000  0.5741531400000000E+000 -0.8988633331445712E+000  0.8201004411303223E+000  0.8687117402352669E+000 -0.1591682444174913E+000  0.6882789680607793E-001
 0.3827777800000000E+000  0.5741531400000000E+000 -0.8583385007208760E+000  0.7848948731907952E+000  0.8312850622223199E+000 -0.1588491779018736E+000  0.6410144123812730E-001
 0.3975000000000000E+000  0.5741531400000000E+000 -0.8187838732925815E+000  0.7504313192830449E+000  0.7945423226517661E+000 -0.1580033392221327E+000  0.5960920450862578E-001
 0.4125000000000000E+000  0.5741531400000000E+000 -0.7801821297180891E+000  0.7167027420939204E+000  0.7584920158871121E+000 -0.1566183115372803E+000  0.5533905280972561E-001
 0.4277777800000000E+000  0.5741531400000000E+000 -0.7425172327785450E+000  0.6837015880577108E+000  0.7231415129649974E+000 -0.1546856323037265E+000  0.5127939092596841E-001
 0.4433333300000000E+000  0.5741531400000000E+000 -0.7057743545938392E+000  0.6514199312422269E+000  0.6884972017426464E+000 -0.1522012109302294E+000  0.4741922357150267E-001
 0.4591666700000000E+000  0.5741531400000000E+000 -0.6699396902598205E+000  0.6198495083530215E+000  0.6545645059298291E+000 -0.1491657127875473E+000  0.4374819063317955E-001
 0.4752777800000000E+000  0.5741531400000000E+000 -0.6350005104462020E+000  0.5889819535291243E+000  0.6213481143446005E+000 -0.1455849263519154E+000  0.4025661713545983E-001
 0.4916666700000000E+000  0.5741531400000000E+000 -0.6009448780625721E+000  0.5588087273230788E+000  0.5888518775174489E+000 -0.1414700596102608E+000  0.3693552203093139E-001
 0.5083333300000000E+000  0.5741531400000000E+000 -0.5677616290370511E+000  0.5293212681607585E+000  0.5570789396199162E+000 -0.1368380026661019E+000  0.3377665108975211E-001
 0.5247222200000000E+000  0.5741531400000000E+000 -0.5364780726426776E+000  0.5014375513108491E+000  0.5270301550511330E+000 -0.1318857609356953E+000  0.3086784835859526E-001
 0.5408333300000000E+000  0.5741531400000000E+000 -0.5069570357763138E+000  0.4750440896931327E+000  0.4985930396538139E+000 -0.1266758585361678E+000  0.2818444323728473E-001
 0.5566666700000000E+000  0.5741531400000000E+000 -0.4790747900603322E+000  0.4500383477509566E+000  0.4716645286897031E+000 -0.1212672695040853E+000  0.2570514522217615E-001
 0.5722222200000000E+000  0.5741531400000000E+000 -0.4527193459183190E+000  0.4263274648892539E+000  0.4461500206950213E+000 -0.1157151228127390E+000  0.2341152786429247E-001
 0.5875000000000000E+000  0.5741531400000000E+000 -0.4277888406982702E+000  0.4038269916944029E+000  0.4219623650547556E+000 -0.1100704592224695E+000  0.2128758488973136E-001
 0.6025000000000000E+000  0.5741531400000000E+000 -0.4041904140625823E+000  0.3824600115664210E+000  0.3990212074813093E+000 -0.1043801217093310E+000  0.1931938088644054E-001
 0.6172222200000000E+000  0.5741531400000000E+000 -0.3818390927761255E+000  0.3621562328693940E+000  0.3772522569065530E+000 -0.9868668303650344E-001  0.1749474459997298E-001
 0.6316666700000000E+000  0.5741531400000000E+000 -0.3606569074808448E+000  0.3428512620569491E+000  0.3565867083591891E+000 -0.9302845365984579E-001  0.1580301642598450E-001
 0.6458333300000000E+000  0.5741531400000000E+000 -0.3405721959377974E+000  0.3244860258337358E+000  0.3369607932796765E+000 -0.8743956300946457E-001  0.1423483889918700E-001
 0.6597222200000000E+000  0.5741531400000000E+000 -0.3215188543484110E+000  0.3070061306513961E+000  0.3183152359027497E+000 -0.8195004555847141E-001  0.1278196597223213E-001
 0.6733333300000000E+000  0.5741531400000000E+000 -0.3034358794022356E+000  0.2903614766875243E+000  0.3005949590824131E+000 -0.7658602109543952E-001  0.1143711375780713E-001
 0.6866666700000000E+000  0.5741531400000000E+000 -0.2862668137232069E+000  0.2745057757467815E+000  0.2837486681588257E+000 -0.7136985873711357E-001  0.1019381866012778E-001
 0.6997222200000000E+000  0.5741531400000000E+000 -0.2699593881759609E+000  0.2593962443777270E+000  0.2677286052570675E+000 -0.6632040357831155E-001  0.9046322467212006E-002
 0.7125000000000000E+000  0.5741531400000000E+000 -0.2544650611281689E+000  0.2449931977355997E+000  0.2524901843496761E+000 -0.6145317316406169E-001  0.7989459775014555E-002
 0.7250000000000000E+000  0.5741531400000000E+000 -0.2397387788961064E+000  0.2312598451766292E+000  0.2379918286984127E+000 -0.5678061910185243E-001  0.7018569000974372E-002
 0.7372222200000000E+000  0.5741531400000000E+000 -0.2257386345096229E+000  0.2181619898000226E+000  0.2241946963741458E+000 -0.5231235150717447E-001  0.6129402326705758E-002
 0.7491666700000000E+000  0.5741531400000000E+000 -0.2124256101478847E+000  0.2056678040081813E+000  0.2110624779953917E+000 -0.4805538053058484E-001  0.5318046549816901E-002
 0.7608333300000000E+000  0.5741531400000000E+000 -0.1997633893966115E+000  0.1937476696495277E+000  0.1985612551514019E+000 -0.4401436920977081E-001  0.4580852153229841E-002
 0.7722222200000000E+000  0.5741531400000000E+000 -0.1877180715126666E+000  0.1823739252744157E+000  0.1866592553058322E+000 -0.4019184204615928E-001  0.3914359953239516E-002
 0.7833333300000000E+000  0.5741531400000000E+000 -0.1762580601987173E+000  0.1715207768200849E+000  0.1753267732576685E+000 -0.3658843500937636E-001  0.3315241267477471E-002
 0.7941666700000000E+000  0.5741531400000000E+000 -0.1653538400006815E+000  0.1611641020579586E+000  0.1645359769616572E+000 -0.3320309446465491E-001  0.2780234686518640E-002
 0.8047222200000000E+000  0.5741531400000000E+000 -0.1549778731518895E+000  0.1512813684922768E+000  0.1542608284779564E+000 -0.3003329813338100E-001  0.2306092922412215E-002
 0.8149999999999999E+000  0.5741531400000000E+000 -0.1451043895330958E+000  0.1418514493513896E+000  0.1444768958854235E+000 -0.2707522676874205E-001  0.1889528867143834E-002
 0.8250000000000000E+000  0.5741531400000000E+000 -0.1357093283361350E+000  0.1328545834956840E+000  0.1351613126524489E+000 -0.2432396630285625E-001  0.1527174541484402E-002
 0.8347222200000000E+000  0.5741531400000000E+000 -0.1267701818869514E+000  0.1242722418732127E+000  0.1262926378800707E+000 -0.2177366379538069E-001  0.1215542851537515E-002
 0.8441666700000000E+000  0.5741531400000000E+000 -0.1182658899757637E+000  0.1160870416026721E+000  0.1178507646503586E+000 -0.1941768331084428E-001  0.9510013484041045E-003
 0.8533333300000000E+000  0.5741531400000000E+000 -0.1101767778993746E+000  0.1082827018411753E+000  0.1098168702154660E+000 -0.1724875824347371E-001  0.7297592103225705E-003
 0.8622222200000000E+000  0.5741531400000000E+000 -0.1024844041200214E+000  0.1008439121461733E+000  0.1021732751212266E+000 -0.1525910410659031E-001  0.5478662298037099E-003
 0.8708333300000000E+000  0.5741531400000000E+000 -0.9517153995285808E-001  0.9375632759283632E-001  0.9490343229504680E-001 -0.1344055312977380E-001  0.4012329153343632E-003
 0.8791666700000000E+000  0.5741531400000000E+000 -0.8822204981527029E-001  0.8700646745053023E-001  0.8799181640117038E-001 -0.1178464867969952E-001  0.2856671823848200E-003
 0.8872222200000000E+000  0.5741531400000000E+000 -0.8162086320157093E-001  0.8058170206365031E-001  0.8142390348929954E-001 -0.1028275018977277E-001  0.1969334650513827E-003
 0.8950000000000000E+000  0.5741531400000000E+000 -0.7535385184974024E-001  0.7447014701195541E-001  0.7518605556561060E-001 -0.8926103578540477E-002  0.1308299832876578E-003
 0.9025000000000000E+000  0.5741531400000000E+000 -0.6940782747101742E-001  0.6866067379031757E-001  0.6926552436227314E-001 -0.7705928642652421E-002  0.8328452170333376E-004
 0.9097222200000000E+000  0.5741531400000000E+000 -0.6377045324108693E-001  0.6314283586478089E-001  0.6365036862711246E-001 -0.6613476274746611E-002  0.5045960050140816E-004
 0.9166666700000000E+000  0.5741531400000000E+000 -0.5843019286908498E-001  0.5790683044215360E-001  0.5832940813881321E-001 -0.5640085380419081E-002  0.2885958443274384E-004
 0.9233333300000000E+000  0.5741531400000000E+000 -0.5337629340540746E-001  0.5294349259610422E-001  0.5329221075132427E-001 -0.4777237070355642E-002  0.1542700106912013E-004
 0.9297222200000000E+000  0.5741531400000000E+000 -0.4859868732282920E-001  0.4824420940354137E-001  0.4852899844583732E-001 -0.4016586989358438E-002  0.7614117297857234E-005
 0.9358333300000000E+000  0.5741531400000000E+000 -0.4408800474435379E-001  0.4380094140303045E-001  0.4403066266330843E-001 -0.3350010469157904E-002  0.3417853151425357E-005
 0.9416666700000000E+000  0.5741531400000000E+000 -0.3983549772075390E-001  0.3960615696961048E-001  0.3978869156152489E-001 -0.2769626808148191E-002  0.1369310601681058E-005
 0.9472222200000000E+000  0.5741531400000000E+000 -0.3583304175720280E-001  0.3565284205049815E-001  0.3579517394449284E-001 -0.2267830341316984E-002  0.4781252772791942E-006
 0.9525000000000000E+000  0.5741531400000000E+000 -0.3207305253126818E-001  0.3193442563020314E-001  0.3204271829841410E-001 -0.1837305460770678E-002  0.1411497999144981E-006
 0.9575000000000000E+000  0.5741531400000000E+000 -0.2854850661129010E-001  0.2844480727972885E-001  0.2852447533301736E-001 -0.1471051344529098E-002  0.3387120195642361E-007
 0.9622222200000000E+000  0.5741531400000000E+000 -0.2525288501495574E-001  0.2517830799507139E-001  0.2523408332672242E-001 -0.1162393311687242E-002  0.6273494400135762E-008
 0.9666666700000000E+000  0.5741531400000000E+000 -0.2218014825619150E-001  0.2212965159998690E-001  0.2216564469363728E-001 -0.9049955604541627E-003  0.8371285582685413E-009
 0.9708333300000000E+000  0.5741531400000000E+000 -0.1932474070393935E-001  0.1929397481805259E-001  0.1931373166310894E-001 -0.6928733853623545E-003  0.7368762822102608E-010
 0.9747222200000000E+000  0.5741531400000000E+000 -0.1668152106984767E-001  0.1666676361305074E-001  0.1667331803837905E-001 -0.5203972512414542E-003  0.4021908678509547E-011
 0.9783333300000000E+000  0.5741531400000000E+000 -0.1424579110201059E-001  0.1424388664528532E-001  0.1423980889944137E-001 -0.3823027550497457E-003  0.1875727983270925E-012
 0.9816666700000000E+000  0.5741531400000000E+000 -0.1201324374951945E-001  0.1202154845764875E-001  0.1200898975652740E-001 -0.2736929925999510E-003  0.1320218451583556E-013
 0.9847222200000000E+000  0.5741531400000000E+000 -0.9979980727886912E-002  0.9996311449932418E-002  0.9977044927000635E-002 -0.1900438926186844E-003  0.5868095821989799E-015
 0.9875000000000000E+000  0.5741531400000000E+000 -0.8142451235570993E-002  0.8165039294744119E-002  0.8140497027455149E-002 -0.1272046101108951E-003  0.7986555884298788E-017
 0.9900000000000000E+000  0.5741531400000000E+000 -0.6497485602010581E-002  0.6524935011538665E-002  0.6496241241354306E-002 -0.8140130165606836E-004  0.2509980042190125E-018
 0.9922222200000000E+000  0.5741531400000000E+000 -0.5042256991818131E-002  0.5073507637319089E-002  0.5041507611676394E-002 -0.4923707061183287E-004  0.1041371329614732E-019
 0.9941666700000000E+000  0.5741531400000000E+000 -0.3774271265778047E-002  0.3808562134803815E-002  0.3773851394480842E-002 -0.2769275980919695E-004  0.7445907574148059E-022
 0.9958333300000000E+000  0.5741531400000000E+000 -0.2691384009935431E-002  0.2728234292043134E-002  0.2691170508950098E-002 -0.1412757976228145E-004  0.2614175972920021E-023
 0.9972222200000000E+000  0.5741531400000000E+000 -0.1791747153912325E-002  0.1830409011528629E-002  0.1791652529939664E-002 -0.6278372153231036E-005  0.2203911048202882E-022
 0.9983333300000000E+000  0.5741531400000000E+000 -0.1073847905639296E-002  0.1114427878424332E-002  0.1073813917071676E-002 -0.2260054041393624E-005 -0.9508781161927685E-022
 0.9991666700000000E+000  0.5741531400000000E+000 -0.5364708495498733E-003  0.5699662914516614E-003  0.5364623667466011E-003 -0.5649748057439327E-006  0.7014685040150514E-022
 0.9997222200000000E+000  0.5741531400000000E+000 -0.1787259078806029E-003  0.2008128858530786E-003  0.1787249663767250E-003 -0.6277407168967205E-007  0.8968013408766540E-023
 0.1000000000000000E+001  0.5741531400000000E+000  0.2471527618633271E-026 -0.3238411730855375E-026 -0.6853712015415318E-027 -0.1063355177665661E-038  0.2835342731009493E-039

 0.0000000000000000E+000  0.6572067400000000E+000 -0.2797414339243345E+001  0.2276664230441057E+001  0.2297261732307835E+001 -0.8352718342714094E-002  0.3540658840271232E-001
 0.2777777800000000E-003  0.6572067400000000E+000 -0.2797364576848116E+001  0.2276628786039150E+001  0.2297211946948186E+001 -0.8354428385370066E-002  0.3543252558211292E-001
 0.8333333300000000E-003  0.6572067400000000E+000 -0.2796968265324157E+001  0.2276346293077559E+001  0.2296815470681291E+001 -0.8368131981888374E-002  0.3563988322553828E-001
 0.1666666700000000E-002  0.6572067400000000E+000 -0.2795657484684937E+001  0.2275409346257644E+001  0.2295504381815086E+001 -0.8414551276884090E-002  0.3633598858366867E-001
 0.2777777800000000E-002  0.6572067400000000E+000 -0.2792712215584468E+001  0.2273289225364831E+001  0.2292559854874241E+001 -0.8525258944701785E-002  0.3795987869835858E-001
 0.4166666700000000E-002  0.6572067400000000E+000 -0.2787542950447687E+001  0.2269516175374354E+001  0.2287397541811910E+001 -0.8743022532736178E-002  0.4102641162882861E-001
 0.5833333300000000E-002  0.6572067400000000E+000 -0.2780051278395935E+001  0.2263921649186142E+001  0.2279932700908307E+001 -0.9120217812534722E-002  0.4602809865994519E-001
 0.7777777800000000E-002  0.6572067400000000E+000 -0.2770762142450991E+001  0.2256757830806179E+001  0.2270717165241984E+001 -0.9712227282664925E-002  0.5332362840543751E-001
 0.1000000000000000E-001  0.6572067400000000E+000 -0.2760527058774761E+001  0.2248549655595484E+001  0.2260645246944542E+001 -0.1056596077456841E-001  0.6306790727151219E-001
 0.1250000000000000E-001  0.6572067400000000E+000 -0.2750049559033575E+001  0.2239799832909643E+001  0.2250479684771343E+001 -0.1171004358360881E-001  0.7521353028823542E-001
 0.1527777800000000E-001  0.6572067400000000E+000 -0.2739622787487511E+001  0.2230788635501336E+001  0.2240589611738402E+001 -0.1315316283845723E-001  0.8956116928523393E-001
 0.1833333300000000E-001  0.6572067400000000E+000 -0.2729149995415549E+001  0.2221547163768431E+001  0.2230973017125258E+001 -0.1488959008343584E-001  0.1058160699743740E+000
 0.2166666700000000E-001  0.6572067400000000E+000 -0.2718283998048352E+001  0.2211925738648427E+001  0.2221399819207541E+001 -0.1690641307413337E-001  0.1236259862632902E+000
 0.2527777800000000E-001  0.6572067400000000E+000 -0.2706551579370978E+001  0.2201672051375174E+001  0.2211540436548433E+001 -0.1918875444868802E-001  0.1425985597406987E+000
 0.2916666700000000E-001  0.6572067400000000E+000 -0.2693426507603760E+001  0.2190485177640564E+001  0.2201042023928529E+001 -0.2172237954087868E-001  0.1623063571401253E+000
 0.3333333300000000E-001  0.6572067400000000E+000 -0.2678364324786727E+001  0.2178045677415643E+001  0.2189563831251880E+001 -0.2449449468597631E-001  0.1822879466158618E+000
 0.3777777800000000E-001  0.6572067400000000E+000 -0.2660819673657204E+001  0.2164031540067684E+001  0.2176790608731594E+001 -0.2749364872389122E-001  0.2020511870531975E+000
 0.4250000000000000E-001  0.6572067400000000E+000 -0.2640261075579016E+001  0.2148128754089265E+001  0.2162437161897293E+001 -0.3070929617530529E-001  0.2210823493564185E+000
 0.4750000000000000E-001  0.6572067400000000E+000 -0.2616191027611165E+001  0.2130041798365994E+001  0.2146250745488063E+001 -0.3413132332782504E-001  0.2388630772568502E+000
 0.5277777800000000E-001  0.6572067400000000E+000 -0.2588174190403461E+001  0.2109506589736432E+001  0.2128014225374220E+001 -0.3774963550247352E-001  0.2548951767432049E+000
 0.5833333300000000E-001  0.6572067400000000E+000 -0.2555872019079431E+001  0.2086306030765216E+001  0.2107550725802253E+001 -0.4155384855888358E-001  0.2687313771548563E+000
 0.6416666700000000E-001  0.6572067400000000E+000 -0.2519078616917363E+001  0.2060286552750890E+001  0.2084729363724354E+001 -0.4553308185264007E-001  0.2800079888170607E+000
 0.7027777800000000E-001  0.6572067400000000E+000 -0.2477750254222607E+001  0.2031372879668985E+001  0.2059471056125865E+001 -0.4967582501666828E-001  0.2884737490261835E+000
 0.7666666699999999E-001  0.6572067400000000E+000 -0.2432020485099094E+001  0.1999577652498467E+001  0.2031752895064599E+001 -0.5396987337426968E-001  0.2940089633078604E+000
 0.8333333300000000E-001  0.6572067400000000E+000 -0.2382195620335664E+001  0.1965003416147333E+001  0.2001609815186155E+001 -0.5840229184817061E-001  0.2966305097734525E+000
 0.9027777800000000E-001  0.6572067400000000E+000 -0.2328729743286707E+001  0.1927835836176167E+001  0.1969132528795069E+001 -0.6295940273281189E-001  0.2964814994806919E+000
 0.9750000000000000E-001  0.6572067400000000E+000 -0.2272183940795130E+001  0.1888329203466186E+001  0.1934461632322203E+001 -0.6762676780902659E-001  0.2938079363082929E+000
 0.1050000000000000E+000  0.6572067400000000E+000 -0.2213177624353678E+001  0.1846786682516870E+001  0.1897778385176210E+001 -0.7238917271276103E-001  0.2889274476836832E+000
 0.1127777800000000E+000  0.6572067400000000E+000 -0.2152340909605572E+001  0.1803538774663403E+001  0.1859293494956916E+001 -0.7723059429353943E-001  0.2821960667590215E+000
 0.1208333300000000E+000  0.6572067400000000E+000 -0.2090274980056118E+001  0.1758923128817966E+001  0.1819235388620299E+001 -0.8213415080420498E-001  0.2739782213876283E+000
 0.1291666700000000E+000  0.6572067400000000E+000 -0.2027523601665219E+001  0.1713267525320910E+001  0.1777838962225177E+001 -0.8708207811077082E-001  0.2646230815573249E+000
 0.1377777800000000E+000  0.6572067400000000E+000 -0.1964557577227939E+001  0.1666877994761550E+001  0.1735336572439568E+001 -0.9205563556565183E-001  0.2544485857912400E+000
 0.1466666700000000E+000  0.6572067400000000E+000 -0.1901768516394855E+001  0.1620030723615607E+001  0.1691950484998297E+001 -0.9703509870477071E-001  0.2437324181892538E+000
 0.1558333300000000E+000  0.6572067400000000E+000 -0.1839471159604703E+001  0.1572968561609060E+001  0.1647888132037942E+001 -0.1019996883427507E+000  0.2327088469083402E+000
 0.1652777800000000E+000  0.6572067400000000E+000 -0.1777909819726146E+001  0.1525900036178844E+001  0.1603338879011468E+001 -0.1069275682062060E+000  0.2215695183774051E+000
 0.1750000000000000E+000  0.6572067400000000E+000 -0.1717268103174826E+001  0.1479001078784592E+001  0.1558473002543895E+001 -0.1117957929566435E+000  0.2104669266906402E+000
 0.1850000000000000E+000  0.6572067400000000E+000 -0.1657678441756805E+001  0.1432417323131810E+001  0.1513441234816657E+001 -0.1165803488030976E+000  0.1995190246103391E+000
 0.1952777800000000E+000  0.6572067400000000E+000 -0.1599231992655687E+001  0.1386267604553057E+001  0.1468375688115465E+001 -0.1212561565456876E+000  0.1888144045911167E+000
 0.2058333300000000E+000  0.6572067400000000E+000 -0.1541987296493060E+001  0.1340647451359743E+001  0.1423391127690896E+001 -0.1257971194535020E+000  0.1784173147215716E+000
 0.2166666700000000E+000  0.6572067400000000E+000 -0.1485977512208048E+001  0.1295632326161786E+001  0.1378586380886196E+001 -0.1301762114445950E+000  0.1683722105285561E+000
 0.2277777800000000E+000  0.6572067400000000E+000 -0.1431216979008742E+001  0.1251281082311531E+001  0.1334046333150245E+001 -0.1343655450742998E+000  0.1587078414443769E+000
 0.2391666700000000E+000  0.6572067400000000E+000 -0.1377705861183075E+001  0.1207638490157452E+001  0.1289843337128106E+001 -0.1383365258202779E+000  0.1494405953256909E+000
 0.2508333300000000E+000  0.6572067400000000E+000 -0.1325434381815608E+001  0.1164737899266428E+001  0.1246039041175067E+001 -0.1420599873440460E+000  0.1405773724891218E+000
 0.2627777800000000E+000  0.6572067400000000E+000 -0.1274385701756634E+001  0.1122603153777636E+001  0.1202685700912870E+001 -0.1455063936238616E+000  0.1321178516737342E+000
 0.2750000000000000E+000  0.6572067400000000E+000 -0.1224538620771715E+001  0.1081250621080131E+001  0.1159827796212778E+001 -0.1486460346489536E+000  0.1240563943451738E+000
 0.2875000000000000E+000  0.6572067400000000E+000 -0.1175869088609593E+001  0.1040690423332029E+001  0.1117502978431436E+001 -0.1514492971127861E+000  0.1163834649682047E+000
 0.3002777800000000E+000  0.6572067400000000E+000 -0.1128351735050050E+001  0.1000927807593496E+001  0.1075743270631347E+001 -0.1538869349149908E+000  0.1090868164305426E+000
 0.3133333300000000E+000  0.6572067400000000E+000 -0.1081960857973280E+001  0.9619641489959611E+000  0.1034575972738276E+001 -0.1559303853602001E+000  0.1021523887864669E+000
 0.3266666700000000E+000  0.6572067400000000E+000 -0.1036670999406736E+001  0.9237976589624776E+000  0.9940243160521236E+000 -0.1575521206188554E+000  0.9556498400228586E-001
 0.3402777800000000E+000  0.6572067400000000E+000 -0.9924576896526179E+000  0.8864242639278849E+000  0.9541083415003346E+000 -0.1587260121013286E+000  0.8930883440756614E-001
 0.3541666700000000E+000  0.6572067400000000E+000 -0.9492975373944984E+000  0.8498379473027317E+000  0.9148452376680822E+000 -0.1594277401837030E+000  0.8336797040712932E-001
 0.3683333300000000E+000  0.6572067400000000E+000 -0.9071685994811567E+000  0.8140313301365264E+000  0.8762499496857696E+000 -0.1596352111134633E+000  0.7772654668723643E-001
 0.3827777800000000E+000  0.6572067400000000E+000 -0.8660503336207823E+000  0.7789958956129117E+000  0.8383354167675916E+000 -0.1593289972239478E+000  0.7236904525617531E-001
 0.3975000000000000E+000  0.6572067400000000E+000 -0.8259238335404091E+000  0.7447224463338048E+000  0.8011130644192984E+000 -0.1584927854582646E+000  0.6728046599732439E-001
 0.4125000000000000E+000  0.6572067400000000E+000 -0.7867715998343410E+000  0.7112011569119024E+000  0.7645928591276941E+000 -0.1571138279210689E+000  0.6244641730143740E-001
 0.4277777800000000E+000  0.6572067400000000E+000 -0.7485775855908928E+000  0.6784218496993957E+000  0.7287836007445880E+000 -0.1551833872981661E+000  0.5785321384468367E-001
 0.4433333300000000E+000  0.6572067400000000E+000 -0.7113270894375280E+000  0.6463741295411012E+000  0.6936930574280739E+000 -0.1526971676449298E+000  0.5348793270166781E-001
 0.4591666700000000E+000  0.6572067400000000E+000 -0.6750065362437935E+000  0.6150474103814199E+000  0.6593279758596355E+000 -0.1496557103844571E+000  0.4933844146116365E-001
 0.4752777800000000E+000  0.6572067400000000E+000 -0.6396035012579258E+000  0.5844311404126311E+000  0.6256943028364864E+000 -0.1460647716714523E+000  0.4539344439568318E-001
 0.4916666700000000E+000  0.6572067400000000E+000 -0.6051063950890727E+000  0.5545147241626844E+000  0.5927970688734725E+000 -0.1419356265263845E+000  0.4164248336840562E-001
 0.5083333300000000E+000  0.6572067400000000E+000 -0.5715044179183844E+000  0.5252876659708143E+000  0.5606405094903499E+000 -0.1372853361268906E+000  0.3807596713883701E-001
 0.5247222200000000E+000  0.6572067400000000E+000 -0.5398377347053258E+000  0.4976575850193465E+000  0.5302380513636010E+000 -0.1323119490213692E+000  0.3479279475706747E-001
 0.5408333300000000E+000  0.6572067400000000E+000 -0.5099667188808485E+000  0.4715097486720922E+000  0.5014757229578291E+000 -0.1270786196458660E+000  0.3176484370783667E-001
 0.5566666700000000E+000  0.6572067400000000E+000 -0.4817653411033428E+000  0.4467407098269782E+000  0.4742489395207524E+000 -0.1216449353031735E+000  0.2896787002181659E-001
 0.5722222200000000E+000  0.6572067400000000E+000 -0.4551194423524363E+000  0.4232569649938779E+000  0.4484615658650711E+000 -0.1160666048339216E+000  0.2638091053741330E-001
 0.5875000000000000E+000  0.6572067400000000E+000 -0.4299251060000507E+000  0.4009736397777692E+000  0.4240249184623565E+000 -0.1103952027377587E+000  0.2398577052147831E-001
 0.6025000000000000E+000  0.6572067400000000E+000 -0.4060875248868099E+000  0.3798135677248499E+000  0.4008571259565166E+000 -0.1046780507597631E+000  0.2176662085799653E-001
 0.6172222200000000E+000  0.6572067400000000E+000 -0.3835198790368312E+000  0.3597063491873321E+000  0.3788824071788501E+000 -0.9895813980580515E-001  0.1970964543442216E-001
 0.6316666700000000E+000  0.6572067400000000E+000 -0.3621424483336688E+000  0.3405875968015153E+000  0.3580305040782988E+000 -0.9327413523742427E-001  0.1780275124721720E-001
 0.6458333300000000E+000  0.6572067400000000E+000 -0.3418819134319281E+000  0.3223983345000332E+000  0.3382362407999179E+000 -0.8766045814981148E-001  0.1603532818776636E-001
 0.6597222200000000E+000  0.6572067400000000E+000 -0.3226706040159717E+000  0.3050843392702596E+000  0.3194389858291453E+000 -0.8214737330842987E-001  0.1439803092721367E-001
 0.6733333300000000E+000  0.6572067400000000E+000 -0.3044460399149474E+000  0.2885957388688912E+000  0.3015823638230156E+000 -0.7676117314115892E-001  0.1288260823539121E-001
 0.6866666700000000E+000  0.6572067400000000E+000 -0.2871503741741721E+000  0.2728865175914041E+000  0.2846138426989986E+000 -0.7152434643105282E-001  0.1148174116495577E-001
 0.6997222200000000E+000  0.6572067400000000E+000 -0.2707300339723901E+000  0.2579141982517070E+000  0.2684844909958674E+000 -0.6645581058612914E-001  0.1018891203430371E-001
 0.7125000000000000E+000  0.6572067400000000E+000 -0.2551352571485931E+000  0.2436394280095961E+000  0.2531486138218359E+000 -0.6157111397814020E-001  0.8998276362987721E-002
 0.7250000000000000E+000  0.6572067400000000E+000 -0.2403198509388646E+000  0.2300257659028015E+000  0.2385635914761016E+000 -0.5688270377547485E-001  0.7904561639578396E-002
 0.7372222200000000E+000  0.6572067400000000E+000 -0.2262408478031243E+000  0.2170393767302972E+000  0.2246896044010931E+000 -0.5240015635533579E-001  0.6902965082853118E-002
 0.7491666700000000E+000  0.6572067400000000E+000 -0.2128582450800518E+000  0.2046488015370317E+000  0.2114894300574071E+000 -0.4813042459091911E-001  0.5989063852012245E-002
 0.7608333300000000E+000  0.6572067400000000E+000 -0.2001348144552587E+000  0.1928247932304599E+000  0.1989283001190406E+000 -0.4407809609735989E-001  0.5158734639479860E-002
 0.7722222200000000E+000  0.6572067400000000E+000 -0.1880358126574421E+000  0.1815400609851456E+000  0.1869736531014167E+000 -0.4024560659569425E-001  0.4408070637613270E-002
 0.7833333300000000E+000  0.6572067400000000E+000 -0.1765288673238687E+000  0.1707691775202367E+000  0.1755950539631080E+000 -0.3663349430210147E-001  0.3733313814628587E-002
 0.7941666700000000E+000  0.6572067400000000E+000 -0.1655837497837283E+000  0.1604883816673171E+000  0.1647639971971106E+000 -0.3324060255570899E-001  0.3130783429897611E-002
 0.8047222200000000E+000  0.6572067400000000E+000 -0.1551722687093743E+000  0.1506754940919406E+000  0.1544538253240745E+000 -0.3006430399693269E-001  0.2596815950842703E-002
 0.8149999999999999E+000  0.6572067400000000E+000 -0.1452680564336723E+000  0.1413097323522144E+000  0.1446395377992717E+000 -0.2710067483102636E-001  0.2127704121933663E-002
 0.8250000000000000E+000  0.6572067400000000E+000 -0.1358465075089691E+000  0.1323716692711407E+000  0.1352977478273241E+000 -0.2434469914272780E-001  0.1719650584141080E-002
 0.8347222200000000E+000  0.6572067400000000E+000 -0.1268846191058071E+000  0.1238430989024843E+000  0.1264065396769483E+000 -0.2179042647226169E-001  0.1368724682578242E-002
 0.8441666700000000E+000  0.6572067400000000E+000 -0.1183608821582275E+000  0.1157069501007912E+000  0.1179453742976039E+000 -0.1943112892732760E-001  0.1070832811992121E-002
 0.8533333300000000E+000  0.6572067400000000E+000 -0.1102552163837087E+000  0.1079472419134250E+000  0.1098950369117875E+000 -0.1725945438199750E-001  0.8217036678409960E-003
 0.8622222200000000E+000  0.6572067400000000E+000 -0.1025488148105883E+000  0.1005489522120094E+000  0.1022374934157623E+000 -0.1526753978357833E-001  0.6168870278032452E-003
 0.8708333300000000E+000  0.6572067400000000E+000 -0.9522412071699876E-001  0.9349801252235551E-001  0.9495587711086581E-001 -0.1344714604241530E-001  0.4517763180177298E-003
 0.8791666700000000E+000  0.6572067400000000E+000 -0.8826470502579124E-001  0.8678120710770157E-001  0.8803437558292904E-001 -0.1178975248527328E-001  0.3216498653331006E-003
 0.8872222200000000E+000  0.6572067400000000E+000 -0.8165523568557184E-001  0.8038615988597571E-001  0.8145820811590693E-001 -0.1028666166105323E-001  0.2217373995122081E-003
 0.8950000000000000E+000  0.6572067400000000E+000 -0.7538135220643506E-001  0.7430122913987654E-001  0.7521350796532944E-001 -0.8929069472176566E-002  0.1473070011567338E-003
 0.9025000000000000E+000  0.6572067400000000E+000 -0.6942966101844818E-001  0.6851551821652106E-001  0.6928732405569842E-001 -0.7708152197121002E-002  0.9377289511920118E-004
 0.9097222200000000E+000  0.6572067400000000E+000 -0.6378764457710606E-001  0.6301880200119772E-001  0.6366753614254896E-001 -0.6615123245133549E-002  0.5681382068585065E-004
 0.9166666700000000E+000  0.6572067400000000E+000 -0.5844360820153210E-001  0.5780148890994753E-001  0.5834280680855994E-001 -0.5641289568570268E-002  0.3249358571195324E-004
 0.9233333300000000E+000  0.6572067400000000E+000 -0.5338666077760480E-001  0.5285461510911748E-001  0.5330256656760009E-001 -0.4778105325813209E-002  0.1736947354013812E-004
 0.9297222200000000E+000  0.6572067400000000E+000 -0.4860661479624662E-001  0.4816975900092429E-001  0.4853691799404432E-001 -0.4017203667653528E-002  0.8572795760888799E-005
 0.9358333300000000E+000  0.6572067400000000E+000 -0.4409399673426856E-001  0.4373906264792580E-001  0.4403664929083505E-001 -0.3350441363968529E-002  0.3848170069527510E-005
 0.9416666700000000E+000  0.6572067400000000E+000 -0.3983996956064962E-001  0.3955516640193283E-001  0.3979315982925049E-001 -0.2769922571730704E-002  0.1541703776145473E-005
 0.9472222200000000E+000  0.6572067400000000E+000 -0.3583633266182587E-001  0.3561121867921638E-001  0.3579846251110057E-001 -0.2268029426593501E-002  0.5383180343285476E-006
 0.9525000000000000E+000  0.6572067400000000E+000 -0.3207543705887547E-001  0.3190080169964103E-001  0.3204510132574309E-001 -0.1837436618152645E-002  0.1589190255658339E-006
 0.9575000000000000E+000  0.6572067400000000E+000 -0.2855020478594559E-001  0.2841795907384303E-001  0.2852617256608296E-001 -0.1471135716277104E-002  0.3813508944278126E-007
 0.9622222200000000E+000  0.6572067400000000E+000 -0.2525407120465724E-001  0.2515714688292759E-001  0.2523526894005036E-001 -0.1162446163669819E-002  0.7063213566667552E-008
 0.9666666700000000E+000  0.6572067400000000E+000 -0.2218095893013364E-001  0.2211321525407034E-001  0.2216645502460506E-001 -0.9050276945911266E-003  0.9425052622289369E-009
 0.9708333300000000E+000  0.6572067400000000E+000 -0.1932528117515379E-001  0.1928141857696680E-001  0.1931427193671161E-001 -0.6928922742998257E-003  0.8296315200686435E-010
 0.9747222200000000E+000  0.6572067400000000E+000 -0.1668187131166572E-001  0.1665735210208119E-001  0.1667366817048265E-001 -0.5204079345388801E-003  0.4528169458440478E-011
 0.9783333300000000E+000  0.6572067400000000E+000 -0.1424601073862526E-001  0.1423698551350977E-001  0.1424002847770639E-001 -0.3823085346424621E-003  0.2111843895658470E-012
 0.9816666700000000E+000  0.6572067400000000E+000 -0.1201337629584122E-001  0.1201661633955206E-001  0.1200912227334316E-001 -0.2736959613253764E-003  0.1486405453578173E-013
 0.9847222200000000E+000  0.6572067400000000E+000 -0.9980057160477059E-002  0.9992892068680426E-002  0.9977121345537736E-002 -0.1900453268712171E-003  0.6606735476375184E-015
 0.9875000000000000E+000  0.6572067400000000E+000 -0.8142492962969684E-002  0.8162753770213081E-002  0.8140538748627121E-002 -0.1272052538573370E-003  0.8991733612543081E-017
 0.9900000000000000E+000  0.6572067400000000E+000 -0.6497506904205171E-002  0.6523474287292944E-002  0.6496262541024195E-002 -0.8140156570272181E-004  0.2827681341883247E-018
 0.9922222200000000E+000  0.6572067400000000E+000 -0.5042266988695051E-002  0.5072625073100872E-002  0.5041517607637681E-002 -0.4923716735711427E-004  0.1154218675955875E-019
 0.9941666700000000E+000  0.6572067400000000E+000 -0.3774275473628519E-002  0.3808066228070940E-002  0.3773855602043875E-002 -0.2769279045174054E-004  0.2506226457328374E-022
 0.9958333300000000E+000  0.6572067400000000E+000 -0.2691385540429911E-002  0.2727981511976656E-002  0.2691172039370259E-002 -0.1412758774581569E-004 -0.1105925850682601E-022
 0.9972222200000000E+000  0.6572067400000000E+000 -0.1791747606656105E-002  0.1830296751706273E-002  0.1791652982668849E-002 -0.6278373731358787E-005 -0.1348708921033955E-022
 0.9983333300000000E+000  0.6572067400000000E+000 -0.1073848003305251E-002  0.1114387489827839E-002  0.1073814014735750E-002 -0.2260054246036073E-005  0.3374032567190227E-022
 0.9991666700000000E+000  0.6572067400000000E+000 -0.5364708617459965E-003  0.5699561991162040E-003  0.5364623789426070E-003 -0.5649748185391709E-006  0.1830993214696824E-021
 0.9997222200000000E+000  0.6572067400000000E+000 -0.1787259083320341E-003  0.2008117648019559E-003  0.1787249668281546E-003 -0.6277407184768963E-007 -0.8476915676495709E-023
 0.1000000000000000E+001  0.6572067400000000E+000  0.2707816747031765E-027  0.1980830916193514E-027  0.6285610617114198E-027 -0.6371846442828967E-038  0.1283379346250532E-039

 0.0000000000000000E+000  0.7366493100000000E+000 -0.2799682234622147E+001  0.2274396358921521E+001  0.2299364370248582E+001 -0.8352718342714094E-002  0.3894048935719888E-001
 0.2777777800000000E-003  0.7366493100000000E+000 -0.2799631018996499E+001  0.2274362196699207E+001  0.2299312804828339E+001 -0.8354429735085482E-002  0.3896902905829920E-001
 0.8333333300000000E-003  0.7366493100000000E+000 -0.2799223193545214E+001  0.2274089908752969E+001  0.2298902192856775E+001 -0.8368143910323743E-002  0.3919719395386292E-001
 0.1666666700000000E-002  0.7366493100000000E+000 -0.2797875113014454E+001  0.2273186636701168E+001  0.2297544887064592E+001 -0.8414596126111158E-002  0.3996316432774778E-001
 0.2777777800000000E-002  0.7366493100000000E+000 -0.2794850578463727E+001  0.2271141743968353E+001  0.2294499599259777E+001 -0.8525366460565195E-002  0.4175012607357446E-001
 0.4166666700000000E-002  0.7366493100000000E+000 -0.2789558656308113E+001  0.2267499216327299E+001  0.2289171381045034E+001 -0.8743203993491169E-002  0.4512495850582962E-001
 0.5833333300000000E-002  0.7366493100000000E+000 -0.2781931880112082E+001  0.2262090305330868E+001  0.2281493399257754E+001 -0.9120432461410585E-002  0.5063059049677879E-001
 0.7777777800000000E-002  0.7366493100000000E+000 -0.2772560830341243E+001  0.2255150810195257E+001  0.2272065305141908E+001 -0.9712382013177536E-002  0.5866392469640695E-001
 0.1000000000000000E-001  0.7366493100000000E+000 -0.2762376643879486E+001  0.2247183450685500E+001  0.2261838249490987E+001 -0.1056595820298519E-001  0.6939958548249150E-001
 0.1250000000000000E-001  0.7366493100000000E+000 -0.2752151603555180E+001  0.2238677248948495E+001  0.2251616929016174E+001 -0.1170983331461674E-001  0.8279225519964331E-001
 0.1527777800000000E-001  0.7366493100000000E+000 -0.2742228047316352E+001  0.2229913665100917E+001  0.2241790745398677E+001 -0.1315275603731253E-001  0.9863264875001881E-001
 0.1833333300000000E-001  0.7366493100000000E+000 -0.2732543950733552E+001  0.2220936731874191E+001  0.2232363765768258E+001 -0.1488904766747959E-001  0.1166098480813926E+000
 0.2166666700000000E-001  0.7366493100000000E+000 -0.2722778821928796E+001  0.2211614697962191E+001  0.2223107015141428E+001 -0.1690583280099685E-001  0.1363526682787077E+000
 0.2527777800000000E-001  0.7366493100000000E+000 -0.2712479645722231E+001  0.2201712279567098E+001  0.2213691830831801E+001 -0.1918826725711408E-001  0.1574476722037190E+000
 0.2916666700000000E-001  0.7366493100000000E+000 -0.2701130777397456E+001  0.2190940656164591E+001  0.2203766790348007E+001 -0.2172215338834640E-001  0.1794427083361911E+000
 0.3333333300000000E-001  0.7366493100000000E+000 -0.2688182994132529E+001  0.2178984892196635E+001  0.2192991649381897E+001 -0.2449474123126169E-001  0.2018451361130948E+000
 0.3777777800000000E-001  0.7366493100000000E+000 -0.2673064302664597E+001  0.2165517978239787E+001  0.2181048624323846E+001 -0.2749462924896412E-001  0.2241216971493350E+000
 0.4250000000000000E-001  0.7366493100000000E+000 -0.2655189007877242E+001  0.2150210138091979E+001  0.2167644841928255E+001 -0.3071132473828687E-001  0.2457045143914851E+000
 0.4750000000000000E-001  0.7366493100000000E+000 -0.2633974666536570E+001  0.2132738972896351E+001  0.2152513051382865E+001 -0.3413476650118093E-001  0.2660063323552003E+000
 0.5277777800000000E-001  0.7366493100000000E+000 -0.2608871577930216E+001  0.2112803456215100E+001  0.2135413849393113E+001 -0.3775490917144846E-001  0.2844461912223183E+000
 0.5833333300000000E-001  0.7366493100000000E+000 -0.2579404703704527E+001  0.2090142355139475E+001  0.2116140448533731E+001 -0.4156141311725129E-001  0.3004846740646094E+000
 0.6416666700000000E-001  0.7366493100000000E+000 -0.2545223075000335E+001  0.2064555540078897E+001  0.2094525812973517E+001 -0.4554343757465442E-001  0.3136648482031135E+000
 0.7027777800000000E-001  0.7366493100000000E+000 -0.2506147336122135E+001  0.2035924861253702E+001  0.2070451141338722E+001 -0.4968950927814263E-001  0.3236521016087793E+000
 0.7666666699999999E-001  0.7366493100000000E+000 -0.2462203466065372E+001  0.2004230045903329E+001  0.2043853856522839E+001 -0.5398746083513488E-001  0.3302645960109614E+000
 0.8333333300000000E-001  0.7366493100000000E+000 -0.2413632541385404E+001  0.1969555603554744E+001  0.2014733154083327E+001 -0.5842439790384557E-001  0.3334868856472550E+000
 0.9027777800000000E-001  0.7366493100000000E+000 -0.2360871859011865E+001  0.1932086344751840E+001  0.1983151270512411E+001 -0.6298668982246418E-001  0.3334630802191188E+000
 0.9750000000000000E-001  0.7366493100000000E+000 -0.2304510929462875E+001  0.1892092090654444E+001  0.1949229686354423E+001 -0.6765995364401854E-001  0.3304711157798896E+000
 0.1050000000000000E+000  0.7366493100000000E+000 -0.2245232138122513E+001  0.1849904500004800E+001  0.1913140457357743E+001 -0.7242903922127619E-001  0.3248843243429214E+000
 0.1127777800000000E+000  0.7366493100000000E+000 -0.2183748873707092E+001  0.1805890630468127E+001  0.1875094134796560E+001 -0.7727799594874772E-001  0.3171286302102418E+000
 0.1208333300000000E+000  0.7366493100000000E+000 -0.2120752000134101E+001  0.1760427666887317E+001  0.1835326207961165E+001 -0.8219002102856114E-001  0.3076430278192221E+000
 0.1291666700000000E+000  0.7366493100000000E+000 -0.2056870520439456E+001  0.1713881633681948E+001  0.1794083621573993E+001 -0.8714743269127323E-001  0.2968482640277367E+000
 0.1377777800000000E+000  0.7366493100000000E+000 -0.1992649260055743E+001  0.1666592569716032E+001  0.1751613601679062E+001 -0.9213157211845124E-001  0.2851258348626284E+000
 0.1466666700000000E+000  0.7366493100000000E+000 -0.1928539613404026E+001  0.1618864834249347E+001  0.1708154311246769E+001 -0.9712279182899670E-001  0.2728064404694465E+000
 0.1558333300000000E+000  0.7366493100000000E+000 -0.1864901647863396E+001  0.1570963144882468E+001  0.1663928799651849E+001 -0.1021003801146273E+000  0.2601662903119247E+000
 0.1652777800000000E+000  0.7366493100000000E+000 -0.1802011997386166E+001  0.1523111882455072E+001  0.1619140936646742E+001 -0.1070425541561003E+000  0.2474286234285148E+000
 0.1750000000000000E+000  0.7366493100000000E+000 -0.1740075826527027E+001  0.1475497556835518E+001  0.1573973950831089E+001 -0.1119264035167137E+000  0.2347685928092851E+000
 0.1850000000000000E+000  0.7366493100000000E+000 -0.1679238738667241E+001  0.1428272014069574E+001  0.1528589817685629E+001 -0.1167279266669309E+000  0.2223194943747293E+000
 0.1952777800000000E+000  0.7366493100000000E+000 -0.1619598869616810E+001  0.1381556865888588E+001  0.1483130217631818E+001 -0.1214220300574859E+000  0.2101795395190114E+000
 0.2058333300000000E+000  0.7366493100000000E+000 -0.1561217378983773E+001  0.1335447823036046E+001  0.1437717950063369E+001 -0.1259825724027045E+000  0.1984182693977421E+000
 0.2166666700000000E+000  0.7366493100000000E+000 -0.1504127126607557E+001  0.1290018649982460E+001  0.1392458533583332E+001 -0.1303824497215312E+000  0.1870822626170537E+000
 0.2277777800000000E+000  0.7366493100000000E+000 -0.1448340330510958E+001  0.1245325202839446E+001  0.1347442412279808E+001 -0.1345936604399170E+000  0.1762001532086186E+000
 0.2391666700000000E+000  0.7366493100000000E+000 -0.1393853993715837E+001  0.1201408403472466E+001  0.1302746561767257E+001 -0.1385874576263547E+000  0.1657866764652630E+000
 0.2508333300000000E+000  0.7366493100000000E+000 -0.1340654695350399E+001  0.1158297244016512E+001  0.1258436500396616E+001 -0.1423344826872736E+000  0.1558460809126970E+000
 0.2627777800000000E+000  0.7366493100000000E+000 -0.1288721838728532E+001  0.1116010951323779E+001  0.1214567755074277E+001 -0.1458049670032634E+000  0.1463747796030708E+000
 0.2750000000000000E+000  0.7366493100000000E+000 -0.1238030599613459E+001  0.1074561195511228E+001  0.1171187612666633E+001 -0.1489689279303699E+000  0.1373635409081356E+000
 0.2875000000000000E+000  0.7366493100000000E+000 -0.1188553579569630E+001  0.1033953444271367E+001  0.1128336171987653E+001 -0.1517964412991964E+000  0.1287990996955817E+000
 0.3002777800000000E+000  0.7366493100000000E+000 -0.1140262420906378E+001  0.9941884161142323E+000  0.1086047632375583E+001 -0.1542579148761937E+000  0.1206654814759231E+000
 0.3133333300000000E+000  0.7366493100000000E+000 -0.1093128831520370E+001  0.9552631355228949E+000  0.1044351267111289E+001 -0.1563244091147785E+000  0.1129449909639165E+000
 0.3266666700000000E+000  0.7366493100000000E+000 -0.1047125165736983E+001  0.9171716715886296E+000  0.1003272129051397E+001 -0.1579679948369005E+000  0.1056189420722494E+000
 0.3402777800000000E+000  0.7366493100000000E+000 -0.1002225159930121E+001  0.8799060312420958E+000  0.9628319714019579E+000 -0.1591621252784544E+000  0.9866826496665065E-001
 0.3541666700000000E+000  0.7366493100000000E+000 -0.9584039942164954E+000  0.8434565056573722E+000  0.9230496118472252E+000 -0.1598820553349290E+000  0.9207388814156010E-001
 0.3683333300000000E+000  0.7366493100000000E+000 -0.9156386330327103E+000  0.8078122475915440E+000  0.8839415633428321E+000 -0.1601052692910707E+000  0.8581707459837244E-001
 0.3827777800000000E+000  0.7366493100000000E+000 -0.8739077397491928E+000  0.7729614888686119E+000  0.8455222824162882E+000 -0.1598119332920247E+000  0.7987962250520915E-001
 0.3975000000000000E+000  0.7366493100000000E+000 -0.8331918773662306E+000  0.7388919866231257E+000  0.8078046704315568E+000 -0.1589853569864761E+000  0.7424405384523911E-001
 0.4125000000000000E+000  0.7366493100000000E+000 -0.7934732383809113E+000  0.7055910651803824E+000  0.7708001274087066E+000 -0.1576124579302213E+000  0.6889369440713843E-001
 0.4277777800000000E+000  0.7366493100000000E+000 -0.7547356546552890E+000  0.6730458792508647E+000  0.7345188434039512E+000 -0.1556842208460751E+000  0.6381276389934862E-001
 0.4433333300000000E+000  0.7366493100000000E+000 -0.7169644538853928E+000  0.6412435367637003E+000  0.6989699277371442E+000 -0.1531961418149570E+000  0.5898642201767312E-001
 0.4591666700000000E+000  0.7366493100000000E+000 -0.6801462038797802E+000  0.6101711147759444E+000  0.6641614098605049E+000 -0.1501486365203948E+000  0.5440078552994720E-001
 0.4752777800000000E+000  0.7366493100000000E+000 -0.6442687054674900E+000  0.5798158729686369E+000  0.6301004528737230E+000 -0.1465474280587334E+000  0.5004296711084240E-001
 0.4916666700000000E+000  0.7366493100000000E+000 -0.6093206434612818E+000  0.5501651672358112E+000  0.5967932236714859E+000 -0.1424038589735356E+000  0.4590106575372069E-001
 0.5083333300000000E+000  0.7366493100000000E+000 -0.5752915125252632E+000  0.5212065837265117E+000  0.5642450033088332E+000 -0.1377351633307865E+000  0.4196418999040730E-001
 0.5247222200000000E+000  0.7366493100000000E+000 -0.5432344928633219E+000  0.4938371846021208E+000  0.5334819605804827E+000 -0.1327404426190676E+000  0.3834119538331092E-001
 0.5408333300000000E+000  0.7366493100000000E+000 -0.5130073447175950E+000  0.4679411020686554E+000  0.5043884979871446E+000 -0.1274834871921707E+000  0.3500074065965676E-001
 0.5566666700000000E+000  0.7366493100000000E+000 -0.4844815984172202E+000  0.4434140794257672E+000  0.4768583870416782E+000 -0.1220245031471339E+000  0.3191583546095889E-001
 0.5722222200000000E+000  0.7366493100000000E+000 -0.4575408034050157E+000  0.4201620636322512E+000  0.4507938484233825E+000 -0.1164197843608639E+000  0.2906316355060989E-001
 0.5875000000000000E+000  0.7366493100000000E+000 -0.4320788818356886E+000  0.3980998402296624E+000  0.4261045672482647E+000 -0.1107214436629361E+000  0.2642250464113564E-001
 0.6025000000000000E+000  0.7366493100000000E+000 -0.4079989854560017E+000  0.3771500697155052E+000  0.4027070674987176E+000 -0.1049772854354891E+000  0.2397628032631552E-001
 0.6172222200000000E+000  0.7366493100000000E+000 -0.3852123646824182E+000  0.3572423135772623E+000  0.3805240001466021E+000 -0.9923072179592715E-001  0.2170915777663688E-001
 0.6316666700000000E+000  0.7366493100000000E+000 -0.3636374758817398E+000  0.3383122526236541E+000  0.3594835852367226E+000 -0.9352077526546437E-001  0.1960772438410752E-001
 0.6458333300000000E+000  0.7366493100000000E+000 -0.3431992788464357E+000  0.3203010633700654E+000  0.3395191789127602E+000 -0.8788216007730887E-001  0.1766021851935585E-001
 0.6597222200000000E+000  0.7366493100000000E+000 -0.3238284810095888E+000  0.3031547426047927E+000  0.3205687405557665E+000 -0.8234537205023852E-001  0.1585628567154207E-001
 0.6733333300000000E+000  0.7366493100000000E+000 -0.3054610767750956E+000  0.2868236893527129E+000  0.3025745499275992E+000 -0.7693687639539161E-001  0.1418678764119471E-001
 0.6866666700000000E+000  0.7366493100000000E+000 -0.2880377874342221E+000  0.2712621990253706E+000  0.2854827968202369E+000 -0.7167928119597659E-001  0.1264362210103726E-001
 0.6997222200000000E+000  0.7366493100000000E+000 -0.2715036999976764E+000  0.2564281347384087E+000  0.2692433408715561E+000 -0.6659157540863374E-001  0.1121957655361704E-001
 0.7125000000000000E+000  0.7366493100000000E+000 -0.2558078003448827E+000  0.2422825055612936E+000  0.2538093478245710E+000 -0.6168933717607324E-001  0.9908185903448267E-002
 0.7250000000000000E+000  0.7366493100000000E+000 -0.2409027296764979E+000  0.2287892464018945E+000  0.2391371288044267E+000 -0.5698500798001185E-001  0.8703619869101112E-002
 0.7372222200000000E+000  0.7366493100000000E+000 -0.2267444368715031E+000  0.2159149066238906E+000  0.2251858642110165E+000 -0.5248812910623429E-001  0.7600569508526799E-002
 0.7491666700000000E+000  0.7366493100000000E+000 -0.2132919148808682E+000  0.2036284158138939E+000  0.2119173992802194E+000 -0.4820559476426779E-001  0.6594147632634373E-002
 0.7608333300000000E+000  0.7366493100000000E+000 -0.2005070069717016E+000  0.1919009151982794E+000  0.1992960996398244E+000 -0.4414191578497240E-001  0.5679799691677887E-002
 0.7722222200000000E+000  0.7366493100000000E+000 -0.1883541134592684E+000  0.1807054994981049E+000  0.1872886012845836E+000 -0.4029943781504516E-001  0.4853211881887320E-002
 0.7833333300000000E+000  0.7366493100000000E+000 -0.1768000743109119E+000  0.1700171210680516E+000  0.1758637279806862E+000 -0.3667860012167118E-001  0.4110236200437887E-002
 0.7941666700000000E+000  0.7366493100000000E+000 -0.1658139379973925E+000  0.1598123908317940E+000  0.1649922913213114E+000 -0.3327814193964106E-001  0.3446811431033472E-002
 0.8047222200000000E+000  0.7366493100000000E+000 -0.1553668516698658E+000  0.1500694920466250E+000  0.1546470064910908E+000 -0.3009532987711340E-001  0.2858896741879609E-002
 0.8149999999999999E+000  0.7366493100000000E+000 -0.1454318435842356E+000  0.1407679946291471E+000  0.1448022979236441E+000 -0.2712613476892458E-001  0.2342404396403778E-002
 0.8250000000000000E+000  0.7366493100000000E+000 -0.1359837583364290E+000  0.1318888121689384E+000  0.1354342533470130E+000 -0.2436543815500967E-001  0.1893148521635177E-002
 0.8347222200000000E+000  0.7366493100000000E+000 -0.1269990936442307E+000  0.1234140675641337E+000  0.1265204779822382E+000 -0.2180719147580660E-001  0.1506797415869449E-002
 0.8441666700000000E+000  0.7366493100000000E+000 -0.1184558881406461E+000  0.1153270062198438E+000  0.1180399972651268E+000 -0.1944457440827102E-001  0.1178840784269316E-002
 0.8533333300000000E+000  0.7366493100000000E+000 -0.1103336532270675E+000  0.1076119510899380E+000  0.1099732017006807E+000 -0.1727014892671565E-001  0.9045734022716342E-003
 0.8622222200000000E+000  0.7366493100000000E+000 -0.1026132143449944E+000  0.1002541716894430E+000  0.1023017004194751E+000 -0.1527597311443212E-001  0.6790936882292664E-003
 0.8708333300000000E+000  0.7366493100000000E+000 -0.9527668506061594E-001  0.9323987873496516E-001  0.9500830544895232E-001 -0.1345373633362464E-001  0.4973284704137081E-003
 0.8791666700000000E+000  0.7366493100000000E+000 -0.8830734151542581E-001  0.8655612372114307E-001  0.8807691602911841E-001 -0.1179485369948986E-001  0.3540783317946075E-003
 0.8872222200000000E+000  0.7366493100000000E+000 -0.8168958913794491E-001  0.8019078595004990E-001  0.8149249371726970E-001 -0.1029057075120332E-001  0.2440907562140908E-003
 0.8950000000000000E+000  0.7366493100000000E+000 -0.7540883448512258E-001  0.7413246785710506E-001  0.7524094230202828E-001 -0.8932033286685841E-002  0.1621557851962328E-003
 0.9025000000000000E+000  0.7366493100000000E+000 -0.6945147817714011E-001  0.6837050578821857E-001  0.6930910737726374E-001 -0.7710374006426610E-002  0.1032246243017597E-003
 0.9097222200000000E+000  0.7366493100000000E+000 -0.6380482157379309E-001  0.6289489694104228E-001  0.6368468933419569E-001 -0.6616768798040479E-002  0.6253989436081015E-004
 0.9166666700000000E+000  0.7366493100000000E+000 -0.5845701134646659E-001  0.5769626162351423E-001  0.5835619330375134E-001 -0.5642492638230661E-002  0.3576828885263419E-004
 0.9233333300000000E+000  0.7366493100000000E+000 -0.5339701804787467E-001  0.5276583760386380E-001  0.5331291229210681E-001 -0.4778972721873154E-002  0.1911986232608173E-004
 0.9297222200000000E+000  0.7366493100000000E+000 -0.4861453408453641E-001  0.4809539497676500E-001  0.4854482936474716E-001 -0.4017819702144904E-002  0.9436660940171470E-005
 0.9358333300000000E+000  0.7366493100000000E+000 -0.4409998223236467E-001  0.4367725758087296E-001  0.4404262943206887E-001 -0.3350871788310103E-002  0.4235923177372697E-005
 0.9416666700000000E+000  0.7366493100000000E+000 -0.3984443635744773E-001  0.3950423790449958E-001  0.3979762305776438E-001 -0.2770217999972460E-002  0.1697043055675767E-005
 0.9472222200000000E+000  0.7366493100000000E+000 -0.3583961972901317E-001  0.3556964691964950E-001  0.3580174724292862E-001 -0.2268228278870563E-002  0.5925556088969844E-006
 0.9525000000000000E+000  0.7366493100000000E+000 -0.3207781872753066E-001  0.3186722011118734E-001  0.3204748149588513E-001 -0.1837567617896858E-002  0.1749300732790434E-006
 0.9575000000000000E+000  0.7366493100000000E+000 -0.2855190087704291E-001  0.2839114511562156E-001  0.2852786771673008E-001 -0.1471219984340982E-002  0.4197704736769285E-007
 0.9622222200000000E+000  0.7366493100000000E+000 -0.2525525591100009E-001  0.2513601305312187E-001  0.2523645307073347E-001 -0.1162498949493543E-002  0.7774780150428157E-008
 0.9666666700000000E+000  0.7366493100000000E+000 -0.2218176857436162E-001  0.2209680028518166E-001  0.2216726432629134E-001 -0.9050597878870355E-003  0.1037452840074511E-008
 0.9708333300000000E+000  0.7366493100000000E+000 -0.1932582095110071E-001  0.1926887878302979E-001  0.1931481151529977E-001 -0.6929111389303077E-003  0.9132062234488498E-010
 0.9747222200000000E+000  0.7366493100000000E+000 -0.1668222109831050E-001  0.1664795298972762E-001  0.1667401784755511E-001 -0.5204186039500653E-003  0.4984321977191360E-011
 0.9783333300000000E+000  0.7366493100000000E+000 -0.1424623008748119E-001  0.1423009351450855E-001  0.1424024776828895E-001 -0.3823143066625441E-003  0.2324591904773794E-012
 0.9816666700000000E+000  0.7366493100000000E+000 -0.1201350866740509E-001  0.1201169077160600E-001  0.1200925461543989E-001 -0.2736989261366284E-003  0.1636144808863739E-013
 0.9847222200000000E+000  0.7366493100000000E+000 -0.9980133491804186E-002  0.9989477240868327E-002  0.9977197662830417E-002 -0.1900467592236066E-003  0.7272261495976840E-015
 0.9875000000000000E+000  0.7366493100000000E+000 -0.8142534634884438E-002  0.8160471295366446E-002  0.8140580414323431E-002 -0.1272058967478368E-003  0.9897642831970650E-017
 0.9900000000000000E+000  0.7366493100000000E+000 -0.6497528178000042E-002  0.6522015515017842E-002  0.6496283812297729E-002 -0.8140182939736652E-004  0.3110983593999805E-018
 0.9922222200000000E+000  0.7366493100000000E+000 -0.5042276972219686E-002  0.5071743689464595E-002  0.5041527590247906E-002 -0.4923726397318284E-004  0.1287136897762222E-019
 0.9941666700000000E+000  0.7366493100000000E+000 -0.3774279675851850E-002  0.3807570985152527E-002  0.3773859803980152E-002 -0.2769282105330727E-004  0.8013337733503662E-022
 0.9958333300000000E+000  0.7366493100000000E+000 -0.2691387068876077E-002  0.2727729070423607E-002  0.2691173567742206E-002 -0.1412759571866556E-004  0.1843941246032861E-022
 0.9972222200000000E+000  0.7366493100000000E+000 -0.1791748058793690E-002  0.1830184642255228E-002  0.1791653434791859E-002 -0.6278375307373577E-005 -0.3117968031712014E-023
 0.9983333300000000E+000  0.7366493100000000E+000 -0.1073848100840408E-002  0.1114347155338453E-002  0.1073814112269027E-002 -0.2260054450404462E-005  0.8293081365291685E-022
 0.9991666700000000E+000  0.7366493100000000E+000 -0.5364708739257844E-003  0.5699461203017930E-003  0.5364623911222777E-003 -0.5649748313172717E-006  0.1962048890382193E-021
 0.9997222200000000E+000  0.7366493100000000E+000 -0.1787259087828606E-003  0.2008106452527670E-003  0.1787249672789795E-003 -0.6277407200549554E-007  0.1317983527711131E-022
 0.1000000000000000E+001  0.7366493100000000E+000  0.1919208607868405E-026  0.7679337068932344E-027 -0.4581404802525260E-027 -0.3466946308828118E-038  0.2584899661118338E-039

 0.0000000000000000E+000  0.8124808600000000E+000 -0.2801891136403811E+001  0.2272187480595540E+001  0.2301412989385795E+001 -0.8352718342714094E-002  0.4208567751670296E-001
 0.2777777800000000E-003  0.8124808600000000E+000 -0.2801838501426183E+001  0.2272154571515654E+001  0.2301359687395589E+001 -0.8354431045213736E-002  0.4211653676470643E-001
 0.8333333300000000E-003  0.8124808600000000E+000 -0.2801419430397283E+001  0.2271892257213047E+001  0.2300935285147028E+001 -0.8368155489254290E-002  0.4236324678357171E-001
 0.1666666700000000E-002  0.8124808600000000E+000 -0.2800034917703253E+001  0.2271021893125526E+001  0.2299532891917766E+001 -0.8414639665171383E-002  0.4319149003569520E-001
 0.2777777800000000E-002  0.8124808600000000E+000 -0.2796932951790425E+001  0.2269050496989170E+001  0.2296389305843197E+001 -0.8525470856288167E-002  0.4512382392750968E-001
 0.4166666700000000E-002  0.8124808600000000E+000 -0.2791521174271362E+001  0.2265535424901129E+001  0.2290899237974085E+001 -0.8743380248558443E-002  0.4877357915433927E-001
 0.5833333300000000E-002  0.8124808600000000E+000 -0.2783762278030219E+001  0.2260307626398672E+001  0.2283013325636739E+001 -0.9120641056989559E-002  0.5472886031149710E-001
 0.7777777800000000E-002  0.8124808600000000E+000 -0.2774310881848673E+001  0.2253586780908097E+001  0.2273377863034429E+001 -0.9712532491460613E-002  0.6342116575368031E-001
 0.1000000000000000E-001  0.8124808600000000E+000 -0.2764175922015179E+001  0.2245853854282032E+001  0.2262999445676870E+001 -0.1056595578863436E-001  0.7504371048184888E-001
 0.1250000000000000E-001  0.8124808600000000E+000 -0.2754197185936858E+001  0.2237584533989771E+001  0.2252723746595737E+001 -0.1170962875527782E-001  0.8955472951503086E-001
 0.1527777800000000E-001  0.8124808600000000E+000 -0.2744766040924670E+001  0.2229061563632773E+001  0.2242960111054833E+001 -0.1315235979812851E-001  0.1067386091031310E+000
 0.1833333300000000E-001  0.8124808600000000E+000 -0.2735856344001003E+001  0.2220341861498160E+001  0.2233718913724703E+001 -0.1488851842363384E-001  0.1262735538041261E+000
 0.2166666700000000E-001  0.8124808600000000E+000 -0.2727176998778284E+001  0.2211311665686142E+001  0.2224772918457819E+001 -0.1690526483083083E-001  0.1477760569404833E+000
 0.2527777800000000E-001  0.8124808600000000E+000 -0.2718299720832340E+001  0.2201753130372012E+001  0.2215795362939392E+001 -0.1918778685065259E-001  0.1708193872994420E+000
 0.2916666700000000E-001  0.8124808600000000E+000 -0.2708726003182717E+001  0.2191390455186795E+001  0.2206437607126219E+001 -0.2172192259637574E-001  0.1949354761599961E+000
 0.3333333300000000E-001  0.8124808600000000E+000 -0.2697910273649094E+001  0.2179914642372497E+001  0.2196361682747979E+001 -0.2449496446399323E-001  0.2196099679317641E+000
 0.3777777800000000E-001  0.8124808600000000E+000 -0.2685263391130184E+001  0.2166995465649347E+001  0.2185249411432042E+001 -0.2749555925666739E-001  0.2442780043851857E+000
 0.4250000000000000E-001  0.8124808600000000E+000 -0.2670154364959438E+001  0.2152289132523294E+001  0.2172802571604212E+001 -0.3071326606473280E-001  0.2683259800349330E+000
 0.4750000000000000E-001  0.8124808600000000E+000 -0.2651921700537518E+001  0.2135447503196187E+001  0.2158741583047006E+001 -0.3413807582756368E-001  0.2911035230670667E+000
 0.5277777800000000E-001  0.8124808600000000E+000 -0.2629901345848307E+001  0.2116132472948440E+001  0.2142806300604432E+001 -0.3775999304516406E-001  0.3119483772288644E+000
 0.5833333300000000E-001  0.8124808600000000E+000 -0.2603473614757965E+001  0.2094036751956135E+001  0.2124760355977781E+001 -0.4156872434172186E-001  0.3302248736717784E+000
 0.6416666700000000E-001  0.8124808600000000E+000 -0.2572125647936877E+001  0.2068909860469740E+001  0.2104399267265894E+001 -0.4555347184118511E-001  0.3453730039624449E+000
 0.7027777800000000E-001  0.8124808600000000E+000 -0.2535519171349228E+001  0.2040585675419949E+001  0.2081561491741476E+001 -0.4970280334708945E-001  0.3569606924908574E+000
 0.7666666699999999E-001  0.8124808600000000E+000 -0.2493547559389420E+001  0.2009005752004249E+001  0.2056140379553845E+001 -0.5400459291333228E-001  0.3647284822909291E+000
 0.8333333300000000E-001  0.8124808600000000E+000 -0.2446365697759070E+001  0.1974232532489256E+001  0.2028094371254039E+001 -0.5844599015662744E-001  0.3686152867051106E+000
 0.9027777800000000E-001  0.8124808600000000E+000 -0.2394381896442652E+001  0.1936448252406220E+001  0.1997452562547296E+001 -0.6301341256690929E-001  0.3687578911420510E+000
 0.9750000000000000E-001  0.8124808600000000E+000 -0.2338212483183679E+001  0.1895939221732816E+001  0.1964313844728100E+001 -0.6769253066951107E-001  0.3654639937840686E+000
 0.1050000000000000E+000  0.8124808600000000E+000 -0.2278610490437174E+001  0.1853068801710940E+001  0.1928839253977546E+001 -0.7246825370291564E-001  0.3591659114278335E+000
 0.1127777800000000E+000  0.8124808600000000E+000 -0.2216386131063011E+001  0.1808245107337475E+001  0.1891239042124308E+001 -0.7732469629078223E-001  0.3503662348394253E+000
 0.1208333300000000E+000  0.8124808600000000E+000 -0.2152335498348994E+001  0.1761889582901004E+001  0.1851756955123423E+001 -0.8224512575440476E-001  0.3395865229996629E+000
 0.1291666700000000E+000  0.8124808600000000E+000 -0.2087187285581984E+001  0.1714410597480792E+001  0.1810654018091741E+001 -0.8721193341491500E-001  0.3273264820182242E+000
 0.1377777800000000E+000  0.8124808600000000E+000 -0.2021571921552097E+001  0.1666185206449786E+001  0.1768194703568843E+001 -0.9220653349000543E-001  0.3140368594584562E+000
 0.1466666700000000E+000  0.8124808600000000E+000 -0.1956008731868205E+001  0.1617547742412908E+001  0.1724635414222890E+001 -0.9720934783390948E-001  0.3001050301490424E+000
 0.1558333300000000E+000  0.8124808600000000E+000 -0.1890908080360352E+001  0.1568785512923337E+001  0.1680216888519738E+001 -0.1021997261176644E+000  0.2858509211057439E+000
 0.1652777800000000E+000  0.8124808600000000E+000 -0.1826581365022749E+001  0.1520138643917699E+001  0.1635159193057908E+001 -0.1071559346239941E+000  0.2715296597588817E+000
 0.1750000000000000E+000  0.8124808600000000E+000 -0.1763255962920812E+001  0.1471803556946906E+001  0.1589659804182993E+001 -0.1120550952691956E+000  0.2573383352374349E+000
 0.1850000000000000E+000  0.8124808600000000E+000 -0.1701090166479429E+001  0.1423937324696751E+001  0.1543892875152053E+001 -0.1168732180088874E+000  0.2434242587599254E+000
 0.1952777800000000E+000  0.8124808600000000E+000 -0.1640187974197222E+001  0.1376663215164084E+001  0.1498010287791753E+001 -0.1215851958657353E+000  0.2298936481443775E+000
 0.2058333300000000E+000  0.8124808600000000E+000 -0.1580611766066676E+001  0.1330075994455922E+001  0.1452143272894002E+001 -0.1261648455182294E+000  0.2168196634789540E+000
 0.2166666700000000E+000  0.8124808600000000E+000 -0.1522392645391443E+001  0.1284246674016924E+001  0.1406404261462121E+001 -0.1305849890880619E+000  0.2042494110347901E+000
 0.2277777800000000E+000  0.8124808600000000E+000 -0.1465539323070696E+001  0.1239227172351091E+001  0.1360889351692645E+001 -0.1348175162387899E+000  0.1922099699151540E+000
 0.2391666700000000E+000  0.8124808600000000E+000 -0.1410044391834377E+001  0.1195053754124642E+001  0.1315680151367271E+001 -0.1388335342299369E+000  0.1807131737655828E+000
 0.2508333300000000E+000  0.8124808600000000E+000 -0.1355889699885079E+001  0.1151750377799800E+001  0.1270846001592341E+001 -0.1426034999109641E+000  0.1697595669075821E+000
 0.2627777800000000E+000  0.8124808600000000E+000 -0.1303049968797696E+001  0.1109331100790903E+001  0.1226445618283040E+001 -0.1460974207093869E+000  0.1593414314520386E+000
 0.2750000000000000E+000  0.8124808600000000E+000 -0.1251495976992259E+001  0.1067802454638719E+001  0.1182528993090827E+001 -0.1492850507811321E+000  0.1494452459635563E+000
 0.2875000000000000E+000  0.8124808600000000E+000 -0.1201196337309467E+001  0.1027164907424214E+001  0.1139138560138684E+001 -0.1521361651360846E+000  0.1400534662656235E+000
 0.3002777800000000E+000  0.8124808600000000E+000 -0.1152119177350760E+001  0.9874143853987246E+000  0.1096310579529902E+001 -0.1546208358715011E+000  0.1311459660441172E+000
 0.3133333300000000E+000  0.8124808600000000E+000 -0.1104233182154265E+001  0.9485433665941724E+000  0.1054076183002609E+001 -0.1567097572736547E+000  0.1227010944851190E+000
 0.3266666700000000E+000  0.8124808600000000E+000 -0.1057508162677898E+001  0.9105416379597884E+000  0.1012462132895001E+001 -0.1583746095070847E+000  0.1146964430735726E+000
 0.3402777800000000E+000  0.8124808600000000E+000 -0.1011915768080411E+001  0.8733971927642137E+000  0.9714917865518427E+000 -0.1595884381176693E+000  0.1071094747101584E+000
 0.3541666700000000E+000  0.8124808600000000E+000 -0.9674295063803260E+000  0.8370965729078084E+000  0.9311854868259327E+000 -0.1603260825772646E+000  0.9991790665507659E-001
 0.3683333300000000E+000  0.8124808600000000E+000 -0.9240250454228118E+000  0.8016254357673037E+000  0.8915612146613879E+000 -0.1605646146260176E+000  0.9310004486778146E-001
 0.3827777800000000E+000  0.8124808600000000E+000 -0.8816800808807022E+000  0.7669687588902846E+000  0.8526348477460226E+000 -0.1602838027947492E+000  0.8663497286854215E-001
 0.3975000000000000E+000  0.8124808600000000E+000 -0.8403744956216680E+000  0.7331112704283337E+000  0.8144206703371367E+000 -0.1594665869797238E+000  0.8050273030895563E-001
 0.4125000000000000E+000  0.8124808600000000E+000 -0.8000900430937030E+000  0.7000374765437005E+000  0.7769314256637615E+000 -0.1580995565247106E+000  0.7468437611075483E-001
 0.4277777800000000E+000  0.8124808600000000E+000 -0.7608103171026320E+000  0.6677319089727038E+000  0.7401786058126179E+000 -0.1561734231714963E+000  0.6916206549930462E-001
 0.4433333300000000E+000  0.8124808600000000E+000 -0.7225205683185019E+000  0.6361792334671010E+000  0.7041725748163493E+000 -0.1536834785246096E+000  0.6391908174953577E-001
 0.4591666700000000E+000  0.8124808600000000E+000 -0.6852074095369912E+000  0.6053642530070190E+000  0.6689225598534198E+000 -0.1506300144355822E+000  0.5893983886434884E-001
 0.4752777800000000E+000  0.8124808600000000E+000 -0.6488587753949013E+000  0.5752721079838422E+000  0.6344368564667756E+000 -0.1470187211741000E+000  0.5420991003038581E-001
 0.4916666700000000E+000  0.8124808600000000E+000 -0.6134635379046981E+000  0.5458881799443042E+000  0.6007226851703469E+000 -0.1428610072981163E+000  0.4971600538237738E-001
 0.5083333300000000E+000  0.8124808600000000E+000 -0.5790114029885265E+000  0.5171982150427678E+000  0.5677862909121221E+000 -0.1381742764678932E+000  0.4544598705036737E-001
 0.5247222200000000E+000  0.8124808600000000E+000 -0.5465683378934463E+000  0.4900888346490148E+000  0.5366663745577152E+000 -0.1331586618982273E+000  0.4151758855344127E-001
 0.5408333300000000E+000  0.8124808600000000E+000 -0.5159894029116915E+000  0.4644431842915445E+000  0.5072456176578032E+000 -0.1278785767133203E+000  0.3789649982763424E-001
 0.5566666700000000E+000  0.8124808600000000E+000 -0.4871436176387332E+000  0.4401563268149170E+000  0.4794160695468470E+000 -0.1223948330896784E+000  0.3455320412408924E-001
 0.5722222200000000E+000  0.8124808600000000E+000 -0.4599121833183504E+000  0.4171337714982120E+000  0.4530782425538673E+000 -0.1167642978624813E+000  0.3146222573459272E-001
 0.5875000000000000E+000  0.8124808600000000E+000 -0.4341868159008153E+000  0.3952900603147500E+000  0.4281401385164357E+000 -0.1110396109143784E+000  0.2860148942712023E-001
 0.6025000000000000E+000  0.8124808600000000E+000 -0.4098685909910060E+000  0.3745477635797574E+000  0.4045166354355865E+000 -0.1052690489110213E+000  0.2595181788858706E-001
 0.6172222200000000E+000  0.8124808600000000E+000 -0.3868668028558401E+000  0.3548364747213681E+000  0.3821287842633573E+000 -0.9949643584444350E-001  0.2349649434475899E-001
 0.6316666700000000E+000  0.8124808600000000E+000 -0.3650980650724453E+000  0.3360920028813291E+000  0.3609032588650485E+000 -0.9376114313741861E-001  0.2122090397287439E-001
 0.6458333300000000E+000  0.8124808600000000E+000 -0.3444856034830143E+000  0.3182557279544708E+000  0.3407719298584233E+000 -0.8809817101458134E-001  0.1911223753580654E-001
 0.6597222200000000E+000  0.8124808600000000E+000 -0.3249584954408101E+000  0.3012739090869201E+000  0.3216713357652587E+000 -0.8253824032429724E-001  0.1715922360203153E-001
 0.6733333300000000E+000  0.8124808600000000E+000 -0.3064512065064739E+000  0.2850972519229100E+000  0.3035424045643373E+000 -0.7710798414160651E-001  0.1535191904667093E-001
 0.6866666700000000E+000  0.8124808600000000E+000 -0.2889030264844630E+000  0.2696803920337744E+000  0.2863300451240374E+000 -0.7183012599940945E-001  0.1368151141686295E-001
 0.6997222200000000E+000  0.8124808600000000E+000 -0.2722577055061969E+000  0.2549815563955982E+000  0.2699829087629266E+000 -0.6672372356276086E-001  0.1214015902946643E-001
 0.7125000000000000E+000  0.8124808600000000E+000 -0.2564629832377508E+000  0.2409621347671071E+000  0.2544530252137627E+000 -0.6180438284511297E-001  0.1072083536596775E-001
 0.7250000000000000E+000  0.8124808600000000E+000 -0.2414703425243992E+000  0.2275864525852345E+000  0.2396956419960664E+000 -0.5708453859309741E-001  0.9417206066919311E-002
 0.7372222200000000E+000  0.8124808600000000E+000 -0.2272346578383821E+000  0.2148214548776080E+000  0.2256689467771896E+000 -0.5257369671117527E-001  0.8223505201996946E-002
 0.7491666700000000E+000  0.8124808600000000E+000 -0.2137139280203836E+000  0.2026364678177973E+000  0.2123338612013713E+000 -0.4827869311337622E-001  0.7134426758453672E-002
 0.7608333300000000E+000  0.8124808600000000E+000 -0.2008690789561611E+000  0.1910030263983050E+000  0.1996538944392773E+000 -0.4420396276897692E-001  0.6145027611066413E-002
 0.7722222200000000E+000  0.8124808600000000E+000 -0.1886636660642184E+000  0.1798946141156679E+000  0.1875948902093080E+000 -0.4035176262796724E-001  0.5250627602680428E-002
 0.7833333300000000E+000  0.8124808600000000E+000 -0.1770637533823504E+000  0.1692865643333245E+000  0.1761249417117630E+000 -0.3672243474148015E-001  0.4446728059385196E-002
 0.7941666700000000E+000  0.8124808600000000E+000 -0.1660376782865019E+000  0.1591558598793137E+000  0.1652141884329782E+000 -0.3331461623759766E-001  0.3728925978090329E-002
 0.8047222200000000E+000  0.8124808600000000E+000 -0.1555559380169769E+000  0.1494810451304345E+000  0.1548347289914129E+000 -0.3012546986932681E-001  0.3092841922013484E-002
 0.8149999999999999E+000  0.8124808600000000E+000 -0.1455909680770511E+000  0.1402420398244958E+000  0.1449604234011719E+000 -0.2715086338361092E-001  0.2534047005090219E-002
 0.8250000000000000E+000  0.8124808600000000E+000 -0.1361170740266981E+000  0.1314200949296315E+000  0.1355668442197012E+000 -0.2438557809654174E-001  0.2048007288883525E-002
 0.8347222200000000E+000  0.8124808600000000E+000 -0.1271102645647512E+000  0.1229976581160609E+000  0.1266311275373733E+000 -0.2182346965301709E-001  0.1630032039333546E-002
 0.8441666700000000E+000  0.8124808600000000E+000 -0.1185481359051631E+000  0.1149582867323067E+000  0.1181318727296523E+000 -0.1945762754067990E-001  0.1275238158088303E-002
 0.8533333300000000E+000  0.8124808600000000E+000 -0.1104098004152955E+000  0.1072866026295479E+000  0.1100490845161949E+000 -0.1728052997575950E-001  0.9785324047960572E-003
 0.8622222200000000E+000  0.8124808600000000E+000 -0.1026757246062813E+000  0.9996816165242979E-001  0.1023640236378968E+000 -0.1528415819241678E-001  0.7346097626418934E-003
 0.8708333300000000E+000  0.8124808600000000E+000 -0.9532770034402199E-001  0.9298944819069821E-001  0.9505918863971301E-001 -0.1346013187254824E-001  0.5379801514269765E-003
 0.8791666700000000E+000  0.8124808600000000E+000 -0.8834871635443772E-001  0.8633777531829516E-001  0.8811819761242728E-001 -0.1179980362853649E-001  0.3830174085462948E-003
 0.8872222200000000E+000  0.8124808600000000E+000 -0.8172292227071469E-001  0.8000127200488019E-001  0.8152576098446680E-001 -0.1029436353302718E-001  0.2640383496617473E-003
 0.8950000000000000E+000  0.8124808600000000E+000 -0.7543549779793592E-001  0.7396877910342867E-001  0.7526755908572337E-001 -0.8934908656508990E-002  0.1754061836135205E-003
 0.9025000000000000E+000  0.8124808600000000E+000 -0.6947264324430368E-001  0.6822986025814103E-001  0.6933023961051074E-001 -0.7712529335512700E-002  0.1116587551283894E-003
 0.9097222200000000E+000  0.8124808600000000E+000 -0.6382148379764507E-001  0.6277472934749792E-001  0.6370132846228495E-001 -0.6618364994028309E-002  0.6764938601473892E-004
 0.9166666700000000E+000  0.8124808600000000E+000 -0.5847001186325991E-001  0.5759421304232232E-001  0.5836917766887636E-001 -0.5643659544470388E-002  0.3869032127797061E-004
 0.9233333300000000E+000  0.8124808600000000E+000 -0.5340706353497138E-001  0.5267974531795160E-001  0.5332294657994950E-001 -0.4779813994079919E-002  0.2068171670179577E-004
 0.9297222200000000E+000  0.8124808600000000E+000 -0.4862221454002704E-001  0.4802328272000127E-001  0.4855250214089879E-001 -0.4018417151275899E-002  0.1020746759535932E-004
 0.9358333300000000E+000  0.8124808600000000E+000 -0.4410578692636750E-001  0.4361732580105018E-001  0.4404842893075357E-001 -0.3351289207343381E-002  0.4581901394092639E-005
 0.9416666700000000E+000  0.8124808600000000E+000 -0.3984876803637317E-001  0.3945485431670961E-001  0.3980195127620803E-001 -0.2770504489975018E-002  0.1835644964796813E-005
 0.9472222200000000E+000  0.8124808600000000E+000 -0.3584280724403474E-001  0.3552933713526010E-001  0.3580493249325269E-001 -0.2268421107890297E-002  0.6409486691246114E-006
 0.9525000000000000E+000  0.8124808600000000E+000 -0.3208012819008908E-001  0.3183465856370341E-001  0.3204978950532939E-001 -0.1837694645695292E-002  0.1892156537272836E-006
 0.9575000000000000E+000  0.8124808600000000E+000 -0.2855354550165264E-001  0.2836514604966841E-001  0.2852951142941194E-001 -0.1471301695201613E-002  0.4540493394854015E-007
 0.9622222200000000E+000  0.8124808600000000E+000 -0.2525640464170723E-001  0.2511552176900907E-001  0.2523760124325514E-001 -0.1162550132321779E-002  0.8409651102068792E-008
 0.9666666700000000E+000  0.8124808600000000E+000 -0.2218255361713902E-001  0.2208088456902467E-001  0.2216804903693253E-001 -0.9050909059882805E-003  0.1122165882996912E-008
 0.9708333300000000E+000  0.8124808600000000E+000 -0.1932634431731902E-001  0.1925672049162807E-001  0.1931533469015808E-001 -0.6929294300492900E-003  0.9877718050943810E-010
 0.9747222200000000E+000  0.8124808600000000E+000 -0.1668256024668418E-001  0.1663883989730162E-001  0.1667435688968850E-001 -0.5204289488637992E-003  0.5391301958726783E-011
 0.9783333300000000E+000  0.8124808600000000E+000 -0.1424644276293540E-001  0.1422341128207049E-001  0.1424046038724252E-001 -0.3823199030759895E-003  0.2514407919451563E-012
 0.9816666700000000E+000  0.8124808600000000E+000 -0.1201363701068668E-001  0.1200691514150617E-001  0.1200938293015101E-001 -0.2737018007238110E-003  0.1769743415185995E-013
 0.9847222200000000E+000  0.8124808600000000E+000 -0.9980207499777927E-002  0.9986166374613826E-002  0.9977271657196876E-002 -0.1900481479784562E-003  0.7866042913190060E-015
 0.9875000000000000E+000  0.8124808600000000E+000 -0.8142575038208638E-002  0.8158258314414977E-002  0.8140620811618491E-002 -0.1272065200672710E-003  0.1070570296701359E-016
 0.9900000000000000E+000  0.8124808600000000E+000 -0.6497548804099573E-002  0.6520601160314100E-002  0.6496304435952686E-002 -0.8140208506365682E-004  0.3366322935927099E-018
 0.9922222200000000E+000  0.8124808600000000E+000 -0.5042286651765545E-002  0.5070889143878046E-002  0.5041537268907197E-002 -0.4923735764748483E-004  0.1378497695650912E-019
 0.9941666700000000E+000  0.8124808600000000E+000 -0.3774283750119086E-002  0.3807090822767823E-002  0.3773863877969073E-002 -0.2769285072306890E-004  0.4222994218170947E-022
 0.9958333300000000E+000  0.8124808600000000E+000 -0.2691388550780123E-002  0.2727484316051654E-002  0.2691175049574293E-002 -0.1412760344873749E-004 -0.1673076989406114E-022
 0.9972222200000000E+000  0.8124808600000000E+000 -0.1791748497163149E-002  0.1830075946721641E-002  0.1791653873147186E-002 -0.6278376835396883E-005 -0.7522855109935592E-024
 0.9983333300000000E+000  0.8124808600000000E+000 -0.1073848195405474E-002  0.1114308049107242E-002  0.1073814206832272E-002 -0.2260054648549536E-005 -0.4517473109850401E-022
 0.9991666700000000E+000  0.8124808600000000E+000 -0.5364708857346781E-003  0.5699363484062019E-003  0.5364624029310580E-003 -0.5649748437062591E-006  0.2077051359271055E-022
 0.9997222200000000E+000  0.8124808600000000E+000 -0.1787259092199588E-003  0.2008095597959751E-003  0.1787249677160761E-003 -0.6277407215849602E-007  0.2456888194606449E-022
 0.1000000000000000E+001  0.8124808600000000E+000  0.3858660650178714E-027 -0.2935005866789583E-026 -0.4519985116282434E-026 -0.6369745231805235E-039  0.1439150974285155E-040

 0.0000000000000000E+000  0.8847013800000000E+000 -0.2803987940157853E+001  0.2270090699274478E+001  0.2303358259389117E+001 -0.8352718342714094E-002  0.4485701061092565E-001
 0.2777777800000000E-003  0.8847013800000000E+000 -0.2803933954254685E+001  0.2270058983703962E+001  0.2303303306365334E+001 -0.8354432284775103E-002  0.4488991646873904E-001
 0.8333333300000000E-003  0.8847013800000000E+000 -0.2803504179732846E+001  0.2269806168190888E+001  0.2302865793152541E+001 -0.8368166444836697E-002  0.4515298966152455E-001
 0.1666666700000000E-002  0.8847013800000000E+000 -0.2802084989630960E+001  0.2268967142243527E+001  0.2301420533639221E+001 -0.8414680863876270E-002  0.4603618192728496E-001
 0.2777777800000000E-002  0.8847013800000000E+000 -0.2798909312966565E+001  0.2267065719631976E+001  0.2298183492077388E+001 -0.8525569659193714E-002  0.4809680884002721E-001
 0.4166666700000000E-002  0.8847013800000000E+000 -0.2793383406409376E+001  0.2263671936169592E+001  0.2292539549534843E+001 -0.8743547115844864E-002  0.5198925966544944E-001
 0.5833333300000000E-002  0.8847013800000000E+000 -0.2785498610293951E+001  0.2258616357456367E+001  0.2284455953378836E+001 -0.9120838637135704E-002  0.5834170203178653E-001
 0.7777777800000000E-002  0.8847013800000000E+000 -0.2775970430656030E+001  0.2252103213479895E+001  0.2274623336910979E+001 -0.9712675124492542E-002  0.6761661397570140E-001
 0.1000000000000000E-001  0.8847013800000000E+000 -0.2765881881848285E+001  0.2244592713839724E+001  0.2264101003515700E+001 -0.1056595357870387E-001  0.8002447795584480E-001
 0.1250000000000000E-001  0.8847013800000000E+000 -0.2756137324337523E+001  0.2236547884394406E+001  0.2253773622804393E+001 -0.1170943479729935E-001  0.9552811077560171E-001
 0.1527777800000000E-001  0.8847013800000000E+000 -0.2747175692416651E+001  0.2228252801925423E+001  0.2244069657120214E+001 -0.1315198365182502E-001  0.1139085115227272E+000
 0.1833333300000000E-001  0.8847013800000000E+000 -0.2739006818527950E+001  0.2219776880122669E+001  0.2235005828278201E+001 -0.1488801518192481E-001  0.1348373747955889E+000
 0.2166666700000000E-001  0.8847013800000000E+000 -0.2731370711395939E+001  0.2211023920072318E+001  0.2226357170460884E+001 -0.1690472311877729E-001  0.1579243898267652E+000
 0.2527777800000000E-001  0.8847013800000000E+000 -0.2723867418258383E+001  0.2201793430465491E+001  0.2217799681565356E+001 -0.1918732537943520E-001  0.1827361365024735E+000
 0.2916666700000000E-001  0.8847013800000000E+000 -0.2716021428493370E+001  0.2191823148376941E+001  0.2208988716031643E+001 -0.2172169371124812E-001  0.2087963362333382E+000
 0.3333333300000000E-001  0.8847013800000000E+000 -0.2707299101750032E+001  0.2180811240153399E+001  0.2199590236446543E+001 -0.2449516045698806E-001  0.2355776403506014E+000
 0.3777777800000000E-001  0.8847013800000000E+000 -0.2697104467457225E+001  0.2168426125254537E+001  0.2189287814399857E+001 -0.2749641819466692E-001  0.2624929409471991E+000
 0.4250000000000000E-001  0.8847013800000000E+000 -0.2684772327231447E+001  0.2154312196433967E+001  0.2177780433442554E+001 -0.3071507537627989E-001  0.2888920202974958E+000
 0.4750000000000000E-001  0.8847013800000000E+000 -0.2669571667452068E+001  0.2138097572405069E+001  0.2164778876948436E+001 -0.3414117316952010E-001  0.3140688531975934E+000
 0.5277777800000000E-001  0.8847013800000000E+000 -0.2650728900084270E+001  0.2119408149040126E+001  0.2150004618004142E+001 -0.3776476499858741E-001  0.3372838698171764E+000
 0.5833333300000000E-001  0.8847013800000000E+000 -0.2627476631632763E+001  0.2097890042952887E+001  0.2133193122883382E+001 -0.4157560417827348E-001  0.3578039115909233E+000
 0.6416666700000000E-001  0.8847013800000000E+000 -0.2599127441822553E+001  0.2073239920246991E+001  0.2114102351345990E+001 -0.4556293773427725E-001  0.3749585821524720E+000
 0.7027777800000000E-001  0.8847013800000000E+000 -0.2565162973004968E+001  0.2045239510687906E+001  0.2092526069231394E+001 -0.4971537789015221E-001  0.3882057668321267E+000
 0.7666666699999999E-001  0.8847013800000000E+000 -0.2525318757525838E+001  0.2013787375691872E+001  0.2068309944292464E+001 -0.5402084396814562E-001  0.3971932340102108E+000
 0.8333333300000000E-001  0.8847013800000000E+000 -0.2479640650365394E+001  0.1978919859565879E+001  0.2041367101392911E+001 -0.5846653242367554E-001  0.4018003218624327E+000
 0.9027777800000000E-001  0.8847013800000000E+000 -0.2428493441170120E+001  0.1940814641279620E+001  0.2011689014895160E+001 -0.6303890930086065E-001  0.4021472142190566E+000
 0.9750000000000000E-001  0.8847013800000000E+000 -0.2372516932702307E+001  0.1899775115015673E+001  0.1979348564103325E+001 -0.6772369546297852E-001  0.3985684366861246E+000
 0.1050000000000000E+000  0.8847013800000000E+000 -0.2312541698686536E+001  0.1856199148095221E+001  0.1944493984739055E+001 -0.7250585270594279E-001  0.3915581827649656E+000
 0.1127777800000000E+000  0.8847013800000000E+000 -0.2249488214362996E+001  0.1810539935679631E+001  0.1907335150697787E+001 -0.7736955111051985E-001  0.3817023349444625E+000
 0.1208333300000000E+000  0.8847013800000000E+000 -0.2184273363401386E+001  0.1763267301504430E+001  0.1868125329895663E+001 -0.8229811669751223E-001  0.3696128447134108E+000
 0.1291666700000000E+000  0.8847013800000000E+000 -0.2117739709267378E+001  0.1714835322103399E+001  0.1827141685436636E+001 -0.8727400218693772E-001  0.3558753873720717E+000
 0.1377777800000000E+000  0.8847013800000000E+000 -0.2050614175488638E+001  0.1665660253405543E+001  0.1784668253995977E+001 -0.9227868399882921E-001  0.3410150471303340E+000
 0.1466666700000000E+000  0.8847013800000000E+000 -0.1983491152947617E+001  0.1616107372358165E+001  0.1740981863922548E+001 -0.9729264410070391E-001  0.3254787670004371E+000
 0.1558333300000000E+000  0.8847013800000000E+000 -0.1916835122866236E+001  0.1566486543290619E+001  0.1696342775654475E+001 -0.1022952863540179E+000  0.3096311682103810E+000
 0.1652777800000000E+000  0.8847013800000000E+000 -0.1850993581610348E+001  0.1517052904193138E+001  0.1650988652310318E+001 -0.1072649211670589E+000  0.2937588348083844E+000
 0.1750000000000000E+000  0.8847013800000000E+000 -0.1786215820460939E+001  0.1468011652779130E+001  0.1605132197836176E+001 -0.1121787000946396E+000  0.2780794791451892E+000
 0.1850000000000000E+000  0.8847013800000000E+000 -0.1722671593279687E+001  0.1419523789589391E+001  0.1558960364543575E+001 -0.1170126441020506E+000  0.2627526712587633E+000
 0.1952777800000000E+000  0.8847013800000000E+000 -0.1660469110432650E+001  0.1371712943905937E+001  0.1512635576158358E+001 -0.1217416345099371E+000  0.2478907494884795E+000
 0.2058333300000000E+000  0.8847013800000000E+000 -0.1599670223538800E+001  0.1324671748008228E+001  0.1466297629680670E+001 -0.1263394498464316E+000  0.2335686774157424E+000
 0.2166666700000000E+000  0.8847013800000000E+000 -0.1540302619517347E+001  0.1278467428927586E+001  0.1420065861332932E+001 -0.1307788443364860E+000  0.2198324549449858E+000
 0.2277777800000000E+000  0.8847013800000000E+000 -0.1482370023239557E+001  0.1233147111359223E+001  0.1374041924179615E+001 -0.1350316069598818E+000  0.2067062017554649E+000
 0.2391666700000000E+000  0.8847013800000000E+000 -0.1425859351189699E+001  0.1188741718185283E+001  0.1328311903446665E+001 -0.1390687092636168E+000  0.1941976845207159E+000
 0.2508333300000000E+000  0.8847013800000000E+000 -0.1370746665612956E+001  0.1145269645749210E+001  0.1282948778501467E+001 -0.1428604355853556E+000  0.1823028035398996E+000
 0.2627777800000000E+000  0.8847013800000000E+000 -0.1317001142650029E+001  0.1102739389302834E+001  0.1238014257079855E+001 -0.1463765832852721E+000  0.1710089714337935E+000
 0.2750000000000000E+000  0.8847013800000000E+000 -0.1264588464353295E+001  0.1061152063007715E+001  0.1193560836570746E+001 -0.1495866589115417E+000  0.1602978106430516E+000
 0.2875000000000000E+000  0.8847013800000000E+000 -0.1213472692600103E+001  0.1020502950044753E+001  0.1149633091847884E+001 -0.1524601537594719E+000  0.1501470757441910E+000
 0.3002777800000000E+000  0.8847013800000000E+000 -0.1163617988803483E+001  0.9807830742537434E+000  0.1106269157076630E+001 -0.1549668226455075E+000  0.1405321839746363E+000
 0.3133333300000000E+000  0.8847013800000000E+000 -0.1114989651605275E+001  0.9419803165450703E+000  0.1063501844991443E+001 -0.1570770130710405E+000  0.1314273188615053E+000
 0.3266666700000000E+000  0.8847013800000000E+000 -0.1067554653826613E+001  0.9040801775509509E+000  0.1021359459391370E+001 -0.1587620345747380E+000  0.1228062143551437E+000
 0.3402777800000000E+000  0.8847013800000000E+000 -0.1021282315622317E+001  0.8670666685158704E+000  0.9798668026350591E+000 -0.1599945453076863E+000  0.1146427892880977E+000
 0.3541666700000000E+000  0.8847013800000000E+000 -0.9761442715409954E+000  0.8309226410767966E+000  0.9390455916847263E+000 -0.1607489894340183E+000  0.1069115180870660E+000
 0.3683333300000000E+000  0.8847013800000000E+000 -0.9321147218831480E+000  0.7956303368363907E+000  0.8989151314709183E+000 -0.1610020456149628E+000  0.9958775215955562E-001
 0.3827777800000000E+000  0.8847013800000000E+000 -0.8891702464044933E+000  0.7611715740100932E+000  0.8594925829707414E+000 -0.1607331030771988E+000  0.9264788841104223E-001
 0.3975000000000000E+000  0.8847013800000000E+000 -0.8472899163703516E+000  0.7275281579110174E+000  0.8207934806936460E+000 -0.1599247486056187E+000  0.8606953048981873E-001
 0.4125000000000000E+000  0.8847013800000000E+000 -0.8064549270856294E+000  0.6946818907178915E+000  0.7828317830238287E+000 -0.1585632577824567E+000  0.7983152979164276E-001
 0.4277777800000000E+000  0.8847013800000000E+000 -0.7666485242761381E+000  0.6626148009304530E+000  0.7456201600668453E+000 -0.1566390811274549E+000  0.7391404487454824E-001
 0.4433333300000000E+000  0.8847013800000000E+000 -0.7278557783072955E+000  0.6313092355147871E+000  0.7091701102667143E+000 -0.1541473143647072E+000  0.6829855542276481E-001
 0.4591666700000000E+000  0.8847013800000000E+000 -0.6900632488903078E+000  0.6007478489251227E+000  0.6734919418203841E+000 -0.1510881305254561E+000  0.6296784788277908E-001
 0.4752777800000000E+000  0.8847013800000000E+000 -0.6532589105501834E+000  0.5709137888156443E+000  0.6385949695605260E+000 -0.1474671881254596E+000  0.5790603115959750E-001
 0.4916666700000000E+000  0.8847013800000000E+000 -0.6174317322838899E+000  0.5417905889862918E+000  0.6044873582550565E+000 -0.1432959586022146E+000  0.5309850016671305E-001
 0.5083333300000000E+000  0.8847013800000000E+000 -0.5825715445651828E+000  0.5133622814892712E+000  0.5711762114403555E+000 -0.1385920076995283E+000  0.4853194113247658E-001
 0.5247222200000000E+000  0.8847013800000000E+000 -0.5497565508427138E+000  0.4865054345839527E+000  0.5397122344628077E+000 -0.1335564536667706E+000  0.4433192300069640E-001
 0.5408333300000000E+000  0.8847013800000000E+000 -0.5188390989801538E+000  0.4611023740282334E+000  0.5099763418393524E+000 -0.1282543038907537E+000  0.4046143013996054E-001
 0.5566666700000000E+000  0.8847013800000000E+000 -0.4896856964698532E+000  0.4370476220342965E+000  0.4818588309964421E+000 -0.1227469489562271E+000  0.3688864913629707E-001
 0.5722222200000000E+000  0.8847013800000000E+000 -0.4621752041587189E+000  0.4142463667912920E+000  0.4552584897637875E+000 -0.1170918024448084E+000  0.3358614552295744E-001
 0.5875000000000000E+000  0.8847013800000000E+000 -0.4361971472193093E+000  0.3926130033081012E+000  0.4300816318617018E+000 -0.1113420070296510E+000  0.3053016489397361E-001
 0.6025000000000000E+000  0.8847013800000000E+000 -0.4116505467347095E+000  0.3720700911909493E+000  0.4062414937468264E+000 -0.1055462896939674E+000  0.2770008512336165E-001
 0.6172222200000000E+000  0.8847013800000000E+000 -0.3884427674641120E+000  0.3525473205554307E+000  0.3836575383827934E+000 -0.9974886687042692E-001  0.2507794089130730E-001
 0.6316666700000000E+000  0.8847013800000000E+000 -0.3664886108006581E+000  0.3339806809864850E+000  0.3622549116017294E+000 -0.9398944210640049E-001  0.2264803436736621E-001
 0.6458333300000000E+000  0.8847013800000000E+000 -0.3457096022526377E+000  0.3163117970583121E+000  0.3419640214550034E+000 -0.8830328752630649E-001  0.2039661383375927E-001
 0.6597222200000000E+000  0.8847013800000000E+000 -0.3260332249414867E+000  0.2994872222888784E+000  0.3227200123075977E+000 -0.8272133756024252E-001  0.1831158396069218E-001
 0.6733333300000000E+000  0.8847013800000000E+000 -0.3073924529067097E+000  0.2834579930608037E+000  0.3044624898059663E+000 -0.7727038422509802E-001  0.1638227916651376E-001
 0.6866666700000000E+000  0.8847013800000000E+000 -0.2897251826621047E+000  0.2681791024778634E+000  0.2871351132950767E+000 -0.7197325994819595E-001  0.1459925029835020E-001
 0.6997222200000000E+000  0.8847013800000000E+000 -0.2729738659654319E+000  0.2536091530488346E+000  0.2706853583968887E+000 -0.6684908670982037E-001  0.1295409209918072E-001
 0.7125000000000000E+000  0.8847013800000000E+000 -0.2570850346501335E+000  0.2397099220464065E+000  0.2550641521087157E+000 -0.6191349594157840E-001  0.1143927565438878E-001
 0.7250000000000000E+000  0.8847013800000000E+000 -0.2420090510405138E+000  0.2264461282198670E+000  0.2402257117393876E+000 -0.5717891489651775E-001  0.1004801594070330E-001
 0.7372222200000000E+000  0.8847013800000000E+000 -0.2276997521795116E+000  0.2137851116541386E+000  0.2261272653351991E+000 -0.5265481478947904E-001  0.8774138841768624E-002
 0.7491666700000000E+000  0.8847013800000000E+000 -0.2141141786489271E+000  0.2016965916970066E+000  0.2127288434313378E+000 -0.4834797513666243E-001  0.7611964596396749E-002
 0.7608333300000000E+000  0.8847013800000000E+000 -0.2012123734536076E+000  0.1901524914109242E+000  0.1999931303069524E+000 -0.4426275791264160E-001  0.6556203649999982E-002
 0.7722222200000000E+000  0.8847013800000000E+000 -0.1889570801178783E+000  0.1791266754974221E+000  0.1878852078526416E+000 -0.4040133499018075E-001  0.5601849543271064E-002
 0.7833333300000000E+000  0.8847013800000000E+000 -0.1773136181126851E+000  0.1685948492911588E+000  0.1763724678486312E+000 -0.3676395537097477E-001  0.4744091568584840E-002
 0.7941666700000000E+000  0.8847013800000000E+000 -0.1662496433680357E+000  0.1585343573259500E+000  0.1654244054061928E+000 -0.3334915861124706E-001  0.3978222885481051E-002
 0.8047222200000000E+000  0.8847013800000000E+000 -0.1557350310846131E+000  0.1489240940355965E+000  0.1550125288000617E+000 -0.3015400835102332E-001  0.3299563324638790E-002
 0.8149999999999999E+000  0.8847013800000000E+000 -0.1457416500932856E+000  0.1397443172661888E+000  0.1451101582969742E+000 -0.2717427406480519E-001  0.2703381269350508E-002
 0.8250000000000000E+000  0.8847013800000000E+000 -0.1362432911925039E+000  0.1309766032259140E+000  0.1356923743667163E+000 -0.2440464161718850E-001  0.2184834154711578E-002
 0.8347222200000000E+000  0.8847013800000000E+000 -0.1272154965550313E+000  0.1226037119479036E+000  0.1267358654647659E+000 -0.2183887549534498E-001  0.1738913115987221E-002
 0.8441666700000000E+000  0.8847013800000000E+000 -0.1186354407200390E+000  0.1146095001848567E+000  0.1182188248271889E+000 -0.1946997942797953E-001  0.1360404918059666E-002
 0.8533333300000000E+000  0.8847013800000000E+000 -0.1104818560596668E+000  0.1069788761411620E+000  0.1101208897578951E+000 -0.1729035204098671E-001  0.1043872884065428E-002
 0.8622222200000000E+000  0.8847013800000000E+000 -0.1027348675532906E+000  0.9969766951666580E-001  0.1024229894724496E+000 -0.1529190158755172E-001  0.7836550604306748E-003
 0.8708333300000000E+000  0.8847013800000000E+000 -0.9537596118516270E-001  0.9275262606196805E-001  0.9510732443403060E-001 -0.1346618161279136E-001  0.5738926339733780E-003
 0.8791666700000000E+000  0.8847013800000000E+000 -0.8838785258280496E-001  0.8613130832696800E-001  0.8815724558160121E-001 -0.1180448543426423E-001  0.4085821115794130E-003
 0.8872222200000000E+000  0.8847013800000000E+000 -0.8175444847606575E-001  0.7982208311190937E-001  0.8155722486772600E-001 -0.1029795052862005E-001  0.2816595934115847E-003
 0.8950000000000000E+000  0.8847013800000000E+000 -0.7546071327298429E-001  0.7381401813955281E-001  0.7529273054392090E-001 -0.8937627779549807E-002  0.1871110297396579E-003
 0.9025000000000000E+000  0.8847013800000000E+000 -0.6949265727035799E-001  0.6809689313758256E-001  0.6935022258091358E-001 -0.7714567383289601E-002  0.1191089653184975E-003
 0.9097222200000000E+000  0.8847013800000000E+000 -0.6383723862130200E-001  0.6266112780027075E-001  0.6371706144420250E-001 -0.6619874225679781E-002  0.7216272503783204E-004
 0.9166666700000000E+000  0.8847013800000000E+000 -0.5848230352800696E-001  0.5749774466762729E-001  0.5838145406074045E-001 -0.5644762804036519E-002  0.4127138050341527E-004
 0.9233333300000000E+000  0.8847013800000000E+000 -0.5341656070178398E-001  0.5259836382336849E-001  0.5333243315785423E-001 -0.4780609334929479E-002  0.2206129615389722E-004
 0.9297222200000000E+000  0.8847013800000000E+000 -0.4862947536928317E-001  0.4795511856622463E-001  0.4855975570989846E-001 -0.4018981952290758E-002  0.1088830812060061E-004
 0.9358333300000000E+000  0.8847013800000000E+000 -0.4411127421377947E-001  0.4356067688826245E-001  0.4405391130668779E-001 -0.3351683798335328E-002  0.4887494076195832E-005
 0.9416666700000000E+000  0.8847013800000000E+000 -0.3985286268336303E-001  0.3940817696545465E-001  0.3980604265195261E-001 -0.2770775301527403E-002  0.1958066582236605E-005
 0.9472222200000000E+000  0.8847013800000000E+000 -0.3584582022743511E-001  0.3549123715562979E-001  0.3580794333589797E-001 -0.2268603377865299E-002  0.6836918774041496E-006
 0.9525000000000000E+000  0.8847013800000000E+000 -0.3208231113083009E-001  0.3180388261934473E-001  0.3205197107253478E-001 -0.1837814714056225E-002  0.2018332737898038E-006
 0.9575000000000000E+000  0.8847013800000000E+000 -0.2855509998594506E-001  0.2834057309332125E-001  0.2853106505174495E-001 -0.1471378927423764E-002  0.4843255762091196E-007
 0.9622222200000000E+000  0.8847013800000000E+000 -0.2525749038740857E-001  0.2509615472951596E-001  0.2523868646137039E-001 -0.1162598508733238E-002  0.8970385442589332E-008
 0.9666666700000000E+000  0.8847013800000000E+000 -0.2218329560217875E-001  0.2206584222190505E-001  0.2216879070805037E-001 -0.9051203173138595E-003  0.1196986040545368E-008
 0.9708333300000000E+000  0.8847013800000000E+000 -0.1932683897057097E-001  0.1924522948263672E-001  0.1931582916254740E-001 -0.6929467176719907E-003  0.1053629124240200E-009
 0.9747222200000000E+000  0.8847013800000000E+000 -0.1668288078467947E-001  0.1663022701894415E-001  0.1667467732727294E-001 -0.5204387261101650E-003  0.5750751652090526E-011
 0.9783333300000000E+000  0.8847013800000000E+000 -0.1424664376606470E-001  0.1421709587041749E-001  0.1424066133697198E-001 -0.3823251923394877E-003  0.2682057355206082E-012
 0.9816666700000000E+000  0.8847013800000000E+000 -0.1201375830911806E-001  0.1200240168932265E-001  0.1200950420158013E-001 -0.2737045175228995E-003  0.1887740128880976E-013
 0.9847222200000000E+000  0.8847013800000000E+000 -0.9980277444981122E-002  0.9983037282639023E-002  0.9977341589539768E-002 -0.1900494604957045E-003  0.8390474201063349E-015
 0.9875000000000000E+000  0.8847013800000000E+000 -0.8142613223362941E-002  0.8156166836591820E-002  0.8140658991074651E-002 -0.1272071091660653E-003  0.1141953723508286E-016
 0.9900000000000000E+000  0.8847013800000000E+000 -0.6497568297747757E-002  0.6519264462844709E-002  0.6496323927290513E-002 -0.8140232669290345E-004  0.3589858285728686E-018
 0.9922222200000000E+000  0.8847013800000000E+000 -0.5042295799846248E-002  0.5070081519422991E-002  0.5041546416150009E-002 -0.4923744617850822E-004  0.1480353566245607E-019
 0.9941666700000000E+000  0.8847013800000000E+000 -0.3774287600678604E-002  0.3806637025386422E-002  0.3773867728265560E-002 -0.2769287876373962E-004  0.8396230925678929E-022
 0.9958333300000000E+000  0.8847013800000000E+000 -0.2691389951315189E-002  0.2727253000904166E-002  0.2691176450041354E-002 -0.1412761075436369E-004  0.8122402673523549E-023
 0.9972222200000000E+000  0.8847013800000000E+000 -0.1791748911462207E-002  0.1829973219586236E-002  0.1791654287432890E-002 -0.6278378279518080E-005  0.1386831024705325E-022
 0.9983333300000000E+000  0.8847013800000000E+000 -0.1073848284778046E-002  0.1114271090178632E-002  0.1073814296203125E-002 -0.2260054835814624E-005  0.1004504793067512E-021
 0.9991666700000000E+000  0.8847013800000000E+000 -0.5364708968951532E-003  0.5699271130808829E-003  0.5364624140914261E-003 -0.5649748554149757E-006 -0.2201366616438644E-021
 0.9997222200000000E+000  0.8847013800000000E+000 -0.1787259096330563E-003  0.2008085339411344E-003  0.1787249681291720E-003 -0.6277407230309536E-007  0.1368927345126640E-022
 0.1000000000000000E+001  0.8847013800000000E+000 -0.2366597773150575E-027 -0.3922634195465466E-026 -0.2224996581186094E-026  0.1314411909967624E-039  0.7221724522752470E-039

 0.0000000000000000E+000  0.9533108700000000E+000 -0.2805932822906460E+001  0.2268145837461086E+001  0.2305163120895405E+001 -0.8352718342714094E-002  0.4727373435564551E-001
 0.2777777800000000E-003  0.9533108700000000E+000 -0.2805877580802417E+001  0.2268115232393459E+001  0.2305106634185625E+001 -0.8354433430979948E-002  0.4730842721177115E-001
 0.8333333300000000E-003  0.9533108700000000E+000 -0.2805437853248127E+001  0.2267871254835602E+001  0.2304656941927401E+001 -0.8368176575587938E-002  0.4758578809970277E-001
 0.1666666700000000E-002  0.9533108700000000E+000 -0.2803986415879468E+001  0.2267061384155231E+001  0.2303171863183724E+001 -0.8414718963862571E-002  0.4851696212245565E-001
 0.2777777800000000E-002  0.9533108700000000E+000 -0.2800742186424214E+001  0.2265225046127472E+001  0.2299848009618399E+001 -0.8525661046979795E-002  0.5068962981917042E-001
 0.4166666700000000E-002  0.9533108700000000E+000 -0.2795110108967300E+001  0.2261944026915437E+001  0.2294061132472012E+001 -0.8743701507229529E-002  0.5479409038646939E-001
 0.5833333300000000E-002  0.9533108700000000E+000 -0.2787108112410225E+001  0.2257048450863326E+001  0.2285793909118877E+001 -0.9121021527319761E-002  0.6149365840825060E-001
 0.7777777800000000E-002  0.9533108700000000E+000 -0.2777508264485796E+001  0.2250728088858982E+001  0.2275778154865742E+001 -0.9712807240520387E-002  0.7127823407853540E-001
 0.1000000000000000E-001  0.9533108700000000E+000 -0.2767462486877059E+001  0.2243423805364632E+001  0.2265122128765562E+001 -0.1056595159972551E-001  0.8437408667134148E-001
 0.1250000000000000E-001  0.9533108700000000E+000 -0.2757935464492490E+001  0.2235586878465322E+001  0.2254746757988566E+001 -0.1170925508508962E-001  0.1007492282779037E+000
 0.1527777800000000E-001  0.9533108700000000E+000 -0.2749411151545703E+001  0.2227502720555991E+001  0.2245098399319468E+001 -0.1315163474730468E-001  0.1201835297173032E+000
 0.1833333300000000E-001  0.9533108700000000E+000 -0.2741934444907386E+001  0.2219252564449443E+001  0.2236199979783184E+001 -0.1488754765636666E-001  0.1423456056626578E+000
 0.2166666700000000E-001  0.9533108700000000E+000 -0.2735277077129120E+001  0.2210756928959036E+001  0.2227829192893655E+001 -0.1690421840785216E-001  0.1668426993186690E+000
 0.2527777800000000E-001  0.9533108700000000E+000 -0.2729069810267283E+001  0.2201832134699391E+001  0.2219665462369137E+001 -0.1918689254458516E-001  0.1932399932292674E+000
 0.2916666700000000E-001  0.9533108700000000E+000 -0.2722864760905408E+001  0.2192229547658227E+001  0.2211369094505698E+001 -0.2172147270204087E-001  0.2210593661563354E+000
 0.3333333300000000E-001  0.9533108700000000E+000 -0.2716147543096720E+001  0.2181655408698410E+001  0.2202611367068238E+001 -0.2449532797770600E-001  0.2497680391239387E+000
 0.3777777800000000E-001  0.9533108700000000E+000 -0.2708325415445165E+001  0.2169778535922289E+001  0.2193079539286906E+001 -0.2749719319767962E-001  0.2787653153004964E+000
 0.4250000000000000E-001  0.9533108700000000E+000 -0.2698711011327077E+001  0.2156233917402193E+001  0.2182472311832361E+001 -0.3071672261055974E-001  0.3073735915811010E+000
 0.4750000000000000E-001  0.9533108700000000E+000 -0.2686515917764305E+001  0.2140628552437946E+001  0.2170493755104257E+001 -0.3414400443247581E-001  0.3348398337309707E+000
 0.5277777800000000E-001  0.9533108700000000E+000 -0.2670866116671367E+001  0.2122554476987998E+001  0.2156849899739724E+001 -0.3776913872330353E-001  0.3603534503136154E+000
 0.5833333300000000E-001  0.9533108700000000E+000 -0.2650848900598686E+001  0.2101612072705956E+001  0.2141250393351942E+001 -0.4158192459895793E-001  0.3830856942975912E+000
 0.6416666700000000E-001  0.9533108700000000E+000 -0.2625595072444389E+001  0.2077444136981316E+001  0.2123416707002331E+001 -0.4557165482641754E-001  0.4022517799994654E+000
 0.7027777800000000E-001  0.9533108700000000E+000 -0.2594389111002713E+001  0.2049777356402259E+001  0.2103097204920499E+001 -0.4972698848463413E-001  0.4171896654993902E+000
 0.7666666699999999E-001  0.9533108700000000E+000 -0.2556785306572946E+001  0.2018463304619573E+001  0.2080087348820518E+001 -0.5403589333821310E-001  0.4274407015346668E+000
 0.8333333300000000E-001  0.9533108700000000E+000 -0.2512697347811999E+001  0.1983508507296615E+001  0.2054251183705524E+001 -0.5848561503682514E-001  0.4328110266251421E+000
 0.9027777800000000E-001  0.9533108700000000E+000 -0.2462430485898430E+001  0.1945083990006779E+001  0.2025538580364988E+001 -0.6306266793214145E-001  0.4333944760766077E+000
 0.9750000000000000E-001  0.9533108700000000E+000 -0.2406643038226515E+001  0.1903510428387688E+001  0.1993993268601002E+001 -0.6775281911626015E-001  0.4295487347562097E+000
 0.1050000000000000E+000  0.9533108700000000E+000 -0.2346248787602490E+001  0.1859222409248521E+001  0.1959749070202549E+001 -0.7254107479270729E-001  0.4218320459904461E+000
 0.1127777800000000E+000  0.9533108700000000E+000 -0.2282290984147192E+001  0.1812721474994177E+001  0.1923015496227412E+001 -0.7741164922590628E-001  0.4109194950983126E+000
 0.1208333300000000E+000  0.9533108700000000E+000 -0.2215821887573183E+001  0.1764529043450005E+001  0.1884056611907282E+001 -0.8234791427830014E-001  0.3975204179814426E+000
 0.1291666700000000E+000  0.9533108700000000E+000 -0.2147810850736093E+001  0.1715147259239754E+001  0.1843167675387201E+001 -0.8733237119193255E-001  0.3823124478106732E+000
 0.1377777800000000E+000  0.9533108700000000E+000 -0.2079090645695321E+001  0.1665032754330596E+001  0.1800654383846793E+001 -0.9234654690439144E-001  0.3658989403682551E+000
 0.1466666700000000E+000  0.9533108700000000E+000 -0.2010336223316549E+001  0.1614581803953072E+001  0.1756815852793484E+001 -0.9737097374153192E-001  0.3487881502578637E+000
 0.1558333300000000E+000  0.9533108700000000E+000 -0.1942068467725674E+001  0.1564126043822915E+001  0.1711933306647929E+001 -0.1023851022955654E+000  0.3313893481577778E+000
 0.1652777800000000E+000  0.9533108700000000E+000 -0.1874671023866676E+001  0.1513934338697556E+001  0.1666262989121855E+001 -0.1073672820611204E+000  0.3140193333999404E+000
 0.1750000000000000E+000  0.9533108700000000E+000 -0.1808413829115621E+001  0.1464219173906606E+001  0.1620033406504589E+001 -0.1122946916415639E+000  0.2969145587434968E+000
 0.1850000000000000E+000  0.9533108700000000E+000 -0.1743476210816788E+001  0.1415144000846414E+001  0.1573444560827010E+001 -0.1171433628606945E+000  0.2802447518798532E+000
 0.1952777800000000E+000  0.9533108700000000E+000 -0.1679968544308130E+001  0.1366831475751385E+001  0.1526669434677840E+001 -0.1218881676349815E+000  0.2641263278342619E+000
 0.2058333300000000E+000  0.9533108700000000E+000 -0.1617950212186903E+001  0.1319370969859449E+001  0.1479856253310774E+001 -0.1265028511160532E+000  0.2486342208950930E+000
 0.2166666700000000E+000  0.9533108700000000E+000 -0.1557443778472496E+001  0.1272825024186483E+001  0.1433131026839314E+001 -0.1309601069175838E+000  0.2338117700023053E+000
 0.2277777800000000E+000  0.9533108700000000E+000 -0.1498446551349823E+001  0.1227235283810649E+001  0.1386600682927598E+001 -0.1352316331826859E+000  0.2196788704344688E+000
 0.2391666700000000E+000  0.9533108700000000E+000 -0.1440938609744547E+001  0.1182626835933090E+001  0.1340355484973713E+001 -0.1392882781720760E+000  0.2062382282522537E+000
 0.2508333300000000E+000  0.9533108700000000E+000 -0.1384889307925137E+001  0.1139012182926596E+001  0.1294471751180147E+001 -0.1431001687189956E+000  0.1934803437507044E+000
 0.2627777800000000E+000  0.9533108700000000E+000 -0.1330261555475310E+001  0.1096394058170816E+001  0.1249013892438159E+001 -0.1466369096478470E+000  0.1813872042066935E+000
 0.2750000000000000E+000  0.9533108700000000E+000 -0.1277015378982650E+001  0.1054768063227053E+001  0.1204036639385373E+001 -0.1498677798551045E+000  0.1699351828804534E+000
 0.2875000000000000E+000  0.9533108700000000E+000 -0.1225109857415841E+001  0.1014124282023341E+001  0.1159586453371880E+001 -0.1527620091126239E+000  0.1590970701544761E+000
 0.3002777800000000E+000  0.9533108700000000E+000 -0.1174504851379183E+001  0.9744488826835521E+000  0.1115703106394344E+001 -0.1552890591282911E+000  0.1488436653280728E+000
 0.3133333300000000E+000  0.9533108700000000E+000 -0.1125162011531281E+001  0.9357252408172051E+000  0.1072420872682138E+001 -0.1574189564265023E+000  0.1391449026929885E+000
 0.3266666700000000E+000  0.9533108700000000E+000 -0.1077045264814622E+001  0.8979346951264003E+000  0.1029769392921217E+001 -0.1591226669248159E+000  0.1299706340821394E+000
 0.3402777800000000E+000  0.9533108700000000E+000 -0.1030121433380018E+001  0.8610574219606554E+000  0.9877747227278509E+000 -0.1603724890673771E+000  0.1212912530620022E+000
 0.3541666700000000E+000  0.9533108700000000E+000 -0.9843601368181543E+000  0.8250727451412145E+000  0.9464597724084955E+000 -0.1611424994686964E+000  0.1130780417213378E+000
 0.3683333300000000E+000  0.9533108700000000E+000 -0.9397339853125962E+000  0.7899596625988825E+000  0.9058449993288693E+000 -0.1614090108663334E+000  0.1053034694830670E+000
 0.3827777800000000E+000  0.9533108700000000E+000 -0.8962183329459676E+000  0.7556970107763475E+000  0.8659486840792043E+000 -0.1611510589933847E+000  0.9794133420820812E-001
 0.3975000000000000E+000  0.9533108700000000E+000 -0.8537913378978064E+000  0.7222638520672860E+000  0.8267874544113605E+000 -0.1603509012154483E+000  0.9096690025865102E-001
 0.4125000000000000E+000  0.9533108700000000E+000 -0.8124335412506338E+000  0.6896394646792691E+000  0.7883763328426094E+000 -0.1589945201254294E+000  0.8435691335514640E-001
 0.4277777800000000E+000  0.9533108700000000E+000 -0.7721277479691738E+000  0.6578035523496847E+000  0.7507290219100352E+000 -0.1570721220878306E+000  0.7808963897423608E-001
 0.4433333300000000E+000  0.9533108700000000E+000 -0.7328587577379513E+000  0.6267363190263031E+000  0.7138580140974463E+000 -0.1545786195573171E+000  0.7214485607465403E-001
 0.4591666700000000E+000  0.9533108700000000E+000 -0.6946129887189997E+000  0.5964184428334235E+000  0.6777745635442712E+000 -0.1515140742216522E+000  0.6650382393000004E-001
 0.4752777800000000E+000  0.9533108700000000E+000 -0.6573783686744230E+000  0.5668312467486292E+000  0.6424888747192582E+000 -0.1478841146099293E+000  0.6114928345050446E-001
 0.4916666700000000E+000  0.9533108700000000E+000 -0.6211438792478977E+000  0.5379565802648614E+000  0.6080099329208100E+000 -0.1437002706612184E+000  0.5606540560483118E-001
 0.5083333300000000E+000  0.9533108700000000E+000 -0.5858993940086189E+000  0.5097769198494418E+000  0.5743455829589920E+000 -0.1389802594109818E+000  0.5123778598687747E-001
 0.5247222200000000E+000  0.9533108700000000E+000 -0.5527345489196592E+000  0.4831593875758730E+000  0.5425577569275652E+000 -0.1339261177311263E+000  0.4679883576548231E-001
 0.5408333300000000E+000  0.9533108700000000E+000 -0.5214990385673116E+000  0.4579856577733186E+000  0.5125256070786494E+000 -0.1286034069085698E+000  0.4270910539698033E-001
 0.5566666700000000E+000  0.9533108700000000E+000 -0.4920569225071958E+000  0.4341498486335778E+000  0.4841376982331983E+000 -0.1230740567145204E+000  0.3893472011612892E-001
 0.5722222200000000E+000  0.9533108700000000E+000 -0.4642847892732148E+000  0.4115569372852299E+000  0.4572911246341245E+000 -0.1173959903555647E+000  0.3544649096841419E-001
 0.5875000000000000E+000  0.9533108700000000E+000 -0.4380700443673116E+000  0.3901212594137028E+000  0.4318905520495798E+000 -0.1116228190254035E+000  0.3221916224889437E-001
 0.6025000000000000E+000  0.9533108700000000E+000 -0.4133097274861127E+000  0.3697654327829915E+000  0.4078476226576681E+000 -0.1058036891337069E+000  0.2923082218858920E-001
 0.6172222200000000E+000  0.9533108700000000E+000 -0.3899093482420248E+000  0.3504192972408621E+000  0.3850802640656660E+000 -0.9998318238886982E-001  0.2646239267063043E-001
 0.6316666700000000E+000  0.9533108700000000E+000 -0.3677819706517011E+000  0.3320190625548968E+000  0.3635121505476168E+000 -0.9420131119695398E-001  0.2389721190738744E-001
 0.6458333300000000E+000  0.9533108700000000E+000 -0.3468474944119959E+000  0.3145066265726860E+000  0.3430722865780265E+000 -0.8849360023678780E-001  0.2152069032650383E-001
 0.6597222200000000E+000  0.9533108700000000E+000 -0.3270318820888283E+000  0.2978288563836524E+000  0.3236944828225196E+000 -0.8289118200795725E-001  0.1932000098754605E-001
 0.6733333300000000E+000  0.9533108700000000E+000 -0.3082666884361247E+000  0.2819371305051336E+000  0.3053170835380457E+000 -0.7742099558938872E-001  0.1728383743732774E-001
 0.6866666700000000E+000  0.9533108700000000E+000 -0.2904884870504034E+000  0.2667868044387965E+000  0.2878825592344965E+000 -0.7210597379486983E-001  0.1540218627061379E-001
 0.6997222200000000E+000  0.9533108700000000E+000 -0.2736384994120465E+000  0.2523368557160959E+000  0.2713372695996343E+000 -0.6696529746055133E-001  0.1366614323641765E-001
 0.7125000000000000E+000  0.9533108700000000E+000 -0.2576621150719596E+000  0.2385494441473028E+000  0.2556310972511388E+000 -0.6201462068206309E-001  0.1206773498599964E-001
 0.7250000000000000E+000  0.9533108700000000E+000 -0.2425086385533885E+000  0.2253896732196651E+000  0.2407172857819962E+000 -0.5726636279716552E-001  0.1059977816502699E-001
 0.7372222200000000E+000  0.9533108700000000E+000 -0.2281309292007198E+000  0.2128252665778115E+000  0.2265521579509571E+000 -0.5272996187863803E-001  0.9255738178753106E-002
 0.7491666700000000E+000  0.9533108700000000E+000 -0.2144851259499215E+000  0.2008263229253868E+000  0.2130949051125210E+000 -0.4841214420453645E-001  0.8029605483785673E-002
 0.7608333300000000E+000  0.9533108700000000E+000 -0.2015304423282535E+000  0.1893651377923825E+000  0.2003074359909134E+000 -0.4431720318615089E-001  0.6915785114015398E-002
 0.7722222200000000E+000  0.9533108700000000E+000 -0.1892288601518157E+000  0.1784159400974988E+000  0.1881541173071458E+000 -0.4044723101525743E-001  0.5908983199088383E-002
 0.7833333300000000E+000  0.9533108700000000E+000 -0.1775450012713728E+000  0.1679547891853036E+000  0.1766016833148102E+000 -0.3680238971886734E-001  0.5004114432468485E-002
 0.7941666700000000E+000  0.9533108700000000E+000 -0.1664458839301266E+000  0.1579593726491235E+000  0.1656190258757585E+000 -0.3338112778895912E-001  0.4196204824299362E-002
 0.8047222200000000E+000  0.9533108700000000E+000 -0.1559008019084487E+000  0.1484089159381643E+000  0.1551771012807216E+000 -0.3018041647552384E-001  0.3480310010447192E-002
 0.8149999999999999E+000  0.9533108700000000E+000 -0.1458810949440965E+000  0.1392839957585312E+000  0.1452487257027407E+000 -0.2719593374057848E-001  0.2851432636977632E-002
 0.8250000000000000E+000  0.9533108700000000E+000 -0.1363600736963738E+000  0.1305664943181304E+000  0.1358085205200105E+000 -0.2442227664184368E-001  0.2304459422731564E-002
 0.8347222200000000E+000  0.9533108700000000E+000 -0.1273128455996861E+000  0.1222394649109121E+000  0.1268327569822269E+000 -0.2185312492072197E-001  0.1834102629059053E-002
 0.8441666700000000E+000  0.9533108700000000E+000 -0.1187161925932367E+000  0.1142870448498607E+000  0.1182992501408637E+000 -0.1948140263469271E-001  0.1434859782143437E-002
 0.8533333300000000E+000  0.9533108700000000E+000 -0.1105484935404576E+000  0.1066944102139671E+000  0.1101872954616091E+000 -0.1729943451535984E-001  0.1100993453968042E-002
 0.8622222200000000E+000  0.9533108700000000E+000 -0.1027895559316207E+000  0.9944764649158780E-001  0.1024775139527026E+000 -0.1529906109627295E-001  0.8265292377322846E-003
 0.8708333300000000E+000  0.9533108700000000E+000 -0.9542058159721933E-001  0.9253374321610687E-001  0.9515182915736863E-001 -0.1347177458507694E-001  0.6052856421179998E-003
 0.8791666700000000E+000  0.9533108700000000E+000 -0.8842403262537667E-001  0.8594049534559758E-001  0.8819334398924127E-001 -0.1180881333284342E-001  0.4309290560101342E-003
 0.8872222200000000E+000  0.9533108700000000E+000 -0.8178359036896286E-001  0.7965649099413492E-001  0.8158630912861957E-001 -0.1030126608007923E-001  0.2970625680915847E-003
 0.8950000000000000E+000  0.9533108700000000E+000 -0.7548401957870716E-001  0.7367100878808422E-001  0.7531599615314014E-001 -0.8940140929511304E-002  0.1973421949717786E-003
 0.9025000000000000E+000  0.9533108700000000E+000 -0.6951115442738062E-001  0.6797402915412680E-001  0.6936869102963139E-001 -0.7716450909867137E-002  0.1256210481253050E-003
 0.9097222200000000E+000  0.9533108700000000E+000 -0.6385179830897741E-001  0.6255616279863517E-001  0.6373160094379000E-001 -0.6621268936693211E-002  0.7610767911281977E-004
 0.9166666700000000E+000  0.9533108700000000E+000 -0.5849366202075390E-001  0.5740861391651039E-001  0.5839279843848185E-001 -0.5645782286808815E-002  0.4352735993150397E-004
 0.9233333300000000E+000  0.9533108700000000E+000 -0.5342533634172060E-001  0.5252317508906376E-001  0.5334119901253144E-001 -0.4781344241464799E-002  0.2326710253575105E-004
 0.9297222200000000E+000  0.9533108700000000E+000 -0.4863618422857261E-001  0.4789214335414968E-001  0.4856645786044117E-001 -0.4019503811702034E-002  0.1148338139222408E-004
 0.9358333300000000E+000  0.9533108700000000E+000 -0.4411634412850533E-001  0.4350834174337941E-001  0.4405897668330010E-001 -0.3352048373330075E-002  0.5154587156205141E-005
 0.9416666700000000E+000  0.9533108700000000E+000 -0.3985664573636083E-001  0.3936505506211765E-001  0.3980982268253381E-001 -0.2771025503549245E-002  0.2065063893242850E-005
 0.9472222200000000E+000  0.9533108700000000E+000 -0.3584860383502768E-001  0.3545603998362342E-001  0.3581072496565699E-001 -0.2268771771147700E-002  0.7210493362073523E-006
 0.9525000000000000E+000  0.9533108700000000E+000 -0.3208432782767850E-001  0.3177545195458707E-001  0.3205398650042542E-001 -0.1837925638209758E-002  0.2128609366954028E-006
 0.9575000000000000E+000  0.9533108700000000E+000 -0.2855653605158590E-001  0.2831787304492071E-001  0.2853250032107777E-001 -0.1471450276068506E-002  0.5107864450323259E-007
 0.9622222200000000E+000  0.9533108700000000E+000 -0.2525849340150573E-001  0.2507826402770698E-001  0.2523968898807726E-001 -0.1162643198910947E-002  0.9460452900187115E-008
 0.9666666700000000E+000  0.9533108700000000E+000 -0.2218398103758084E-001  0.2205194668263580E-001  0.2216947585345361E-001 -0.9051474870664455E-003  0.1262376470867257E-008
 0.9708333300000000E+000  0.9533108700000000E+000 -0.1932729591779139E-001  0.1923461461928741E-001  0.1931628594269093E-001 -0.6929626875013835E-003  0.1111185986408860E-009
 0.9747222200000000E+000  0.9533108700000000E+000 -0.1668317688551733E-001  0.1662227089244252E-001  0.1667497333535471E-001 -0.5204477579575565E-003  0.6064897011986912E-011
 0.9783333300000000E+000  0.9533108700000000E+000 -0.1424682944339929E-001  0.1421126205427883E-001  0.1424084696497817E-001 -0.3823300783144901E-003  0.2828577899434890E-012
 0.9816666700000000E+000  0.9533108700000000E+000 -0.1201387035814172E-001  0.1199823243753391E-001  0.1200961622566050E-001 -0.2737070271570010E-003  0.1990865403546940E-013
 0.9847222200000000E+000  0.9533108700000000E+000 -0.9980342056265844E-002  0.9980146827527514E-002  0.9977406188944883E-002 -0.1900506729223336E-003  0.8848805638852769E-015
 0.9875000000000000E+000  0.9533108700000000E+000 -0.8142648496423835E-002  0.8154234867682077E-002  0.8140694258871959E-002 -0.1272076533387579E-003  0.1204330662347317E-016
 0.9900000000000000E+000  0.9533108700000000E+000 -0.6497586304706893E-002  0.6518029712244494E-002  0.6496341932115491E-002 -0.8140254989422826E-004  0.3786521147495173E-018
 0.9922222200000000E+000  0.9533108700000000E+000 -0.5042304250227418E-002  0.5069335491545463E-002  0.5041554865757195E-002 -0.4923752795751050E-004  0.1555434299798003E-019
 0.9941666700000000E+000  0.9533108700000000E+000 -0.3774291157561118E-002  0.3806217838941640E-002  0.3773871284905106E-002 -0.2769290466578657E-004  0.6231159478207197E-022
 0.9958333300000000E+000  0.9533108700000000E+000 -0.2691391245032140E-002  0.2727039328174641E-002  0.2691177743695487E-002 -0.1412761750279352E-004  0.5995730433735603E-023
 0.9972222200000000E+000  0.9533108700000000E+000 -0.1791749294162678E-002  0.1829878327482412E-002  0.1791654670121026E-002 -0.6278379613496179E-005 -0.1928937396970532E-022
 0.9983333300000000E+000  0.9533108700000000E+000 -0.1073848367334150E-002  0.1114236950124473E-002  0.1073814378757640E-002 -0.2260055008796959E-005  0.3949913858396636E-023
 0.9991666700000000E+000  0.9533108700000000E+000 -0.5364709072044146E-003  0.5699185821386023E-003  0.5364624244005887E-003 -0.5649748662306643E-006 -0.1361174337211242E-021
 0.9997222200000000E+000  0.9533108700000000E+000 -0.1787259100146467E-003  0.2008075863287906E-003  0.1787249685107610E-003 -0.6277407243666604E-007  0.1149085978743070E-022
 0.1000000000000000E+001  0.9533108700000000E+000  0.2023877711519830E-026 -0.8814785148371824E-028 -0.2311939512751143E-026  0.1398458334612619E-038 -0.2452767363160571E-039

 0.0000000000000000E+000  0.1018309300000000E+001 -0.2807698540633536E+001  0.2266380138836034E+001  0.2306802159337888E+001 -0.8352718342714094E-002  0.4935843940664943E-001
 0.2777777800000000E-003  0.1018309300000000E+001 -0.2807642155408271E+001  0.2266350544874760E+001  0.2306744278315276E+001 -0.8354434468644641E-002  0.4939467554390466E-001
 0.8333333300000000E-003  0.1018309300000000E+001 -0.2807193370724566E+001  0.2266114614047138E+001  0.2306283513824698E+001 -0.8368185747236514E-002  0.4968437566412793E-001
 0.1666666700000000E-002  0.1018309300000000E+001 -0.2805712587772019E+001  0.2265331286250860E+001  0.2304762234706491E+001 -0.8414753459380787E-002  0.5065698988941866E-001
 0.2777777800000000E-002  0.1018309300000000E+001 -0.2802405967858907E+001  0.2263554188591058E+001  0.2301359459258943E+001 -0.8525743802439626E-002  0.5292643495982167E-001
 0.4166666700000000E-002  0.1018309300000000E+001 -0.2796677240281826E+001  0.2260375766107167E+001  0.2295442640124784E+001 -0.8743841354403098E-002  0.5721406957004947E-001
 0.5833333300000000E-002  0.1018309300000000E+001 -0.2788568487451656E+001  0.2255625671213695E+001  0.2287008483287028E+001 -0.9121187256802613E-002  0.6421369294119741E-001
 0.7777777800000000E-002  0.1018309300000000E+001 -0.2778903199858251E+001  0.2249480439811047E+001  0.2276826238848150E+001 -0.9712927032795596E-002  0.7443918224310088E-001
 0.1000000000000000E-001  0.1018309300000000E+001 -0.2768896021668122E+001  0.2242363295875200E+001  0.2266048667031188E+001 -0.1056594986173611E-001  0.8813100416618404E-001
 0.1250000000000000E-001  0.1018309300000000E+001 -0.2759566763119985E+001  0.2234714848699335E+001  0.2255629684183591E+001 -0.1170909208967205E-001  0.1052626111194546E+000
 0.1527777800000000E-001  0.1018309300000000E+001 -0.2751441005486006E+001  0.2226821805041453E+001  0.2246032029166259E+001 -0.1315131797653324E-001  0.1256143711739036E+000
 0.1833333300000000E-001  0.1018309300000000E+001 -0.2744596915337265E+001  0.2218776318462002E+001  0.2237284531325970E+001 -0.1488712257832423E-001  0.1488543591715000E+000
 0.2166666700000000E-001  0.1018309300000000E+001 -0.2738837488260912E+001  0.2210514444347315E+001  0.2229167770907773E+001 -0.1690375830673524E-001  0.1745905991560796E+000
 0.2527777800000000E-001  0.1018309300000000E+001 -0.2733825236763523E+001  0.2201868375677068E+001  0.2221365029886565E+001 -0.1918649553685372E-001  0.2023908305044647E+000
 0.2916666700000000E-001  0.1018309300000000E+001 -0.2729142969825331E+001  0.2192602783196163E+001  0.2213542205600004E+001 -0.2172126465846991E-001  0.2317799937669466E+000
 0.3333333300000000E-001  0.1018309300000000E+001 -0.2724301296582032E+001  0.2182432512097932E+001  0.2205376899552105E+001 -0.2449546783156781E-001  0.2622260115232424E+000
 0.3777777800000000E-001  0.1018309300000000E+001 -0.2718719550331816E+001  0.2171028271063856E+001  0.2196561624289027E+001 -0.2749787796437000E-001  0.2931221169863173E+000
 0.4250000000000000E-001  0.1018309300000000E+001 -0.2711699952991041E+001  0.2158018032796388E+001  0.2186797035694252E+001 -0.3071819074538552E-001  0.3237720473036760E+000
 0.4750000000000000E-001  0.1018309300000000E+001 -0.2702410089940227E+001  0.2142990654617341E+001  0.2175783358831747E+001 -0.3414653730681468E-001  0.3533849225557349E+000
 0.5277777800000000E-001  0.1018309300000000E+001 -0.2689887903805388E+001  0.2125507282270778E+001  0.2163214403823289E+001 -0.3777306094435450E-001  0.3810872230786806E+000
 0.5833333300000000E-001  0.1018309300000000E+001 -0.2673082971257013E+001  0.2105124714718399E+001  0.2148777041181761E+001 -0.4158760444780740E-001  0.4059595490060259E+000
 0.6416666700000000E-001  0.1018309300000000E+001 -0.2650943373731744E+001  0.2081432449729306E+001  0.2132158404459691E+001 -0.4557950588485421E-001  0.4271025029699162E+000
 0.7027777800000000E-001  0.1018309300000000E+001 -0.2622545237254517E+001  0.2054100797426876E+001  0.2113062068113768E+001 -0.4973747242962770E-001  0.4437279181175492E+000
 0.7666666699999999E-001  0.1018309300000000E+001 -0.2587242333981532E+001  0.2022931560962807E+001  0.2091232102061303E+001 -0.5404952246174287E-001  0.4552598611996554E+000
 0.8333333300000000E-001  0.1018309300000000E+001 -0.2544794819659982E+001  0.1987898379580176E+001  0.2066480854435932E+001 -0.5850295239138108E-001  0.4614190928746807E+000
 0.9027777800000000E-001  0.1018309300000000E+001 -0.2495432202759166E+001  0.1949163598197696E+001  0.2038713461230405E+001 -0.6308432397068629E-001  0.4622635834329604E+000
 0.9750000000000000E-001  0.1018309300000000E+001 -0.2439825080018088E+001  0.1907064953182802E+001  0.2007941922509592E+001 -0.6777944578353383E-001  0.4581699241385184E+000
 0.1050000000000000E+000  0.1018309300000000E+001 -0.2378974397186171E+001  0.1862075178184267E+001  0.1974284345634378E+001 -0.7257335968891654E-001  0.4497615280225734E+000
 0.1127777800000000E+000  0.1018309300000000E+001 -0.2314056738293138E+001  0.1814746379745585E+001  0.1937949999645673E+001 -0.7745031237774268E-001  0.4378072359882538E+000
 0.1208333300000000E+000  0.1018309300000000E+001 -0.2246272110775367E+001  0.1765653577271967E+001  0.1899214934438551E+001 -0.8239370843955596E-001  0.4231191711015158E+000
 0.1291666700000000E+000  0.1018309300000000E+001 -0.2176727148749000E+001  0.1715348107358587E+001  0.1858394192090602E+001 -0.8738608476773593E-001  0.4064712012477328E+000
 0.1377777800000000E+000  0.1018309300000000E+001 -0.2106367378430093E+001  0.1664327017776339E+001  0.1815816812479829E+001 -0.9240900734901322E-001  0.3885472184124393E+000
 0.1466666700000000E+000  0.1018309300000000E+001 -0.2035951582065390E+001  0.1613016703270866E+001  0.1771805553579346E+001 -0.9744304943553521E-001  0.3699170695263332E+000
 0.1558333300000000E+000  0.1018309300000000E+001 -0.1966057518517847E+001  0.1561769107437329E+001  0.1726663507226405E+001 -0.1024677012244282E+000  0.3510334850274103E+000
 0.1652777800000000E+000  0.1018309300000000E+001 -0.1897103703403414E+001  0.1510865115151556E+001  0.1680665961372169E+001 -0.1074613465452969E+000  0.3322414462830035E+000
 0.1750000000000000E+000  0.1018309300000000E+001 -0.1829378588499305E+001  0.1460522813289836E+001  0.1634057331013167E+001 -0.1124011886971149E+000  0.3137937984134690E+000
 0.1850000000000000E+000  0.1018309300000000E+001 -0.1763068710083626E+001  0.1410906604148534E+001  0.1587050519306983E+001 -0.1172632704315286E+000  0.2958681265538524E+000
 0.1952777800000000E+000  0.1018309300000000E+001 -0.1698284374379114E+001  0.1362136936487930E+001  0.1539828758251593E+001 -0.1220224568279203E+000  0.2785828746385230E+000
 0.2058333300000000E+000  0.1018309300000000E+001 -0.1635080564249963E+001  0.1314298970711740E+001  0.1492548305083765E+001 -0.1266524648332912E+000  0.2620112402591537E+000
 0.2166666700000000E+000  0.1018309300000000E+001 -0.1573473145912456E+001  0.1267449879533629E+001  0.1445341413226473E+001 -0.1311259353467544E+000  0.2461925481443662E+000
 0.2277777800000000E+000  0.1018309300000000E+001 -0.1513451777189967E+001  0.1221625378060587E+001  0.1398319853890606E+001 -0.1354144864314613E+000  0.2311414419681380E+000
 0.2391666700000000E+000  0.1018309300000000E+001 -0.1454988762111090E+001  0.1176844458377262E+001  0.1351577656959276E+001 -0.1394888567708233E+000  0.2168548208173090E+000
 0.2508333300000000E+000  0.1018309300000000E+001 -0.1398046051110215E+001  0.1133113619941734E+001  0.1305194096975043E+001 -0.1433190324236358E+000  0.2033172686710388E+000
 0.2627777800000000E+000  0.1018309300000000E+001 -0.1342579779985969E+001  0.1090429840150083E+001  0.1259235938210880E+001 -0.1468744454228562E+000  0.1905050138869296E+000
 0.2750000000000000E+000  0.1018309300000000E+001 -0.1288543954641972E+001  0.1048783298511520E+001  0.1213759826924236E+001 -0.1501241697083863E+000  0.1783889875412291E+000
 0.2875000000000000E+000  0.1018309300000000E+001 -0.1235892410049066E+001  0.1008159030835904E+001  0.1168813823005997E+001 -0.1530371989980917E+000  0.1669369291747007E+000
 0.3002777800000000E+000  0.1018309300000000E+001 -0.1184580518776883E+001  0.9685385422178110E+000  0.1124439074404455E+001 -0.1555827298740996E+000  0.1561150116267799E+000
 0.3133333300000000E+000  0.1018309300000000E+001 -0.1134566147060832E+001  0.9299009227301414E+000  0.1080671077196888E+001 -0.1577304980012269E+000  0.1458889675736820E+000
 0.3266666700000000E+000  0.1018309300000000E+001 -0.1085810073188699E+001  0.8922235851543200E+000  0.1037540587978108E+001 -0.1594511574278618E+000  0.1362248536793049E+000
 0.3402777800000000E+000  0.1018309300000000E+001 -0.1038276539370543E+001  0.8554831151999486E+000  0.9950747098972599E+000 -0.1607166796760590E+000  0.1270896512057376E+000
 0.3541666700000000E+000  0.1018309300000000E+001 -0.9919330804001927E+000  0.8196555556602478E+000  0.9532973535324468E+000 -0.1615008068958287E+000  0.1184515794587599E+000
 0.3683333300000000E+000  0.1018309300000000E+001 -0.9467506522632585E+000  0.7847169060612004E+000  0.9122299459242000E+000 -0.1617795184676457E+000  0.1102803645298413E+000
 0.3827777800000000E+000  0.1018309300000000E+001 -0.9027033211165701E+000  0.7506432620286918E+000  0.8718917132301155E+000 -0.1615315277642273E+000  0.1025473478398420E+000
 0.3975000000000000E+000  0.1018309300000000E+001 -0.8597682689420284E+000  0.7174111778597863E+000  0.8323002097297646E+000 -0.1607387914652001E+000  0.9522559687070591E-001
 0.4125000000000000E+000  0.1018309300000000E+001 -0.8179253175125907E+000  0.6849976352716547E+000  0.7934713620506957E+000 -0.1593870244969819E+000  0.8828989134174128E-001
 0.4277777800000000E+000  0.1018309300000000E+001 -0.7771567634223867E+000  0.6533802326924942E+000  0.7554197513288340E+000 -0.1574662099812278E+000  0.8171673846942486E-001
 0.4433333300000000E+000  0.1018309300000000E+001 -0.7374470657536737E+000  0.6225372421058413E+000  0.7181587163628802E+000 -0.1549710926433985E+000  0.7548434509233895E-001
 0.4591666700000000E+000  0.1018309300000000E+001 -0.6987824296459071E+000  0.5924475677654816E+000  0.6817003158881584E+000 -0.1519016321217370E+000  0.6957256486331063E-001
 0.4752777800000000E+000  0.1018309300000000E+001 -0.6611506639151915E+000  0.5630909018818464E+000  0.6460555093229798E+000 -0.1482634292627746E+000  0.6396288437499910E-001
 0.4916666700000000E+000  0.1018309300000000E+001 -0.6245406913389669E+000  0.5344475949951563E+000  0.6112339752056606E+000 -0.1440680672583903E+000  0.5863835619854389E-001
 0.5083333300000000E+000  0.1018309300000000E+001 -0.5889423590021334E+000  0.5064987449375808E+000  0.5772441803683196E+000 -0.1393334012895100E+000  0.5358358228074003E-001
 0.5247222200000000E+000  0.1018309300000000E+001 -0.5554557490766139E+000  0.4801027986012884E+000  0.5451583240856874E+000 -0.1342623063758550E+000  0.4893688266197552E-001
 0.5408333300000000E+000  0.1018309300000000E+001 -0.5239280268969795E+000  0.4551409356102174E+000  0.5148538501446319E+000 -0.1289208489218894E+000  0.4465664838918094E-001
 0.5566666700000000E+000  0.1018309300000000E+001 -0.4942209267157564E+000  0.4315069932638064E+000  0.4862176560612724E+000 -0.1233714504524189E+000  0.4070717958481647E-001
 0.5722222200000000E+000  0.1018309300000000E+001 -0.4662088858295986E+000  0.4091058331099423E+000  0.4591452164926959E+000 -0.1176724989272760E+000  0.3705773672385686E-001
 0.5875000000000000E+000  0.1018309300000000E+001 -0.4397773094223582E+000  0.3878518040861547E+000  0.4335396297303294E+000 -0.1118780326961951E+000  0.3368173948564102E-001
 0.6025000000000000E+000  0.1018309300000000E+001 -0.4148213729600463E+000  0.3676676358216112E+000  0.4093110285510092E+000 -0.1060375803988232E+000  0.3055613991547036E-001
 0.6172222200000000E+000  0.1018309300000000E+001 -0.3912448455019547E+000  0.3484833559650723E+000  0.3863758928535523E+000 -0.1001960564198771E+000  0.2766088082752238E-001
 0.6316666700000000E+000  0.1018309300000000E+001 -0.3689591652847464E+000  0.3302354196139273E+000  0.3646565143407676E+000 -0.9439375422767565E-001  0.2497845334859775E-001
 0.6458333300000000E+000  0.1018309300000000E+001 -0.3478827143431279E+000  0.3128660124166726E+000  0.3440805829960993E+000 -0.8866642807563305E-001  0.2249353244454148E-001
 0.6597222200000000E+000  0.1018309300000000E+001 -0.3279400390905571E+000  0.2963223207674052E+000  0.3245806640366072E+000 -0.8304539024494501E-001  0.2019264962623743E-001
 0.6733333300000000E+000  0.1018309300000000E+001 -0.3090613752664723E+000  0.2805560639124359E+000  0.3060939268566145E+000 -0.7755771301574926E-001  0.1806393698298168E-001
 0.6866666700000000E+000  0.1018309300000000E+001 -0.2911820694767056E+000  0.2655229524962656E+000  0.2885617373120809E+000 -0.7222641981613422E-001  0.1609688720877610E-001
 0.6997222200000000E+000  0.1018309300000000E+001 -0.2742422042700104E+000  0.2511823271384515E+000  0.2719294204281230E+000 -0.6707074424183024E-001  0.1428215963141969E-001
 0.7125000000000000E+000  0.1018309300000000E+001 -0.2581861135919183E+000  0.2374967144650757E+000  0.2561458924487774E+000 -0.6210636019745520E-001  0.1261139250867099E-001
 0.7250000000000000E+000  0.1018309300000000E+001 -0.2429621260435291E+000  0.2244315840541663E+000  0.2411634976470300E+000 -0.5734567902548884E-001  0.1107705464981684E-001
 0.7372222200000000E+000  0.1018309300000000E+001 -0.2285222003502737E+000  0.2119550221837293E+000  0.2269377241013679E+000 -0.5279810790106527E-001  0.9672296920264913E-002
 0.7491666700000000E+000  0.1018309300000000E+001 -0.2148216460982322E+000  0.2000374842832557E+000  0.2134269906759899E+000 -0.4847032399389608E-001  0.8390822244364549E-002
 0.7608333300000000E+000  0.1018309300000000E+001 -0.2018189148909498E+000  0.1886516145274951E+000  0.2005924932375833E+000 -0.4436655775244303E-001  0.7226769580984668E-002
 0.7722222200000000E+000  0.1018309300000000E+001 -0.1894752897736249E+000  0.1777719813966227E+000  0.1883979420696364E+000 -0.4048882838760233E-001  0.6174594868487037E-002
 0.7833333300000000E+000  0.1018309300000000E+001 -0.1777547533912330E+000  0.1673749731436263E+000  0.1768094686797947E+000 -0.3683721840855240E-001  0.5228973954224228E-002
 0.7941666700000000E+000  0.1018309300000000E+001 -0.1666237403587384E+000  0.1574385951257491E+000  0.1657954126095073E+000 -0.3341009316481016E-001  0.4384700667883330E-002
 0.8047222200000000E+000  0.1018309300000000E+001 -0.1560510128886607E+000  0.1479423785803693E+000  0.1553262253363072E+000 -0.3020433964698137E-001  0.3636601209511057E-002
 0.8149999999999999E+000  0.1018309300000000E+001 -0.1460074274715711E+000  0.1388671940670172E+000  0.1453742625029203E+000 -0.2721555243616954E-001  0.2979447617488777E-002
 0.8250000000000000E+000  0.1018309300000000E+001 -0.1364658566364356E+000  0.1301952051978018E+000  0.1359137264791223E+000 -0.2443824773979315E-001  0.2407891836765444E-002
 0.8347222200000000E+000  0.1018309300000000E+001 -0.1274010114569702E+000  0.1219097344415044E+000  0.1269205080794518E+000 -0.2186602820124367E-001  0.1916404421296569E-002
 0.8441666700000000E+000  0.1018309300000000E+001 -0.1187893162157265E+000  0.1139951761875744E+000  0.1183720777905120E+000 -0.1949174544269184E-001  0.1499232332346536E-002
 0.8533333300000000E+000  0.1018309300000000E+001 -0.1106088279688618E+000  0.1064369515910303E+000  0.1102474198679111E+000 -0.1730765705107331E-001  0.1150377713952788E-002
 0.8622222200000000E+000  0.1018309300000000E+001 -0.1028390653859078E+000  0.9922137983293768E-001  0.1025268749260025E+000 -0.1530554205772188E-001  0.8635956930532669E-003
 0.8708333300000000E+000  0.1018309300000000E+001 -0.9546097196372239E-001  0.9233567289348864E-001  0.9519211474088501E-001 -0.1347683699031580E-001  0.6324255409706141E-003
 0.8791666700000000E+000  0.1018309300000000E+001 -0.8845677942198578E-001  0.8576783755966101E-001  0.8822601686238433E-001 -0.1181273032448712E-001  0.4502480370767833E-003
 0.8872222200000000E+000  0.1018309300000000E+001 -0.8180996444155167E-001  0.7950666345945494E-001  0.8161263102365457E-001 -0.1030426659559553E-001  0.3103782107934166E-003
 0.8950000000000000E+000  0.1018309300000000E+001 -0.7550511054528136E-001  0.7354162108021536E-001  0.7533705028132100E-001 -0.8942415116286240E-002  0.2061867244560692E-003
 0.9025000000000000E+000  0.1018309300000000E+001 -0.6952789210912720E-001  0.6786287327974133E-001  0.6938540272857573E-001 -0.7718155225630196E-002  0.1312504499413521E-003
 0.9097222200000000E+000  0.1018309300000000E+001 -0.6386497217052799E-001  0.6246120426614985E-001  0.6374475653613265E-001 -0.6622530868672450E-002  0.7951786096660295E-004
 0.9166666700000000E+000  0.1018309300000000E+001 -0.5850393876752721E-001  0.5732798313247096E-001  0.5840306241317196E-001 -0.5646704662177373E-002  0.4547749409493984E-004
 0.9233333300000000E+000  0.1018309300000000E+001 -0.5343327579560259E-001  0.5245515895888758E-001  0.5334912961286249E-001 -0.4782009114221243E-002  0.2430942280035669E-004
 0.9297222200000000E+000  0.1018309300000000E+001 -0.4864225355010778E-001  0.4783517726372221E-001  0.4857252111241206E-001 -0.4019975919257028E-002  0.1199776692005893E-004
 0.9358333300000000E+000  0.1018309300000000E+001 -0.4412093055322323E-001  0.4346100161089216E-001  0.4406355900250469E-001 -0.3352378178556204E-002  0.5385461696307184E-005
 0.9416666700000000E+000  0.1018309300000000E+001 -0.3986006789787365E-001  0.3932604966611762E-001  0.3981324210987136E-001 -0.2771251835965100E-002  0.2157551122102194E-005
 0.9472222200000000E+000  0.1018309300000000E+001 -0.3585112181723792E-001  0.3542420339018981E-001  0.3581324115872493E-001 -0.2268924094995726E-002  0.7533403802432537E-006
 0.9525000000000000E+000  0.1018309300000000E+001 -0.3208615203309371E-001  0.3174973621219936E-001  0.3205580955798275E-001 -0.1838025974538937E-002  0.2223929455140748E-006
 0.9575000000000000E+000  0.1018309300000000E+001 -0.2855783501706166E-001  0.2829734095690591E-001  0.2853379856625888E-001 -0.1471514813006052E-002  0.5336583090514885E-007
 0.9622222200000000E+000  0.1018309300000000E+001 -0.2525940064129902E-001  0.2506208214966527E-001  0.2524059578701519E-001 -0.1162683621738627E-002  0.9884047226875766E-008
 0.9666666700000000E+000  0.1018309300000000E+001 -0.2218460101331834E-001  0.2203937848550995E-001  0.2217009556688558E-001 -0.9051720620690734E-003  0.1318896920351230E-008
 0.9708333300000000E+000  0.1018309300000000E+001 -0.1932770922075727E-001  0.1922501379031924E-001  0.1931669909453716E-001 -0.6929771320043363E-003  0.1160935200719976E-009
 0.9747222200000000E+000  0.1018309300000000E+001 -0.1668344470212124E-001  0.1661507485566638E-001  0.1667524106806252E-001 -0.5204559270605647E-003  0.6336427927084766E-011
 0.9783333300000000E+000  0.1018309300000000E+001 -0.1424699738297668E-001  0.1420598559810429E-001  0.1424101485993940E-001 -0.3823344975319137E-003  0.2955223675211746E-012
 0.9816666700000000E+000  0.1018309300000000E+001 -0.1201397170244217E-001  0.1199446152829580E-001  0.1200971754740061E-001 -0.2737092970304856E-003  0.2080002035394069E-013
 0.9847222200000000E+000  0.1018309300000000E+001 -0.9980400494540761E-002  0.9977532542562386E-002  0.9977464616475173E-002 -0.1900517695128418E-003  0.9244961471245184E-015
 0.9875000000000000E+000  0.1018309300000000E+001 -0.8142680399346725E-002  0.8152487493613875E-002  0.8140726157034164E-002 -0.1272081455188928E-003  0.1258249748498087E-016
 0.9900000000000000E+000  0.1018309300000000E+001 -0.6497602591158639E-002  0.6516912940766066E-002  0.6496358216636992E-002 -0.8140275176938510E-004  0.3955941767373863E-018
 0.9922222200000000E+000  0.1018309300000000E+001 -0.5042311893186497E-002  0.5068660746592766E-002  0.5041562508016243E-002 -0.4923760192264524E-004  0.1626640500002549E-019
 0.9941666700000000E+000  0.1018309300000000E+001 -0.3774294374584207E-002  0.3805838706019665E-002  0.3773874501708443E-002 -0.2769292809289844E-004  0.8173228262912879E-022
 0.9958333300000000E+000  0.1018309300000000E+001 -0.2691392415133710E-002  0.2726846072095552E-002  0.2691178913740243E-002 -0.1412762360640717E-004 -0.1839273138684515E-022
 0.9972222200000000E+000  0.1018309300000000E+001 -0.1791749640295737E-002  0.1829792502440295E-002  0.1791655016242928E-002 -0.6278380820011350E-005  0.1315540119598528E-022
 0.9983333300000000E+000  0.1018309300000000E+001 -0.1073848442001918E-002  0.1114206072200316E-002  0.1073814453423971E-002 -0.2260055165250623E-005 -0.9409648284534752E-022
 0.9991666700000000E+000  0.1018309300000000E+001 -0.5364709165286125E-003  0.5699108663402516E-003  0.5364624337246974E-003 -0.5649748760128999E-006  0.4279378076173060E-022
 0.9997222200000000E+000  0.1018309300000000E+001 -0.1787259103597758E-003  0.2008067292621976E-003  0.1787249688558888E-003 -0.6277407255747387E-007 -0.2270640609249385E-022
 0.1000000000000000E+001  0.1018309300000000E+001 -0.7660700678131720E-027 -0.7084907152161204E-027  0.1883990171163721E-027  0.1833991377827002E-038  0.3432843920678254E-040

 0.0000000000000000E+000  0.1079696800000000E+001 -0.2809269243090019E+001  0.2264809453441718E+001  0.2308260526899816E+001 -0.8352718342714094E-002  0.5113611948633799E-001
 0.2777777800000000E-003  0.1079696800000000E+001 -0.2809211838871868E+001  0.2264780761248195E+001  0.2308201404019492E+001 -0.8354435389348039E-002  0.5117367298405375E-001
 0.8333333300000000E-003  0.1079696800000000E+001 -0.2808754980515545E+001  0.2264552006855386E+001  0.2307730777980579E+001 -0.8368193885278595E-002  0.5147390610831820E-001
 0.1666666700000000E-002  0.1079696800000000E+001 -0.2807248037653600E+001  0.2263792349397812E+001  0.2306177256920360E+001 -0.8414784069426548E-002  0.5248189592207262E-001
 0.2777777800000000E-002  0.1079696800000000E+001 -0.2803885795336496E+001  0.2262068070923820E+001  0.2302704189986001E+001 -0.8525817247282625E-002  0.5483396422386438E-001
 0.4166666700000000E-002  0.1079696800000000E+001 -0.2798070883898038E+001  0.2258981090826932E+001  0.2296671640077279E+001 -0.8743965499012820E-002  0.5927801843009859E-001
 0.5833333300000000E-002  0.1079696800000000E+001 -0.2789866883337611E+001  0.2254360584402916E+001  0.2288088808786696E+001 -0.9121334431878110E-002  0.6653398014774263E-001
 0.7777777800000000E-002  0.1079696800000000E+001 -0.2780143084734313E+001  0.2248371227780622E+001  0.2277758283965034E+001 -0.9713033471604349E-002  0.7713641949798877E-001
 0.1000000000000000E-001  0.1079696800000000E+001 -0.2770170057115409E+001  0.2241420490713808E+001  0.2266872456183676E+001 -0.1056594836237947E-001  0.9133835551000294E-001
 0.1250000000000000E-001  0.1079696800000000E+001 -0.2761016933874956E+001  0.2233939489224495E+001  0.2256414644588153E+001 -0.1170894722605689E-001  0.1091186208280664E+000
 0.1527777800000000E-001  0.1079696800000000E+001 -0.2753246932771325E+001  0.2226216146339143E+001  0.2246862270143661E+001 -0.1315103618664698E-001  0.1302591524723343E+000
 0.1833333300000000E-001  0.1079696800000000E+001 -0.2746968980058494E+001  0.2218352482131438E+001  0.2238249630346808E+001 -0.1488674395095290E-001  0.1544292308080118E+000
 0.2166666700000000E-001  0.1079696800000000E+001 -0.2742015900665573E+001  0.2210298661696052E+001  0.2230360259395414E+001 -0.1690334750584735E-001  0.1812398547820736E+000
 0.2527777800000000E-001  0.1079696800000000E+001 -0.2738081669114134E+001  0.2201901494495240E+001  0.2222881489708413E+001 -0.1918613910611504E-001  0.2102640106821379E+000
 0.2916666700000000E-001  0.1079696800000000E+001 -0.2734781162883718E+001  0.2192938259895755E+001  0.2215485111297619E+001 -0.2172107357626688E-001  0.2410331449646845E+000
 0.3333333300000000E-001  0.1079696800000000E+001 -0.2731653781294626E+001  0.2183132539329222E+001  0.2207855632976519E+001 -0.2449558219638072E-001  0.2730204548633465E+000
 0.3777777800000000E-001  0.1079696800000000E+001 -0.2728137866512381E+001  0.2172158064748410E+001  0.2199691912562502E+001 -0.2749847145112987E-001  0.3056191637575316E+000
 0.4250000000000000E-001  0.1079696800000000E+001 -0.2723535629395124E+001  0.2159637974251855E+001  0.2190698352146339E+001 -0.3071947365634695E-001  0.3381220392091454E+000
 0.4750000000000000E-001  0.1079696800000000E+001 -0.2716983972345159E+001  0.2145146055486253E+001  0.2180573894667907E+001 -0.3414875811753675E-001  0.3697093336241837E+000
 0.5277777800000000E-001  0.1079696800000000E+001 -0.2707447128666736E+001  0.2128216085549808E+001  0.2169003334356662E+001 -0.3777650715262889E-001  0.3994537791846604E+000
 0.5833333300000000E-001  0.1079696800000000E+001 -0.2693748908923658E+001  0.2108364520355372E+001  0.2155654209240748E+001 -0.4159260404391962E-001  0.4263528296282494E+000
 0.6416666700000000E-001  0.1079696800000000E+001 -0.2674660128655780E+001  0.2085129669060635E+001  0.2140182349071579E+001 -0.4558643044215861E-001  0.4493960860727580E+000
 0.7027777800000000E-001  0.1079696800000000E+001 -0.2649044568045690E+001  0.2058125857225210E+001  0.2122248441767331E+001 -0.4974674146419030E-001  0.4676674277074030E+000
 0.7666666699999999E-001  0.1079696800000000E+001 -0.2616042491150457E+001  0.2027103858041223E+001  0.2101545479031127E+001 -0.5406160695187414E-001  0.4804666820132479E+000
 0.8333333300000000E-001  0.1079696800000000E+001 -0.2575243204884006E+001  0.1992002337279010E+001  0.2077832945785747E+001 -0.5851837456626318E-001  0.4874196960417044E+000
 0.9027777800000000E-001  0.1079696800000000E+001 -0.2526785719165931E+001  0.1952973203783721E+001  0.2050969305491467E+001 -0.6310365183922825E-001  0.4885401327532928E+000
 0.9750000000000000E-001  0.1079696800000000E+001 -0.2471345968799217E+001  0.1910370618964439E+001  0.2020933079901187E+001 -0.6780328379749892E-001  0.4842189151914499E+000
 0.1050000000000000E+000  0.1079696800000000E+001 -0.2410013845001987E+001  0.1864705929328162E+001  0.1987825812813636E+001 -0.7260233930106602E-001  0.4751443984496481E+000
 0.1127777800000000E+000  0.1079696800000000E+001 -0.2344106745822014E+001  0.1816582707397962E+001  0.1951856747349055E+001 -0.7748508620528928E-001  0.4621817249837247E+000
 0.1208333300000000E+000  0.1079696800000000E+001 -0.2274981245580718E+001  0.1766630124822930E+001  0.1913314890653480E+001 -0.8243494954101990E-001  0.4462488736195880E+000
 0.1291666700000000E+000  0.1079696800000000E+001 -0.2203888144408161E+001  0.1715448439345997E+001  0.1872536301444729E+001 -0.8743449000962716E-001  0.4282178783815561E+000
 0.1377777800000000E+000  0.1079696800000000E+001 -0.2131889360683803E+001  0.1663573981251799E+001  0.1829874435147267E+001 -0.9246530223161170E-001  0.4088533480613044E+000
 0.1466666700000000E+000  0.1079696800000000E+001 -0.2059828132907576E+001  0.1611461523516945E+001  0.1785676377198361E+001 -0.9750799187516714E-001  0.3887853590279906E+000
 0.1558333300000000E+000  0.1079696800000000E+001 -0.1988337654682953E+001  0.1559481317675476E+001  0.1740267336593889E+001 -0.1025420823106578E+000  0.3685077711920270E+000
 0.1652777800000000E+000  0.1079696800000000E+001 -0.1917868822231858E+001  0.1507924313827553E+001  0.1693941524252500E+001 -0.1075459873891150E+000  0.3483910438080607E+000
 0.1750000000000000E+000  0.1079696800000000E+001 -0.1848725832468722E+001  0.1457012489173364E+001  0.1646958879922469E+001 -0.1124969329625315E+000  0.3287017760499661E+000
 0.1850000000000000E+000  0.1079696800000000E+001 -0.1781099849241820E+001  0.1406909825263948E+001  0.1599544669020242E+001 -0.1173709728249616E+000  0.3096230950818235E+000
 0.1952777800000000E+000  0.1079696800000000E+001 -0.1715098935745472E+001  0.1357733549562716E+001  0.1551891765690463E+001 -0.1221429677464166E+000  0.2912735882630433E+000
 0.2058333300000000E+000  0.1079696800000000E+001 -0.1650771966888602E+001  0.1309563927670443E+001  0.1504163843700361E+001 -0.1267866116011777E+000  0.2737232711844113E+000
 0.2166666700000000E+000  0.1079696800000000E+001 -0.1588126838681648E+001  0.1262452359941360E+001  0.1456498813124857E+001 -0.1312745005099248E+000  0.2570064071784215E+000
 0.2277777800000000E+000  0.1079696800000000E+001 -0.1527144652952648E+001  0.1216428450940667E+001  0.1409012749964607E+001 -0.1355781834055989E+000  0.2411316742652121E+000
 0.2391666700000000E+000  0.1079696800000000E+001 -0.1467789322417079E+001  0.1171505087740872E+001  0.1361802967109266E+001 -0.1396683035132240E+000  0.2260897163754174E+000
 0.2508333300000000E+000  0.1079696800000000E+001 -0.1410014993670885E+001  0.1127682881643738E+001  0.1314951266931213E+001 -0.1435147235288388E+000  0.2118589562664728E+000
 0.2627777800000000E+000  0.1079696800000000E+001 -0.1353770784304448E+001  0.1084953256229314E+001  0.1268526389352209E+001 -0.1470867234343081E+000  0.1984097695153834E+000
 0.2750000000000000E+000  0.1079696800000000E+001 -0.1299004541871139E+001  0.1043301229166132E+001  0.1222586562863458E+001 -0.1503531962505885E+000  0.1857076592835495E+000
 0.2875000000000000E+000  0.1079696800000000E+001 -0.1245664789944332E+001  0.1002707084384899E+001  0.1177181150270560E+001 -0.1532829268167583E+000  0.1737154041264771E+000
 0.3002777800000000E+000  0.1079696800000000E+001 -0.1193702388605129E+001  0.9631479798197170E+000  0.1132352410965590E+001 -0.1558448766441677E+000  0.1623946904942522E+000
 0.3133333300000000E+000  0.1079696800000000E+001 -0.1143071418792437E+001  0.9245990437896613E+000  0.1088136823618983E+001 -0.1580085230798642E+000  0.1517072210827196E+000
 0.3266666700000000E+000  0.1079696800000000E+001 -0.1093729519580565E+001  0.8870340866475657E+000  0.1044566041831374E+001 -0.1597442427984630E+000  0.1416154471374183E+000
 0.3402777800000000E+000  0.1079696800000000E+001 -0.1045638363728459E+001  0.8504264210898240E+000  0.1001668013396939E+001 -0.1610237161956953E+000  0.1320831353369664E+000
 0.3541666700000000E+000  0.1079696800000000E+001 -0.9987634073627095E+000  0.8147491170214549E+000  0.9594674592142901E+000 -0.1618203872469499E+000  0.1230756413216759E+000
 0.3683333300000000E+000  0.1079696800000000E+001 -0.9530739505348668E+000  0.7799754720016483E+000  0.9179865963349412E+000 -0.1621099378483696E+000  0.1145601433743469E+000
 0.3827777800000000E+000  0.1079696800000000E+001 -0.9085427604564744E+000  0.7460791243162841E+000  0.8772454254289827E+000 -0.1618707934410069E+000  0.1065057154010470E+000
 0.3975000000000000E+000  0.1079696800000000E+001 -0.8651460219914711E+000  0.7130343901840716E+000  0.8372622634450536E+000 -0.1610846419095816E+000  0.9888340801826065E-001
 0.4125000000000000E+000  0.1079696800000000E+001 -0.8228628074955432E+000  0.6808162112496770E+000  0.7980537839376427E+000 -0.1597369587171406E+000  0.9166620504104712E-001
 0.4277777800000000E+000  0.1079696800000000E+001 -0.7816748668328477E+000  0.6494003236868239E+000  0.7596352957419000E+000 -0.1578175271128652E+000  0.8482901477867090E-001
 0.4433333300000000E+000  0.1079696800000000E+001 -0.7415662733502906E+000  0.6187632975943128E+000  0.7220208394319751E+000 -0.1553209415251164E+000  0.7834862026690716E-001
 0.4591666700000000E+000  0.1079696800000000E+001 -0.7025229690941259E+000  0.5888824808902673E+000  0.6852231406134546E+000 -0.1522470700284350E+000  0.7220360686955374E-001
 0.4752777800000000E+000  0.1079696800000000E+001 -0.6645325906277963E+000  0.5597361406076610E+000  0.6492537831682332E+000 -0.1486014884672805E+000  0.6637433313732156E-001
 0.4916666700000000E+000  0.1079696800000000E+001 -0.6275839474641381E+000  0.5313033224100847E+000  0.6141230165482765E+000 -0.1443958275112403E+000  0.6084284881661662E-001
 0.5083333300000000E+000  0.1079696800000000E+001 -0.5916668065687000E+000  0.5035639286094833E+000  0.5798398162116917E+000 -0.1396480658600446E+000  0.5559286716878603E-001
 0.5247222200000000E+000  0.1079696800000000E+001 -0.5578905942970599E+000  0.4773686113805686E+000  0.5474855726931006E+000 -0.1345618274440469E+000  0.5076775143056293E-001
 0.5408333300000000E+000  0.1079696800000000E+001 -0.5261001252681916E+000  0.4525981921525697E+000  0.5169361187458960E+000 -0.1292036297901139E+000  0.4632400476370382E-001
 0.5566666700000000E+000  0.1079696800000000E+001 -0.4961549794283675E+000  0.4291463306407152E+000  0.4880767897915603E+000 -0.1236363336535993E+000  0.4222433456125808E-001
 0.5722222200000000E+000  0.1079696800000000E+001 -0.4679276070661829E+000  0.4069178492118372E+000  0.4608015514206955E+000 -0.1179187420764738E+000  0.3843665034511660E-001
 0.5875000000000000E+000  0.1079696800000000E+001 -0.4413015710794161E+000  0.3858271644856817E+000  0.4350120483455749E+000 -0.1121052748212100E+000  0.3493321939355227E-001
 0.6025000000000000E+000  0.1079696800000000E+001 -0.4161703346143421E+000  0.3657971545810719E+000  0.4106170193720243E+000 -0.1062458016909556E+000  0.3169000657585998E-001
 0.6172222200000000E+000  0.1079696800000000E+001 -0.3924360720585192E+000  0.3467580570432814E+000  0.3875316122391989E+000 -0.1003855338388135E+000  0.2868610504988895E-001
 0.6316666700000000E+000  0.1079696800000000E+001 -0.3700087356532961E+000  0.3286465825939573E+000  0.3656768505025842E+000 -0.9456501527150407E-001  0.2590327161406465E-001
 0.6458333300000000E+000  0.1079696800000000E+001 -0.3488053233143606E+000  0.3114052054638453E+000  0.3449792218831294E+000 -0.8882020468292515E-001  0.2332554429207300E-001
 0.6597222200000000E+000  0.1079696800000000E+001 -0.3287490925799499E+000  0.2949814243990000E+000  0.3253701554193341E+000 -0.8318257423917494E-001  0.2093889948572732E-001
 0.6733333300000000E+000  0.1079696800000000E+001 -0.3097690810269234E+000  0.2793272863008281E+000  0.3067857512123343E+000 -0.7767931445227749E-001  0.1873098387497647E-001
 0.6866666700000000E+000  0.1079696800000000E+001 -0.2917995226986304E+000  0.2643988389881348E+000  0.2891663718634562E+000 -0.7233352893051787E-001  0.1669086348121428E-001
 0.6997222200000000E+000  0.1079696800000000E+001 -0.2747794691652499E+000  0.2501557644184387E+000  0.2724564045373606E+000 -0.6716449765688422E-001  0.1480882088868548E-001
 0.7125000000000000E+000  0.1079696800000000E+001 -0.2586523003347527E+000  0.2365609313254507E+000  0.2566038910932736E+000 -0.6218791153871776E-001  0.1307615930833030E-001
 0.7250000000000000E+000  0.1079696800000000E+001 -0.2433654640922860E+000  0.2235801485175693E+000  0.2415603634386906E+000 -0.5741617415534019E-001  0.1148504769329469E-001
 0.7372222200000000E+000  0.1079696800000000E+001 -0.2288701075363976E+000  0.2111818364762007E+000  0.2272805568384431E+000 -0.5285866454729216E-001  0.1002836594135269E-001
 0.7491666700000000E+000  0.1079696800000000E+001 -0.2151207938309117E+000  0.1993367778752761E+000  0.2137221944319860E+000 -0.4852201557855253E-001  0.8699569445790707E-002
 0.7608333300000000E+000  0.1079696800000000E+001 -0.2020752896825295E+000  0.1880179354603698E+000  0.2008458309239028E+000 -0.4441040111548595E-001  0.7492568265717921E-002
 0.7722222200000000E+000  0.1079696800000000E+001 -0.1896942507338972E+000  0.1772001869110475E+000  0.1886145869176473E+000 -0.4052577493635576E-001  0.6401603257962294E-002
 0.7833333300000000E+000  0.1079696800000000E+001 -0.1779410863293068E+000  0.1668602190821231E+000  0.1769940531002747E+000 -0.3686814837112076E-001  0.5421145087915523E-002
 0.7941666700000000E+000  0.1079696800000000E+001 -0.1667817081618236E+000  0.1569763250481837E+000  0.1659520739750429E+000 -0.3343581243669010E-001  0.4545788271282747E-002
 0.8047222200000000E+000  0.1079696800000000E+001 -0.1561844026191202E+000  0.1475283122721935E+000  0.1554586490179047E+000 -0.3022557886709951E-001  0.3770162185025250E-002
 0.8149999999999999E+000  0.1079696800000000E+001 -0.1461195940047767E+000  0.1384973161996882E+000  0.1454857219084265E+000 -0.2723296783383773E-001  0.3088841166962814E-002
 0.8250000000000000E+000  0.1079696800000000E+001 -0.1365597633342637E+000  0.1298657536334903E+000  0.1360071205231789E+000 -0.2445242344522395E-001  0.2496276007715591E-002
 0.8347222200000000E+000  0.1079696800000000E+001 -0.1274792677657841E+000  0.1216171888221962E+000  0.1269983959340164E+000 -0.2187747963558940E-001  0.1986730273934082E-002
 0.8441666700000000E+000  0.1079696800000000E+001 -0.1188542124537234E+000  0.1137362467184374E+000  0.1184367111485142E+000 -0.1950092351016440E-001  0.1554236450492341E-002
 0.8533333300000000E+000  0.1079696800000000E+001 -0.1106623675030713E+000  0.1062085679789882E+000  0.1103007728991819E+000 -0.1731495288182393E-001  0.1192573846632263E-002
 0.8622222200000000E+000  0.1079696800000000E+001 -0.1028829942029989E+000  0.9902068083276225E-001  0.1025706719161364E+000 -0.1531129205625096E-001  0.8952662376181958E-003
 0.8708333300000000E+000  0.1079696800000000E+001 -0.9549680596737369E-001  0.9215999602790194E-001  0.9522785573293757E-001 -0.1348132803694686E-001  0.6556141014196896E-003
 0.8791666700000000E+000  0.1079696800000000E+001 -0.8848582944558664E-001  0.8561470944219340E-001  0.8825500127977556E-001 -0.1181620495502837E-001  0.4667540253279583E-003
 0.8872222200000000E+000  0.1079696800000000E+001 -0.8183335920858341E-001  0.7937379042557782E-001  0.8163597949195987E-001 -0.1030692805636817E-001  0.3217547931403322E-003
 0.8950000000000000E+000  0.1079696800000000E+001 -0.7552381759859343E-001  0.7342688044011762E-001  0.7535572465196161E-001 -0.8944432187805461E-002  0.2137431664791479E-003
 0.9025000000000000E+000  0.1079696800000000E+001 -0.6954273692703020E-001  0.6776430479861660E-001  0.6940022449788218E-001 -0.7719666762898459E-002  0.1360599323528771E-003
 0.9097222200000000E+000  0.1079696800000000E+001 -0.6387665549432997E-001  0.6237700211399386E-001  0.6375642365564824E-001 -0.6623649999631887E-002  0.8243131115852100E-004
 0.9166666700000000E+000  0.1079696800000000E+001 -0.5851305227583035E-001  0.5725648814472113E-001  0.5841216459401246E-001 -0.5647522620604709E-002  0.4714354772416717E-004
 0.9233333300000000E+000  0.1079696800000000E+001 -0.5344031623641297E-001  0.5239485109704486E-001  0.5335616220210217E-001 -0.4782598694453344E-002  0.2519989532589548E-004
 0.9297222200000000E+000  0.1079696800000000E+001 -0.4864763539417293E-001  0.4778466842968661E-001  0.4857789757414424E-001 -0.4020394547284046E-002  0.1243721071875385E-004
 0.9358333300000000E+000  0.1079696800000000E+001 -0.4412499731974310E-001  0.4341902853711218E-001  0.4406762212854165E-001 -0.3352670613893557E-002  0.5582697734233033E-005
 0.9416666700000000E+000  0.1079696800000000E+001 -0.3986310221906202E-001  0.3929146706212080E-001  0.3981627400668422E-001 -0.2771452516797756E-002  0.2236562196469338E-005
 0.9472222200000000E+000  0.1079696800000000E+001 -0.3585335436967526E-001  0.3539597718665493E-001  0.3581547212479665E-001 -0.2269059151518505E-002  0.7809261166999201E-006
 0.9525000000000000E+000  0.1079696800000000E+001 -0.3208776941442251E-001  0.3172693705048928E-001  0.3205742592157862E-001 -0.1838114934782674E-002  0.2305359285023999E-006
 0.9575000000000000E+000  0.1079696800000000E+001 -0.2855898668561485E-001  0.2827913775415929E-001  0.2853494959618804E-001 -0.1471572031659419E-002  0.5531970929540439E-007
 0.9622222200000000E+000  0.1079696800000000E+001 -0.2526020499041193E-001  0.2504773586900036E-001  0.2524139974526706E-001 -0.1162719460153034E-002  0.1024590945424779E-007
 0.9666666700000000E+000  0.1079696800000000E+001 -0.2218515066937173E-001  0.2202823605774687E-001  0.2217064499038354E-001 -0.9051938496819058E-003  0.1367180134034615E-008
 0.9708333300000000E+000  0.1079696800000000E+001 -0.1932807564124936E-001  0.1921650216177238E-001  0.1931706538105106E-001 -0.6929899380101067E-003  0.1203433811778544E-009
 0.9747222200000000E+000  0.1079696800000000E+001 -0.1668368213704099E-001  0.1660869523367865E-001  0.1667547842860331E-001 -0.5204631694419688E-003  0.6568384862309010E-011
 0.9783333300000000E+000  0.1079696800000000E+001 -0.1424714626999553E-001  0.1420130779402005E-001  0.1424116370740366E-001 -0.3823384153937469E-003  0.3063412390287689E-012
 0.9816666700000000E+000  0.1079696800000000E+001 -0.1201406154880484E-001  0.1199111846729073E-001  0.1200980737376249E-001 -0.2737113093772273E-003  0.2156147930365253E-013
 0.9847222200000000E+000  0.1079696800000000E+001 -0.9980452302507617E-002  0.9975214880996303E-002  0.9977516414916461E-002 -0.1900527416860512E-003  0.9583378600253515E-015
 0.9875000000000000E+000  0.1079696800000000E+001 -0.8142708682519526E-002  0.8150938384050500E-002  0.8140754435986431E-002 -0.1272085818555928E-003  0.1304311977247386E-016
 0.9900000000000000E+000  0.1079696800000000E+001 -0.6497617029690293E-002  0.6515922884336003E-002  0.6496372653457410E-002 -0.8140293073905580E-004  0.4100534829896318E-018
 0.9922222200000000E+000  0.1079696800000000E+001 -0.5042318668935565E-002  0.5068062562514154E-002  0.5041569283144706E-002 -0.4923766749531113E-004  0.1688584803906728E-019
 0.9941666700000000E+000  0.1079696800000000E+001 -0.3774297226583672E-002  0.3805502592164035E-002  0.3773877353513090E-002 -0.2769294886182350E-004  0.6604689983334160E-022
 0.9958333300000000E+000  0.1079696800000000E+001 -0.2691393452467435E-002  0.2726674744270631E-002  0.2691179951023602E-002 -0.1412762901746252E-004  0.2908145609218916E-022
 0.9972222200000000E+000  0.1079696800000000E+001 -0.1791749947154004E-002  0.1829716415756085E-002  0.1791655323091304E-002 -0.6278381889626481E-005 -0.4624487603120461E-023
 0.9983333300000000E+000  0.1079696800000000E+001 -0.1073848508197318E-002  0.1114178697922151E-002  0.1073814519618099E-002 -0.2260055303951878E-005  0.6912268553975498E-022
 0.9991666700000000E+000  0.1079696800000000E+001 -0.5364709247948160E-003  0.5699040260358859E-003  0.5364624419908216E-003 -0.5649748846851687E-006 -0.5742899212810747E-022
 0.9997222200000000E+000  0.1079696800000000E+001 -0.1787259106657440E-003  0.2008059694450016E-003  0.1787249691618558E-003 -0.6277407266457395E-007 -0.2789193212447702E-023
 0.1000000000000000E+001  0.1079696800000000E+001  0.3362002870536795E-027 -0.8785364241428897E-026 -0.3699016159757258E-026  0.1409529261007395E-038  0.4490282074363437E-039

 0.0000000000000000E+000  0.1137473200000000E+001 -0.2810638951822682E+001  0.2263439759637915E+001  0.2309532546322027E+001 -0.8352718342714094E-002  0.5263331074105364E-001
 0.2777777800000000E-003  0.1137473200000000E+001 -0.2810580657367039E+001  0.2263411855618473E+001  0.2309472339306104E+001 -0.8354436190426194E-002  0.5267197475237140E-001
 0.8333333300000000E-003  0.1137473200000000E+001 -0.2810116745467845E+001  0.2263189373551903E+001  0.2308993104215032E+001 -0.8368200966101035E-002  0.5298108711037421E-001
 0.1666666700000000E-002  0.1137473200000000E+001 -0.2808586947482646E+001  0.2262450402987984E+001  0.2307411436313052E+001 -0.8414810704448005E-002  0.5401889931424370E-001
 0.2777777800000000E-002  0.1137473200000000E+001 -0.2805176105856652E+001  0.2260772278558170E+001  0.2303877006138332E+001 -0.8525881162764485E-002  0.5644062735107536E-001
 0.4166666700000000E-002  0.1137473200000000E+001 -0.2799285878596143E+001  0.2257765175961726E+001  0.2297743426679577E+001 -0.8744073559998112E-002  0.6101658545717899E-001
 0.5833333300000000E-002  0.1137473200000000E+001 -0.2790998601562283E+001  0.2253257810202969E+001  0.2289030809002989E+001 -0.9121462581194971E-002  0.6848879039224773E-001
 0.7777777800000000E-002  0.1137473200000000E+001 -0.2781223549554275E+001  0.2247404448603258E+001  0.2278570841611779E+001 -0.9713126195177625E-002  0.7940942379512267E-001
 0.1000000000000000E-001  0.1137473200000000E+001 -0.2771280159422678E+001  0.2240598774920904E+001  0.2267590507963801E+001 -0.1056594709058671E-001  0.9404240843522613E-001
 0.1250000000000000E-001  0.1137473200000000E+001 -0.2762280795879617E+001  0.2233263624413747E+001  0.2257098811234030E+001 -0.1170882099988053E-001  0.1123716623670281E+000
 0.1527777800000000E-001  0.1137473200000000E+001 -0.2754821965905072E+001  0.2225688030199246E+001  0.2247586060091893E+001 -0.1315079045282567E-001  0.1341813054369170E+000
 0.1833333300000000E-001  0.1137473200000000E+001 -0.2749040325510774E+001  0.2217982732764909E+001  0.2239091489685851E+001 -0.1488641339215445E-001  0.1591428984663746E+000
 0.2166666700000000E-001  0.1137473200000000E+001 -0.2744796298763749E+001  0.2210110424899982E+001  0.2231401512597147E+001 -0.1690298810213731E-001  0.1868717226637971E+000
 0.2527777800000000E-001  0.1137473200000000E+001 -0.2741813859319425E+001  0.2201931051111729E+001  0.2224207482715377E+001 -0.1918582574822372E-001  0.2169475850101281E+000
 0.2916666700000000E-001  0.1137473200000000E+001 -0.2739739713232904E+001  0.2193233500336909E+001  0.2217187065934685E+001 -0.2172090225049620E-001  0.2489105334637866E+000
 0.3333333300000000E-001  0.1137473200000000E+001 -0.2738143806434440E+001  0.2183749849956705E+001  0.2210031840935259E+001 -0.2449567402561893E-001  0.2822420727864625E+000
 0.3777777800000000E-001  0.1137473200000000E+001 -0.2736488136271339E+001  0.2173157587524118E+001  0.2202447594859863E+001 -0.2749897654678571E-001  0.3163398717706566E+000
 0.4250000000000000E-001  0.1137473200000000E+001 -0.2734083178059028E+001  0.2161076859939995E+001  0.2194143722148017E+001 -0.3072057379009831E-001  0.3504920076467957E+000
 0.4750000000000000E-001  0.1137473200000000E+001 -0.2730047204528652E+001  0.2147069330314912E+001  0.2184819962227442E+001 -0.3415066821073652E-001  0.3838580358879309E+000
 0.5277777800000000E-001  0.1137473200000000E+001 -0.2723285561727423E+001  0.2130645192822242E+001  0.2174155019973307E+001 -0.3777947644496581E-001  0.4154664233651994E+000
 0.5833333300000000E-001  0.1137473200000000E+001 -0.2712511289192281E+001  0.2111284605040338E+001  0.2161800644477505E+001 -0.4159691829096707E-001  0.4442408259797259E+000
 0.6416666700000000E-001  0.1137473200000000E+001 -0.2696329187549012E+001  0.2088478162615543E+001  0.2147385005944794E+001 -0.4559241610965139E-001  0.4690669144301990E+000
 0.7027777800000000E-001  0.1137473200000000E+001 -0.2673394424636577E+001  0.2061786327163706E+001  0.2130528951079643E+001 -0.4975477135220095E-001  0.4889033723597759E+000
 0.7666666699999999E-001  0.1137473200000000E+001 -0.2642628677564484E+001  0.2030909285859531E+001  0.2110876237860254E+001 -0.5407210462733950E-001  0.5029235358793533E+000
 0.8333333300000000E-001  0.1137473200000000E+001 -0.2603439246481190E+001  0.1995749879663403E+001  0.2088133968638056E+001 -0.5853181402821787E-001  0.5106524935713423E+000
 0.9027777800000000E-001  0.1137473200000000E+001 -0.2555863060231073E+001  0.1956448286215768E+001  0.2062113461188171E+001 -0.6312055047725754E-001  0.5120530878621798E+000
 0.9750000000000000E-001  0.1137473200000000E+001 -0.2500574474109819E+001  0.1913374071991477E+001  0.2032759072127061E+001 -0.6782419035336613E-001  0.5075260208047868E+000
 0.1050000000000000E+000  0.1137473200000000E+001 -0.2438751595378471E+001  0.1867076582241423E+001  0.2000155491043593E+001 -0.7262782156989618E-001  0.4978228122171581E+000
 0.1127777800000000E+000  0.1137473200000000E+001 -0.2371856000420031E+001  0.1818210260003763E+001  0.1964512213347048E+001 -0.7751572320821117E-001  0.4839048999608945E+000
 0.1208333300000000E+000  0.1137473200000000E+001 -0.2301404888291337E+001  0.1767457378764149E+001  0.1926131826151528E+001 -0.8247133014941647E-001  0.4667962441018165E+000
 0.1291666700000000E+000  0.1137473200000000E+001 -0.2228795528817964E+001  0.1715465409600542E+001  0.1885372006453634E+001 -0.8747721683298859E-001  0.4474661705212505E+000
 0.1377777800000000E+000  0.1137473200000000E+001 -0.2155206042358833E+001  0.1662807728464927E+001  0.1842610929102622E+001 -0.9251499769191533E-001  0.4267578764564042E+000
 0.1466666700000000E+000  0.1137473200000000E+001 -0.2081561938529704E+001  0.1609965034136348E+001  0.1798219909353294E+001 -0.9756530354616900E-001  0.4053586527522967E+000
 0.1558333300000000E+000  0.1137473200000000E+001 -0.2008548610832038E+001  0.1557323538662087E+001  0.1752545812839915E+001 -0.1026076853411539E+000  0.3838001545446825E+000
 0.1652777800000000E+000  0.1137473200000000E+001 -0.1936645898511995E+001  0.1505182241606636E+001  0.1705901059302660E+001 -0.1076205830736340E+000  0.3624751482280342E+000
 0.1750000000000000E+000  0.1137473200000000E+001 -0.1866170645327204E+001  0.1453765434673008E+001  0.1658560265785459E+001 -0.1125812431143536E+000  0.3416612716421374E+000
 0.1850000000000000E+000  0.1137473200000000E+001 -0.1797316133622159E+001  0.1403235557735193E+001  0.1610760178242599E+001 -0.1174657302776251E+000  0.3215450509255329E+000
 0.1952777800000000E+000  0.1137473200000000E+001 -0.1730186310064735E+001  0.1353705906889475E+001  0.1562702464517871E+001 -0.1222489032561044E+000  0.3022436411502218E+000
 0.2058333300000000E+000  0.1137473200000000E+001 -0.1664822639975974E+001  0.1305251483330973E+001  0.1514557438280135E+001 -0.1269044376060964E+000  0.2838227984856658E+000
 0.2166666700000000E+000  0.1137473200000000E+001 -0.1601224211734082E+001  0.1257917810138899E+001  0.1466467978255124E+001 -0.1314048922136161E+000  0.2663110528701799E+000
 0.2277777800000000E+000  0.1137473200000000E+001 -0.1539363083774750E+001  0.1211728471038983E+001  0.1418553867943445E+001 -0.1357217574796732E+000  0.2497107557531416E+000
 0.2391666700000000E+000  0.1137473200000000E+001 -0.1479194540000240E+001  0.1166690474100889E+001  0.1370915190820497E+001 -0.1398255950252308E+000  0.2340061642822933E+000
 0.2508333300000000E+000  0.1137473200000000E+001 -0.1420664853836388E+001  0.1122798858241313E+001  0.1323635839251794E+001 -0.1436861614562034E+000  0.2191695698257506E+000
 0.2627777800000000E+000  0.1137473200000000E+001 -0.1363716161936817E+001  0.1080039863721656E+001  0.1276786154252715E+001 -0.1472726054612922E+000  0.2051656344922285E+000
 0.2750000000000000E+000  0.1137473200000000E+001 -0.1308290251870725E+001  0.1038393745758728E+001  0.1230425623801482E+001 -0.1505536633792507E+000  0.1919546425359345E+000
 0.2875000000000000E+000  0.1137473200000000E+001 -0.1254330464124193E+001  0.9978364465725115E+000  0.1184604632762411E+001 -0.1534979387433847E+000  0.1794946621011211E+000
 0.3002777800000000E+000  0.1137473200000000E+001 -0.1201783282953647E+001  0.9583411853326583E+000  0.1139366304118628E+001 -0.1560741886556095E+000  0.1677431647607744E+000
 0.3133333300000000E+000  0.1137473200000000E+001 -0.1150599135231646E+001  0.9198795270088944E+000  0.1094747877024933E+001 -0.1582516655026917E+000  0.1566581015974929E+000
 0.3266666700000000E+000  0.1137473200000000E+001 -0.1100732638405924E+001  0.8824220627770542E+000  0.1050781700011307E+001 -0.1600005040964191E+000  0.1461985943373349E+000
 0.3402777800000000E+000  0.1137473200000000E+001 -0.1052142994786639E+001  0.8459391974649041E+000  0.1007496378655119E+001 -0.1612921306972666E+000  0.1363254619789381E+000
 0.3541666700000000E+000  0.1137473200000000E+001 -0.1004793660585840E+001  0.8104013736540627E+000  0.9649172692896824E+000 -0.1620997287383281E+000  0.1270014508942988E+000
 0.3683333300000000E+000  0.1137473200000000E+001 -0.9586523379765859E+000  0.7757795125120457E+000  0.9230672133652799E+000 -0.1623987199494442E+000  0.1181914310440822E+000
 0.3827777800000000E+000  0.1137473200000000E+001 -0.9136905337347906E+000  0.7420451007619566E+000  0.8819668281365406E+000 -0.1621672777604327E+000  0.1098624325230861E+000
 0.3975000000000000E+000  0.1137473200000000E+001 -0.8698834560119630E+000  0.7091705032378696E+000  0.8416350416692076E+000 -0.1613868546238094E+000  0.1019836964638639E+000
 0.4125000000000000E+000  0.1137473200000000E+001 -0.8272094324926573E+000  0.6771288899327145E+000  0.8020891289308458E+000 -0.1600427161189628E+000  0.9452660226116401E-001
 0.4277777800000000E+000  0.1137473200000000E+001 -0.7856496577053103E+000  0.6458943859508661E+000  0.7633449867458413E+000 -0.1581244701950163E+000  0.8746463526300634E-001
 0.4433333300000000E+000  0.1137473200000000E+001 -0.7451877999106395E+000  0.6154420944880236E+000  0.7254172238051888E+000 -0.1556265793627092E+000  0.8077331578103886E-001
 0.4591666700000000E+000  0.1137473200000000E+001 -0.7058095107256032E+000  0.5857480268575442E+000  0.6883191056002593E+000 -0.1525488312359958E+000  0.7443010792968728E-001
 0.4752777800000000E+000  0.1137473200000000E+001 -0.6675022215636963E+000  0.5567892304457762E+000  0.6520627207218840E+000 -0.1488967795596366E+000  0.6841437580015361E-001
 0.4916666700000000E+000  0.1137473200000000E+001 -0.6302545929696126E+000  0.5285436381556654E+000  0.6166587780715758E+000 -0.1446820964830327E+000  0.6270728730676442E-001
 0.5083333300000000E+000  0.1137473200000000E+001 -0.5940562755983161E+000  0.5009901363505225E+000  0.5821166594241838E+000 -0.1399228689022094E+000  0.5729177596012616E-001
 0.5247222200000000E+000  0.1137473200000000E+001 -0.5600248826738948E+000  0.4749725215012422E+000  0.5495258137661249E+000 -0.1348233763942218E+000  0.5231545547173538E-001
 0.5408333300000000E+000  0.1137473200000000E+001 -0.5280030982034961E+000  0.4503713688367453E+000  0.5187605956505721E+000 -0.1294505312573250E+000  0.4773320408504422E-001
 0.5566666700000000E+000  0.1137473200000000E+001 -0.4978485550195277E+000  0.4270802413128720E+000  0.4897049151316595E+000 -0.1238675786456449E+000  0.4350636047488773E-001
 0.5722222200000000E+000  0.1137473200000000E+001 -0.4694319123123535E+000  0.4050039780349943E+000  0.4622513673459649E+000 -0.1181336848413413E+000  0.3960167484799076E-001
 0.5875000000000000E+000  0.1137473200000000E+001 -0.4426350765654481E+000  0.3840570991681009E+000  0.4363002823849977E+000 -0.1123036033127359E+000  0.3599042680875527E-001
 0.6025000000000000E+000  0.1137473200000000E+001 -0.4173499750348575E+000  0.3641626511859931E+000  0.4117591428596542E+000 -0.1064275022499926E+000  0.3264773612135715E-001
 0.6172222200000000E+000  0.1137473200000000E+001 -0.3934773549447228E+000  0.3452510885454006E+000  0.3885418998109327E+000 -0.1005508522365006E+000  0.2955196931621181E-001
 0.6316666700000000E+000  0.1137473200000000E+001 -0.3709258414117376E+000  0.3272593743540390E+000  0.3665684407930071E+000 -0.9471441615110335E-001  0.2668425577952275E-001
 0.6458333300000000E+000  0.1137473200000000E+001 -0.3496111986142976E+000  0.3101302600931970E+000  0.3457641792377215E+000 -0.8895433113220223E-001  0.2402808979054286E-001
 0.6597222200000000E+000  0.1137473200000000E+001 -0.3294555373413384E+000  0.2938115390839228E+000  0.3260595312397915E+000 -0.8330220873482606E-001  0.2156897423680937E-001
 0.6733333300000000E+000  0.1137473200000000E+001 -0.3103868309348624E+000  0.2782555631567149E+000  0.3073896455331105E+000 -0.7778534237023473E-001  0.1929414203490563E-001
 0.6866666700000000E+000  0.1137473200000000E+001 -0.2923383268038517E+000  0.2634186907402891E+000  0.2896939937742530E+000 -0.7242690523457815E-001  0.1719229575484265E-001
 0.6997222200000000E+000  0.1137473200000000E+001 -0.2752481635881809E+000  0.2492609157372589E+000  0.2729161316790555E+000 -0.6724621733912915E-001  0.1525339726284824E-001
 0.7125000000000000E+000  0.1137473200000000E+001 -0.2590588775738250E+000  0.2357454174913647E+000  0.2570033271557869E+000 -0.6225898393962009E-001  0.1346846472282477E-001
 0.7250000000000000E+000  0.1137473200000000E+001 -0.2437171388735851E+000  0.2228383111585258E+000  0.2419063941028684E+000 -0.5747760134283800E-001  0.1182941213094768E-001
 0.7372222200000000E+000  0.1137473200000000E+001 -0.2291733787050441E+000  0.2105083176554422E+000  0.2275794033112011E+000 -0.5291142355404056E-001  0.1032888912750956E-001
 0.7491666700000000E+000  0.1137473200000000E+001 -0.2153815026207103E+000  0.1987265126916852E+000  0.2139794646086635E+000 -0.4856704432252124E-001  0.8960140889546863E-002
 0.7608333300000000E+000  0.1137473200000000E+001 -0.2022986745714032E+000  0.1874661433273138E+000  0.2010665681489008E+000 -0.4444858773197356E-001  0.7716883200133031E-002
 0.7722222200000000E+000  0.1137473200000000E+001 -0.1898849986033178E+000  0.1767023623798672E+000  0.1888033158833995E+000 -0.4055795010741672E-001  0.6593174481607658E-002
 0.7833333300000000E+000  0.1137473200000000E+001 -0.1781033805077865E+000  0.1664121217305784E+000  0.1771548233057344E+000 -0.3689508036725881E-001  0.5583311469941971E-002
 0.7941666700000000E+000  0.1137473200000000E+001 -0.1669192730841451E+000  0.1565739692367188E+000  0.1660885003664914E+000 -0.3345820442174621E-001  0.4681719830311166E-002
 0.8047222200000000E+000  0.1137473200000000E+001 -0.1563005455044059E+000  0.1471679564741348E+000  0.1555739501184533E+000 -0.3024406814617013E-001  0.3882862298854539E-002
 0.8149999999999999E+000  0.1137473200000000E+001 -0.1462172434148835E+000  0.1381754525545191E+000  0.1455827552317908E+000 -0.2724812664226615E-001  0.3181145924057473E-002
 0.8250000000000000E+000  0.1137473200000000E+001 -0.1366415050583153E+000  0.1295790972693468E+000  0.1360884156603321E+000 -0.2446476100910858E-001  0.2570851371844060E-002
 0.8347222200000000E+000  0.1137473200000000E+001 -0.1275473779467967E+000  0.1213626674954015E+000  0.1270661851936193E+000 -0.2188744516807286E-001  0.2046067230531113E-002
 0.8441666700000000E+000  0.1137473200000000E+001 -0.1189106881995743E+000  0.1135109906827267E+000  0.1184929579649361E+000 -0.1950890990115392E-001  0.1600644746740427E-002
 0.8533333300000000E+000  0.1137473200000000E+001 -0.1107089551663409E+000  0.1060099000427835E+000  0.1103471981739852E+000 -0.1732130086196152E-001  0.1228174990542606E-002
 0.8622222200000000E+000  0.1137473200000000E+001 -0.1029212153422116E+000  0.9884610699147124E-001  0.1026087782936137E+000 -0.1531629462160185E-001  0.9219863569542824E-003
 0.8708333300000000E+000  0.1137473200000000E+001 -0.9552798128717657E-001  0.9200719628788982E-001  0.9525895009589679E-001 -0.1348523500188254E-001  0.6751777041593626E-003
 0.8791666700000000E+000  0.1137473200000000E+001 -0.8851110071286623E-001  0.8548152920435888E-001  0.8828021545339365E-001 -0.1181922748144714E-001  0.4806794787258110E-003
 0.8872222200000000E+000  0.1137473200000000E+001 -0.8185370935267629E-001  0.7925823216760124E-001  0.8165628935098465E-001 -0.1030924307022680E-001  0.3313526204777732E-003
 0.8950000000000000E+000  0.1137473200000000E+001 -0.7554008901914486E-001  0.7332709596594437E-001  0.7537196763887291E-001 -0.8946186590608448E-002  0.2201180503861296E-003
 0.9025000000000000E+000  0.1137473200000000E+001 -0.6955564820351332E-001  0.6767858770863847E-001  0.6941311572465429E-001 -0.7720981393387730E-002  0.1401173297017754E-003
 0.9097222200000000E+000  0.1137473200000000E+001 -0.6388681652237646E-001  0.6230378070328241E-001  0.6376657058914853E-001 -0.6624623295331820E-002  0.8488913926997407E-004
 0.9166666700000000E+000  0.1137473200000000E+001 -0.5852097795128045E-001  0.5719431858845511E-001  0.5842008041757821E-001 -0.5648233959070834E-002  0.4854903849993130E-004
 0.9233333300000000E+000  0.1137473200000000E+001 -0.5344643878637253E-001  0.5234241082424982E-001  0.5336227792372025E-001 -0.4783111403690040E-002  0.2595109438747636E-004
 0.9297222200000000E+000  0.1137473200000000E+001 -0.4865231541250089E-001  0.4774074981683345E-001  0.4858257291181975E-001 -0.4020758580966237E-002  0.1280792019892482E-004
 0.9358333300000000E+000  0.1137473200000000E+001 -0.4412853364033114E-001  0.4338253267801322E-001  0.4407115528338471E-001 -0.3352924904261212E-002  0.5749082204320411E-005
 0.9416666700000000E+000  0.1137473200000000E+001 -0.3986574068630230E-001  0.3926139776954980E-001  0.3981891036577691E-001 -0.2771627016371647E-002  0.2303213854069277E-005
 0.9472222200000000E+000  0.1137473200000000E+001 -0.3585529561869554E-001  0.3537143508617196E-001  0.3581741199441404E-001 -0.2269176585547099E-002  0.8041965420781077E-006
 0.9525000000000000E+000  0.1137473200000000E+001 -0.3208917573047534E-001  0.3170711389390894E-001  0.3205883135269823E-001 -0.1838192285733534E-002  0.2374050355142889E-006
 0.9575000000000000E+000  0.1137473200000000E+001 -0.2855998804575349E-001  0.2826331080390172E-001  0.2853595040104594E-001 -0.1471621782437579E-002  0.5696791550606426E-007
 0.9622222200000000E+000  0.1137473200000000E+001 -0.2526090435054785E-001  0.2503526246510228E-001  0.2524209876555711E-001 -0.1162750620674874E-002  0.1055115881841620E-007
 0.9666666700000000E+000  0.1137473200000000E+001 -0.2218562857470452E-001  0.2201854832017780E-001  0.2217112269351700E-001 -0.9052127931850817E-003  0.1407909293149925E-008
 0.9708333300000000E+000  0.1137473200000000E+001 -0.1932839422685075E-001  0.1920910180528636E-001  0.1931738385016421E-001 -0.6930010722342416E-003  0.1239283238356252E-009
 0.9747222200000000E+000  0.1137473200000000E+001 -0.1668388857394886E-001  0.1660314855696879E-001  0.1667568480084250E-001 -0.5204694663026112E-003  0.6764050453885069E-011
 0.9783333300000000E+000  0.1137473200000000E+001 -0.1424727571839234E-001  0.1419724075549970E-001  0.1424129312141005E-001 -0.3823418217410888E-003  0.3154674781988928E-012
 0.9816666700000000E+000  0.1137473200000000E+001 -0.1201413966445491E-001  0.1198821190746542E-001  0.1200988547202313E-001 -0.2737130589836300E-003  0.2220380530582014E-013
 0.9847222200000000E+000  0.1137473200000000E+001 -0.9980497346029083E-002  0.9973199839509858E-002  0.9977561450156087E-002 -0.1900535869248792E-003  0.9868847316893270E-015
 0.9875000000000000E+000  0.1137473200000000E+001 -0.8142733272749348E-002  0.8149591546035810E-002  0.8140779022546800E-002 -0.1272089612196761E-003  0.1343161035662752E-016
 0.9900000000000000E+000  0.1137473200000000E+001 -0.6497629582950281E-002  0.6515062103399420E-002  0.6496385205229602E-002 -0.8140308634025555E-004  0.4223279090206530E-018
 0.9922222200000000E+000  0.1137473200000000E+001 -0.5042324559950575E-002  0.5067542486094205E-002  0.5041575173620146E-002 -0.4923772450591781E-004  0.1733120776636886E-019
 0.9941666700000000E+000  0.1137473200000000E+001 -0.3774299706184657E-002  0.3805210366417112E-002  0.3773879832944696E-002 -0.2769296691885623E-004  0.7494888702474631E-022
 0.9958333300000000E+000  0.1137473200000000E+001 -0.2691394354351206E-002  0.2726525787652234E-002  0.2691180852863583E-002 -0.1412763372196881E-004 -0.3181456604467664E-022
 0.9972222200000000E+000  0.1137473200000000E+001 -0.1791750213944120E-002  0.1829650264138268E-002  0.1791655589872822E-002 -0.6278382819576162E-005  0.3110536310836946E-023
 0.9983333300000000E+000  0.1137473200000000E+001 -0.1073848565749214E-002  0.1114154898060049E-002  0.1073814577168889E-002 -0.2260055424542134E-005 -0.6760367906596137E-022
 0.9991666700000000E+000  0.1137473200000000E+001 -0.5364709319816543E-003  0.5698980789094524E-003  0.5364624491775911E-003 -0.5649748922250505E-006 -0.8341629639122762E-022
 0.9997222200000000E+000  0.1137473200000000E+001 -0.1787259109317602E-003  0.2008053088415213E-003  0.1787249694278710E-003 -0.6277407275768938E-007  0.1827461602378771E-022
 0.1000000000000000E+001  0.1137473200000000E+001 -0.2155507904510132E-026 -0.4740642582737185E-026 -0.1405888991976924E-026  0.8936237790171586E-039  0.9445295432349659E-040

 0.0000000000000000E+000  0.1191638600000000E+001 -0.2811809897441448E+001  0.2262268826816574E+001  0.2310620178158970E+001 -0.8352718342714094E-002  0.5387736426626510E-001
 0.2777777800000000E-003  0.1191638600000000E+001 -0.2811750840718448E+001  0.2262241597931005E+001  0.2310559043445253E+001 -0.8354436873923218E-002  0.5391695175508093E-001
 0.8333333300000000E-003  0.1191638600000000E+001 -0.2811280889194362E+001  0.2262024488530523E+001  0.2310072441587754E+001 -0.8368207007713754E-002  0.5423344793734369E-001
 0.1666666700000000E-002  0.1191638600000000E+001 -0.2809731520989901E+001  0.2261303236644784E+001  0.2308466688523029E+001 -0.8414833431548916E-002  0.5529606071287373E-001
 0.2777777800000000E-002  0.1191638600000000E+001 -0.2806279062408623E+001  0.2259664638213066E+001  0.2304879750363549E+001 -0.8525935706524103E-002  0.5777572311625385E-001
 0.4166666700000000E-002  0.1191638600000000E+001 -0.2800324329958554E+001  0.2256725922912216E+001  0.2298659721953447E+001 -0.8744165793979587E-002  0.6246140149374516E-001
 0.5833333300000000E-002  0.1191638600000000E+001 -0.2791965700549335E+001  0.2252315379463619E+001  0.2289836050382244E+001 -0.9121571991920206E-002  0.7011353977214249E-001
 0.7777777800000000E-002  0.1191638600000000E+001 -0.2782146662991230E+001  0.2246578327492251E+001  0.2279265323393836E+001 -0.9713205392998395E-002  0.8129908530027194E-001
 0.1000000000000000E-001  0.1191638600000000E+001 -0.2772228503705552E+001  0.2239896629980731E+001  0.2268204122342311E+001 -0.1056594602960593E-001  0.9629126000502902E-001
 0.1250000000000000E-001  0.1191638600000000E+001 -0.2763360707501437E+001  0.2232686041287922E+001  0.2257683439537573E+001 -0.1170871316498793E-001  0.1150786078389515E+000
 0.1527777800000000E-001  0.1191638600000000E+001 -0.2756168587749377E+001  0.2225236579815504E+001  0.2248204663729210E+001 -0.1315058037664602E-001  0.1374476882035426E+000
 0.1833333300000000E-001  0.1191638600000000E+001 -0.2750813182991243E+001  0.2217666526846156E+001  0.2239811377448228E+001 -0.1488613051952425E-001  0.1630728833419536E+000
 0.2166666700000000E-001  0.1191638600000000E+001 -0.2747179706657940E+001  0.2209949450903705E+001  0.2232292681134264E+001 -0.1690267998429687E-001  0.1915743486633786E+000
 0.2527777800000000E-001  0.1191638600000000E+001 -0.2745019731276946E+001  0.2201956817266689E+001  0.2225343737424868E+001 -0.1918555597268915E-001  0.2225393645045901E+000
 0.2916666700000000E-001  0.1191638600000000E+001 -0.2744010162447328E+001  0.2193487906922098E+001  0.2218647800784868E+001 -0.2172075227080006E-001  0.2555175204309900E+000
 0.3333333300000000E-001  0.1191638600000000E+001 -0.2743751356025560E+001  0.2184282739708545E+001  0.2211903308666848E+001 -0.2449574657110448E-001  0.2900002656538077E+000
 0.3777777800000000E-001  0.1191638600000000E+001 -0.2743731273108299E+001  0.2174022901679874E+001  0.2204823080690955E+001 -0.2749939887041980E-001  0.3253925908824885E+000
 0.4250000000000000E-001  0.1191638600000000E+001 -0.2743274416255050E+001  0.2162326990339651E+001  0.2197122185079619E+001 -0.3072149993174346E-001  0.3609825758524356E+000
 0.4750000000000000E-001  0.1191638600000000E+001 -0.2741490371852974E+001  0.2148747200152188E+001  0.2188502657009764E+001 -0.3415228034264335E-001  0.3959159973651445E+000
 0.5277777800000000E-001  0.1191638600000000E+001 -0.2737239616012098E+001  0.2132773931822605E+001  0.2178639572802830E+001 -0.3778198617468187E-001  0.4291861292670663E+000
 0.5833333300000000E-001  0.1191638600000000E+001 -0.2729140949786327E+001  0.2113855576699399E+001  0.2167172264104573E+001 -0.4160056926871189E-001  0.4596531692091924E+000
 0.6416666700000000E-001  0.1191638600000000E+001 -0.2715648985752050E+001  0.2091439566584093E+001  0.2153705193124647E+001 -0.4559748889322821E-001  0.4861086682307651E+000
 0.7027777800000000E-001  0.1191638600000000E+001 -0.2695221372413198E+001  0.2065036183741909E+001  0.2137823302565178E+001 -0.4976158986118626E-001  0.5073931701250927E+000
 0.7666666699999999E-001  0.1191638600000000E+001 -0.2666564766783762E+001  0.2034297182406633E+001  0.2119124375246005E+001 -0.5408104125894937E-001  0.5225562494975202E+000
 0.8333333300000000E-001  0.1191638600000000E+001 -0.2628900957036098E+001  0.1999090091786522E+001  0.2097265297768195E+001 -0.5854328937496288E-001  0.5310207644844537E+000
 0.9027777800000000E-001  0.1191638600000000E+001 -0.2582157858735621E+001  0.1959542663112564E+001  0.2072011372018915E+001 -0.6313502535323447E-001  0.5326948493145751E+000
 0.9750000000000000E-001  0.1191638600000000E+001 -0.2527002117985058E+001  0.1916038522878978E+001  0.2043273300563628E+001 -0.6784215200765982E-001  0.5279848176870140E+000
 0.1050000000000000E+000  0.1191638600000000E+001 -0.2464696680651028E+001  0.1869163292332422E+001  0.2011119239651341E+001 -0.7264976951804016E-001  0.5177019670499231E+000
 0.1127777800000000E+000  0.1191638600000000E+001 -0.2396845829069750E+001  0.1819620141459151E+001  0.1975759228396626E+001 -0.7754216015935345E-001  0.5029011501958437E+000
 0.1208333300000000E+000  0.1191638600000000E+001 -0.2325125871898799E+001  0.1768141797688118E+001  0.1937509592854840E+001 -0.8250276032249469E-001  0.4847091534373043E+000
 0.1291666700000000E+000  0.1191638600000000E+001 -0.2251077727637361E+001  0.1715419895277645E+001  0.1896749476960495E+001 -0.8751415030385265E-001  0.4641887346030267E+000
 0.1377777800000000E+000  0.1191638600000000E+001 -0.2175991537348286E+001  0.1662061688416185E+001  0.1853881223899867E+001 -0.9255795735900256E-001  0.4422572636027048E+000
 0.1466666700000000E+000  0.1191638600000000E+001 -0.2100870233720940E+001  0.1608570848449422E+001  0.1809299466443838E+001 -0.9761483152542037E-001  0.4196547526659188E+000
 0.1558333300000000E+000  0.1191638600000000E+001 -0.2026446698388508E+001  0.1555347057921010E+001  0.1763371574388034E+001 -0.1026643465387381E+000  0.3969465596479850E+000
 0.1652777800000000E+000  0.1191638600000000E+001 -0.1953225692157207E+001  0.1502695459349161E+001  0.1716426923195627E+001 -0.1076849650247435E+000  0.3745443692614007E+000
 0.1750000000000000E+000  0.1191638600000000E+001 -0.1881533608443356E+001  0.1450841341207328E+001  0.1668753569222541E+001 -0.1126539518359792E+000  0.3527342755863586E+000
 0.1850000000000000E+000  0.1191638600000000E+001 -0.1811563672584845E+001  0.1399944806752489E+001  0.1620598592959935E+001 -0.1175473825130928E+000  0.3317043885792406E+000
 0.1952777800000000E+000  0.1191638600000000E+001 -0.1743414328246581E+001  0.1350114849435843E+001  0.1572171441625710E+001 -0.1223401154411010E+000  0.3115692667396324E+000
 0.2058333300000000E+000  0.1191638600000000E+001 -0.1677118857367523E+001  0.1301421155289712E+001  0.1523648198263032E+001 -0.1270058120213695E+000  0.2923897538116490E+000
 0.2166666700000000E+000  0.1191638600000000E+001 -0.1612667208724005E+001  0.1253903547676376E+001  0.1475175978332025E+001 -0.1315170007737571E+000  0.2741883720977899E+000
 0.2277777800000000E+000  0.1191638600000000E+001 -0.1550022362463088E+001  0.1207579919524536E+001  0.1426877664610533E+001 -0.1358451234409376E+000  0.2569611378146233E+000
 0.2391666700000000E+000  0.1191638600000000E+001 -0.1489131125232501E+001  0.1162451824575408E+001  0.1378855608515020E+001 -0.1399606731466061E+000  0.2406860904632703E+000
 0.2508333300000000E+000  0.1191638600000000E+001 -0.1429932153876919E+001  0.1118509205824012E+001  0.1331195376434197E+001 -0.1438333169303044E+000  0.2253296702881639E+000
 0.2627777800000000E+000  0.1191638600000000E+001 -0.1372360909944167E+001  0.1075733618430858E+001  0.1283968564155875E+001 -0.1474320922141377E+000  0.2108511700591150E+000
 0.2750000000000000E+000  0.1191638600000000E+001 -0.1316353438325915E+001  0.1034101054564502E+001  0.1237235627254454E+001 -0.1507256021944336E+000  0.1972060294300994E+000
 0.2875000000000000E+000  0.1191638600000000E+001 -0.1261848202184153E+001  0.9935836020922468E+000  0.1191047723023808E+001 -0.1536822960251230E+000  0.1843479887307422E+000
 0.3002777800000000E+000  0.1191638600000000E+001 -0.1208787590030775E+001  0.9541510085010412E+000  0.1145448620439067E+001 -0.1562707564780757E+000  0.1722306807249073E+000
 0.3133333300000000E+000  0.1191638600000000E+001 -0.1157118621810152E+001  0.9157717176417693E+000  0.1100476125621373E+001 -0.1584600438325484E+000  0.1608086654360455E+000
 0.3266666700000000E+000  0.1191638600000000E+001 -0.1106793104834757E+001  0.8784135167271061E+000  0.1056163106604461E+001 -0.1602200861310395E+000  0.1500380751055265E+000
 0.3402777800000000E+000  0.1191638600000000E+001 -0.1057767946359543E+001  0.8420442904154657E+000  0.1012538664535818E+001 -0.1615220921661573E+000  0.1398770976517145E+000
 0.3541666700000000E+000  0.1191638600000000E+001 -0.1010004743995648E+001  0.8066322146127940E+000  0.9696286390665353E+000 -0.1623390222335513E+000  0.1302861627564156E+000
 0.3683333300000000E+000  0.1191638600000000E+001 -0.9634697117428457E+000  0.7721461688468532E+000  0.9274563514877326E+000 -0.1626460750808589E+000  0.1212281006062185E+000
 0.3827777800000000E+000  0.1191638600000000E+001 -0.9181331775386630E+000  0.7385557985452244E+000  0.8860428972719157E+000 -0.1624212079989630E+000  0.1126681430372692E+000
 0.3975000000000000E+000  0.1191638600000000E+001 -0.8739694295925416E+000  0.7058318046383607E+000  0.8454076823232393E+000 -0.1616456713954442E+000  0.1045739452701215E+000
 0.4125000000000000E+000  0.1191638600000000E+001 -0.8309560867840455E+000  0.6739458517269500E+000  0.8055684547141981E+000 -0.1603045506254420E+000  0.9691548550822968E-001
 0.4277777800000000E+000  0.1191638600000000E+001 -0.7890738067215138E+000  0.6428707005357944E+000  0.7665415758692522E+000 -0.1583873030240393E+000  0.8966501037458338E-001
 0.4433333300000000E+000  0.1191638600000000E+001 -0.7483058570587201E+000  0.6125802159921843E+000  0.7283421045407913E+000 -0.1558882776882943E+000  0.8279694415405466E-001
 0.4591666700000000E+000  0.1191638600000000E+001 -0.7086375929989673E+000  0.5830492847203580E+000  0.6909837341516307E+000 -0.1528071929872087E+000  0.7628778031778231E-001
 0.4752777800000000E+000  0.1191638600000000E+001 -0.6700562273270416E+000  0.5542539310283923E+000  0.6544789528128175E+000 -0.1491495835485575E+000  0.7011602410946068E-001
 0.4916666700000000E+000  0.1191638600000000E+001 -0.6325502538328100E+000  0.5261711573150931E+000  0.6188388316086189E+000 -0.1449271570367317E+000  0.6426208348904465E-001
 0.5083333300000000E+000  0.1191638600000000E+001 -0.5961091874037935E+000  0.4987790030286360E+000  0.5840730702108755E+000 -0.1401580931994985E+000  0.5870822122903144E-001
 0.5247222200000000E+000  0.1191638600000000E+001 -0.5618576675452279E+000  0.4729153615141343E+000  0.5512780377999937E+000 -0.1350472340213946E+000  0.5360558479614608E-001
 0.5408333300000000E+000  0.1191638600000000E+001 -0.5296364950507310E+000  0.4484606485700350E+000  0.5203267689353330E+000 -0.1296618303013422E+000  0.4890767693666246E-001
 0.5566666700000000E+000  0.1191638600000000E+001 -0.4993015859167456E+000  0.4253083890547976E+000  0.4911019068122258E+000 -0.1240654568252166E+000  0.4457467925694393E-001
 0.5722222200000000E+000  0.1191638600000000E+001 -0.4707220237267267E+000  0.4033634753194578E+000  0.4634948334243738E+000 -0.1183175913444542E+000  0.4057236309248893E-001
 0.5875000000000000E+000  0.1191638600000000E+001 -0.4437782610541045E+000  0.3825405499782260E+000  0.4374047192401190E+000 -0.1124732734195407E+000  0.3687117500499252E-001
 0.6025000000000000E+000  0.1191638600000000E+001 -0.4183608798190670E+000  0.3627628329495623E+000  0.4127379421828408E+000 -0.1065829269760267E+000  0.3344552265521370E-001
 0.6172222200000000E+000  0.1191638600000000E+001 -0.3943693795700152E+000  0.3439609897753393E+000  0.3894074037809231E+000 -0.1006922448492913E+000  0.3027316084037006E-001
 0.6316666700000000E+000  0.1191638600000000E+001 -0.3717112273034385E+000  0.3260722215804133E+000  0.3673319977074034E+000 -0.9484217731684672E-001  0.2733469116199453E-001
 0.6458333300000000E+000  0.1191638600000000E+001 -0.3503011123834123E+000  0.3090395361435451E+000  0.3464361995261832E+000 -0.8906901418558716E-001  0.2461315082743945E-001
 0.6597222200000000E+000  0.1191638600000000E+001 -0.3300601481407847E+000  0.2928109952910355E+000  0.3266495427403466E+000 -0.8340448614200863E-001  0.2209364495393534E-001
 0.6733333300000000E+000  0.1191638600000000E+001 -0.3109153835864332E+000  0.2773392259317558E+000  0.3079063486016558E+000 -0.7787597441120357E-001  0.1976305909326700E-001
 0.6866666700000000E+000  0.1191638600000000E+001 -0.2927992103725460E+000  0.2625808644397805E+000  0.2901453150853532E+000 -0.7250671143074114E-001  0.1760979086421370E-001
 0.6997222200000000E+000  0.1191638600000000E+001 -0.2756489763223516E+000  0.2484961820669339E+000  0.2733092769532878E+000 -0.6731605111645124E-001  0.1562353318189803E-001
 0.7125000000000000E+000  0.1191638600000000E+001 -0.2594064878216456E+000  0.2350486328506408E+000  0.2573448319293876E+000 -0.6231971063467540E-001  0.1379506529772139E-001
 0.7250000000000000E+000  0.1191638600000000E+001 -0.2440177428118966E+000  0.2222046016766450E+000  0.2422021729484356E+000 -0.5753007970199337E-001  0.1211608762341629E-001
 0.7372222200000000E+000  0.1191638600000000E+001 -0.2294325544809873E+000  0.2099330729893651E+000  0.2278347968066722E+000 -0.5295649055018414E-001  0.1057905700398664E-001
 0.7491666700000000E+000  0.1191638600000000E+001 -0.2156042612195045E+000  0.1982053787028268E+000  0.2141992841070215E+000 -0.4860550313576285E-001  0.9177042691679942E-002
 0.7608333300000000E+000  0.1191638600000000E+001 -0.2024895076097944E+000  0.1869950137605095E+000  0.2012551383443504E+000 -0.4448119865776359E-001  0.7903597968762869E-002
 0.7722222200000000E+000  0.1191638600000000E+001 -0.1900479228271535E+000  0.1762773702690107E+000  0.1889645147989272E+000 -0.4058542403440405E-001  0.6752628742641129E-002
 0.7833333300000000E+000  0.1191638600000000E+001 -0.1782419795073191E+000  0.1660296301061907E+000  0.1772921200789011E+000 -0.3691807457782584E-001  0.5718286421848309E-002
 0.7941666700000000E+000  0.1191638600000000E+001 -0.1670367360129854E+000  0.1562305618093470E+000  0.1662049905256054E+000 -0.3347732032860122E-001  0.4794855662626847E-002
 0.8047222200000000E+000  0.1191638600000000E+001 -0.1563997031605981E+000  0.1468604280312152E+000  0.1556723886243678E+000 -0.3025985068912782E-001  0.3976660108664480E-002
 0.8149999999999999E+000  0.1191638600000000E+001 -0.1463006015779973E+000  0.1379007996156353E+000  0.1456655871224709E+000 -0.2726106500003168E-001  0.3257967242177725E-002
 0.8250000000000000E+000  0.1191638600000000E+001 -0.1367112754744775E+000  0.1293345086035453E+000  0.1361578046408920E+000 -0.2447529039450629E-001  0.2632915859635475E-002
 0.8347222200000000E+000  0.1191638600000000E+001 -0.1276055068995127E+000  0.1211455149610332E+000  0.1271240400794627E+000 -0.2189594941909222E-001  0.2095448689279654E-002
 0.8441666700000000E+000  0.1191638600000000E+001 -0.1189588828818990E+000  0.1133188203085272E+000  0.1185409571690556E+000 -0.1951572466033933E-001  0.1639265950274602E-002
 0.8533333300000000E+000  0.1191638600000000E+001 -0.1107487080195429E+000  0.1058404233088846E+000  0.1103868123874604E+000 -0.1732671715676374E-001  0.1257801895778560E-002
 0.8622222200000000E+000  0.1191638600000000E+001 -0.1029538263782875E+000  0.9869719263556818E-001  0.1026412913663343E+000 -0.1532056266338791E-001  0.9442221931728279E-003
 0.8708333300000000E+000  0.1191638600000000E+001 -0.9555457865507100E-001  0.9187686230485376E-001  0.9528547836756941E-001 -0.1348856809063572E-001  0.6914578085072096E-003
 0.8791666700000000E+000  0.1191638600000000E+001 -0.8853265951088717E-001  0.8536793534939234E-001  0.8830172552939167E-001 -0.1182180588681442E-001  0.4922675582959635E-003
 0.8872222200000000E+000  0.1191638600000000E+001 -0.8187106886916859E-001  0.7915967273678326E-001  0.8167361449403443E-001 -0.1031121781327903E-001  0.3393393558959738E-003
 0.8950000000000000E+000  0.1191638600000000E+001 -0.7555396842530665E-001  0.7324199308025783E-001  0.7538582278677901E-001 -0.8947683047883508E-002  0.2254227807913969E-003
 0.9025000000000000E+000  0.1191638600000000E+001 -0.6956666086715803E-001  0.6760548480311697E-001  0.6942411128456109E-001 -0.7722102685415799E-002  0.1434935723563347E-003
 0.9097222200000000E+000  0.1191638600000000E+001 -0.6389548296685973E-001  0.6224133639581524E-001  0.6377522501105838E-001 -0.6625453417066778E-002  0.8693432647236134E-004
 0.9166666700000000E+000  0.1191638600000000E+001 -0.5852773756510075E-001  0.5714130080598576E-001  0.5842683162836888E-001 -0.5648840635391411E-002  0.4971855231136084E-004
 0.9233333300000000E+000  0.1191638600000000E+001 -0.5345166037012940E-001  0.5229769110020217E-001  0.5336749368366026E-001 -0.4783548661305976E-002  0.2657616418051372E-004
 0.9297222200000000E+000  0.1191638600000000E+001 -0.4865630661386588E-001  0.4770329787036819E-001  0.4858656012128907E-001 -0.4021069033291439E-002  0.1311638356152839E-004
 0.9358333300000000E+000  0.1191638600000000E+001 -0.4413154939218732E-001  0.4335141106599510E-001  0.4407416833543570E-001 -0.3353141760477048E-002  0.5887527876961198E-005
 0.9416666700000000E+000  0.1191638600000000E+001 -0.3986799069987745E-001  0.3923575674259781E-001  0.3982115858154163E-001 -0.2771775824397404E-002  0.2358673170861080E-005
 0.9472222200000000E+000  0.1191638600000000E+001 -0.3585695102867374E-001  0.3535050752877970E-001  0.3581906622808015E-001 -0.2269276727776790E-002  0.8235592051613817E-006
 0.9525000000000000E+000  0.1191638600000000E+001 -0.3209037495205633E-001  0.3169021045643834E-001  0.3206002981965228E-001 -0.1838258245856164E-002  0.2431205914742592E-006
 0.9575000000000000E+000  0.1191638600000000E+001 -0.2856084193225862E-001  0.2824981509883568E-001  0.2853680381404411E-001 -0.1471664206207467E-002  0.5833932575276658E-007
 0.9622222200000000E+000  0.1191638600000000E+001 -0.2526150070589722E-001  0.2502462642223298E-001  0.2524269483111268E-001 -0.1162777191721716E-002  0.1080514404773092E-007
 0.9666666700000000E+000  0.1191638600000000E+001 -0.2218603608768602E-001  0.2201028765979276E-001  0.2217153003408101E-001 -0.9052289464263710E-003  0.1441798172616644E-008
 0.9708333300000000E+000  0.1191638600000000E+001 -0.1932866588445245E-001  0.1920279160946293E-001  0.1931765540843618E-001 -0.6930105663729209E-003  0.1269111808235213E-009
 0.9747222200000000E+000  0.1191638600000000E+001 -0.1668406460120955E-001  0.1659841899124295E-001  0.1667586077296055E-001 -0.5204748355895250E-003  0.6926854184829067E-011
 0.9783333300000000E+000  0.1191638600000000E+001 -0.1424738609746787E-001  0.1419377286580386E-001  0.1424140347116126E-001 -0.3823447262919290E-003  0.3230610155274103E-012
 0.9816666700000000E+000  0.1191638600000000E+001 -0.1201420627241813E-001  0.1198573354317849E-001  0.1200995206515865E-001 -0.2737145508449557E-003  0.2273825531174392E-013
 0.9847222200000000E+000  0.1191638600000000E+001 -0.9980535753783668E-002  0.9971481658108948E-002  0.9977599850848904E-002 -0.1900543076439666E-003  0.1010637045875899E-014
 0.9875000000000000E+000  0.1191638600000000E+001 -0.8142754240315759E-002  0.8148443128678318E-002  0.8140799986984347E-002 -0.1272092846953729E-003  0.1375495689950018E-016
 0.9900000000000000E+000  0.1191638600000000E+001 -0.6497640286827779E-002  0.6514328136359529E-002  0.6496395907838490E-002 -0.8140321901783952E-004  0.4324110840145806E-018
 0.9922222200000000E+000  0.1191638600000000E+001 -0.5042329583077488E-002  0.5067099029869472E-002  0.5041580196286978E-002 -0.4923777311749253E-004  0.1783243390714818E-019
 0.9941666700000000E+000  0.1191638600000000E+001 -0.3774301820478913E-002  0.3804961192917498E-002  0.3773881947094528E-002 -0.2769298231564029E-004  0.9343053448318991E-022
 0.9958333300000000E+000  0.1191638600000000E+001 -0.2691395123364689E-002  0.2726398776153030E-002  0.2691181621839729E-002 -0.1412763773338239E-004  0.3314110164006704E-022
 0.9972222200000000E+000  0.1191638600000000E+001 -0.1791750441429229E-002  0.1829593858355713E-002  0.1791655817350601E-002 -0.6278383612520480E-005 -0.7793975791558908E-023
 0.9983333300000000E+000  0.1191638600000000E+001 -0.1073848614822236E-002  0.1114134604531844E-002  0.1073814626240968E-002 -0.2260055527366345E-005  0.8134323415791089E-022
 0.9991666700000000E+000  0.1191638600000000E+001 -0.5364709381096858E-003  0.5698930079484196E-003  0.5364624553055639E-003 -0.5649748986541132E-006  0.1387837954939291E-021
 0.9997222200000000E+000  0.1191638600000000E+001 -0.1787259111585856E-003  0.2008047455620105E-003  0.1787249696546954E-003 -0.6277407283708652E-007  0.9764913499866789E-023
 0.1000000000000000E+001  0.1191638600000000E+001  0.5453572994519630E-027 -0.1882299893771215E-026 -0.1159078772258683E-026  0.5209793935169102E-039 -0.9182368036910757E-040

 0.0000000000000000E+000  0.1242193000000000E+001 -0.2812790794193555E+001  0.2261287940808566E+001  0.2311531424519491E+001 -0.8352718342714094E-002  0.5489579252332588E-001
 0.2777777800000000E-003  0.1242193000000000E+001 -0.2812731098057119E+001  0.2261261278429669E+001  0.2311469512046063E+001 -0.8354437445540697E-002  0.5493613650594752E-001
 0.8333333300000000E-003  0.1242193000000000E+001 -0.2812256080297203E+001  0.2261048677190401E+001  0.2310976734083883E+001 -0.8368212060466448E-002  0.5525868140576443E-001
 0.1666666700000000E-002  0.1242193000000000E+001 -0.2810690295651331E+001  0.2260342292175151E+001  0.2309350788716770E+001 -0.8414852439602050E-002  0.5634161096458175E-001
 0.2777777800000000E-002  0.1242193000000000E+001 -0.2807202924878749E+001  0.2258736853985670E+001  0.2305719829652891E+001 -0.8525981329042686E-002  0.5886873681234394E-001
 0.4166666700000000E-002  0.1242193000000000E+001 -0.2801194072323172E+001  0.2255855498365988E+001  0.2299427326271873E+001 -0.8744242954534454E-002  0.6364431795237863E-001
 0.5833333300000000E-002  0.1242193000000000E+001 -0.2792775557399896E+001  0.2251526133608888E+001  0.2290510553369578E+001 -0.9121663543759409E-002  0.7144393041481024E-001
 0.7777777800000000E-002  0.1242193000000000E+001 -0.2782919552894668E+001  0.2245886548812458E+001  0.2279846971996084E+001 -0.9713271686682198E-002  0.8284670076682582E-001
 0.1000000000000000E-001  0.1242193000000000E+001 -0.2773022454181934E+001  0.2239308679660208E+001  0.2268717975177903E+001 -0.1056594515938817E-001  0.9813362963552331E-001
 0.1250000000000000E-001  0.1242193000000000E+001 -0.2764264956467502E+001  0.2232202347546520E+001  0.2258172998224918E+001 -0.1170862288487838E-001  0.1172973269359510E+000
 0.1527777800000000E-001  0.1242193000000000E+001 -0.2757296751892615E+001  0.2224858421828785E+001  0.2248722756147392E+001 -0.1315040439579649E-001  0.1401267874399581E+000
 0.1833333300000000E-001  0.1242193000000000E+001 -0.2752299788791697E+001  0.2217401561458149E+001  0.2240414563601465E+001 -0.1488589335783047E-001  0.1662993564632442E+000
 0.2166666700000000E-001  0.1242193000000000E+001 -0.2749180908801709E+001  0.2209814563802735E+001  0.2233039936139384E+001 -0.1690242125670375E-001  0.1954401164746486E+000
 0.2527777800000000E-001  0.1242193000000000E+001 -0.2747716226842963E+001  0.2201978754840134E+001  0.2226297495937042E+001 -0.1918532863205667E-001  0.2271437678733699E+000
 0.2916666700000000E-001  0.1242193000000000E+001 -0.2747610153620295E+001  0.2193702460729162E+001  0.2219875593194305E+001 -0.2172062410966549E-001  0.2609694665761360E+000
 0.3333333300000000E-001  0.1242193000000000E+001 -0.2748491745794924E+001  0.2184732856416742E+001  0.2213479015834979E+001 -0.2449580303860434E-001  0.2964190804895921E+000
 0.3777777800000000E-001  0.1242193000000000E+001 -0.2749875124804689E+001  0.2174755630799591E+001  0.2206827311661835E+001 -0.2749974574751931E-001  0.3329063894647161E+000
 0.4250000000000000E-001  0.1242193000000000E+001 -0.2751102058677438E+001  0.2163388866902824E+001  0.2199641386798053E+001 -0.3072226519194942E-001  0.3697226038673815E+000
 0.4750000000000000E-001  0.1242193000000000E+001 -0.2751280861137537E+001  0.2150177563385172E+001  0.2191626482819530E+001 -0.3415361530593134E-001  0.4060051648175463E+000
 0.5277777800000000E-001  0.1242193000000000E+001 -0.2749239400738053E+001  0.2134595915114230E+001  0.2182455945451837E+001 -0.3778406680066589E-001  0.4407202797484635E+000
 0.5833333300000000E-001  0.1242193000000000E+001 -0.2743518880079973E+001  0.2116065257387480E+001  0.2171759687037503E+001 -0.4160359888703792E-001  0.4726751993056186E+000
 0.6416666700000000E-001  0.1242193000000000E+001 -0.2732442545975718E+001  0.2093995125957306E+001  0.2159122433462355E+001 -0.4560170330174164E-001  0.5005789791571901E+000
 0.7027777800000000E-001  0.1242193000000000E+001 -0.2714287797568897E+001  0.2067850563602811E+001  0.2144097740925810E+001 -0.4976726411657147E-001  0.5231646369287872E+000
 0.7666666699999999E-001  0.1242193000000000E+001 -0.2687558160967791E+001  0.2037238576902769E+001  0.2126241836790442E+001 -0.5408849514753200E-001  0.5393653963837726E+000
 0.8333333300000000E-001  0.1242193000000000E+001 -0.2651294599200792E+001  0.2001993232103320E+001  0.2105165106166855E+001 -0.5855288728092818E-001  0.5485049439489709E+000
 0.9027777800000000E-001  0.1242193000000000E+001 -0.2605314630277501E+001  0.1962229821379727E+001  0.2080589532956956E+001 -0.6314716799834214E-001  0.5504358249679012E+000
 0.9750000000000000E-001  0.1242193000000000E+001 -0.2550272491114600E+001  0.1918344444094966E+001  0.2052393880519849E+001 -0.6785726196153931E-001  0.5455664926282545E+000
 0.1050000000000000E+000  0.1242193000000000E+001 -0.2487510067177977E+001  0.1870956247030381E+001  0.2020630689254577E+001 -0.7266827624722098E-001  0.5347631357929399E+000
 0.1127777800000000E+000  0.1242193000000000E+001 -0.2418767829336427E+001  0.1820813542571014E+001  0.1985510794508486E+001 -0.7756449047859811E-001  0.5191682599717282E+000
 0.1208333300000000E+000  0.1242193000000000E+001 -0.2345873911002845E+001  0.1768695432689945E+001  0.1947363893636383E+001 -0.8252933667573482E-001  0.5000050721554165E+000
 0.1291666700000000E+000  0.1242193000000000E+001 -0.2270504972157144E+001  0.1715333546952623E+001  0.1906589657118783E+001 -0.8754539538676567E-001  0.4784230745244810E+000
 0.1377777800000000E+000  0.1242193000000000E+001 -0.2194055294005985E+001  0.1661365170377313E+001  0.1863613202836915E+001 -0.9259430150752987E-001  0.4554073825166485E+000
 0.1466666700000000E+000  0.1242193000000000E+001 -0.2117598158381197E+001  0.1607313727197606E+001  0.1818850814360268E+001 -0.9765671960026277E-001  0.4317450852692157E+000
 0.1558333300000000E+000  0.1242193000000000E+001 -0.2041908201936630E+001  0.1553589924827784E+001  0.1772688614269278E+001 -0.1027122421138133E+000  0.4080307001651727E+000
 0.1652777800000000E+000  0.1242193000000000E+001 -0.1967510889976051E+001  0.1500503378155214E+001  0.1725471249009777E+001 -0.1077393510525604E+000  0.3846914681886443E+000
 0.1750000000000000E+000  0.1242193000000000E+001 -0.1894739355242915E+001  0.1448279381446389E+001  0.1677498692126993E+001 -0.1127153276391391E+000  0.3620196581324856E+000
 0.1850000000000000E+000  0.1242193000000000E+001 -0.1823785107856280E+001  0.1397075253715885E+001  0.1629027044329850E+001 -0.1176162575150463E+000  0.3402035731673229E+000
 0.1952777800000000E+000  0.1242193000000000E+001 -0.1754740289027897E+001  0.1346995640539820E+001  0.1580272433210152E+001 -0.1224169999987975E+000  0.3193544626480855E+000
 0.2058333300000000E+000  0.1242193000000000E+001 -0.1687629790623110E+001  0.1298105146320990E+001  0.1531415812448634E+001 -0.1270912058126207E+000  0.2995280298446297E+000
 0.2166666700000000E+000  0.1242193000000000E+001 -0.1622434594658209E+001  0.1250438308107436E+001  0.1482607809853254E+001 -0.1316113791557516E+000  0.2807408882472193E+000
 0.2277777800000000E+000  0.1242193000000000E+001 -0.1559108996336142E+001  0.1204007846708956E+001  0.1433973827714503E+001 -0.1359489220397013E+000  0.2629830236708425E+000
 0.2391666700000000E+000  0.1242193000000000E+001 -0.1497591829252488E+001  0.1158810432693422E+001  0.1385618022204978E+001 -0.1400742711362160E+000  0.2462266828117521E+000
 0.2508333300000000E+000  0.1242193000000000E+001 -0.1437814675188922E+001  0.1114831500411985E+001  0.1337627261808465E+001 -0.1439570192718332E+000  0.2304329392135471E+000
 0.2627777800000000E+000  0.1242193000000000E+001 -0.1379706854008989E+001  0.1072048499786393E+001  0.1290074095509014E+001 -0.1475661113573680E+000  0.2155562207884944E+000
 0.2750000000000000E+000  0.1242193000000000E+001 -0.1323199165852754E+001  0.1030433717729258E+001  0.1243019697798221E+001 -0.1508700396240619E+000  0.2015476211980764E+000
 0.2875000000000000E+000  0.1242193000000000E+001 -0.1268225645350533E+001  0.9899559152491700E+000  0.1196515789339422E+001 -0.1538371243336573E+000  0.1883570307657441E+000
 0.3002777800000000E+000  0.1242193000000000E+001 -0.1214724978712199E+001  0.9505818612536019E+000  0.1150606604963911E+001 -0.1564358025088086E+000  0.1759346916233050E+000
 0.3133333300000000E+000  0.1242193000000000E+001 -0.1162641116290573E+001  0.9122773359158690E+000  0.1105330358549902E+001 -0.1586349736378130E+000  0.1642321872367885E+000
 0.3266666700000000E+000  0.1242193000000000E+001 -0.1111923338996803E+001  0.8750077446924861E+000  0.1060720293540784E+001 -0.1604043925390829E+000  0.1532030401711860E+000
 0.3402777800000000E+000  0.1242193000000000E+001 -0.1062526492806281E+001  0.8387388405829583E+000  0.1016805873070084E+001 -0.1617150856720989E+000  0.1428031526776421E+000
 0.3541666700000000E+000  0.1242193000000000E+001 -0.1014410505772551E+001  0.8034368896385368E+000  0.9736132942459327E+000 -0.1625398261139590E+000  0.1329909506792755E+000
 0.3683333300000000E+000  0.1242193000000000E+001 -0.9675402529793929E+000  0.7690690572351648E+000  0.9311662378429487E+000 -0.1628536254065044E+000  0.1237275070249946E+000
 0.3827777800000000E+000  0.1242193000000000E+001 -0.9218849984074324E+000  0.7356034479733009E+000  0.8894861616297800E+000 -0.1626342592770819E+000  0.1149765098017122E+000
 0.3975000000000000E+000  0.1242193000000000E+001 -0.8774181955706448E+000  0.7030093747258442E+000  0.8485928370198000E+000 -0.1618628083209187E+000  0.1067042571396261E+000
 0.4125000000000000E+000  0.1242193000000000E+001 -0.8341168151921206E+000  0.6712572500081214E+000  0.8085043765609223E+000 -0.1605242063463865E+000  0.9887953174274057E-001
 0.4277777800000000E+000  0.1242193000000000E+001 -0.7919610183067251E+000  0.6403187029894655E+000  0.7692375014781058E+000 -0.1586077839792565E+000  0.9147352616152003E-001
 0.4433333300000000E+000  0.1242193000000000E+001 -0.7509336961540297E+000  0.6101665744906645E+000  0.7308076201754818E+000 -0.1561077948514119E+000  0.8445973428874080E-001
 0.4591666700000000E+000  0.1242193000000000E+001 -0.7110199195048553E+000  0.5807748235180672E+000  0.6932287588639322E+000 -0.1530238989947429E+000  0.7781382745195099E-001
 0.4752777800000000E+000  0.1242193000000000E+001 -0.6722066856006346E+000  0.5521186328405525E+000  0.6565137160419741E+000 -0.1493616148606601E+000  0.7151358487024652E-001
 0.4916666700000000E+000  0.1242193000000000E+001 -0.6344823190960684E+000  0.5241742415396287E+000  0.6206738430596244E+000 -0.1451326799011877E+000  0.6553877321508891E-001
 0.5083333300000000E+000  0.1242193000000000E+001 -0.5978361940737156E+000  0.4969189961906885E+000  0.5857190837368498E+000 -0.1403553518977455E+000  0.5987109012628210E-001
 0.5247222200000000E+000  0.1242193000000000E+001 -0.5633988547889771E+000  0.4711858156945057E+000  0.5527516257852170E+000 -0.1352349453157575E+000  0.5466457713203659E-001
 0.5408333300000000E+000  0.1242193000000000E+001 -0.5310094792753528E+000  0.4468550198782739E+000  0.5216433567177488E+000 -0.1298389952350991E+000  0.4987159324796648E-001
 0.5566666700000000E+000  0.1242193000000000E+001 -0.5005225071939330E+000  0.4238201344137387E+000  0.4922758231457264E+000 -0.1242313532922790E+000  0.4545135905551683E-001
 0.5722222200000000E+000  0.1242193000000000E+001 -0.4718056699089022E+000  0.4019861247145916E+000  0.4645393605131062E+000 -0.1184717588219161E+000  0.4136883368701930E-001
 0.5875000000000000E+000  0.1242193000000000E+001 -0.4447381745567085E+000  0.3812677606926385E+000  0.4383321418609340E+000 -0.1126154916178184E+000  0.3759377312692066E-001
 0.6025000000000000E+000  0.1242193000000000E+001 -0.4192094526477528E+000  0.3615884290088459E+000  0.4135595973868426E+000 -0.1067131902929420E+000  0.3409999519504706E-001
 0.6172222200000000E+000  0.1242193000000000E+001 -0.3951179385857743E+000  0.3428789906191174E+000  0.3901337302848955E+000 -0.1008107341932109E+000  0.3086474835868042E-001
 0.6316666700000000E+000  0.1242193000000000E+001 -0.3723701121934494E+000  0.3250768621249222E+000  0.3679725852395887E+000 -0.9494923078169376E-001  0.2786819766547501E-001
 0.6458333300000000E+000  0.1242193000000000E+001 -0.3508797479774972E+000  0.3081252799132261E+000  0.3469998381277119E+000 -0.8916509783731549E-001  0.2509300248776075E-001
 0.6597222200000000E+000  0.1242193000000000E+001 -0.3305671113888400E+000  0.2919725427433469E+000  0.3271442711339915E+000 -0.8349016581903776E-001  0.2252393931330203E-001
 0.6733333300000000E+000  0.1242193000000000E+001 -0.3113584666937251E+000  0.2765715183039634E+000  0.3083395021503087E+000 -0.7795188940249348E-001  0.2014760685551175E-001
 0.6866666700000000E+000  0.1242193000000000E+001 -0.2931854798622133E+000  0.2618790847057438E+000  0.2905235724161987E+000 -0.7257355047357623E-001  0.1795215103943977E-001
 0.6997222200000000E+000  0.1242193000000000E+001 -0.2759848288309638E+000  0.2478557531791054E+000  0.2736387054756570E+000 -0.6737453112471133E-001  0.1592704289978830E-001
 0.7125000000000000E+000  0.1242193000000000E+001 -0.2596977023296453E+000  0.2344652144213779E+000  0.2576309315296754E+000 -0.6237055824610151E-001  0.1406286467554452E-001
 0.7250000000000000E+000  0.1242193000000000E+001 -0.2442695300353547E+000  0.2216740848683772E+000  0.2424499182276329E+000 -0.5757401576809482E-001  0.1235114072678200E-001
 0.7372222200000000E+000  0.1242193000000000E+001 -0.2296496031104665E+000  0.2094515744932486E+000  0.2280486772901974E+000 -0.5299421741888442E-001  0.1078416905028917E-001
 0.7491666700000000E+000  0.1242193000000000E+001 -0.2157907812875437E+000  0.1977692338878012E+000  0.2143833424882205E+000 -0.4863769459520136E-001  0.9354874012184518E-002
 0.7608333300000000E+000  0.1242193000000000E+001 -0.2026492711704900E+000  0.1866007690823871E+000  0.2014130067732622E+000 -0.4450849234018287E-001  0.8056675122197925E-002
 0.7722222200000000E+000  0.1242193000000000E+001 -0.1901843017764931E+000  0.1759217755345892E+000  0.1890994489154750E+000 -0.4060841597782719E-001  0.6883352791682613E-002
 0.7833333300000000E+000  0.1242193000000000E+001 -0.1783579809874788E+000  0.1657096302257850E+000  0.1774070311185012E+000 -0.3693731573622230E-001  0.5828938900668640E-002
 0.7941666700000000E+000  0.1242193000000000E+001 -0.1671350352324366E+000  0.1559432885931077E+000  0.1663024752499910E+000 -0.3349331470474737E-001  0.4887602180431171E-002
 0.8047222200000000E+000  0.1242193000000000E+001 -0.1564826739403971E+000  0.1466031918013107E+000  0.1557547573179044E+000 -0.3027305485753644E-001  0.4053551974375540E-002
 0.8149999999999999E+000  0.1242193000000000E+001 -0.1463703445443012E+000  0.1376710810834822E+000  0.1457348895261762E+000 -0.2727188872969202E-001  0.3320941121689495E-002
 0.8250000000000000E+000  0.1242193000000000E+001 -0.1367696442334107E+000  0.1291299506740126E+000  0.1362158541188273E+000 -0.2448409817667175E-001  0.2683791926966218E-002
 0.8347222200000000E+000  0.1242193000000000E+001 -0.1276541321493140E+000  0.1209639148436602E+000  0.1271724359469402E+000 -0.2190306265874454E-001  0.2135927389114195E-002
 0.8441666700000000E+000  0.1242193000000000E+001 -0.1189991946490118E+000  0.1131581218628796E+000  0.1185811053486579E+000 -0.1952142435732832E-001  0.1670923791440982E-002
 0.8533333300000000E+000  0.1242193000000000E+001 -0.1107819561622940E+000  0.1056987095853277E+000  0.1104199445229192E+000 -0.1733124691965394E-001  0.1282086731062308E-002
 0.8622222200000000E+000  0.1242193000000000E+001 -0.1029810993774593E+000  0.9857267887987560E-001  0.1026684824048280E+000 -0.1532413190347318E-001  0.9624483965200545E-003
 0.8708333300000000E+000  0.1242193000000000E+001 -0.9557682091297204E-001  0.9176788914591054E-001  0.9530766282377036E-001 -0.1349135530172240E-001  0.7048020611091317E-003
 0.8791666700000000E+000  0.1242193000000000E+001 -0.8855068716461623E-001  0.8527296242658182E-001  0.8831971243025627E-001 -0.1182396190276415E-001  0.5017658015150211E-003
 0.8872222200000000E+000  0.1242193000000000E+001 -0.8188558427351803E-001  0.7907727257540004E-001  0.8168810115046268E-001 -0.1031286898028957E-001  0.3458856611816109E-003
 0.8950000000000000E+000  0.1242193000000000E+001 -0.7556557332798006E-001  0.7317084540184857E-001  0.7539740740332261E-001 -0.8948934246178156E-002  0.2297707431801252E-003
 0.9025000000000000E+000  0.1242193000000000E+001 -0.6957586841980125E-001  0.6754437101930327E-001  0.6943330453531800E-001 -0.7723040169003384E-002  0.1462608450463700E-003
 0.9097222200000000E+000  0.1242193000000000E+001 -0.6390272859412335E-001  0.6218913442987031E-001  0.6378246058594385E-001 -0.6626147436235122E-002  0.8861061020402708E-004
 0.9166666700000000E+000  0.1242193000000000E+001 -0.5853338878164103E-001  0.5709698013843051E-001  0.5843247581932994E-001 -0.5649347828107372E-002  0.5067710562152315E-004
 0.9233333300000000E+000  0.1242193000000000E+001 -0.5345602561944089E-001  0.5226030796508017E-001  0.5337185406404124E-001 -0.4783914206505166E-002  0.2708847809782356E-004
 0.9297222200000000E+000  0.1242193000000000E+001 -0.4865964317248719E-001  0.4767199069353576E-001  0.4858989334266295E-001 -0.4021328563385222E-002  0.1336920168927195E-004
 0.9358333300000000E+000  0.1242193000000000E+001 -0.4413407043655664E-001  0.4332539596960804E-001  0.4407668712282408E-001 -0.3353323042635054E-002  0.6000997921354744E-005
 0.9416666700000000E+000  0.1242193000000000E+001 -0.3986987157999279E-001  0.3921432322478310E-001  0.3982303795876469E-001 -0.2771900218877093E-002  0.2404127347103994E-005
 0.9472222200000000E+000  0.1242193000000000E+001 -0.3585833483032553E-001  0.3533301421743451E-001  0.3582044904640748E-001 -0.2269360439189127E-002  0.8394286599919015E-006
 0.9525000000000000E+000  0.1242193000000000E+001 -0.3209137739832884E-001  0.3167608102665459E-001  0.3206103163511494E-001 -0.1838313382779624E-002  0.2478049835085353E-006
 0.9575000000000000E+000  0.1242193000000000E+001 -0.2856155569882330E-001  0.2823853424673730E-001  0.2853751718479972E-001 -0.1471699668345113E-002  0.5946330982097490E-007
 0.9622222200000000E+000  0.1242193000000000E+001 -0.2526199919587761E-001  0.2501573597391362E-001  0.2524319307885476E-001 -0.1162799402292684E-002  0.1101330506957676E-007
 0.9666666700000000E+000  0.1242193000000000E+001 -0.2218637672232753E-001  0.2200338278073981E-001  0.2217187052460048E-001 -0.9052424486994590E-003  0.1469572690784033E-008
 0.9708333300000000E+000  0.1242193000000000E+001 -0.1932889295770000E-001  0.1919751709750773E-001  0.1931788239865573E-001 -0.6930185023351024E-003  0.1293558519939339E-009
 0.9747222200000000E+000  0.1242193000000000E+001 -0.1668421173803854E-001  0.1659446569643984E-001  0.1667600786369709E-001 -0.5204793236430324E-003  0.7060283758389473E-011
 0.9783333300000000E+000  0.1242193000000000E+001 -0.1424747836015387E-001  0.1419087417421627E-001  0.1424149570933586E-001 -0.3823471541220971E-003  0.3292845041500514E-012
 0.9816666700000000E+000  0.1242193000000000E+001 -0.1201426194787986E-001  0.1198366196686707E-001  0.1201000772822638E-001 -0.2737157978440101E-003  0.2317627756191927E-013
 0.9847222200000000E+000  0.1242193000000000E+001 -0.9980567857499831E-002  0.9970045493945605E-002  0.9977631948662380E-002 -0.1900549100681746E-003  0.1030103843362443E-014
 0.9875000000000000E+000  0.1242193000000000E+001 -0.8142771766341733E-002  0.8147483210359848E-002  0.8140817510395019E-002 -0.1272095550769432E-003  0.1401983040904791E-016
 0.9900000000000000E+000  0.1242193000000000E+001 -0.6497649233795080E-002  0.6513714641827094E-002  0.6496404853745408E-002 -0.8140332991802693E-004  0.4408452601443962E-018
 0.9922222200000000E+000  0.1242193000000000E+001 -0.5042333781714956E-002  0.5066728362275116E-002  0.5041584394539880E-002 -0.4923781375002772E-004  0.1807183361819358E-019
 0.9941666700000000E+000  0.1242193000000000E+001 -0.3774303587734342E-002  0.3804752918690056E-002  0.3773883714229240E-002 -0.2769299518520674E-004  0.7332987361029407E-022
 0.9958333300000000E+000  0.1242193000000000E+001 -0.2691395766152510E-002  0.2726292612315849E-002  0.2691182264596345E-002 -0.1412764108636367E-004 -0.2901696033114235E-022
 0.9972222200000000E+000  0.1242193000000000E+001 -0.1791750631574942E-002  0.1829546711023121E-002  0.1791656007490188E-002 -0.6278384275310956E-005  0.1278953935425900E-022
 0.9983333300000000E+000  0.1242193000000000E+001 -0.1073848655840407E-002  0.1114117641986422E-002  0.1073814667258353E-002 -0.2260055613312983E-005 -0.5597842829694062E-022
 0.9991666700000000E+000  0.1242193000000000E+001 -0.5364709432318614E-003  0.5698887693358358E-003  0.5364624604276901E-003 -0.5649749040279089E-006  0.4634178079406628E-022
 0.9997222200000000E+000  0.1242193000000000E+001 -0.1787259113481800E-003  0.2008042747393037E-003  0.1787249698442888E-003 -0.6277407290345143E-007 -0.6569668518167467E-024
 0.1000000000000000E+001  0.1242193000000000E+001  0.3605911480735318E-026 -0.4138850181494194E-026  0.4596125543307616E-027 -0.1414146296344694E-038  0.1096769769407877E-039

 0.0000000000000000E+000  0.1289136300000000E+001 -0.2813595188295324E+001  0.2260483555533243E+001  0.2312278797062839E+001 -0.8352718342714094E-002  0.5571572543602681E-001
 0.2777777800000000E-003  0.1289136300000000E+001 -0.2813534967211550E+001  0.2260457358371402E+001  0.2312216246349007E+001 -0.8354437913658629E-002  0.5575667880307705E-001
 0.8333333300000000E-003  0.1289136300000000E+001 -0.2813055790152130E+001  0.2260248459209021E+001  0.2311718400201192E+001 -0.8368216198395353E-002  0.5608409620099204E-001
 0.1666666700000000E-002  0.1289136300000000E+001 -0.2811476527666901E+001  0.2259554282286510E+001  0.2310075884838169E+001 -0.8414868006708383E-002  0.5718339214154753E-001
 0.2777777800000000E-002  0.1289136300000000E+001 -0.2807960492839762E+001  0.2257976071211270E+001  0.2306408801996443E+001 -0.8526018695604086E-002  0.5974875479383102E-001
 0.4166666700000000E-002  0.1289136300000000E+001 -0.2801907201091741E+001  0.2255141802985436E+001  0.2300056825926691E+001 -0.8744306160398629E-002  0.6459677080147576E-001
 0.5833333300000000E-002  0.1289136300000000E+001 -0.2793439498928511E+001  0.2250879058011649E+001  0.2291063655402103E+001 -0.9121738552913110E-002  0.7251523033148409E-001
 0.7777777800000000E-002  0.1289136300000000E+001 -0.2783553097376791E+001  0.2245319426004325E+001  0.2280323879283953E+001 -0.9713326017352008E-002  0.8409312650665535E-001
 0.1000000000000000E-001  0.1289136300000000E+001 -0.2773673218358051E+001  0.2238826684589487E+001  0.2269139249624607E+001 -0.1056594445834762E-001  0.9961783369069668E-001
 0.1250000000000000E-001  0.1289136300000000E+001 -0.2765006229697692E+001  0.2231805788844003E+001  0.2258574341564050E+001 -0.1170854888577248E-001  0.1190854224974186E+000
 0.1527777800000000E-001  0.1289136300000000E+001 -0.2758221984700638E+001  0.2224548323278774E+001  0.2249147548572846E+001 -0.1315026008058989E-001  0.1422871435992061E+000
 0.1833333300000000E-001  0.1289136300000000E+001 -0.2753519911302130E+001  0.2217184218189630E+001  0.2240909307777459E+001 -0.1488569873470362E-001  0.1689031704665062E+000
 0.2166666700000000E-001  0.1289136300000000E+001 -0.2750825182449494E+001  0.2209703919921016E+001  0.2233653227858118E+001 -0.1690220866249912E-001  0.1985631920292214E+000
 0.2527777800000000E-001  0.1289136300000000E+001 -0.2749935029166987E+001  0.2201996985142954E+001  0.2227080954426133E+001 -0.1918514127456799E-001  0.2308687810682901E+000
 0.2916666700000000E-001  0.1289136300000000E+001 -0.2750577970341249E+001  0.2193879393638478E+001  0.2220885306016403E+001 -0.2172051727571794E-001  0.2653880231825869E+000
 0.3333333300000000E-001  0.1289136300000000E+001 -0.2752408901295972E+001  0.2185104541017049E+001  0.2214776705852223E+001 -0.2449584637261577E-001  0.3016327959170919E+000
 0.3777777800000000E-001  0.1289136300000000E+001 -0.2754966603467329E+001  0.2175361960146312E+001  0.2208480819391514E+001 -0.2750002540607316E-001  0.3390259913619358E+000
 0.4250000000000000E-001  0.1289136300000000E+001 -0.2757611115907013E+001  0.2164269887369844E+001  0.2201724132483188E+001 -0.3072288533250740E-001  0.3768636936534193E+000
 0.4750000000000000E-001  0.1289136300000000E+001 -0.2759454353037590E+001  0.2151367984623205E+001  0.2194215476337663E+001 -0.3415469903464063E-001  0.4142789675671500E+000
 0.5277777800000000E-001  0.1289136300000000E+001 -0.2759301569059487E+001  0.2136117488188851E+001  0.2185627792187784E+001 -0.3778575735843067E-001  0.4502178275183484E+000
 0.5833333300000000E-001  0.1289136300000000E+001 -0.2755631979989016E+001  0.2117917298844973E+001  0.2175584083707556E+001 -0.4160606227468606E-001  0.4834445911469226E+000
 0.6416666700000000E-001  0.1289136300000000E+001 -0.2746657637674233E+001  0.2096144669250411E+001  0.2163653099039382E+001 -0.4560513322780019E-001  0.5125982890465272E+000
 0.7027777800000000E-001  0.1289136300000000E+001 -0.2730497386062512E+001  0.2070225193790203E+001  0.2149361780132437E+001 -0.4977188865016832E-001  0.5363175393699530E+000
 0.7666666699999999E-001  0.1289136300000000E+001 -0.2705470515385095E+001  0.2039726016609010E+001  0.2132230028691064E+001 -0.5409458218085107E-001  0.5534304810048298E+000
 0.8333333300000000E-001  0.1289136300000000E+001 -0.2670449490324184E+001  0.2004450740343732E+001  0.2111826687788763E+001 -0.5856074457177375E-001  0.5631688056557552E+000
 0.9027777800000000E-001  0.1289136300000000E+001 -0.2625145698051910E+001  0.1964502801213652E+001  0.2087834474553178E+001 -0.6315713519536935E-001  0.5653315706242146E+000
 0.9750000000000000E-001  0.1289136300000000E+001 -0.2570198079924180E+001  0.1920289040011625E+001  0.2060102995756309E+001 -0.6786969640556804E-001  0.5603267851381446E+000
 0.1050000000000000E+000  0.1289136300000000E+001 -0.2507019438982123E+001  0.1872458539583356E+001  0.2028670606676045E+001 -0.7268353827701239E-001  0.5490694233593642E+000
 0.1127777800000000E+000  0.1289136300000000E+001 -0.2437475278075300E+001  0.1821799990023698E+001  0.1993749111061286E+001 -0.7758293410320080E-001  0.5327813403294445E+000
 0.1208333300000000E+000  0.1289136300000000E+001 -0.2363533015821430E+001  0.1769133667910868E+001  0.1955680691366895E+001 -0.8255130800211689E-001  0.5127729291978389E+000
 0.1291666700000000E+000  0.1289136300000000E+001 -0.2286992711018704E+001  0.1715226235167063E+001  0.1914883879878845E+001 -0.8757123726137406E-001  0.4902714066693251E+000
 0.1377777800000000E+000  0.1289136300000000E+001 -0.2209341910682845E+001  0.1660740769661418E+001  0.1871804447296270E+001 -0.9262436083424259E-001  0.4663216827779559E+000
 0.1466666700000000E+000  0.1289136300000000E+001 -0.2131715591293196E+001  0.1606217185173758E+001  0.1826878051325713E+001 -0.9769135417389395E-001  0.4417515495764477E+000
 0.1558333300000000E+000  0.1289136300000000E+001 -0.2054923895458196E+001  0.1552074956382336E+001  0.1780507369202865E+001 -0.1027518249469352E+000  0.4171800051486600E+000
 0.1652777800000000E+000  0.1289136300000000E+001 -0.1979508921095048E+001  0.1498626805963780E+001  0.1733050344052034E+001 -0.1077842714891630E+000  0.3930467119390608E+000
 0.1750000000000000E+000  0.1289136300000000E+001 -0.1905808209423059E+001  0.1446097382019850E+001  0.1684817182176380E+001 -0.1127659891948221E+000  0.3696482341799731E+000
 0.1850000000000000E+000  0.1289136300000000E+001 -0.1834010493817489E+001  0.1394641091655431E+001  0.1636071619910888E+001 -0.1176730728663866E+000  0.3471721295171026E+000
 0.1952777800000000E+000  0.1289136300000000E+001 -0.1764201403835915E+001  0.1344358462564934E+001  0.1587035356708181E+001 -0.1224803834893595E+000  0.3257260557523233E+000
 0.2058333300000000E+000  0.1289136300000000E+001 -0.1696397759540119E+001  0.1295309473310257E+001  0.1537893345359596E+001 -0.1271615638956368E+000  0.3053607227481135E+000
 0.2166666700000000E+000  0.1289136300000000E+001 -0.1630572188675751E+001  0.1247523958947657E+001  0.1488799048696506E+001 -0.1316890991443752E+000  0.2860872437725421E+000
 0.2277777800000000E+000  0.1289136300000000E+001 -0.1566671049636158E+001  0.1201010112772802E+001  0.1439879864607222E+001 -0.1360343593937173E+000  0.2678901255572143E+000
 0.2391666700000000E+000  0.1289136300000000E+001 -0.1504625986852881E+001  0.1155760382078704E+001  0.1391241348724990E+001 -0.1401677356686301E+000  0.2507364376240419E+000
 0.2508333300000000E+000  0.1289136300000000E+001 -0.1444362265819575E+001  0.1111756339111355E+001  0.1342971355780163E+001 -0.1440587604992268E+000  0.2345825156857933E+000
 0.2627777800000000E+000  0.1289136300000000E+001 -0.1385803765488226E+001  0.1068971944946827E+001  0.1295143138709227E+001 -0.1476763034065788E+000  0.2193785344699066E+000
 0.2750000000000000E+000  0.1289136300000000E+001 -0.1328876667625131E+001  0.1027376358466454E+001  0.1247818390048352E+001 -0.1509887660076481E+000  0.2050718182482047E+000
 0.2875000000000000E+000  0.1289136300000000E+001 -0.1273511125778683E+001  0.9869355481037606E+000  0.1201049227961930E+001 -0.1539643631529780E+000  0.1916089406028749E+000
 0.3002777800000000E+000  0.1289136300000000E+001 -0.1219642593417241E+001  0.9476137949234459E+000  0.1154880211851302E+001 -0.1565714125306208E+000  0.1789372395324072E+000
 0.3133333300000000E+000  0.1289136300000000E+001 -0.1167212347864235E+001  0.9093746639853778E+000  0.1109349839099038E+001 -0.1587786818566950E+000  0.1670057618730265E+000
 0.3266666700000000E+000  0.1289136300000000E+001 -0.1116167474013533E+001  0.8721815877904965E+000  0.1064491616029187E+001 -0.1605557838786243E+000  0.1557658161244159E+000
 0.3402777800000000E+000  0.1289136300000000E+001 -0.1066461027688267E+001  0.8359985597357129E+000  0.1020335262849521E+001 -0.1618735954151581E+000  0.1451713730115544E+000
 0.3541666700000000E+000  0.1289136300000000E+001 -0.1018051486922674E+001  0.8007902744090777E+000  0.9769072344898980E+000 -0.1627047358041048E+000  0.1351791711787158E+000
 0.3683333300000000E+000  0.1289136300000000E+001 -0.9709025626068633E+000  0.7665224909081928E+000  0.9342314750236801E+000 -0.1630240627791291E+000  0.1257488084139463E+000
 0.3827777800000000E+000  0.1289136300000000E+001 -0.9249825914159827E+000  0.7331620532387400E+000  0.8923297110348435E+000 -0.1628092028254565E+000  0.1168426807780929E+000
 0.3975000000000000E+000  0.1289136300000000E+001 -0.8802642964782070E+000  0.7006771416111018E+000  0.8512219880959573E+000 -0.1620410968957994E+000  0.1084259535640406E+000
 0.4125000000000000E+000  0.1289136300000000E+001 -0.8367240780596681E+000  0.6690371493805134E+000  0.8109266943157950E+000 -0.1607045541262874E+000  0.1004664139148879E+000
 0.4277777800000000E+000  0.1289136300000000E+001 -0.7943416565107292E+000  0.6382127868749334E+000  0.7714608245279345E+000 -0.1587888008618106E+000  0.9293437849620656E-001
 0.4433333300000000E+000  0.1289136300000000E+001 -0.7530995852254265E+000  0.6081760652717614E+000  0.7328400539867843E+000 -0.1562880121315920E+000  0.8580256961107720E-001
 0.4591666700000000E+000  0.1289136300000000E+001 -0.7129826759526875E+000  0.5789001938417786E+000  0.6950786632210189E+000 -0.1532017998999666E+000  0.7904597799283944E-001
 0.4752777800000000E+000  0.1289136300000000E+001 -0.6739777261056616E+000  0.5503596767395537E+000  0.6581896877664160E+000 -0.1495356692406730E+000  0.7264178279827875E-001
 0.4916666700000000E+000  0.1289136300000000E+001 -0.6360729007160844E+000  0.5225301389261305E+000  0.6221846922154529E+000 -0.1453013820574173E+000  0.6656922143693711E-001
 0.5083333300000000E+000  0.1289136300000000E+001 -0.5992574392089546E+000  0.4953883708114512E+000  0.5870738047858750E+000 -0.1405172602950394E+000  0.6080952572508379E-001
 0.5247222200000000E+000  0.1289136300000000E+001 -0.5646667405548791E+000  0.4697631922885857E+000  0.5539639990188612E+000 -0.1353890068049331E+000  0.5551906791137179E-001
 0.5408333300000000E+000  0.1289136300000000E+001 -0.5321386204717214E+000  0.4455348708578906E+000  0.5227261928935504E+000 -0.1299843902840559E+000  0.5064927429388068E-001
 0.5566666700000000E+000  0.1289136300000000E+001 -0.5015262813605402E+000  0.4225969557517184E+000  0.4932410090952978E+000 -0.1243674898922281E+000  0.4615858245822943E-001
 0.5722222200000000E+000  0.1289136300000000E+001 -0.4726963232007357E+000  0.4008544921499338E+000  0.4653979037377816E+000 -0.1185982599311592E+000  0.4201129034018938E-001
 0.5875000000000000E+000  0.1289136300000000E+001 -0.4455269127120527E+000  0.3802223715551536E+000  0.4390942138409166E+000 -0.1127321775911239E+000  0.3817659215998617E-001
 0.6025000000000000E+000  0.1289136300000000E+001 -0.4199065217737264E+000  0.3606241322535308E+000  0.4142345769288683E+000 -0.1068200578531159E+000  0.3462782624006138E-001
 0.6172222200000000E+000  0.1289136300000000E+001 -0.3957326974983035E+000  0.3419908083258710E+000  0.3907302462499377E+000 -0.1009079332371230E+000  0.3134182968824815E-001
 0.6316666700000000E+000  0.1289136300000000E+001 -0.3729110984172918E+000  0.3242600041988847E+000  0.3684985589275255E+000 -0.9503704024444273E-001  0.2829841307627307E-001
 0.6458333300000000E+000  0.1289136300000000E+001 -0.3513547388127912E+000  0.3073751533280375E+000  0.3474625253666218E+000 -0.8924390165351646E-001  0.2547992913252778E-001
 0.6597222200000000E+000  0.1289136300000000E+001 -0.3309831803488197E+000  0.2912847570421872E+000  0.3275503033811265E+000 -0.8356042972552945E-001  0.2287088775820553E-001
 0.6733333300000000E+000  0.1289136300000000E+001 -0.3117220365809738E+000  0.2759418876001691E+000  0.3086949270655350E+000 -0.7801413929345416E-001  0.2045765507955445E-001
 0.6866666700000000E+000  0.1289136300000000E+001 -0.2935023723231606E+000  0.2613036274650590E+000  0.2908338931737603E+000 -0.7262835267163700E-001  0.1822817301299849E-001
 0.6997222200000000E+000  0.1289136300000000E+001 -0.2762603110754702E+000  0.2473306899067834E+000  0.2739089190234268E+000 -0.6742247490493369E-001  0.1617173281649501E-001
 0.7125000000000000E+000  0.1289136300000000E+001 -0.2599365307912137E+000  0.2339869641847729E+000  0.2578655652255647E+000 -0.6241224068441246E-001  0.1427875715912144E-001
 0.7250000000000000E+000  0.1289136300000000E+001 -0.2444759915861645E+000  0.2212392604503891E+000  0.2426530651694149E+000 -0.5761002901406991E-001  0.1254062785794175E-001
 0.7372222200000000E+000  0.1289136300000000E+001 -0.2298275535881260E+000  0.2090569768859620E+000  0.2282240298841627E+000 -0.5302513826802251E-001  0.1094951434075320E-001
 0.7491666700000000E+000  0.1289136300000000E+001 -0.2159436815778226E+000  0.1974118461820260E+000  0.2145342243193189E+000 -0.4866407625077718E-001  0.9498223746715762E-002
 0.7608333300000000E+000  0.1289136300000000E+001 -0.2027802210079803E+000  0.1862777498168872E+000  0.2015424027969321E+000 -0.4453085819780130E-001  0.8180067389205034E-002
 0.7722222200000000E+000  0.1289136300000000E+001 -0.1902960711326736E+000  0.1756304519845596E+000  0.1892100337338421E+000 -0.4062725518295933E-001  0.6988724214585443E-002
 0.7833333300000000E+000  0.1289136300000000E+001 -0.1784530394186955E+000  0.1654474913223575E+000  0.1775011956185300E+000 -0.3695308034149122E-001  0.5918129498246483E-002
 0.7941666700000000E+000  0.1289136300000000E+001 -0.1672155790576943E+000  0.1557079779229104E+000  0.1663823514083191E+000 -0.3350641815848606E-001  0.4962358313642870E-002
 0.8047222200000000E+000  0.1289136300000000E+001 -0.1565506515104873E+000  0.1463925004934887E+000  0.1558222413761446E+000 -0.3028387163181120E-001  0.4115527691675098E-002
 0.8149999999999999E+000  0.1289136300000000E+001 -0.1464274795428846E+000  0.1374829409474607E+000  0.1457916634378844E+000 -0.2728075484901878E-001  0.3371697913252297E-002
 0.8250000000000000E+000  0.1289136300000000E+001 -0.1368174572910907E+000  0.1289624273065448E+000  0.1362634055150241E+000 -0.2449131248717625E-001  0.2724797260668500E-002
 0.8347222200000000E+000  0.1289136300000000E+001 -0.1276939607385679E+000  0.1208152010128796E+000  0.1272120765670330E+000 -0.2190888863954112E-001  0.2168552123724059E-002
 0.8441666700000000E+000  0.1289136300000000E+001 -0.1190322114172422E+000  0.1130265311062874E+000  0.1186139880769853E+000 -0.1952609233129289E-001  0.1696438805792430E-002
 0.8533333300000000E+000  0.1289136300000000E+001 -0.1108091858244447E+000  0.1055826699871235E+000  0.1104470791411361E+000 -0.1733495653487084E-001  0.1301659136733251E-002
 0.8622222200000000E+000  0.1289136300000000E+001 -0.1030034341872910E+000  0.9847072724498142E-001  0.1026907500719975E+000 -0.1532705476038697E-001  0.9771376656680310E-003
 0.8708333300000000E+000  0.1289136300000000E+001 -0.9559503489742036E-001  0.9167866533849607E-001  0.9532582946174642E-001 -0.1349363764874210E-001  0.7155566431736503E-003
 0.8791666700000000E+000  0.1289136300000000E+001 -0.8856544912836563E-001  0.8519520408132666E-001  0.8833444101596187E-001 -0.1182572731197985E-001  0.5094206786634823E-003
 0.8872222200000000E+000  0.1289136300000000E+001 -0.8189746970327279E-001  0.7900981002280977E-001  0.8169996303686645E-001 -0.1031422095184968E-001  0.3511614472110851E-003
 0.8950000000000000E+000  0.1289136300000000E+001 -0.7557507521684446E-001  0.7311259695918958E-001  0.7540689268007776E-001 -0.8949958688006392E-002  0.2332748148392618E-003
 0.9025000000000000E+000  0.1289136300000000E+001 -0.6958340713087452E-001  0.6749433843992403E-001  0.6944083153555308E-001 -0.7723807726379364E-002  0.1484910034930762E-003
 0.9097222200000000E+000  0.1289136300000000E+001 -0.6390866078284305E-001  0.6214639862789878E-001  0.6378838454394251E-001 -0.6626715642483392E-002  0.8996152548993768E-004
 0.9166666700000000E+000  0.1289136300000000E+001 -0.5853801545163959E-001  0.5706069710288392E-001  0.5843709673717611E-001 -0.5649763065244232E-002  0.5144959750132700E-004
 0.9233333300000000E+000  0.1289136300000000E+001 -0.5345959937338133E-001  0.5222970480245375E-001  0.5337542383172783E-001 -0.4784213470252940E-002  0.2750134597819472E-004
 0.9297222200000000E+000  0.1289136300000000E+001 -0.4866237469433694E-001  0.4764636187287705E-001  0.4859262213235346E-001 -0.4021541030503298E-002  0.1357294373241813E-004
 0.9358333300000000E+000  0.1289136300000000E+001 -0.4413613428562252E-001  0.4330409962546038E-001  0.4407874912417875E-001 -0.3353471448512250E-002  0.6092441111601776E-005
 0.9416666700000000E+000  0.1289136300000000E+001 -0.3987141133342958E-001  0.3919677760665400E-001  0.3982457648186324E-001 -0.2772002052257691E-002  0.2440757760210469E-005
 0.9472222200000000E+000  0.1289136300000000E+001 -0.3585946764152777E-001  0.3531869420256050E-001  0.3582158105262896E-001 -0.2269428967123994E-002  0.8522174095547415E-006
 0.9525000000000000E+000  0.1289136300000000E+001 -0.3209219801309145E-001  0.3166451476890808E-001  0.3206185173348448E-001 -0.1838358518487422E-002  0.2515799883902218E-006
 0.9575000000000000E+000  0.1289136300000000E+001 -0.2856213999059065E-001  0.2822929987354391E-001  0.2853810115255435E-001 -0.1471728697751079E-002  0.6036908996434489E-007
 0.9622222200000000E+000  0.1289136300000000E+001 -0.2526240725780717E-001  0.2500845839528665E-001  0.2524360094248808E-001 -0.1162817583769495E-002  0.1118105430547783E-007
 0.9666666700000000E+000  0.1289136300000000E+001 -0.2218665556240015E-001  0.2199773058182897E-001  0.2217214924669587E-001 -0.9052535015203404E-003  0.1491955074058071E-008
 0.9708333300000000E+000  0.1289136300000000E+001 -0.1932907883641030E-001  0.1919319950055138E-001  0.1931806820940042E-001 -0.6930249985920436E-003  0.1313259106932146E-009
 0.9747222200000000E+000  0.1289136300000000E+001 -0.1668433218140322E-001  0.1659122962745616E-001  0.1667612826933133E-001 -0.5204829974765679E-003  0.7167809039506718E-011
 0.9783333300000000E+000  0.1289136300000000E+001 -0.1424755388430033E-001  0.1418850138267946E-001  0.1424157121341783E-001 -0.3823491414888424E-003  0.3342997711128465E-012
 0.9816666700000000E+000  0.1289136300000000E+001 -0.1201430752240776E-001  0.1198196623285293E-001  0.1201005329260886E-001 -0.2737168186059550E-003  0.2352926227452974E-013
 0.9847222200000000E+000  0.1289136300000000E+001 -0.9980594136727316E-002  0.9968869892034859E-002  0.9977658223058088E-002 -0.1900554031962221E-003  0.1045791183480710E-014
 0.9875000000000000E+000  0.1289136300000000E+001 -0.8142786112642748E-002  0.8146697450155310E-002  0.8140831854555228E-002 -0.1272097764035258E-003  0.1423343232201889E-016
 0.9900000000000000E+000  0.1289136300000000E+001 -0.6497656557515474E-002  0.6513212454068868E-002  0.6496412176597804E-002 -0.8140342069761126E-004  0.4474447667005015E-018
 0.9922222200000000E+000  0.1289136300000000E+001 -0.5042337218591034E-002  0.5066424945340100E-002  0.5041587831101162E-002 -0.4923784701057723E-004  0.1846432031999801E-019
 0.9941666700000000E+000  0.1289136300000000E+001 -0.3774305034354613E-002  0.3804582431961349E-002  0.3773885160750696E-002 -0.2769300571983321E-004  0.8326360577489441E-022
 0.9958333300000000E+000  0.1289136300000000E+001 -0.2691396292318396E-002  0.2726205709958570E-002  0.2691182790736689E-002 -0.1412764383100867E-004  0.1884448119751113E-022
 0.9972222200000000E+000  0.1289136300000000E+001 -0.1791750787222204E-002  0.1829508117713671E-002  0.1791656163132436E-002 -0.6278384817850265E-005 -0.1374805449428631E-022
 0.9983333300000000E+000  0.1289136300000000E+001 -0.1073848689416579E-002  0.1114103756986231E-002  0.1073814700833881E-002 -0.2260055683666173E-005 -0.2735425825143749E-023
 0.9991666700000000E+000  0.1289136300000000E+001 -0.5364709474247110E-003  0.5698852997424777E-003  0.5364624646204995E-003 -0.5649749084267271E-006 -0.1843823720320056E-021
 0.9997222200000000E+000  0.1289136300000000E+001 -0.1787259115033760E-003  0.2008038893388239E-003  0.1787249699994841E-003 -0.6277407295777564E-007 -0.1473583957907395E-022
 0.1000000000000000E+001  0.1289136300000000E+001 -0.6624139653895774E-027 -0.3550805993220131E-026 -0.1825147447967232E-026  0.1776159676055881E-038 -0.5900574583888158E-040

 0.0000000000000000E+000  0.1332468600000000E+001 -0.2814239946680630E+001  0.2259838804232683E+001  0.2312877912409788E+001 -0.8352718342714094E-002  0.5636346147740370E-001
 0.2777777800000000E-003  0.1332468600000000E+001 -0.2814179304443028E+001  0.2259812980385662E+001  0.2312814849836068E+001 -0.8354438288458584E-002  0.5640489646385598E-001
 0.8333333300000000E-003  0.1332468600000000E+001 -0.2813696790463149E+001  0.2259607051940380E+001  0.2312312939081759E+001 -0.8368219511472125E-002  0.5673616479724167E-001
 0.1666666700000000E-002  0.1332468600000000E+001 -0.2812106714855403E+001  0.2258922671029040E+001  0.2310657134872098E+001 -0.8414880471032888E-002  0.5784839598758227E-001
 0.2777777800000000E-002  0.1332468600000000E+001 -0.2808567682351958E+001  0.2257366305707847E+001  0.2306961081527843E+001 -0.8526048616269452E-002  0.6044398067268859E-001
 0.4166666700000000E-002  0.1332468600000000E+001 -0.2802478733146690E+001  0.2254569812112316E+001  0.2300561410063283E+001 -0.8744356776959351E-002  0.6534925414596776E-001
 0.5833333300000000E-002  0.1332468600000000E+001 -0.2793971554713461E+001  0.2250360497449015E+001  0.2291506971507766E+001 -0.9121798631342503E-002  0.7336167566191643E-001
 0.7777777800000000E-002  0.1332468600000000E+001 -0.2784060735236005E+001  0.2244864966775176E+001  0.2280706090258865E+001 -0.9713369543605610E-002  0.8507807198679194E-001
 0.1000000000000000E-001  0.1332468600000000E+001 -0.2774194625212052E+001  0.2238440447544908E+001  0.2269476844826139E+001 -0.1056594390460264E-001  0.1007909240237815E+000
 0.1250000000000000E-001  0.1332468600000000E+001 -0.2765600221111022E+001  0.2231487993637860E+001  0.2258895955653240E+001 -0.1170848959559378E-001  0.1204991567730346E+000
 0.1527777800000000E-001  0.1332468600000000E+001 -0.2758963646642773E+001  0.2224299774012780E+001  0.2249487990645517E+001 -0.1315014440526500E-001  0.1439959936260593E+000
 0.1833333300000000E-001  0.1332468600000000E+001 -0.2754498558041981E+001  0.2217009971001517E+001  0.2241305930244767E+001 -0.1488554264672416E-001  0.1709641293547738E+000
 0.2166666700000000E-001  0.1332468600000000E+001 -0.2752145213138404E+001  0.2209615214659142E+001  0.2234145134852348E+001 -0.1690203798326979E-001  0.2010373095784795E+000
 0.2527777800000000E-001  0.1332468600000000E+001 -0.2751718424367493E+001  0.2202011753691834E+001  0.2227709796638850E+001 -0.1918499049447712E-001  0.2338231278392944E+000
 0.2916666700000000E-001  0.1332468600000000E+001 -0.2752967072332785E+001  0.2194021858831478E+001  0.2221696508319439E+001 -0.2172043050590268E-001  0.2688975415967182E+000
 0.3333333300000000E-001  0.1332468600000000E+001 -0.2755568320796102E+001  0.2185404147967603E+001  0.2215820497092394E+001 -0.2449587914823799E-001  0.3057814309643551E+000
 0.3777777800000000E-001  0.1332468600000000E+001 -0.2759082920504711E+001  0.2175851560337877E+001  0.2209812739668016E+001 -0.2750024638295793E-001  0.3439062871723480E+000
 0.4250000000000000E-001  0.1332468600000000E+001 -0.2762888439111839E+001  0.2164982853481662E+001  0.2203404740712162E+001 -0.3072337744840772E-001  0.3825737048023110E+000
 0.4750000000000000E-001  0.1332468600000000E+001 -0.2766103030300080E+001  0.2152333815933142E+001  0.2196308884238047E+001 -0.3415556025958581E-001  0.4209150056434830E+000
 0.5277777800000000E-001  0.1332468600000000E+001 -0.2767516958109886E+001  0.2137355558586624E+001  0.2188198521714855E+001 -0.3778710171889650E-001  0.4578615423743856E+000
 0.5833333300000000E-001  0.1332468600000000E+001 -0.2765561300693221E+001  0.2119428876202211E+001  0.2178691741026697E+001 -0.4160802221530289E-001  0.4921437585757141E+000
 0.6416666700000000E-001  0.1332468600000000E+001 -0.2758356971566156E+001  0.2097904351949195E+001  0.2167344699002739E+001 -0.4560786411652262E-001  0.5223431064357054E+000
 0.7027777800000000E-001  0.1332468600000000E+001 -0.2743888383898700E+001  0.2072174335562880E+001  0.2153662454017913E+001 -0.4977557490223745E-001  0.5470182781536580E+000
 0.7666666699999999E-001  0.1332468600000000E+001 -0.2720314459992681E+001  0.2041771762760169E+001  0.2137134226989411E+001 -0.5409944237930051E-001  0.5649062613420630E+000
 0.8333333300000000E-001  0.1332468600000000E+001 -0.2686357613153940E+001  0.2006473615051763E+001  0.2117293106033065E+001 -0.5856703165416368E-001  0.5751571505568029E+000
 0.9027777800000000E-001  0.1332468600000000E+001 -0.2641632308762555E+001  0.1966372603325985E+001  0.2093787584042573E+001 -0.6316512920630238E-001  0.5775211724984808E+000
 0.9750000000000000E-001  0.1332468600000000E+001 -0.2586761179757018E+001  0.1921884535366470E+001  0.2066441703740107E+001 -0.6787969141172900E-001  0.5724042443352815E+000
 0.1050000000000000E+000  0.1332468600000000E+001 -0.2523218422628928E+001  0.1873684273163306E+001  0.2035281441428349E+001 -0.7269582879444580E-001  0.5607632096774194E+000
 0.1127777800000000E+000  0.1332468600000000E+001 -0.2452979755342411E+001  0.1822595317034482E+001  0.2000519640110708E+001 -0.7759780654251842E-001  0.5438890731347681E+000
 0.1208333300000000E+000  0.1332468600000000E+001 -0.2378135244197622E+001  0.1769473206606905E+001  0.1962509643480981E+001 -0.8256903933827010E-001  0.5231681006582407E+000
 0.1291666700000000E+000  0.1332468600000000E+001 -0.2300592721318655E+001  0.1715114249629171E+001  0.1921686612474102E+001 -0.8759209942660068E-001  0.4998945835912899E+000
 0.1377777800000000E+000  0.1332468600000000E+001 -0.2221920121758350E+001  0.1660202974959322E+001  0.1878514316659273E+001 -0.9264862752841835E-001  0.4751643674837382E+000
 0.1466666700000000E+000  0.1332468600000000E+001 -0.2143304618614560E+001  0.1605292662944614E+001  0.1833445104004098E+001 -0.9771930720288660E-001  0.4498392912647600E+000
 0.1558333300000000E+000  0.1332468600000000E+001 -0.2065585566046283E+001  0.1550809574732864E+001  0.1786895746193538E+001 -0.1027837583144942E+000  0.4245582952632057E+000
 0.1652777800000000E+000  0.1332468600000000E+001 -0.1989318012703200E+001  0.1497068497134221E+001  0.1739235372730328E+001 -0.1078204926690970E+000  0.3997706886218105E+000
 0.1750000000000000E+000  0.1332468600000000E+001 -0.1914842137941622E+001  0.1444293084903233E+001  0.1690782695017326E+001 -0.1128068175910351E+000  0.3757758837492963E+000
 0.1850000000000000E+000  0.1332468600000000E+001 -0.1842343410455202E+001  0.1392634963586343E+001  0.1641807717368889E+001 -0.1177188358652366E+000  0.3527601705976608E+000
 0.1952777800000000E+000  0.1332468600000000E+001 -0.1771901248868186E+001  0.1342190974451840E+001  0.1592536653847347E+001 -0.1225314104510215E+000  0.3308276926588364E+000
 0.2058333300000000E+000  0.1332468600000000E+001 -0.1703525139270722E+001  0.1293017073002802E+001  0.1543157652369871E+001 -0.1272181784558823E+000  0.3100246033800264E+000
 0.2166666700000000E+000  0.1332468600000000E+001 -0.1637180296608775E+001  0.1245139076724316E+001  0.1493826405851677E+001 -0.1317516101441908E+000  0.2903571470351136E+000
 0.2277777800000000E+000  0.1332468600000000E+001 -0.1572806140457409E+001  0.1198561358449024E+001  0.1444671854489219E+001 -0.1361030506305073E+000  0.2718050671223936E+000
 0.2391666700000000E+000  0.1332468600000000E+001 -0.1510328095616468E+001  0.1153272835675646E+001  0.1395800613580173E+001 -0.1402428547805519E+000  0.2543309889753230E+000
 0.2508333300000000E+000  0.1332468600000000E+001 -0.1449666005947782E+001  0.1109251877382716E+001  0.1347301267273091E+001 -0.1441405071632023E+000  0.2378872199967225E+000
 0.2627777800000000E+000  0.1332468600000000E+001 -0.1390739108742183E+001  0.1066469569283069E+001  0.1299247575560383E+001 -0.1477648171801907E+000  0.2224203462659842E+000
 0.2750000000000000E+000  0.1332468600000000E+001 -0.1333469664798169E+001  0.1024892506049238E+001  0.1251701594262832E+001 -0.1510841140645884E+000  0.2078745316193639E+000
 0.2875000000000000E+000  0.1332468600000000E+001 -0.1277784545252618E+001  0.9844843774375257E+000  0.1204715713755872E+001 -0.1540665283592483E+000  0.1941935836015162E+000
 0.3002777800000000E+000  0.1332468600000000E+001 -0.1223616477574835E+001  0.9452074426267415E+000  0.1158334712568519E+001 -0.1566802822188483E+000  0.1813224294161214E+000
 0.3133333300000000E+000  0.1332468600000000E+001 -0.1170904490006718E+001  0.9070234728043136E+000  0.1112597279215158E+001 -0.1588940377899498E+000  0.1692080186449303E+000
 0.3266666700000000E+000  0.1332468600000000E+001 -0.1119593822466013E+001  0.8698943077522752E+000  0.1067537098973545E+001 -0.1606772939285036E+000  0.1577998357405551E+000
 0.3402777800000000E+000  0.1332468600000000E+001 -0.1069636027904607E+001  0.8337825244212744E+000  0.1023184070146123E+001 -0.1620008074295231E+000  0.1470502651670272E+000
 0.3541666700000000E+000  0.1332468600000000E+001 -0.1020988367061366E+001  0.7986515556957035E+000  0.9795648295891228E+000 -0.1628370742621396E+000  0.1369146638330082E+000
 0.3683333300000000E+000  0.1332468600000000E+001 -0.9736135726656013E+000  0.7644660343034064E+000  0.9367035104414815E+000 -0.1631608286847845E+000  0.1273514246595957E+000
 0.3827777800000000E+000  0.1332468600000000E+001 -0.9274792008907101E+000  0.7311917968400712E+000  0.8946220350802659E+000 -0.1629495773280168E+000  0.1183218907942818E+000
 0.3975000000000000E+000  0.1332468600000000E+001 -0.8825573582777486E+000  0.6987961202628039E+000  0.8533406510956945E+000 -0.1621841489606118E+000  0.1097903062739035E+000
 0.4125000000000000E+000  0.1332468600000000E+001 -0.8388239614359211E+000  0.6672475868471645E+000  0.8128779513493944E+000 -0.1608492525288616E+000  0.1017236501725119E+000
 0.4277777800000000E+000  0.1332468600000000E+001 -0.7962583548024613E+000  0.6365161771182989E+000  0.7732511352115732E+000 -0.1589340305478455E+000  0.9409152945695902E-001
 0.4433333300000000E+000  0.1332468600000000E+001 -0.7548428012229852E+000  0.6065732445665030E+000  0.7344760781794979E+000 -0.1564325948361519E+000  0.8686604222387710E-001
 0.4591666700000000E+000  0.1332468600000000E+001 -0.7145618873977331E+000  0.5773914052562429E+000  0.6965672519136230E+000 -0.1533445186803185E+000  0.8002162940515335E-001
 0.4752777800000000E+000  0.1332468600000000E+001 -0.6754022349872371E+000  0.5489446274184022E+000  0.6595378700177315E+000 -0.1496752963573838E+000  0.7353498603324556E-001
 0.4916666700000000E+000  0.1332468600000000E+001 -0.6373518669728010E+000  0.5212080519474793E+000  0.6233996567384669E+000 -0.1454367093852587E+000  0.6738492300867455E-001
 0.5083333300000000E+000  0.1332468600000000E+001 -0.6003999019346589E+000  0.4941580317040089E+000  0.5881628773917223E+000 -0.1406471312498262E+000  0.6155229713934000E-001
 0.5247222200000000E+000  0.1332468600000000E+001 -0.5656856380239812E+000  0.4686200884418685E+000  0.5549383506766377E+000 -0.1355125767132508E+000  0.5619532233316988E-001
 0.5408333300000000E+000  0.1332468600000000E+001 -0.5330457780299362E+000  0.4444744653209746E+000  0.5235961982172085E+000 -0.1301010020455876E+000  0.5126468037671707E-001
 0.5566666700000000E+000  0.1332468600000000E+001 -0.5023325150019843E+000  0.4216147456967683E+000  0.4940162857477249E+000 -0.1244766690950870E+000  0.4671818432005335E-001
 0.5722222200000000E+000  0.1332468600000000E+001 -0.4734115271718556E+000  0.3999460518667663E+000  0.4660873505713480E+000 -0.1186997047640540E+000  0.4251960506439399E-001
 0.5875000000000000E+000  0.1332468600000000E+001 -0.4461601346988860E+000  0.3793833841906875E+000  0.4397060476395316E+000 -0.1128257447189770E+000  0.3863768932136072E-001
 0.6025000000000000E+000  0.1332468600000000E+001 -0.4204660295609954E+000  0.3598504123340838E+000  0.4147763688840118E+000 -0.1069057455101459E+000  0.3504539364547891E-001
 0.6172222200000000E+000  0.1332468600000000E+001 -0.3962260385623523E+000  0.3412783176440543E+000  0.3912089576917572E+000 -0.1009858625789369E+000  0.3171922778708854E-001
 0.6316666700000000E+000  0.1332468600000000E+001 -0.3733451541961866E+000  0.3236048624279624E+000  0.3689205765742342E+000 -0.9510743594499452E-001  0.2863872035311306E-001
 0.6458333300000000E+000  0.1332468600000000E+001 -0.3517357748228141E+000  0.3067736444159962E+000  0.3478336961624320E+000 -0.8930707258366606E-001  0.2578598025280238E-001
 0.6597222200000000E+000  0.1332468600000000E+001 -0.3313168924228332E+000  0.2907333327410725E+000  0.3278759683917208E+000 -0.8361675031252686E-001  0.2314530549752713E-001
 0.6733333300000000E+000  0.1332468600000000E+001 -0.3120135942714906E+000  0.2754371683053463E+000  0.3089799548225409E+000 -0.7806403213300392E-001  0.2070287741020739E-001
 0.6866666700000000E+000  0.1332468600000000E+001 -0.2937564593612345E+000  0.2608424013780495E+000  0.2910827118959496E+000 -0.7267227268466342E-001  0.1844647586303121E-001
 0.6997222200000000E+000  0.1332468600000000E+001 -0.2764811634535136E+000  0.2469099106064654E+000  0.2741255478973930E+000 -0.6746089530905600E-001  0.1636524935996689E-001
 0.7125000000000000E+000  0.1332468600000000E+001 -0.2601279723033906E+000  0.2336037473421053E+000  0.2580536443005221E+000 -0.6244564083686219E-001  0.1444949389855508E-001
 0.7250000000000000E+000  0.1332468600000000E+001 -0.2446414673310968E+000  0.2208908795120410E+000  0.2428158841307429E+000 -0.5763888420512901E-001  0.1269047817265151E-001
 0.7372222200000000E+000  0.1332468600000000E+001 -0.2299701612488503E+000  0.2087408582872823E+000  0.2283645553501797E+000 -0.5304991136364229E-001  0.1108026960550591E-001
 0.7491666700000000E+000  0.1332468600000000E+001 -0.2160662006837623E+000  0.1971255641262875E+000  0.2146551257197832E+000 -0.4868521109496612E-001  0.9611582356769737E-002
 0.7608333300000000E+000  0.1332468600000000E+001 -0.2028851403164205E+000  0.1860190206654115E+000  0.2016460768566177E+000 -0.4454877463972607E-001  0.8277641947708487E-002
 0.7722222200000000E+000  0.1332468600000000E+001 -0.1903856140317724E+000  0.1753971286365046E+000  0.1892986273772422E+000 -0.4064234552741213E-001  0.7072046893910445E-002
 0.7833333300000000E+000  0.1332468600000000E+001 -0.1785291876566359E+000  0.1652375573320622E+000  0.1775766275239058E+000 -0.3696570708283332E-001  0.5988655915471217E-002
 0.7941666700000000E+000  0.1332468600000000E+001 -0.1672800946988584E+000  0.1555195417104384E+000  0.1664463320595275E+000 -0.3351691278202096E-001  0.5021469887777886E-002
 0.8047222200000000E+000  0.1332468600000000E+001 -0.1566050973329102E+000  0.1462237894902276E+000  0.1558762917800513E+000 -0.3029253432817077E-001  0.4164532730369380E-002
 0.8149999999999999E+000  0.1332468600000000E+001 -0.1464732378334729E+000  0.1373322959645971E+000  0.1458371324321238E+000 -0.2728785494969358E-001  0.3411831437991865E-002
 0.8250000000000000E+000  0.1332468600000000E+001 -0.1368557472674288E+000  0.1288282968980298E+000  0.1363014858674582E+000 -0.2449708949239920E-001  0.2757219865924536E-002
 0.8347222200000000E+000  0.1332468600000000E+001 -0.1277258545747265E+000  0.1206961360769325E+000  0.1272438198273979E+000 -0.2191355367945387E-001  0.2194347946018749E-002
 0.8441666700000000E+000  0.1332468600000000E+001 -0.1190586490023946E+000  0.1129211796727124E+000  0.1186403182958123E+000 -0.1952982994582966E-001  0.1716612870947361E-002
 0.8533333300000000E+000  0.1332468600000000E+001 -0.1108309883540239E+000  0.1054897721608381E+000  0.1104688055466343E+000 -0.1733792666918840E-001  0.1317134376199975E-002
 0.8622222200000000E+000  0.1332468600000000E+001 -0.1030213166041338E+000  0.9838911047816325E-001  0.1027085787165074E+000 -0.1532939487575337E-001  0.9887518644032085E-003
 0.8708333300000000E+000  0.1332468600000000E+001 -0.9560961733247858E-001  0.9160723984393591E-001  0.9534037398183794E-001 -0.1349546488706826E-001  0.7240597728509109E-003
 0.8791666700000000E+000  0.1332468600000000E+001 -0.8857726734831647E-001  0.8513295855247532E-001  0.8834623250904505E-001 -0.1182714064333799E-001  0.5154729720451280E-003
 0.8872222200000000E+000  0.1332468600000000E+001 -0.8190698467011864E-001  0.7895580753233422E-001  0.8170945915323673E-001 -0.1031530326388797E-001  0.3553326918881379E-003
 0.8950000000000000E+000  0.1332468600000000E+001 -0.7558268177705098E-001  0.7306597115641143E-001  0.7541448594035188E-001 -0.8950778774685388E-002  0.2360452529976806E-003
 0.9025000000000000E+000  0.1332468600000000E+001 -0.6958944193044451E-001  0.6745428988036033E-001  0.6944685695977121E-001 -0.7724422155754969E-002  0.1502542312641187E-003
 0.9097222200000000E+000  0.1332468600000000E+001 -0.6391340942483850E-001  0.6211219132781597E-001  0.6379312659698003E-001 -0.6627170480633325E-002  0.9102959186202280E-004
 0.9166666700000000E+000  0.1332468600000000E+001 -0.5854171895675304E-001  0.5703165524937787E-001  0.5844079563768476E-001 -0.5650095447522359E-002  0.5206034496663211E-004
 0.9233333300000000E+000  0.1332468600000000E+001 -0.5346245999338917E-001  0.5220520956970046E-001  0.5337828126083519E-001 -0.4784453015497096E-002  0.2782776589936021E-004
 0.9297222200000000E+000  0.1332468600000000E+001 -0.4866456110814695E-001  0.4762584840329229E-001  0.4859480635919184E-001 -0.4021711096644330E-002  0.1373402468634404E-004
 0.9358333300000000E+000  0.1332468600000000E+001 -0.4413778624265565E-001  0.4328705405956872E-001  0.4408039960223290E-001 -0.3353590236021115E-002  0.6164736907227972E-005
 0.9416666700000000E+000  0.1332468600000000E+001 -0.3987264377408887E-001  0.3918273423226042E-001  0.3982580793773009E-001 -0.2772083560996902E-002  0.2469717974628174E-005
 0.9472222200000000E+000  0.1332468600000000E+001 -0.3586037434901663E-001  0.3530723265628231E-001  0.3582248711580140E-001 -0.2269483817136655E-002  0.8623282314641580E-006
 0.9525000000000000E+000  0.1332468600000000E+001 -0.3209285483035650E-001  0.3165525734810069E-001  0.3206250813742741E-001 -0.1838394644921223E-002  0.2545645080581668E-006
 0.9575000000000000E+000  0.1332468600000000E+001 -0.2856260765167323E-001  0.2822190888784211E-001  0.2853856855429916E-001 -0.1471751932572850E-002  0.6108519774590244E-007
 0.9622222200000000E+000  0.1332468600000000E+001 -0.2526273386396170E-001  0.2500263360887211E-001  0.2524392738992893E-001 -0.1162832135923084E-002  0.1131367610997806E-007
 0.9666666700000000E+000  0.1332468600000000E+001 -0.2218687874011281E-001  0.2199320672335664E-001  0.2217237232998179E-001 -0.9052623479628878E-003  0.1509650442994538E-008
 0.9708333300000000E+000  0.1332468600000000E+001 -0.1932922760906105E-001  0.1918974382929344E-001  0.1931821692765311E-001 -0.6930301980321948E-003  0.1328834233562129E-009
 0.9747222200000000E+000  0.1332468600000000E+001 -0.1668442858085266E-001  0.1658863958381908E-001  0.1667622463858236E-001 -0.5204859379084063E-003  0.7252817631435786E-011
 0.9783333300000000E+000  0.1332468600000000E+001 -0.1424761433148485E-001  0.1418660228156509E-001  0.1424163164454336E-001 -0.3823507321154984E-003  0.3382648118102231E-012
 0.9816666700000000E+000  0.1332468600000000E+001 -0.1201434399875247E-001  0.1198060902737395E-001  0.1201008976083351E-001 -0.2737176355900458E-003  0.2380832957893517E-013
 0.9847222200000000E+000  0.1332468600000000E+001 -0.9980615169710036E-002  0.9967928982929097E-002  0.9977679252173619E-002 -0.1900557978788183E-003  0.1058193551645381E-014
 0.9875000000000000E+000  0.1332468600000000E+001 -0.8142797594907644E-002  0.8146068556728572E-002  0.8140843335106701E-002 -0.1272099535453874E-003  0.1440214330153158E-016
 0.9900000000000000E+000  0.1332468600000000E+001 -0.6497662419152284E-002  0.6512810521791403E-002  0.6496418037539900E-002 -0.8140349335425688E-004  0.4528736197043637E-018
 0.9922222200000000E+000  0.1332468600000000E+001 -0.5042339969338315E-002  0.5066182101889798E-002  0.5041590581596490E-002 -0.4923787363107927E-004  0.1856068870536924E-019
 0.9941666700000000E+000  0.1332468600000000E+001 -0.3774306192174867E-002  0.3804445980864191E-002  0.3773886318491862E-002 -0.2769301415135059E-004  0.7813789322814656E-022
 0.9958333300000000E+000  0.1332468600000000E+001 -0.2691396713441571E-002  0.2726136156627519E-002  0.2691183211839424E-002 -0.1412764602771821E-004 -0.1253393248264614E-022
 0.9972222200000000E+000  0.1332468600000000E+001 -0.1791750911796331E-002  0.1829477229104477E-002  0.1791656287702552E-002 -0.6278385252078026E-005  0.1073546831033796E-022
 0.9983333300000000E+000  0.1332468600000000E+001 -0.1073848716289663E-002  0.1114092643963584E-002  0.1073814727706450E-002 -0.2260055739974175E-005  0.5717015478945863E-022
 0.9991666700000000E+000  0.1332468600000000E+001 -0.5364709507805069E-003  0.5698825228128278E-003  0.5364624679762631E-003 -0.5649749119473726E-006  0.6021002260603923E-022
 0.9997222200000000E+000  0.1332468600000000E+001 -0.1787259116275889E-003  0.2008035808790414E-003  0.1787249701236963E-003 -0.6277407300125464E-007 -0.1505716964097399E-022
 0.1000000000000000E+001  0.1332468600000000E+001  0.4276760110018064E-026 -0.9315587908237116E-028 -0.1276663643742184E-026  0.2025965390996541E-038  0.1651308312658548E-040

 0.0000000000000000E+000  0.1372189900000000E+001 -0.2814743917216942E+001  0.2259334839240196E+001  0.2313346244983560E+001 -0.8352718342714094E-002  0.5686409079727255E-001
 0.2777777800000000E-003  0.1372189900000000E+001 -0.2814682945548845E+001  0.2259309307453933E+001  0.2313282782143705E+001 -0.8354438581159425E-002  0.5690589815385431E-001
 0.8333333300000000E-003  0.1372189900000000E+001 -0.2814197821395283E+001  0.2259105703116661E+001  0.2312777692937762E+001 -0.8368222098846540E-002  0.5724014389721906E-001
 0.1666666700000000E-002  0.1372189900000000E+001 -0.2812599287571941E+001  0.2258428985805732E+001  0.2311111497102625E+001 -0.8414890205368831E-002  0.5836237631300305E-001
 0.2777777800000000E-002  0.1372189900000000E+001 -0.2809042265374829E+001  0.2256889709696733E+001  0.2307392789463305E+001 -0.8526071984746744E-002  0.6098132879944922E-001
 0.4166666700000000E-002  0.1372189900000000E+001 -0.2802925421576768E+001  0.2254122762177458E+001  0.2300955821532480E+001 -0.8744396312632281E-002  0.6593087740158325E-001
 0.5833333300000000E-002  0.1372189900000000E+001 -0.2794387355536229E+001  0.2249955230472168E+001  0.2291853473526786E+001 -0.9121845563417304E-002  0.7401596682240748E-001
 0.7777777800000000E-002  0.1372189900000000E+001 -0.2784457416936271E+001  0.2244509813761634E+001  0.2281004810356466E+001 -0.9713403551769801E-002  0.8583950239868629E-001
 0.1000000000000000E-001  0.1372189900000000E+001 -0.2774602048649007E+001  0.2238138612714727E+001  0.2269740676793644E+001 -0.1056594347682439E-001  0.1016979556122308E+000
 0.1250000000000000E-001  0.1372189900000000E+001 -0.2766064402879102E+001  0.2231239631475294E+001  0.2259147292779817E+001 -0.1170844326643292E-001  0.1215925316198163E+000
 0.1527777800000000E-001  0.1372189900000000E+001 -0.2759543389472118E+001  0.2224105502758968E+001  0.2249754064710128E+001 -0.1315005398848518E-001  0.1453180959148423E+000
 0.1833333300000000E-001  0.1372189900000000E+001 -0.2755263921629861E+001  0.2216873749062908E+001  0.2241615986210586E+001 -0.1488542058676159E-001  0.1725594694797696E+000
 0.2166666700000000E-001  0.1372189900000000E+001 -0.2753178292982428E+001  0.2209545866629122E+001  0.2234529833109149E+001 -0.1690190440218967E-001  0.2029537928916587E+000
 0.2527777800000000E-001  0.1372189900000000E+001 -0.2753115470730681E+001  0.2202023394088515E+001  0.2228201865310088E+001 -0.1918487226225276E-001  0.2361136833473403E+000
 0.2916666700000000E-001  0.1372189900000000E+001 -0.2754840908379315E+001  0.2194133617578273E+001  0.2222331747080160E+001 -0.2172036197342324E-001  0.2716216985224194E+000
 0.3333333300000000E-001  0.1372189900000000E+001 -0.2758050171434443E+001  0.2185639386538827E+001  0.2216638642997157E+001 -0.2449590354116279E-001  0.3090063756959436E+000
 0.3777777800000000E-001  0.1372189900000000E+001 -0.2762322608754098E+001  0.2176236511192765E+001  0.2210857942791591E+001 -0.2750041710654693E-001  0.3477067595902771E+000
 0.4250000000000000E-001  0.1372189900000000E+001 -0.2767051386008603E+001  0.2165544415875179E+001  0.2204725428869552E+001 -0.3072375897116724E-001  0.3870298006703840E+000
 0.4750000000000000E-001  0.1372189900000000E+001 -0.2771361790754600E+001  0.2153096131824291E+001  0.2197956708016107E+001 -0.3415622868818399E-001  0.4261066410278237E+000
 0.5277777800000000E-001  0.1372189900000000E+001 -0.2774034564767923E+001  0.2138335042910577E+001  0.2190225947996847E+001 -0.3778814563918173E-001  0.4638582399897584E+000
 0.5833333300000000E-001  0.1372189900000000E+001 -0.2773464393646439E+001  0.2120627736434972E+001  0.2181147830750477E+001 -0.4160954470027071E-001  0.4989890265123266E+000
 0.6416666700000000E-001  0.1372189900000000E+001 -0.2767699869722244E+001  0.2099303456181358E+001  0.2170268852246508E+001 -0.4560998660284033E-001  0.5300346134828332E+000
 0.7027777800000000E-001  0.1372189900000000E+001 -0.2754615613253888E+001  0.2073727509174922E+001  0.2157076638855834E+001 -0.4977844251452870E-001  0.5554884760176381E+000
 0.7666666699999999E-001  0.1372189900000000E+001 -0.2732236668208719E+001  0.2043404585839686E+001  0.2141035407781150E+001 -0.5410322845342765E-001  0.5740117207853456E+000
 0.8333333300000000E-001  0.1372189900000000E+001 -0.2699157817035378E+001  0.2008089360326191E+001  0.2121648642972325E+001 -0.5857193801106390E-001  0.5846852694146845E+000
 0.9027777800000000E-001  0.1372189900000000E+001 -0.2654909421793866E+001  0.1967865312700661E+001  0.2098536201910630E+001 -0.6317137991716523E-001  0.5872170122206467E+000
 0.9750000000000000E-001  0.1372189900000000E+001 -0.2600098427966708E+001  0.1923155493673481E+001  0.2071500632936843E+001 -0.6788752140268318E-001  0.5820099714069563E+000
 0.1050000000000000E+000  0.1372189900000000E+001 -0.2536250143495896E+001  0.1874656131922336E+001  0.2040557547631499E+001 -0.7270547200522363E-001  0.5700556102929362E+000
 0.1127777800000000E+000  0.1372189900000000E+001 -0.2465433395929561E+001  0.1823219600498118E+001  0.2005920799912804E+001 -0.7760948851395093E-001  0.5527028196738601E+000
 0.1208333300000000E+000  0.1372189900000000E+001 -0.2389841741210715E+001  0.1769730521466690E+001  0.1967953269640568E+001 -0.8258297615260256E-001  0.5314012891042340E+000
 0.1291666700000000E+000  0.1372189900000000E+001 -0.2311473313060059E+001  0.1715009405120512E+001  0.1927104160676955E+001 -0.8760850162739127E-001  0.5075009845716404E+000
 0.1377777800000000E+000  0.1372189900000000E+001 -0.2231962651618037E+001  0.1659758035267769E+001  0.1883852296109136E+001 -0.9266770609986437E-001  0.4821395629910400E+000
 0.1466666700000000E+000  0.1372189900000000E+001 -0.2152539496785378E+001  0.1604540207688801E+001  0.1838663848137785E+001 -0.9774127910531895E-001  0.4562063820181477E+000
 0.1558333300000000E+000  0.1372189900000000E+001 -0.2074066451404800E+001  0.1549787302518788E+001  0.1791967148100835E+001 -0.1028088500911485E+000  0.4303561346777814E+000
 0.1652777800000000E+000  0.1372189900000000E+001 -0.1997108356815360E+001  0.1495815420420702E+001  0.1744140408895036E+001 -0.1078489416792237E+000  0.4050454243093352E+000
 0.1750000000000000E+000  0.1372189900000000E+001 -0.1922006802234645E+001  0.1442847116833595E+001  0.1695509178291213E+001 -0.1128388709185327E+000  0.3805754666318663E+000
 0.1850000000000000E+000  0.1372189900000000E+001 -0.1848943977171482E+001  0.1391031545308745E+001  0.1646348446192339E+001 -0.1177547472658497E+000  0.3571310995873513E+000
 0.1952777800000000E+000  0.1372189900000000E+001 -0.1777993765610051E+001  0.1340462412892043E+001  0.1596887977985131E+001 -0.1225714356448339E+000  0.3348132904952675E+000
 0.2058333300000000E+000  0.1372189900000000E+001 -0.1709159336818120E+001  0.1291192326608944E+001  0.1547318404724940E+001 -0.1272625690784426E+000  0.3136642620469139E+000
 0.2166666700000000E+000  0.1372189900000000E+001 -0.1642399632143643E+001  0.1243243804625424E+001  0.1497797128922327E+001 -0.1318006066172471E+000  0.2936861489864750E+000
 0.2277777800000000E+000  0.1372189900000000E+001 -0.1577648264486695E+001  0.1196618112428276E+001  0.1448454254469640E+001 -0.1361568741100528E+000  0.2748547285838919E+000
 0.2391666700000000E+000  0.1372189900000000E+001 -0.1514825495732963E+001  0.1151301317913512E+001  0.1399397181135996E+001 -0.1403016984280099E+000  0.2571289610761913E+000
 0.2508333300000000E+000  0.1372189900000000E+001 -0.1453846696719022E+001  0.1107269219562092E+001  0.1350715020940645E+001 -0.1442045268812301E+000  0.2404578561281448E+000
 0.2627777800000000E+000  0.1372189900000000E+001 -0.1394627293552539E+001  0.1064490607218983E+001  0.1302481891168786E+001 -0.1478341220706237E+000  0.2247850793942393E+000
 0.2750000000000000E+000  0.1372189900000000E+001 -0.1337086339778271E+001  0.1022930036772336E+001  0.1254760096475785E+001 -0.1511587568029682E+000  0.2100522353655843E+000
 0.2875000000000000E+000  0.1372189900000000E+001 -0.1281148029685605E+001  0.9825493928102985E+000  0.1207602208867051E+001 -0.1541464958348574E+000  0.1962009009842241E+000
 0.3002777800000000E+000  0.1372189900000000E+001 -0.1226742872844786E+001  0.9433093378523251E+000  0.1161053150777031E+001 -0.1567654867194288E+000  0.1831740663241981E+000
 0.3133333300000000E+000  0.1372189900000000E+001 -0.1173808070802770E+001  0.9051702304514406E+000  0.1115151736140628E+001 -0.1589843091154659E+000  0.1709170010794747E+000
 0.3266666700000000E+000  0.1372189900000000E+001 -0.1122287366774676E+001  0.8680926592983632E+000  0.1069931769112232E+001 -0.1607723728449307E+000  0.1593777327258054E+000
 0.3402777800000000E+000  0.1372189900000000E+001 -0.1072131095280276E+001  0.8320380912243691E+000  0.1025423268772948E+001 -0.1621003408355842E+000  0.1485073818158728E+000
 0.3541666700000000E+000  0.1372189900000000E+001 -0.1023295530205516E+001  0.7969689723164659E+000  0.9816529979332353E+000 -0.1629406125378715E+000  0.1382602067623161E+000
 0.3683333300000000E+000  0.1372189900000000E+001 -0.9757426108133391E+000  0.7628490560323476E+000  0.9386452231132090E+000 -0.1632678255766015E+000  0.1285936445179170E+000
 0.3827777800000000E+000  0.1372189900000000E+001 -0.9294392593213363E+000  0.7296433939699931E+000  0.8964220068745357E+000 -0.1630593927544977E+000  0.1194682043431562E+000
 0.3975000000000000E+000  0.1372189900000000E+001 -0.8843570803462387E+000  0.6973185604397245E+000  0.8550037431555966E+000 -0.1622960549937017E+000  0.1108474018534152E+000
 0.4125000000000000E+000  0.1372189900000000E+001 -0.8404715955261310E+000  0.6658425078020743E+000  0.8144091743816606E+000 -0.1609624427658930E+000  0.1026975781551940E+000
 0.4277777800000000E+000  0.1372189900000000E+001 -0.7977618409412550E+000  0.6351846506828276E+000  0.7746556502192556E+000 -0.1590476329089743E+000  0.9498778067253334E-001
 0.4433333300000000E+000  0.1372189900000000E+001 -0.7562098396945419E+000  0.6053158333796127E+000  0.7357591938577470E+000 -0.1565456877042464E+000  0.8768961597169027E-001
 0.4591666700000000E+000  0.1372189900000000E+001 -0.7157999914360778E+000  0.5762082133909852E+000  0.6977344181548091E+000 -0.1534561501127353E+000  0.8077709253191803E-001
 0.4752777800000000E+000  0.1372189900000000E+001 -0.6765187705027133E+000  0.5478353452901118E+000  0.6605946682294941E+000 -0.1497845059260524E+000  0.7422652497511766E-001
 0.4916666700000000E+000  0.1372189900000000E+001 -0.6383540798504471E+000  0.5201719969146548E+000  0.6243517858949525E+000 -0.1455425520024544E+000  0.6801638936807562E-001
 0.5083333300000000E+000  0.1372189900000000E+001 -0.6012949353847683E+000  0.4931941844372316E+000  0.5890161367842661E+000 -0.1407487021832551E+000  0.6212724834896867E-001
 0.5247222200000000E+000  0.1372189900000000E+001 -0.5664836878145524E+000  0.4677248439417407E+000  0.5557015506710389E+000 -0.1356092154067054E+000  0.5671873946497850E-001
 0.5408333300000000E+000  0.1372189900000000E+001 -0.5337561567993861E+000  0.4436442106929923E+000  0.5242775145784694E+000 -0.1301921947551437E+000  0.5174096435144732E-001
 0.5566666700000000E+000  0.1372189900000000E+001 -0.5029637353397037E+000  0.4208459043339828E+000  0.4946232922541269E+000 -0.1245620450709287E+000  0.4715124968265640E-001
 0.5722222200000000E+000  0.1372189900000000E+001 -0.4739713718303953E+000  0.3992351157426339E+000  0.4666270503494979E+000 -0.1187790283508466E+000  0.4291295613121133E-001
 0.5875000000000000E+000  0.1372189900000000E+001 -0.4466557168018964E+000  0.3787269375315454E+000  0.4401849031700643E+000 -0.1128989042903679E+000  0.3899448224592343E-001
 0.6025000000000000E+000  0.1372189900000000E+001 -0.4209038459113368E+000  0.3592451482383514E+000  0.4152003316087399E+000 -0.1069727402215244E+000  0.3536848769111774E-001
 0.6172222200000000E+000  0.1372189900000000E+001 -0.3966120172379108E+000  0.3407210496474937E+000  0.3915834968797033E+000 -0.1010467877561356E+000  0.3201122773851284E-001
 0.6316666700000000E+000  0.1372189900000000E+001 -0.3736846978316647E+000  0.3230925320617490E+000  0.3692507076790177E+000 -0.9516246788264107E-001  0.2890201188007139E-001
 0.6458333300000000E+000  0.1372189900000000E+001 -0.3520338005182687E+000  0.3063033255645306E+000  0.3481240087466262E+000 -0.8935645340966089E-001  0.2602275961318748E-001
 0.6597222200000000E+000  0.1372189900000000E+001 -0.3315778685143686E+000  0.2903022338466419E+000  0.3281306532189537E+000 -0.8366077338879936E-001  0.2335760439007440E-001
 0.6733333300000000E+000  0.1372189900000000E+001 -0.3122415747964877E+000  0.2750426325437481E+000  0.3092028304375616E+000 -0.7810302844047205E-001  0.2089258404907778E-001
 0.6866666700000000E+000  0.1372189900000000E+001 -0.2939551161455735E+000  0.2604819055884076E+000  0.2912772502557820E+000 -0.7270659842115236E-001  0.1861535268011799E-001
 0.6997222200000000E+000  0.1372189900000000E+001 -0.2766538162760635E+000  0.2465810630325188E+000  0.2742948992061068E+000 -0.6749092091121944E-001  0.1651494800462117E-001
 0.7125000000000000E+000  0.1372189900000000E+001 -0.2602776170164036E+000  0.2333042847526544E+000  0.2582006607070752E+000 -0.6247174147004150E-001  0.1458156774079280E-001
 0.7250000000000000E+000  0.1372189900000000E+001 -0.2447708023389427E+000  0.2206186635572921E+000  0.2429431425038408E+000 -0.5766143178234494E-001  0.1280639283423380E-001
 0.7372222200000000E+000  0.1372189900000000E+001 -0.2300816122066703E+000  0.2084938715239467E+000  0.2284743788579113E+000 -0.5306926801372244E-001  0.1118141160213978E-001
 0.7491666700000000E+000  0.1372189900000000E+001 -0.2161619435817889E+000  0.1969019057353919E+000  0.2147496042650147E+000 -0.4870172400910422E-001  0.9699266113334284E-002
 0.7608333300000000E+000  0.1372189900000000E+001 -0.2029671230622862E+000  0.1858169018935452E+000  0.2017270863909333E+000 -0.4456277219010344E-001  0.8353115386039608E-002
 0.7722222200000000E+000  0.1372189900000000E+001 -0.1904555764584396E+000  0.1752148682530218E+000  0.1893678479536132E+000 -0.4065413449976419E-001  0.7136495603287224E-002
 0.7833333300000000E+000  0.1372189900000000E+001 -0.1785886801978316E+000  0.1650735769019858E+000  0.1776355602700884E+000 -0.3697557091297491E-001  0.6043206169932457E-002
 0.7941666700000000E+000  0.1372189900000000E+001 -0.1673304956577879E+000  0.1553723609583570E+000  0.1664963149568288E+000 -0.3352511062693291E-001  0.5067190485947991E-002
 0.8047222200000000E+000  0.1372189900000000E+001 -0.1566476289146327E+000  0.1460920216291965E+000  0.1559185143814383E+000 -0.3029930085053208E-001  0.4202435850028136E-002
 0.8149999999999999E+000  0.1372189900000000E+001 -0.1465089809094858E+000  0.1372146432129023E+000  0.1458726494633432E+000 -0.2729340066558841E-001  0.3442872512835921E-002
 0.8250000000000000E+000  0.1372189900000000E+001 -0.1368856550535442E+000  0.1287235460035471E+000  0.1363312298707194E+000 -0.2450160158131868E-001  0.2782296713438535E-002
 0.8347222200000000E+000  0.1372189900000000E+001 -0.1277507652065697E+000  0.1206031540382142E+000  0.1272686128186710E+000 -0.2191719713214307E-001  0.2214299205513283E-002
 0.8441666700000000E+000  0.1372189900000000E+001 -0.1190792971109224E+000  0.1128389096142236E+000  0.1186608825273780E+000 -0.1953274896037895E-001  0.1732215959495492E-002
 0.8533333300000000E+000  0.1372189900000000E+001 -0.1108480157205098E+000  0.1054172293380395E+000  0.1104857734472302E+000 -0.1734024621472946E-001  0.1329103187650990E-002
 0.8622222200000000E+000  0.1372189900000000E+001 -0.1030352819095859E+000  0.9832537854606667E-001  0.1027225020194547E+000 -0.1533122234557788E-001  0.9977344146105981E-003
 0.8708333300000000E+000  0.1372189900000000E+001 -0.9562100511950639E-001  0.9155146724183580E-001  0.9535173215483676E-001 -0.1349689179291725E-001  0.7306361421953147E-003
 0.8791666700000000E+000  0.1372189900000000E+001 -0.8858649620217764E-001  0.8508435513332090E-001  0.8835544048886730E-001 -0.1182824429572914E-001  0.5201538205258618E-003
 0.8872222200000000E+000  0.1372189900000000E+001 -0.8191441470190146E-001  0.7891364133593037E-001  0.8171687446343701E-001 -0.1031614840645574E-001  0.3585587166886906E-003
 0.8950000000000000E+000  0.1372189900000000E+001 -0.7558862142344536E-001  0.7302956541984520E-001  0.7542041520050602E-001 -0.8951419139358270E-002  0.2381878876037496E-003
 0.9025000000000000E+000  0.1372189900000000E+001 -0.6959415414602671E-001  0.6742302015487155E-001  0.6945156185424788E-001 -0.7724901923011886E-002  0.1516178905376386E-003
 0.9097222200000000E+000  0.1372189900000000E+001 -0.6391711728030638E-001  0.6208548277420086E-001  0.6379682930740023E-001 -0.6627525627027068E-002  0.9185561775239262E-004
 0.9166666700000000E+000  0.1372189900000000E+001 -0.5854461069089763E-001  0.5700898005724918E-001  0.5844368377639241E-001 -0.5650354973655180E-002  0.5253268549641551E-004
 0.9233333300000000E+000  0.1372189900000000E+001 -0.5346469355810350E-001  0.5218608446170753E-001  0.5338051233404460E-001 -0.4784640051095094E-002  0.2808021188000437E-004
 0.9297222200000000E+000  0.1372189900000000E+001 -0.4866626822999935E-001  0.4760983226985279E-001  0.4859651177345740E-001 -0.4021843881573905E-002  0.1385860069097451E-004
 0.9358333300000000E+000  0.1372189900000000E+001 -0.4413907605185175E-001  0.4327374563311055E-001  0.4408168825666206E-001 -0.3353682982321337E-002  0.6220648488220255E-005
 0.9416666700000000E+000  0.1372189900000000E+001 -0.3987360602428041E-001  0.3917176985586232E-001  0.3982676941901974E-001 -0.2772147200314430E-002  0.2492114938372113E-005
 0.9472222200000000E+000  0.1372189900000000E+001 -0.3586108227051300E-001  0.3529828409424602E-001  0.3582319453423721E-001 -0.2269526641820986E-002  0.8701476162736649E-006
 0.9525000000000000E+000  0.1372189900000000E+001 -0.3209336764326401E-001  0.3164802968359538E-001  0.3206302062763013E-001 -0.1838422850769414E-002  0.2568726335811227E-006
 0.9575000000000000E+000  0.1372189900000000E+001 -0.2856297277756694E-001  0.2821613845221386E-001  0.2853893347771437E-001 -0.1471770073126450E-002  0.6163900969103625E-007
 0.9622222200000000E+000  0.1372189900000000E+001 -0.2526298885989288E-001  0.2499808598239926E-001  0.2524418226194492E-001 -0.1162843497432166E-002  0.1141624080606177E-007
 0.9666666700000000E+000  0.1372189900000000E+001 -0.2218705298402378E-001  0.2198967478933372E-001  0.2217254650016982E-001 -0.9052692547388013E-003  0.1523335346057299E-008
 0.9708333300000000E+000  0.1372189900000000E+001 -0.1932934376145360E-001  0.1918704587241958E-001  0.1931833303757499E-001 -0.6930342574298282E-003  0.1340879405364531E-009
 0.9747222200000000E+000  0.1372189900000000E+001 -0.1668450384327744E-001  0.1658661745479533E-001  0.1667629987743017E-001 -0.5204882336063433E-003  0.7318559809761322E-011
 0.9783333300000000E+000  0.1372189900000000E+001 -0.1424766152459548E-001  0.1418511959541119E-001  0.1424167882511620E-001 -0.3823519739701590E-003  0.3413312200929048E-012
 0.9816666700000000E+000  0.1372189900000000E+001 -0.1201437247697975E-001  0.1197954941688741E-001  0.1201011823272121E-001 -0.2737182734351658E-003  0.2402414929101113E-013
 0.9847222200000000E+000  0.1372189900000000E+001 -0.9980631590794061E-002  0.9967194387990808E-002  0.9977695670238413E-002 -0.1900561060194267E-003  0.1067784914604614E-014
 0.9875000000000000E+000  0.1372189900000000E+001 -0.8142806559447598E-002  0.8145577561775042E-002  0.8140852298308942E-002 -0.1272100918452193E-003  0.1453277831025778E-016
 0.9900000000000000E+000  0.1372189900000000E+001 -0.6497666995499599E-002  0.6512496722001587E-002  0.6496422613344833E-002 -0.8140355007937618E-004  0.4568591083956722E-018
 0.9922222200000000E+000  0.1372189900000000E+001 -0.5042342116924006E-002  0.5065992507268244E-002  0.5041592728985474E-002 -0.4923789441445327E-004  0.1884943832604307E-019
 0.9941666700000000E+000  0.1372189900000000E+001 -0.3774307096117304E-002  0.3804339449729500E-002  0.3773887222372554E-002 -0.2769302073407046E-004  0.1044710562912661E-021
 0.9958333300000000E+000  0.1372189900000000E+001 -0.2691397042224048E-002  0.2726081854431445E-002  0.2691183540605944E-002 -0.1412764774274995E-004  0.1191958979527138E-022
 0.9972222200000000E+000  0.1372189900000000E+001 -0.1791751009054773E-002  0.1829453113520783E-002  0.1791656384957863E-002 -0.6278385591091565E-005 -0.2868630687280174E-023
 0.9983333300000000E+000  0.1372189900000000E+001 -0.1073848737270215E-002  0.1114083967722615E-002  0.1073814748686602E-002 -0.2260055783935375E-005 -0.8404974327505175E-022
 0.9991666700000000E+000  0.1372189900000000E+001 -0.5364709534004682E-003  0.5698803547878769E-003  0.5364624705961991E-003 -0.5649749146960369E-006  0.8276481562014317E-022
 0.9997222200000000E+000  0.1372189900000000E+001 -0.1787259117245655E-003  0.2008033400560514E-003  0.1787249702206723E-003 -0.6277407303519989E-007 -0.1784949188687598E-022
 0.1000000000000000E+001  0.1372189900000000E+001 -0.5152913602186878E-027 -0.4547999941033741E-027 -0.3734561175493587E-026  0.7377084797117951E-039 -0.2345351079902253E-040

 0.0000000000000000E+000  0.1408300200000000E+001 -0.2815126801814134E+001  0.2258951958858405E+001  0.2313702076740160E+001 -0.8352718342714094E-002  0.5724120080264947E-001
 0.2777777800000000E-003  0.1408300200000000E+001 -0.2815065579725564E+001  0.2258926649115129E+001  0.2313638309701000E+001 -0.8354438803383135E-002  0.5728328873121551E-001
 0.8333333300000000E-003  0.1408300200000000E+001 -0.2814578471415948E+001  0.2258724811701861E+001  0.2313130804898108E+001 -0.8368224063239090E-002  0.5761977788789101E-001
 0.1666666700000000E-002  0.1408300200000000E+001 -0.2812973507928370E+001  0.2258053920593557E+001  0.2311456711526580E+001 -0.8414897596023157E-002  0.5874954608861310E-001
 0.2777777800000000E-002  0.1408300200000000E+001 -0.2809402810248634E+001  0.2256527635787181E+001  0.2307720786891614E+001 -0.8526089727606677E-002  0.6138610638328541E-001
 0.4166666700000000E-002  0.1408300200000000E+001 -0.2803264760299450E+001  0.2253783147126003E+001  0.2301255474259113E+001 -0.8744426332663995E-002  0.6636901860336603E-001
 0.5833333300000000E-002  0.1408300200000000E+001 -0.2794703209478703E+001  0.2249647370923056E+001  0.2292116716124293E+001 -0.9121881203109947E-002  0.7450887317946761E-001
 0.7777777800000000E-002  0.1408300200000000E+001 -0.2784758726014607E+001  0.2244240033255374E+001  0.2281231739840279E+001 -0.9713429380892416E-002  0.8641316823444697E-001
 0.1000000000000000E-001  0.1408300200000000E+001 -0.2774911506466151E+001  0.2237909335743616E+001  0.2269941091987850E+001 -0.1056594315478448E-001  0.1023814067253073E+000
 0.1250000000000000E-001  0.1408300200000000E+001 -0.2766416995610422E+001  0.2231050965302124E+001  0.2259338213259240E+001 -0.1170840807704904E-001  0.1224165545340853E+000
 0.1527777800000000E-001  0.1408300200000000E+001 -0.2759983857623446E+001  0.2223957911031511E+001  0.2249956193242744E+001 -0.1314998529559972E-001  0.1463147826716324E+000
 0.1833333300000000E-001  0.1408300200000000E+001 -0.2755845637842286E+001  0.2216770242796071E+001  0.2241851569900962E+001 -0.1488532782116093E-001  0.1737626177155285E+000
 0.2166666700000000E-001  0.1408300200000000E+001 -0.2753963918560225E+001  0.2209493173092143E+001  0.2234822221684531E+001 -0.1690180281539341E-001  0.2043999102295652E+000
 0.2527777800000000E-001  0.1408300200000000E+001 -0.2754178665536968E+001  0.2202032294387078E+001  0.2228576025167364E+001 -0.1918478221566530E-001  0.2378432805058205E+000
 0.2916666700000000E-001  0.1408300200000000E+001 -0.2756268315517235E+001  0.2194218761383614E+001  0.2222815050451740E+001 -0.2172030948849979E-001  0.2736805652326526E+000
 0.3333333300000000E-001  0.1408300200000000E+001 -0.2759943013053260E+001  0.2185818727668337E+001  0.2217261562604858E+001 -0.2449592134854116E-001  0.3114464894795752E+000
 0.3777777800000000E-001  0.1408300200000000E+001 -0.2764797102093283E+001  0.2176530310168022E+001  0.2211654461721156E+001 -0.2750054562364322E-001  0.3505863388103784E+000
 0.4250000000000000E-001  0.1408300200000000E+001 -0.2770236764631456E+001  0.2165973598010170E+001  0.2205732996089956E+001 -0.3072404695734134E-001  0.3904117744486150E+000
 0.4750000000000000E-001  0.1408300200000000E+001 -0.2775394120121703E+001  0.2153679695849378E+001  0.2199215495642066E+001 -0.3415673367181119E-001  0.4300545395164690E+000
 0.5277777800000000E-001  0.1408300200000000E+001 -0.2779044089567420E+001  0.2139086239640999E+001  0.2191777059124338E+001 -0.3778893457764011E-001  0.4684283845169177E+000
 0.5833333300000000E-001  0.1408300200000000E+001 -0.2779554576682605E+001  0.2121549001792248E+001  0.2183030062767165E+001 -0.4161069560122371E-001  0.5042183126179910E+000
 0.6416666700000000E-001  0.1408300200000000E+001 -0.2774918685312330E+001  0.2100380724503141E+001  0.2172513793945929E+001 -0.4561159168757634E-001  0.5359246597276111E+000
 0.7027777800000000E-001  0.1408300200000000E+001 -0.2762924784372320E+001  0.2074925525274980E+001  0.2159702452678350E+001 -0.4978061260176784E-001  0.5619896978958433E+000
 0.7666666699999999E-001  0.1408300200000000E+001 -0.2741490874547109E+001  0.2044665697984264E+001  0.2144040635022815E+001 -0.5410609673267160E-001  0.5810139954406199E+000
 0.8333333300000000E-001  0.1408300200000000E+001 -0.2709108161550357E+001  0.2009338021327892E+001  0.2125008294124192E+001 -0.5857566034364015E-001  0.5920224887338045E+000
 0.9027777800000000E-001  0.1408300200000000E+001 -0.2665237689646873E+001  0.1969018418502017E+001  0.2102202333825761E+001 -0.6317612974562976E-001  0.5946882087182011E+000
 0.9750000000000000E-001  0.1408300200000000E+001 -0.2610472529821388E+001  0.1924135586280796E+001  0.2075408005642074E+001 -0.6789348035147508E-001  0.5894111406536001E+000
 0.1050000000000000E+000  0.1408300200000000E+001 -0.2546378811756773E+001  0.1875402757295202E+001  0.2044632609998384E+001 -0.7271282009979459E-001  0.5772102524013755E+000
 0.1127777800000000E+000  0.1408300200000000E+001 -0.2475100587193815E+001  0.1823695292029442E+001  0.2010090904779239E+001 -0.7761839809468975E-001  0.5594808708025653E+000
 0.1208333300000000E+000  0.1408300200000000E+001 -0.2398914927241202E+001  0.1769920858804880E+001  0.1972153542336233E+001 -0.8259361107128899E-001  0.5377234967098763E+000
 0.1291666700000000E+000  0.1408300200000000E+001 -0.2319892417831235E+001  0.1714918988696871E+001  0.1931281065385099E+001 -0.8762102054677642E-001  0.5133324418491680E+000
 0.1377777800000000E+000  0.1408300200000000E+001 -0.2239720552119822E+001  0.1659404862733258E+001  0.1887964357015608E+001 -0.9268226745709843E-001  0.4874783665841694E+000
 0.1466666700000000E+000  0.1408300200000000E+001 -0.2159662474856962E+001  0.1603950291506510E+001  0.1842680578129274E+001 -0.9775804568173967E-001  0.4610720771185015E+000
 0.1558333300000000E+000  0.1408300200000000E+001 -0.2080598665718637E+001  0.1548990416517151E+001  0.1795867175890661E+001 -0.1028279920021005E+000  0.4347803121630504E+000
 0.1652777800000000E+000  0.1408300200000000E+001 -0.2003101161873230E+001  0.1494842143221434E+001  0.1747909468767898E+001 -0.1078706374519201E+000  0.4090650437381030E+000
 0.1750000000000000E+000  0.1408300200000000E+001 -0.1927512190507810E+001  0.1441726988506970E+001  0.1699138308587991E+001 -0.1128633067252118E+000  0.3842285815558597E+000
 0.1850000000000000E+000  0.1408300200000000E+001 -0.1854010980524651E+001  0.1389792043234682E+001  0.1649832520527464E+001 -0.1177821146186400E+000  0.3604543667378253E+000
 0.1952777800000000E+000  0.1408300200000000E+001 -0.1782666779239428E+001  0.1339128478483354E+001  0.1600224577189002E+001 -0.1226019278079796E+000  0.3378406840897275E+000
 0.2058333300000000E+000  0.1408300200000000E+001 -0.1713477589721906E+001  0.1289786233749884E+001  0.1550506983647964E+001 -0.1272963764501109E+000  0.3164265405272489E+000
 0.2166666700000000E+000  0.1408300200000000E+001 -0.1646397288278446E+001  0.1241785225101884E+001  0.1500838417844779E+001 -0.1318379112868782E+000  0.2962107614392803E+000
 0.2277777800000000E+000  0.1408300200000000E+001 -0.1581354839142546E+001  0.1195124285163692E+001  0.1451349840018358E+001 -0.1361978437146384E+000  0.2771659619647132E+000
 0.2391666700000000E+000  0.1408300200000000E+001 -0.1518266396132403E+001  0.1149787263420033E+001  0.1402149217555594E+001 -0.1403464794952552E+000  0.2592482013218214E+000
 0.2508333300000000E+000  0.1408300200000000E+001 -0.1457043787511079E+001  0.1105747966417156E+001  0.1353326036529592E+001 -0.1442532377671210E+000  0.2424038934275069E+000
 0.2627777800000000E+000  0.1408300200000000E+001 -0.1397599432040741E+001  0.1062973411694999E+001  0.1304954660991882E+001 -0.1478868456865662E+000  0.2265744155243860E+000
 0.2750000000000000E+000  0.1408300200000000E+001 -0.1339849859816205E+001  0.1021426586403990E+001  0.1257097562602506E+001 -0.1512155332796983E+000  0.2116993741213061E+000
 0.2875000000000000E+000  0.1408300200000000E+001 -0.1283717163869624E+001  0.9810679900436542E+000  0.1209807431922573E+001 -0.1542073153877591E+000  0.1977186103691224E+000
 0.3002777800000000E+000  0.1408300200000000E+001 -0.1229130115904618E+001  0.9418570630267650E+000  0.1163129283709265E+001 -0.1568302829272089E+000  0.1845736110705794E+000
 0.3133333300000000E+000  0.1408300200000000E+001 -0.1176024488055489E+001  0.9037530849902939E+000  0.1117102012342436E+001 -0.1590529529043160E+000  0.1722083454156611E+000
 0.3266666700000000E+000  0.1408300200000000E+001 -0.1124342853428060E+001  0.8667156909357938E+000  0.1071759499331844E+001 -0.1608446674908545E+000  0.1605697153519984E+000
 0.3402777800000000E+000  0.1408300200000000E+001 -0.1074034594443086E+001  0.8307055029402676E+000  0.1027131844177509E+001 -0.1621760182689758E+000  0.1496078668964660E+000
 0.3541666700000000E+000  0.1408300200000000E+001 -0.1025055213894403E+001  0.7956842173799649E+000  0.9832458954068463E+000 -0.1630193313075653E+000  0.1392762129133785E+000
 0.3683333300000000E+000  0.1408300200000000E+001 -0.9773660307911233E+000  0.7616149206809638E+000  0.9401260120525491E+000 -0.1633491707440700E+000  0.1295314556418473E+000
 0.3827777800000000E+000  0.1408300200000000E+001 -0.9309334713136906E+000  0.7284620697537644E+000  0.8977943553204807E+000 -0.1631428780113973E+000  0.1203334643463701E+000
 0.3975000000000000E+000  0.1408300200000000E+001 -0.8857287467130158E+000  0.6961917073052968E+000  0.8562714232837232E+000 -0.1623811271975495E+000  0.1116451962910117E+000
 0.4125000000000000E+000  0.1408300200000000E+001 -0.8417270683600342E+000  0.6647713097236190E+000  0.8155760656154593E+000 -0.1610484890586103E+000  0.1034325041277697E+000
 0.4277777800000000E+000  0.1408300200000000E+001 -0.7989072293202183E+000  0.6341698645572804E+000  0.7757257403476547E+000 -0.1591339904453621E+000  0.9566400731737135E-001
 0.4433333300000000E+000  0.1408300200000000E+001 -0.7572510629530118E+000  0.6043578322846849E+000  0.7367365775246769E+000 -0.1566316559276631E+000  0.8831093683755956E-001
 0.4591666700000000E+000  0.1408300200000000E+001 -0.7167428201023052E+000  0.5753070251605851E+000  0.6986232923154720E+000 -0.1535410053721065E+000  0.8134697100661323E-001
 0.4752777800000000E+000  0.1408300200000000E+001 -0.6773688572042446E+000  0.5469906866931543E+000  0.6613993251249696E+000 -0.1498675180962539E+000  0.7474813424133411E-001
 0.4916666700000000E+000  0.1408300200000000E+001 -0.6391169806335504E+000  0.5193833045242876E+000  0.6250766027327157E+000 -0.1456230026181505E+000  0.6849264735051387E-001
 0.5083333300000000E+000  0.1408300200000000E+001 -0.6019761233677321E+000  0.4924606422524901E+000  0.5896655628721758E+000 -0.1408259034788685E+000  0.6256084885034137E-001
 0.5247222200000000E+000  0.1408300200000000E+001 -0.5670909580147266E+000  0.4670436670642454E+000  0.5562823261375728E+000 -0.1356826653452802E+000  0.5711344880413059E-001
 0.5408333300000000E+000  0.1408300200000000E+001 -0.5342966254317143E+000  0.4430126148594379E+000  0.5247958902015099E+000 -0.1302615029539217E+000  0.5210010907800756E-001
 0.5566666700000000E+000  0.1408300200000000E+001 -0.5034439042037282E+000  0.4202611385710706E+000  0.4950850553266510E+000 -0.1246269299004949E+000  0.4747778782748840E-001
 0.5722222200000000E+000  0.1408300200000000E+001 -0.4743971826904501E+000  0.3986944861123056E+000  0.4670375493972964E+000 -0.1188393109249574E+000  0.4320953502720649E-001
 0.5875000000000000E+000  0.1408300200000000E+001 -0.4470325979872092E+000  0.3782278244349752E+000  0.4405490715168747E+000 -0.1129545000442434E+000  0.3926348563130259E-001
 0.6025000000000000E+000  0.1408300200000000E+001 -0.4212367535337000E+000  0.3587850184531813E+000  0.4155227105236425E+000 -0.1070236488286004E+000  0.3561207460142429E-001
 0.6172222200000000E+000  0.1408300200000000E+001 -0.3969054719561272E+000  0.3402974646056256E+000  0.3918682580658603E+000 -0.1010930820066029E+000  0.3223136466307224E-001
 0.6316666700000000E+000  0.1408300200000000E+001 -0.3739428182465375E+000  0.3227031531515397E+000  0.3695016752965834E+000 -0.9520428211341722E-001  0.2910049956377302E-001
 0.6458333300000000E+000  0.1408300200000000E+001 -0.3522603339290466E+000  0.3059459170609066E+000  0.3483446810398445E+000 -0.8939397198598234E-001  0.2620125555964908E-001
 0.6597222200000000E+000  0.1408300200000000E+001 -0.3317762192276035E+000  0.2899746642570317E+000  0.3283242234537329E+000 -0.8369421959562252E-001  0.2351764168436998E-001
 0.6733333300000000E+000  0.1408300200000000E+001 -0.3124148306300716E+000  0.2747428744565919E+000  0.3093722074014157E+000 -0.7813265412462783E-001  0.2103558731401445E-001
 0.6866666700000000E+000  0.1408300200000000E+001 -0.2941060730804081E+000  0.2602080346137670E+000  0.2914250779945434E+000 -0.7273267455829505E-001  0.1874265147613616E-001
 0.6997222200000000E+000  0.1408300200000000E+001 -0.2767850016079859E+000  0.2463312558728739E+000  0.2744235761191238E+000 -0.6751372925790088E-001  0.1662778818135579E-001
 0.7125000000000000E+000  0.1408300200000000E+001 -0.2603913109213713E+000  0.2330768168309793E+000  0.2583123577467315E+000 -0.6249156733404815E-001  0.1468112089802646E-001
 0.7250000000000000E+000  0.1408300200000000E+001 -0.2448690581619564E+000  0.2204119060895038E+000  0.2430398206461977E+000 -0.5767855795742570E-001  0.1289376428942054E-001
 0.7372222200000000E+000  0.1408300200000000E+001 -0.2301662753730052E+000  0.2083062883614542E+000  0.2285578056410321E+000 -0.5308396981746859E-001  0.1125764692867353E-001
 0.7491666700000000E+000  0.1408300200000000E+001 -0.2162346692598561E+000  0.1967320499930071E+000  0.2148213694368471E+000 -0.4871426536978596E-001  0.9765356448118276E-002
 0.7608333300000000E+000  0.1408300200000000E+001 -0.2030293926663580E+000  0.1856634123836201E+000  0.2017886166867714E+000 -0.4457340270117670E-001  0.8410001657642815E-002
 0.7722222200000000E+000  0.1408300200000000E+001 -0.1905087129387616E+000  0.1750764659459284E+000  0.1894204208992791E+000 -0.4066308732148918E-001  0.7185071689025779E-002
 0.7833333300000000E+000  0.1408300200000000E+001 -0.1786338623041438E+000  0.1649490612588957E+000  0.1776803171512506E+000 -0.3698306143720863E-001  0.6084321181524697E-002
 0.7941666700000000E+000  0.1408300200000000E+001 -0.1673687711217913E+000  0.1552606063438652E+000  0.1665342728686668E+000 -0.3353133577609002E-001  0.5101650165844982E-002
 0.8047222200000000E+000  0.1408300200000000E+001 -0.1566799266825728E+000  0.1459919737066596E+000  0.1559505774621005E+000 -0.3030443891845340E-001  0.4231003223668153E-002
 0.8149999999999999E+000  0.1408300200000000E+001 -0.1465361224024701E+000  0.1371253154905509E+000  0.1458996192698697E+000 -0.2729761158597722E-001  0.3466267802713877E-002
 0.8250000000000000E+000  0.1408300200000000E+001 -0.1369083645944878E+000  0.1286440163933793E+000  0.1363538150199281E+000 -0.2450502754697853E-001  0.2801196687754857E-002
 0.8347222200000000E+000  0.1408300200000000E+001 -0.1277696796030341E+000  0.1205325615703973E+000  0.1272874378721582E+000 -0.2191996347040231E-001  0.2229336006087464E-002
 0.8441666700000000E+000  0.1408300200000000E+001 -0.1190949744726562E+000  0.1127764512738508E+000  0.1186764961912425E+000 -0.1953496519659942E-001  0.1743975565651068E-002
 0.8533333300000000E+000  0.1408300200000000E+001 -0.1108609435729279E+000  0.1053621570050874E+000  0.1104986561423472E+000 -0.1734200726263639E-001  0.1338123685893386E-002
 0.8622222200000000E+000  0.1408300200000000E+001 -0.1030458846153436E+000  0.9827699613940627E-001  0.1027330728309574E+000 -0.1533260976504354E-001  0.1004504227279323E-002
 0.8708333300000000E+000  0.1408300200000000E+001 -0.9562965069847203E-001  0.9150912795491455E-001  0.9536035524781176E-001 -0.1349797507857843E-001  0.7355924797526520E-003
 0.8791666700000000E+000  0.1408300200000000E+001 -0.8859350255550802E-001  0.8504745885859168E-001  0.8836243099329771E-001 -0.1182908215460783E-001  0.5236815649897407E-003
 0.8872222200000000E+000  0.1408300200000000E+001 -0.8192005530372053E-001  0.7888163220107401E-001  0.8172250388821367E-001 -0.1031679000030736E-001  0.3609900150248324E-003
 0.8950000000000000E+000  0.1408300200000000E+001 -0.7559313049154005E-001  0.7300192950633667E-001  0.7542491638339864E-001 -0.8951905266602474E-002  0.2398026805007207E-003
 0.9025000000000000E+000  0.1408300200000000E+001 -0.6959773134958076E-001  0.6739928329928421E-001  0.6945513349983666E-001 -0.7725266128326943E-002  0.1526456059947648E-003
 0.9097222200000000E+000  0.1408300200000000E+001 -0.6391993199519193E-001  0.6206520850670296E-001  0.6379964011643274E-001 -0.6627795225128020E-002  0.9247814606759231E-004
 0.9166666700000000E+000  0.1408300200000000E+001 -0.5854680583907377E-001  0.5699176763554105E-001  0.5844587619516427E-001 -0.5650551982122658E-002  0.5288866026310622E-004
 0.9233333300000000E+000  0.1408300200000000E+001 -0.5346638906118525E-001  0.5217156697066073E-001  0.5338220594578640E-001 -0.4784782029745732E-002  0.2827046470991104E-004
 0.9297222200000000E+000  0.1408300200000000E+001 -0.4866756409504874E-001  0.4759767482124753E-001  0.4859780634227152E-001 -0.4021944677526644E-002  0.1395248560876664E-004
 0.9358333300000000E+000  0.1408300200000000E+001 -0.4414005512813356E-001  0.4326364359623152E-001  0.4408266645636754E-001 -0.3353753384639366E-002  0.6262785338477393E-005
 0.9416666700000000E+000  0.1408300200000000E+001 -0.3987433644892262E-001  0.3916344716048394E-001  0.3982749925999970E-001 -0.2772195507576344E-002  0.2508994003808525E-005
 0.9472222200000000E+000  0.1408300200000000E+001 -0.3586161963548665E-001  0.3529149156606208E-001  0.3582373151734836E-001 -0.2269559148909295E-002  0.8760405407311880E-006
 0.9525000000000000E+000  0.1408300200000000E+001 -0.3209375690390725E-001  0.3164254344625945E-001  0.3206340964331695E-001 -0.1838444260956797E-002  0.2586121031153368E-006
 0.9575000000000000E+000  0.1408300200000000E+001 -0.2856324993203136E-001  0.2821175835384611E-001  0.2853921047848386E-001 -0.1471783842989434E-002  0.6205637746307061E-007
 0.9622222200000000E+000  0.1408300200000000E+001 -0.2526318241763883E-001  0.2499463407668346E-001  0.2524437572563133E-001 -0.1162852121520973E-002  0.1149353622386165E-007
 0.9666666700000000E+000  0.1408300200000000E+001 -0.2218718524547921E-001  0.2198699385738928E-001  0.2217267870566508E-001 -0.9052744973902860E-003  0.1533648628539166E-008
 0.9708333300000000E+000  0.1408300200000000E+001 -0.1932943192773285E-001  0.1918499797854529E-001  0.1931842117161656E-001 -0.6930373387434950E-003  0.1349956934552910E-009
 0.9747222200000000E+000  0.1408300200000000E+001 -0.1668456097160035E-001  0.1658508255266589E-001  0.1667635698785686E-001 -0.5204899761673564E-003  0.7368104672903205E-011
 0.9783333300000000E+000  0.1408300200000000E+001 -0.1424769734669236E-001  0.1418399416002660E-001  0.1424171463769622E-001 -0.3823529166042954E-003  0.3436421424601849E-012
 0.9816666700000000E+000  0.1408300200000000E+001 -0.1201439409344451E-001  0.1197874511850381E-001  0.1201013984437389E-001 -0.2737187575929870E-003  0.2418679628345638E-013
 0.9847222200000000E+000  0.1408300200000000E+001 -0.9980644055241031E-002  0.9966636793358956E-002  0.9977708132393636E-002 -0.1900563399139902E-003  0.1075013291641212E-014
 0.9875000000000000E+000  0.1408300200000000E+001 -0.8142813363988085E-002  0.8145204872015654E-002  0.8140859101834040E-002 -0.1272101968218065E-003  0.1463107480063440E-016
 0.9900000000000000E+000  0.1408300200000000E+001 -0.6497670469177008E-002  0.6512258532333835E-002  0.6496426086610544E-002 -0.8140359313659029E-004  0.4600667086524913E-018
 0.9922222200000000E+000  0.1408300200000000E+001 -0.5042343747048626E-002  0.5065848595545966E-002  0.5041594358960780E-002 -0.4923791019007047E-004  0.1886404563959859E-019
 0.9941666700000000E+000  0.1408300200000000E+001 -0.3774307782254469E-002  0.3804258587327986E-002  0.3773887908462853E-002 -0.2769302573068151E-004  0.5600103096006972E-022
 0.9958333300000000E+000  0.1408300200000000E+001 -0.2691397291786212E-002  0.2726040636382688E-002  0.2691183790156000E-002 -0.1412764904454389E-004 -0.5339092421268613E-023
 0.9972222200000000E+000  0.1408300200000000E+001 -0.1791751082878733E-002  0.1829434808602866E-002  0.1791656458779447E-002 -0.6278385848419585E-005 -0.1772663484689553E-024
 0.9983333300000000E+000  0.1408300200000000E+001 -0.1073848753195489E-002  0.1114077382027835E-002  0.1073814764611572E-002 -0.2260055817304095E-005  0.8242853886306166E-022
 0.9991666700000000E+000  0.1408300200000000E+001 -0.5364709553891479E-003  0.5698787091500408E-003  0.5364624725848593E-003 -0.5649749167824084E-006 -0.1146518713388307E-021
 0.9997222200000000E+000  0.1408300200000000E+001 -0.1787259117981755E-003  0.2008031572595285E-003  0.1787249702942819E-003 -0.6277407306096599E-007  0.5308537442646357E-023
 0.1000000000000000E+001  0.1408300200000000E+001  0.1181650070039988E-026 -0.1363219736721704E-026 -0.7615282793780719E-027  0.4010588355319009E-039  0.2480951714783700E-040

 0.0000000000000000E+000  0.1440799400000000E+001 -0.2815408235466050E+001  0.2258670528306920E+001  0.2313963638040031E+001 -0.8352718342714094E-002  0.5751664391910529E-001
 0.2777777800000000E-003  0.1440799400000000E+001 -0.2815346829232323E+001  0.2258645381857870E+001  0.2313899647347053E+001 -0.8354438966641894E-002  0.5755893682047671E-001
 0.8333333300000000E-003  0.1440799400000000E+001 -0.2814858261884783E+001  0.2258444843865708E+001  0.2313390366547310E+001 -0.8368225506405171E-002  0.5789706491362691E-001
 0.1666666700000000E-002  0.1440799400000000E+001 -0.2813248570354664E+001  0.2257778237364597E+001  0.2311710466750942E+001 -0.8414903025732551E-002  0.5903233846246884E-001
 0.2777777800000000E-002  0.1440799400000000E+001 -0.2809667816270851E+001  0.2256261506037903E+001  0.2307961883870305E+001 -0.8526102763169429E-002  0.6168176259912234E-001
 0.4166666700000000E-002  0.1440799400000000E+001 -0.2803514171549967E+001  0.2253533531840744E+001  0.2301475731797922E+001 -0.8744448389279317E-002  0.6668905056363476E-001
 0.5833333300000000E-002  0.1440799400000000E+001 -0.2794935348483607E+001  0.2249421103375524E+001  0.2292310204552984E+001 -0.9121907390562508E-002  0.7486892036607518E-001
 0.7777777800000000E-002  0.1440799400000000E+001 -0.2784980163363315E+001  0.2244041758260509E+001  0.2281398530543061E+001 -0.9713448361738824E-002  0.8683223236803365E-001
 0.1000000000000000E-001  0.1440799400000000E+001 -0.2775138926733720E+001  0.2237740829951142E+001  0.2270088389070255E+001 -0.1056594291970082E-001  0.1028807176847704E+000
 0.1250000000000000E-001  0.1440799400000000E+001 -0.2766676129016729E+001  0.2230912301985408E+001  0.2259478530334702E+001 -0.1170838221632609E-001  0.1230186518883735E+000
 0.1527777800000000E-001  0.1440799400000000E+001 -0.2760307626349231E+001  0.2223849427645793E+001  0.2250104755179497E+001 -0.1314993480392369E-001  0.1470431971832427E+000
 0.1833333300000000E-001  0.1440799400000000E+001 -0.2756273353070195E+001  0.2216694154550425E+001  0.2242024744907253E+001 -0.1488525961742587E-001  0.1746421831240116E+000
 0.2166666700000000E-001  0.1440799400000000E+001 -0.2754541799038525E+001  0.2209454437379750E+001  0.2235037203522598E+001 -0.1690172809015760E-001  0.2054575239017857E+000
 0.2527777800000000E-001  0.1440799400000000E+001 -0.2754961150240393E+001  0.2202038867607503E+001  0.2228851221276414E+001 -0.1918471590611089E-001  0.2391088849795409E+000
 0.2916666700000000E-001  0.1440799400000000E+001 -0.2757319605346669E+001  0.2194281475766339E+001  0.2223170676863040E+001 -0.2172027067898646E-001  0.2751881299824937E+000
 0.3333333300000000E-001  0.1440799400000000E+001 -0.2761338360815233E+001  0.2185950893923013E+001  0.2217720175315819E+001 -0.2449593403606611E-001  0.3132347389558106E+000
 0.3777777800000000E-001  0.1440799400000000E+001 -0.2766623271573524E+001  0.2176747005023289E+001  0.2212241285589405E+001 -0.2750063942831832E-001  0.3526988673421815E+000
 0.4250000000000000E-001  0.1440799400000000E+001 -0.2772590752325019E+001  0.2166290476571847E+001  0.2206475925804141E+001 -0.3072425759414696E-001  0.3928960038871088E+000
 0.4750000000000000E-001  0.1440799400000000E+001 -0.2778378760692743E+001  0.2154111093998500E+001  0.2200144584556006E+001 -0.3415710325784871E-001  0.4329587589820062E+000
 0.5277777800000000E-001  0.1440799400000000E+001 -0.2782758774407814E+001  0.2139642341496014E+001  0.2192923224973108E+001 -0.3778951212755020E-001  0.4717959905590544E+000
 0.5833333300000000E-001  0.1440799400000000E+001 -0.2784079554840969E+001  0.2122232035827503E+001  0.2184422695466271E+001 -0.4161153827180152E-001  0.5080786404290822E+000
 0.6416666700000000E-001  0.1440799400000000E+001 -0.2780293165879355E+001  0.2101180631098469E+001  0.2174177068624074E+001 -0.4561276722733627E-001  0.5402808850363595E+000
 0.7027777800000000E-001  0.1440799400000000E+001 -0.2769122988657341E+001  0.2075816304695802E+001  0.2161650579806774E+001 -0.4978220277018133E-001  0.5668064304453384E+000
 0.7666666699999999E-001  0.1440799400000000E+001 -0.2748405261349567E+001  0.2045604347885075E+001  0.2146273047903238E+001 -0.5410820027351287E-001  0.5862096802548462E+000
 0.8333333300000000E-001  0.1440799400000000E+001 -0.2716551167479548E+001  0.2010267832545262E+001  0.2127506527094913E+001 -0.5857839326603070E-001  0.5974724068918400E+000
 0.9027777800000000E-001  0.1440799400000000E+001 -0.2672967569159705E+001  0.1969876806197370E+001  0.2104930346895037E+001 -0.6317962137889475E-001  0.6002404182035741E+000
 0.9750000000000000E-001  0.1440799400000000E+001 -0.2618236152147913E+001  0.1924864197288691E+001  0.2078316475855370E+001 -0.6789786600173521E-001  0.5949109592707397E+000
 0.1050000000000000E+000  0.1440799400000000E+001 -0.2553954220816887E+001  0.1875956187762916E+001  0.2047665849968960E+001 -0.7271823340039819E-001  0.5825239195901055E+000
 0.1127777800000000E+000  0.1440799400000000E+001 -0.2482323776917255E+001  0.1824045648580590E+001  0.2013193975771804E+001 -0.7762496626950746E-001  0.5645102078439379E+000
 0.1208333300000000E+000  0.1440799400000000E+001 -0.2405686165025205E+001  0.1770057738790963E+001  0.1975277533086902E+001 -0.8260145435141614E-001  0.5424092159548481E+000
 0.1291666700000000E+000  0.1440799400000000E+001 -0.2326167477299064E+001  0.1714846331744949E+001  0.1934385794191767E+001 -0.8763025478971591E-001  0.5176490440256413E+000
 0.1377777800000000E+000  0.1440799400000000E+001 -0.2245495485388421E+001  0.1659136614740839E+001  0.1891018870651761E+001 -0.9269300804298412E-001  0.4914253217154148E+000
 0.1466666700000000E+000  0.1440799400000000E+001 -0.2164958485302025E+001  0.1603506297157525E+001  0.1845662281096970E+001 -0.9777041108317484E-001  0.4646649223675271E+000
 0.1558333300000000E+000  0.1440799400000000E+001 -0.2085450199488835E+001  0.1548393206226069E+001  0.1798760363344737E+001 -0.1028421061234391E+000  0.4380434721522948E+000
 0.1652777800000000E+000  0.1440799400000000E+001 -0.2007547796134521E+001  0.1494114724498318E+001  0.1750703773498959E+001 -0.1078866304993564E+000  0.4120267806134941E+000
 0.1750000000000000E+000  0.1440799400000000E+001 -0.1931593709495757E+001  0.1440891487315190E+001  0.1701827322389112E+001 -0.1128813146756497E+000  0.3869177967830354E+000
 0.1850000000000000E+000  0.1440799400000000E+001 -0.1857764714507421E+001  0.1388868963385611E+001  0.1652412678900731E+001 -0.1178022775307995E+000  0.3628987628845374E+000
 0.1952777800000000E+000  0.1440799400000000E+001 -0.1786126397742764E+001  0.1338136371728345E+001  0.1602694308651556E+001 -0.1226243871768109E+000  0.3400658357006617E+000
 0.2058333300000000E+000  0.1440799400000000E+001 -0.1716672751920861E+001  0.1288741621394280E+001  0.1552866085395838E+001 -0.1273212717979810E+000  0.3184555264098490E+000
 0.2166666700000000E+000  0.1440799400000000E+001 -0.1649353758068924E+001  0.1240702662330307E+001  0.1503087609962294E+001 -0.1318653761471894E+000  0.2980641208478485E+000
 0.2277777800000000E+000  0.1440799400000000E+001 -0.1584094827411119E+001  0.1194016498807027E+001  0.1453490455299906E+001 -0.1362280011004861E+000  0.2788618251775309E+000
 0.2391666700000000E+000  0.1440799400000000E+001 -0.1520808988103276E+001  0.1148665320148775E+001  0.1404182989190734E+001 -0.1403794369918476E+000  0.2608025002448145E+000
 0.2508333300000000E+000  0.1440799400000000E+001 -0.1459405382316575E+001  0.1104621447331295E+001  0.1355254956812596E+001 -0.1442890823269378E+000  0.2438306009942500E+000
 0.2627777800000000E+000  0.1440799400000000E+001 -0.1399794154766048E+001  0.1061850579901862E+001  0.1306780889218533E+001 -0.1479256382703785E+000  0.2278857833941755E+000
 0.2750000000000000E+000  0.1440799400000000E+001 -0.1341889931532942E+001  0.1020314541234929E+001  0.1258823368047926E+001 -0.1512573034513064E+000  0.2129061552994132E+000
 0.2875000000000000E+000  0.1440799400000000E+001 -0.1285613222930390E+001  0.9799728054498696E+000  0.1211435159788338E+001 -0.1542520560566804E+000  0.1988302589589615E+000
 0.3002777800000000E+000  0.1440799400000000E+001 -0.1230891493416358E+001  0.9407839098902422E+000  0.1164661337275194E+001 -0.1568779453949974E+000  0.1855984585720847E+000
 0.3133333300000000E+000  0.1440799400000000E+001 -0.1177659440983579E+001  0.9027063382231322E+000  0.1118540845505373E+001 -0.1591034424292847E+000  0.1731537538874360E+000
 0.3266666700000000E+000  0.1440799400000000E+001 -0.1125858760061718E+001  0.8656990228849034E+000  0.1073107615431696E+001 -0.1608978396012591E+000  0.1614422091771873E+000
 0.3402777800000000E+000  0.1440799400000000E+001 -0.1075438118371063E+001  0.8297219644501658E+000  0.1028391799188390E+001 -0.1622316760338849E+000  0.1504132461807113E+000
 0.3541666700000000E+000  0.1440799400000000E+001 -0.1026352439912907E+001  0.7947363083796896E+000  0.9844203026217722E+000 -0.1630772238285297E+000  0.1400196501465041E+000
 0.3683333300000000E+000  0.1440799400000000E+001 -0.9785625779838285E+000  0.7607046514829665E+000  0.9412175477441400E+000 -0.1634089930672156E+000  0.1302175785874402E+000
 0.3827777800000000E+000  0.1440799400000000E+001 -0.9320345860636228E+000  0.7275910146117343E+000  0.8988057638029178E+000 -0.1632042726761633E+000  0.1209664267581401E+000
 0.3975000000000000E+000  0.1440799400000000E+001 -0.8867393795004143E+000  0.6953610510552558E+000  0.8572055214135835E+000 -0.1624436875659499E+000  0.1122287387688096E+000
 0.4125000000000000E+000  0.1440799400000000E+001 -0.8426519358806351E+000  0.6639818888681982E+000  0.8164357454658560E+000 -0.1611117645467041E+000  0.1039700061471218E+000
 0.4277777800000000E+000  0.1440799400000000E+001 -0.7997508647341164E+000  0.6334222033377093E+000  0.7765139703524585E+000 -0.1591974936772590E+000  0.9615853219704618E-001
 0.4433333300000000E+000  0.1440799400000000E+001 -0.7580178556848052E+000  0.6036521745639735E+000  0.7374564016378081E+000 -0.1566948717661151E+000  0.8876527062684987E-001
 0.4591666700000000E+000  0.1440799400000000E+001 -0.7174370464417558E+000  0.5746433628309708E+000  0.6992778268962371E+000 -0.1536034016742004E+000  0.8176365617768121E-001
 0.4752777800000000E+000  0.1440799400000000E+001 -0.6779947034314887E+000  0.5463687848241715E+000  0.6619917539646787E+000 -0.1499285579452591E+000  0.7512949928959842E-001
 0.4916666700000000E+000  0.1440799400000000E+001 -0.6396785590173448E+000  0.5188027240585447E+000  0.6256101696300167E+000 -0.1456821576704832E+000  0.6884083265972527E-001
 0.5083333300000000E+000  0.1440799400000000E+001 -0.6024774824678992E+000  0.4919207602972527E+000  0.5901435623142073E+000 -0.1408826679785054E+000  0.6287782971286443E-001
 0.5247222200000000E+000  0.1440799400000000E+001 -0.5675378545671462E+000  0.4665424110771291E+000  0.5567097381857149E+000 -0.1357366701740809E+000  0.5740198395015949E-001
 0.5408333300000000E+000  0.1440799400000000E+001 -0.5346943128581273E+000  0.4425479164616854E+000  0.5251773312071760E+000 -0.1303124611271444E+000  0.5236263451517841E-001
 0.5566666700000000E+000  0.1440799400000000E+001 -0.5037971806467204E+000  0.4198309570376958E+000  0.4954247975523515E+000 -0.1246746344345457E+000  0.4771646921876280E-001
 0.5722222200000000E+000  0.1440799400000000E+001 -0.4747104315639177E+000  0.3982968253835310E+000  0.4673395396945720E+000 -0.1188836304149975E+000  0.4342631017672240E-001
 0.5875000000000000E+000  0.1440799400000000E+001 -0.4473098227075444E+000  0.3778607454543238E+000  0.4408169490767564E+000 -0.1129953724657526E+000  0.3946009908143677E-001
 0.6025000000000000E+000  0.1440799400000000E+001 -0.4214816082160291E+000  0.3584466476862553E+000  0.4157598242554322E+000 -0.1070610741154511E+000  0.3579010618771092E-001
 0.6172222200000000E+000  0.1440799400000000E+001 -0.3971212887737825E+000  0.3399859998407781E+000  0.3920776834380966E+000 -0.1011271138649696E+000  0.3239225311607882E-001
 0.6316666700000000E+000  0.1440799400000000E+001 -0.3741326322624208E+000  0.3224168671520833E+000  0.3696862307910858E+000 -0.9523501950594457E-001  0.2924556217481447E-001
 0.6458333300000000E+000  0.1440799400000000E+001 -0.3524269059452202E+000  0.3056831595070307E+000  0.3485069442773977E+000 -0.8942155065466133E-001  0.2633170468773668E-001
 0.6597222200000000E+000  0.1440799400000000E+001 -0.3319220568002730E+000  0.2897338625522244E+000  0.3284665467809473E+000 -0.8371880388720285E-001  0.2363459856026830E-001
 0.6733333300000000E+000  0.1440799400000000E+001 -0.3125422077282404E+000  0.2745225334580794E+000  0.3094967331287546E+000 -0.7815442936952659E-001  0.2114009373938211E-001
 0.6866666700000000E+000  0.1440799400000000E+001 -0.2942170483575063E+000  0.2600067357171668E+000  0.2915337530497529E+000 -0.7275184013106271E-001  0.1883567964662810E-001
 0.6997222200000000E+000  0.1440799400000000E+001 -0.2768814355494391E+000  0.2461476554759958E+000  0.2745181662088106E+000 -0.6753049243708907E-001  0.1671024900672242E-001
 0.7125000000000000E+000  0.1440799400000000E+001 -0.2604748818070811E+000  0.2329096444883424E+000  0.2583944608418276E+000 -0.6250613798570272E-001  0.1475387093579424E-001
 0.7250000000000000E+000  0.1440799400000000E+001 -0.2449412770745538E+000  0.2202599622722951E+000  0.2431108799163058E+000 -0.5769114407590929E-001  0.1295761158344486E-001
 0.7372222200000000E+000  0.1440799400000000E+001 -0.2302285001794103E+000  0.2081684420605980E+000  0.2286191216900132E+000 -0.5309477387834534E-001  0.1131335580024144E-001
 0.7491666700000000E+000  0.1440799400000000E+001 -0.2162881176630962E+000  0.1966072361749168E+000  0.2148741118721868E+000 -0.4872348145466788E-001  0.9813651385323904E-002
 0.7608333300000000E+000  0.1440799400000000E+001 -0.2030751543941161E+000  0.1855506293125860E+000  0.2018338350389528E+000 -0.4458121433452300E-001  0.8451570414074735E-002
 0.7722222200000000E+000  0.1440799400000000E+001 -0.1905477610314755E+000  0.1749747725337491E+000  0.1894590548161391E+000 -0.4066966593050553E-001  0.7220567598238812E-002
 0.7833333300000000E+000  0.1440799400000000E+001 -0.1786670636406425E+000  0.1648575743274680E+000  0.1777132059717263E+000 -0.3698856537294189E-001  0.6114364833497360E-002
 0.7941666700000000E+000  0.1440799400000000E+001 -0.1673968961435089E+000  0.1551784979523902E+000  0.1665621645139004E+000 -0.3353590980072471E-001  0.5126830432581025E-002
 0.8047222200000000E+000  0.1440799400000000E+001 -0.1567036584137105E+000  0.1459184684712886E+000  0.1559741367208633E+000 -0.3030821409086095E-001  0.4251877740275374E-002
 0.8149999999999999E+000  0.1440799400000000E+001 -0.1465560647504964E+000  0.1370596880193028E+000  0.1459194354487432E+000 -0.2730070546137819E-001  0.3483362908416817E-002
 0.8250000000000000E+000  0.1440799400000000E+001 -0.1369250500337962E+000  0.1285855887343254E+000  0.1363704090489914E+000 -0.2450754463422412E-001  0.2815006953208507E-002
 0.8347222200000000E+000  0.1440799400000000E+001 -0.1277835762345168E+000  0.1204807007774881E+000  0.1273012688514894E+000 -0.2192199587729376E-001  0.2240323379739378E-002
 0.8441666700000000E+000  0.1440799400000000E+001 -0.1191064925176812E+000  0.1127305670655707E+000  0.1186879674306835E+000 -0.1953659341317128E-001  0.1752568253736186E-002
 0.8533333300000000E+000  0.1440799400000000E+001 -0.1108704413472168E+000  0.1053216995014752E+000  0.1105081207360419E+000 -0.1734330103737477E-001  0.1344714890209879E-002
 0.8622222200000000E+000  0.1440799400000000E+001 -0.1030536739921174E+000  0.9824145375120399E-001  0.1027408387734523E+000 -0.1533362903041858E-001  0.1009450852719815E-002
 0.8708333300000000E+000  0.1440799400000000E+001 -0.9563600212759826E-001  0.9147802534197512E-001  0.9536669015602134E-001 -0.1349877089899578E-001  0.7392140050123755E-003
 0.8791666700000000E+000  0.1440799400000000E+001 -0.8859864964316556E-001  0.8502035502861158E-001  0.8836756643688402E-001 -0.1182969766606283E-001  0.5262592280993848E-003
 0.8872222200000000E+000  0.1440799400000000E+001 -0.8192419899952205E-001  0.7885811869188647E-001  0.8172663937261002E-001 -0.1031726132392875E-001  0.3627665174521908E-003
 0.8950000000000000E+000  0.1440799400000000E+001 -0.7559644289173868E-001  0.7298162870339826E-001  0.7542822299077792E-001 -0.8952262377636166E-002  0.2409825745461984E-003
 0.9025000000000000E+000  0.1440799400000000E+001 -0.6960035915919538E-001  0.6738184681500486E-001  0.6945775722643104E-001 -0.7725533671828083E-002  0.1533965331294232E-003
 0.9097222200000000E+000  0.1440799400000000E+001 -0.6392199965695457E-001  0.6205031566147275E-001  0.6380170490892074E-001 -0.6627993268482286E-002  0.9293301140784460E-004
 0.9166666700000000E+000  0.1440799400000000E+001 -0.5854841835619903E-001  0.5697912400964721E-001  0.5844748670728030E-001 -0.5650696700648113E-002  0.5314876117007253E-004
 0.9233333300000000E+000  0.1440799400000000E+001 -0.5346763453617212E-001  0.5216090300513344E-001  0.5338345003142266E-001 -0.4784886323552293E-002  0.2840947686553747E-004
 0.9297222200000000E+000  0.1440799400000000E+001 -0.4866851599788095E-001  0.4758874449280018E-001  0.4859875729291947E-001 -0.4022018719029710E-002  0.1402108441538104E-004
 0.9358333300000000E+000  0.1440799400000000E+001 -0.4414077432242692E-001  0.4325622311534547E-001  0.4408338500675461E-001 -0.3353805099593092E-002  0.6293573371880373E-005
 0.9416666700000000E+000  0.1440799400000000E+001 -0.3987487298927095E-001  0.3915733372307113E-001  0.3982803537161096E-001 -0.2772230992103039E-002  0.2521326968679402E-005
 0.9472222200000000E+000  0.1440799400000000E+001 -0.3586201435987781E-001  0.3528650212929819E-001  0.3582412596123913E-001 -0.2269583027154874E-002  0.8803462951060762E-006
 0.9525000000000000E+000  0.1440799400000000E+001 -0.3209404283611562E-001  0.3163851355363051E-001  0.3206369539559151E-001 -0.1838459987847485E-002  0.2598830709010316E-006
 0.9575000000000000E+000  0.1440799400000000E+001 -0.2856345351560699E-001  0.2820854097840375E-001  0.2853941394916272E-001 -0.1471793957627708E-002  0.6236133264708862E-007
 0.9622222200000000E+000  0.1440799400000000E+001 -0.2526332459484068E-001  0.2499209850459619E-001  0.2524451783374193E-001 -0.1162858456315721E-002  0.1155001305284067E-007
 0.9666666700000000E+000  0.1440799400000000E+001 -0.2218728239742273E-001  0.2198502460160737E-001  0.2217277581650330E-001 -0.9052783483514174E-003  0.1541184144119133E-008
 0.9708333300000000E+000  0.1440799400000000E+001 -0.1932949668965207E-001  0.1918349371747904E-001  0.1931848590985579E-001 -0.6930396021005927E-003  0.1356589527036161E-009
 0.9747222200000000E+000  0.1440799400000000E+001 -0.1668460293472899E-001  0.1658395510603166E-001  0.1667639893783996E-001 -0.5204912561508352E-003  0.7404305142977387E-011
 0.9783333300000000E+000  0.1440799400000000E+001 -0.1424772365947266E-001  0.1418316748369614E-001  0.1424174094348601E-001 -0.3823536090072175E-003  0.3453306443003620E-012
 0.9816666700000000E+000  0.1440799400000000E+001 -0.1201440997159424E-001  0.1197815433025978E-001  0.1201015571898897E-001 -0.2737191132260860E-003  0.2430563618245179E-013
 0.9847222200000000E+000  0.1440799400000000E+001 -0.9980653210862828E-002  0.9966227218762932E-002  0.9977717286332059E-002 -0.1900565117186575E-003  0.1080294679154306E-014
 0.9875000000000000E+000  0.1440799400000000E+001 -0.8142818362184700E-002  0.8144931117229141E-002  0.8140864099284823E-002 -0.1272102739311462E-003  0.1470303522973551E-016
 0.9900000000000000E+000  0.1440799400000000E+001 -0.6497673020725356E-002  0.6512083573022697E-002  0.6496428637856482E-002 -0.8140362476375392E-004  0.4622238852261949E-018
 0.9922222200000000E+000  0.1440799400000000E+001 -0.5042344944436825E-002  0.5065742886968662E-002  0.5041595556239299E-002 -0.4923792177785807E-004  0.1905888891813298E-019
 0.9941666700000000E+000  0.1440799400000000E+001 -0.3774308286248053E-002  0.3804199190857861E-002  0.3773888412422011E-002 -0.2769302940088046E-004  0.1097751197349546E-021
 0.9958333300000000E+000  0.1440799400000000E+001 -0.2691397475098990E-002  0.2726010360180692E-002  0.2691183973459886E-002 -0.1412765000076041E-004 -0.2660499975274685E-023
 0.9972222200000000E+000  0.1440799400000000E+001 -0.1791751137105197E-002  0.1829421362955073E-002  0.1791656513004166E-002 -0.6278386037436658E-005  0.5492359218894543E-023
 0.9983333300000000E+000  0.1440799400000000E+001 -0.1073848764893197E-002  0.1114072544588479E-002  0.1073814776309058E-002 -0.2260055841814668E-005 -0.7297285071589540E-022
 0.9991666700000000E+000  0.1440799400000000E+001 -0.5364709568499069E-003  0.5698775003674559E-003  0.5364624740456038E-003 -0.5649749183149259E-006  0.5676580212053360E-022
 0.9997222200000000E+000  0.1440799400000000E+001 -0.1787259118522449E-003  0.2008030229886410E-003  0.1787249703483508E-003 -0.6277407307989215E-007 -0.1384354418336429E-022
 0.1000000000000000E+001  0.1440799400000000E+001  0.1640728198630752E-026 -0.2110679593307794E-026  0.5524535773746920E-027  0.6734144956241308E-038 -0.2191166745217342E-040

 0.0000000000000000E+000  0.1469687600000000E+001 -0.2815607066856963E+001  0.2258471699107464E+001  0.2314148436068448E+001 -0.8352718342714094E-002  0.5771036435205560E-001
 0.2777777800000000E-003  0.1469687600000000E+001 -0.2815545530486144E+001  0.2258446668068274E+001  0.2314084287336272E+001 -0.8354439081940716E-002  0.5775280143288122E-001
 0.8333333300000000E-003  0.1469687600000000E+001 -0.2815055932022470E+001  0.2258247048452616E+001  0.2313573751574992E+001 -0.8368226525620843E-002  0.5809208236830482E-001
 0.1666666700000000E-002  0.1469687600000000E+001 -0.2813442899126312E+001  0.2257583470099338E+001  0.2311889748824768E+001 -0.8414906860424270E-002  0.5923122844954214E-001
 0.2777777800000000E-002  0.1469687600000000E+001 -0.2809855037975373E+001  0.2256073490512201E+001  0.2308132221350960E+001 -0.8526111969629224E-002  0.6188970131451995E-001
 0.4166666700000000E-002  0.1469687600000000E+001 -0.2803690371796133E+001  0.2253357186974229E+001  0.2301631343724466E+001 -0.8744463967481152E-002  0.6691413630165413E-001
 0.5833333300000000E-002  0.1469687600000000E+001 -0.2795099340816985E+001  0.2249261256795287E+001  0.2292446900983043E+001 -0.9121925887274444E-002  0.7512215635482651E-001
 0.7777777800000000E-002  0.1469687600000000E+001 -0.2785136589583501E+001  0.2243901689863313E+001  0.2281516361948892E+001 -0.9713461769323292E-002  0.8712699040054325E-001
 0.1000000000000000E-001  0.1469687600000000E+001 -0.2775299576435839E+001  0.2237621792152142E+001  0.2270192445945607E+001 -0.1056594275444569E-001  0.1032319437261580E+000
 0.1250000000000000E-001  0.1469687600000000E+001 -0.2766859187690655E+001  0.2230814343705750E+001  0.2259577655334490E+001 -0.1170836394827025E-001  0.1234422250532112E+000
 0.1527777800000000E-001  0.1469687600000000E+001 -0.2760536371908731E+001  0.2223772785585074E+001  0.2250209708479312E+001 -0.1314989913183064E-001  0.1475557128790006E+000
 0.1833333300000000E-001  0.1469687600000000E+001 -0.2756575599789782E+001  0.2216640394762073E+001  0.2242147098642432E+001 -0.1488521142277813E-001  0.1752611823489714E+000
 0.2166666700000000E-001  0.1469687600000000E+001 -0.2754950282414351E+001  0.2209427068678682E+001  0.2235189120811246E+001 -0.1690167526886775E-001  0.2062020421134977E+000
 0.2527777800000000E-001  0.1469687600000000E+001 -0.2755514483176034E+001  0.2202043527477064E+001  0.2229045735720072E+001 -0.1918466899626193E-001  0.2400001615607459E+000
 0.2916666700000000E-001  0.1469687600000000E+001 -0.2758063410325623E+001  0.2194325850045276E+001  0.2223422120529073E+001 -0.2172024314180944E-001  0.2762503246287166E+000
 0.3333333300000000E-001  0.1469687600000000E+001 -0.2762326242327259E+001  0.2186044445178149E+001  0.2218044564950803E+001 -0.2449594279372156E-001  0.3144954774022963E+000
 0.3777777800000000E-001  0.1469687600000000E+001 -0.2767917221187936E+001  0.2176900480056883E+001  0.2212656569441332E+001 -0.2750070536150733E-001  0.3541893626039170E+000
 0.4250000000000000E-001  0.1469687600000000E+001 -0.2774260339800412E+001  0.2166515077652829E+001  0.2207002002115005E+001 -0.3072440587003234E-001  0.3946503640271225E+000
 0.4750000000000000E-001  0.1469687600000000E+001 -0.2780498112765244E+001  0.2154417142514429E+001  0.2200802959141217E+001 -0.3415736354320380E-001  0.4350119297182222E+000
 0.5277777800000000E-001  0.1469687600000000E+001 -0.2785400034348974E+001  0.2140037265243120E+001  0.2193736109832423E+001 -0.3778991894350743E-001  0.4741796794929410E+000
 0.5833333300000000E-001  0.1469687600000000E+001 -0.2787301646179254E+001  0.2122717640878656E+001  0.2185411313167773E+001 -0.4161213190022445E-001  0.5108147443913145E+000
 0.6416666700000000E-001  0.1469687600000000E+001 -0.2784125907087574E+001  0.2101749961203782E+001  0.2175359005037258E+001 -0.4561359550659042E-001  0.5433727100704540E+000
 0.7027777800000000E-001  0.1469687600000000E+001 -0.2773549463046340E+001  0.2076450951549670E+001  0.2163036333970767E+001 -0.4978332361555290E-001  0.5702295542768472E+000
 0.7666666699999999E-001  0.1469687600000000E+001 -0.2753349155474122E+001  0.2046273605377491E+001  0.2147862493422994E+001 -0.5410968388568281E-001  0.5899061839965249E+000
 0.8333333300000000E-001  0.1469687600000000E+001 -0.2721877545088947E+001  0.2010931015766501E+001  0.2129286571816425E+001 -0.5858032236370569E-001  0.6013527988553533E+000
 0.9027777800000000E-001  0.1469687600000000E+001 -0.2678501463494934E+001  0.1970488906298344E+001  0.2106875106296938E+001 -0.6318208830435577E-001  0.6041951088356218E+000
 0.9750000000000000E-001  0.1469687600000000E+001 -0.2623793901043160E+001  0.1925383237809577E+001  0.2080390375351318E+001 -0.6790096730032164E-001  0.5988281443056472E+000
 0.1050000000000000E+000  0.1469687600000000E+001 -0.2559374813889348E+001  0.1876349581777974E+001  0.2049828682013354E+001 -0.7272206416962215E-001  0.5863069530614139E+000
 0.1127777800000000E+000  0.1469687600000000E+001 -0.2487488579419552E+001  0.1824293507810334E+001  0.2015406108661230E+001 -0.7762961667300294E-001  0.5680883619138213E+000
 0.1208333300000000E+000  0.1469687600000000E+001 -0.2410523504647363E+001  0.1770152824277665E+001  0.1977503763910688E+001 -0.8260700921334245E-001  0.5457400665423965E+000
 0.1291666700000000E+000  0.1469687600000000E+001 -0.2330646100090763E+001  0.1714791726742017E+001  0.1936597299878000E+001 -0.8763679555108594E-001  0.5207146736781858E+000
 0.1377777800000000E+000  0.1469687600000000E+001 -0.2249613310954859E+001  0.1658942552943410E+001  0.1893193542211690E+001 -0.9270061564747033E-001  0.4942258279530512E+000
 0.1466666700000000E+000  0.1469687600000000E+001 -0.2168731511439528E+001  0.1603187180850209E+001  0.1847784062745056E+001 -0.9777916861092581E-001  0.4672119092394095E+000
 0.1558333300000000E+000  0.1469687600000000E+001 -0.2088903825829810E+001  0.1547965291279852E+001  0.1800818167174548E+001 -0.1028521005176997E+000  0.4403548357510074E+000
 0.1652777800000000E+000  0.1469687600000000E+001 -0.2010710956742067E+001  0.1493594542213757E+001  0.1752690342014335E+001 -0.1078979532209175E+000  0.4141230672449088E+000
 0.1750000000000000E+000  0.1469687600000000E+001 -0.1934495341503662E+001  0.1440294883386324E+001  0.1703738225717242E+001 -0.1128940613434645E+000  0.3888199150904650E+000
 0.1850000000000000E+000  0.1469687600000000E+001 -0.1860431871641562E+001  0.1388210581633951E+001  0.1654245508169552E+001 -0.1178165467306239E+000  0.3646266823666333E+000
 0.1952777800000000E+000  0.1469687600000000E+001 -0.1788583412477717E+001  0.1337429430811975E+001  0.1604448063843549E+001 -0.1226402785869166E+000  0.3416379394630424E+000
 0.2058333300000000E+000  0.1469687600000000E+001 -0.1718941010327487E+001  0.1287997869226599E+001  0.1554540728195160E+001 -0.1273388837728444E+000  0.3198883646552080E+000
 0.2166666700000000E+000  0.1469687600000000E+001 -0.1651451803152018E+001  0.1239932430114465E+001  0.1504683745927387E+001 -0.1318848028713172E+000  0.2993723933542616E+000
 0.2277777800000000E+000  0.1469687600000000E+001 -0.1586038620328304E+001  0.1193228805387878E+001  0.1455009113738912E+001 -0.1362493293787605E+000  0.2800584854641854E+000
 0.2391666700000000E+000  0.1469687600000000E+001 -0.1522612226042602E+001  0.1147867996351509E+001  0.1405625473219416E+001 -0.1404027427746498E+000  0.2618989142456215E+000
 0.2508333300000000E+000  0.1469687600000000E+001 -0.1461079821712642E+001  0.1103821263522197E+001  0.1356622744127134E+001 -0.1443144270257904E+000  0.2448367240974978E+000
 0.2627777800000000E+000  0.1469687600000000E+001 -0.1401349912235208E+001  0.1061053367552899E+001  0.1308075567844758E+001 -0.1479530649650231E+000  0.2288103345591962E+000
 0.2750000000000000E+000  0.1469687600000000E+001 -0.1343335752846293E+001  0.1019525304235520E+001  0.1260046596936389E+001 -0.1512868330642264E+000  0.2137567791146704E+000
 0.2875000000000000E+000  0.1469687600000000E+001 -0.1286956715758153E+001  0.9791958196272561E+000  0.1212588645600870E+001 -0.1542836836321320E+000  0.1996136704299792E+000
 0.3002777800000000E+000  0.1469687600000000E+001 -0.1232139326327122E+001  0.9400228107031635E+000  0.1165746822546037E+001 -0.1569116365924710E+000  0.1863205704757281E+000
 0.3133333300000000E+000  0.1469687600000000E+001 -0.1178817511463204E+001  0.9019641973660314E+000  0.1119560104048501E+001 -0.1591391303831490E+000  0.1738197871174885E+000
 0.3266666700000000E+000  0.1469687600000000E+001 -0.1126932335147610E+001  0.8649784149649173E+000  0.1074062452095562E+001 -0.1609354223092332E+000  0.1620567874681906E+000
 0.3402777800000000E+000  0.1469687600000000E+001 -0.1076431952443279E+001  0.8290250247569042E+000  0.1029284052609127E+001 -0.1622710144223648E+000  0.1509804774703157E+000
 0.3541666700000000E+000  0.1469687600000000E+001 -0.1027270872201475E+001  0.7940647831185799E+000  0.9852518489516431E+000 -0.1631181406809290E+000  0.1405431958219196E+000
 0.3683333300000000E+000  0.1469687600000000E+001 -0.9794096136076043E+000  0.7600599413450688E+000  0.9419903050028281E+000 -0.1634512729566953E+000  0.1307007127795904E+000
 0.3827777800000000E+000  0.1469687600000000E+001 -0.9328139626304948E+000  0.7269742128013222E+000  0.8995216957469531E+000 -0.1632476630558724E+000  0.1214120868664834E+000
 0.3975000000000000E+000  0.1469687600000000E+001 -0.8874546220559895E+000  0.6947729763750403E+000  0.8578666409616494E+000 -0.1624879011187860E+000  0.1126395688901376E+000
 0.4125000000000000E+000  0.1469687600000000E+001 -0.8433064013336039E+000  0.6634231148391919E+000  0.8170441167916381E+000 -0.1611564828808692E+000  0.1043483941697531E+000
 0.4277777800000000E+000  0.1469687600000000E+001 -0.8003477777807212E+000  0.6328930837471416E+000  0.7770717098633421E+000 -0.1592423723821917E+000  0.9650664182928091E-001
 0.4433333300000000E+000  0.1469687600000000E+001 -0.7585603372620233E+000  0.6031528660312050E+000  0.7379656775231558E+000 -0.1567395467964221E+000  0.8908506907083946E-001
 0.4591666700000000E+000  0.1469687600000000E+001 -0.7179281356118183E+000  0.5741738449009450E+000  0.6997408570457804E+000 -0.1536474969544736E+000  0.8205693808762707E-001
 0.4752777800000000E+000  0.1469687600000000E+001 -0.6784373739322845E+000  0.5459288777443462E+000  0.6624108025555132E+000 -0.1499716940196325E+000  0.7539790780301751E-001
 0.4916666700000000E+000  0.1469687600000000E+001 -0.6400757307357370E+000  0.5183921048135939E+000  0.6259875419660023E+000 -0.1457239611413784E+000  0.6908587776218396E-001
 0.5083333300000000E+000  0.1469687600000000E+001 -0.6028320288573927E+000  0.4915389769367627E+000  0.5904815983153376E+000 -0.1409227814176453E+000  0.6310090457058594E-001
 0.5247222200000000E+000  0.1469687600000000E+001 -0.5678538566557358E+000  0.4661879862421849E+000  0.5570119695022963E+000 -0.1357748327488742E+000  0.5760503275715791E-001
 0.5408333300000000E+000  0.1469687600000000E+001 -0.5349754938358324E+000  0.4422193776401133E+000  0.5254470304603246E+000 -0.1303484700643067E+000  0.5254737372246425E-001
 0.5566666700000000E+000  0.1469687600000000E+001 -0.5040469401677277E+000  0.4195268528941620E+000  0.4956649925109937E+000 -0.1247083435136679E+000  0.4788442454337553E-001
 0.5722222200000000E+000  0.1469687600000000E+001 -0.4749318746940654E+000  0.3980157375492118E+000  0.4675530267345178E+000 -0.1189149468417442E+000  0.4357884661131637E-001
 0.5875000000000000E+000  0.1469687600000000E+001 -0.4475057847084236E+000  0.3776012970468124E+000  0.4410063059428421E+000 -0.1130242524885158E+000  0.3959844532468770E-001
 0.6025000000000000E+000  0.1469687600000000E+001 -0.4216546764377074E+000  0.3582075091581857E+000  0.4159274225275505E+000 -0.1070875177764903E+000  0.3591537480252661E-001
 0.6172222200000000E+000  0.1469687600000000E+001 -0.3972738221572876E+000  0.3397658929316190E+000  0.3922257005894506E+000 -0.1011511592111428E+000  0.3250545718729567E-001
 0.6316666700000000E+000  0.1469687600000000E+001 -0.3742667790295428E+000  0.3222145673421332E+000  0.3698166619500356E+000 -0.9525673656646463E-001  0.2934762918579045E-001
 0.6458333300000000E+000  0.1469687600000000E+001 -0.3525446198663291E+000  0.3054974972803400E+000  0.3486216137379693E+000 -0.8944103544659110E-001  0.2642348816567112E-001
 0.6597222200000000E+000  0.1469687600000000E+001 -0.3320251121476509E+000  0.2895637238722625E+000  0.3285671191161325E+000 -0.8373617263536279E-001  0.2371688781308509E-001
 0.6733333300000000E+000  0.1469687600000000E+001 -0.3126322132558483E+000  0.2743668594959795E+000  0.3095847240433434E+000 -0.7816981311829667E-001  0.2121362210648740E-001
 0.6866666700000000E+000  0.1469687600000000E+001 -0.2942954602876987E+000  0.2598645221348483E+000  0.2916105398079870E+000 -0.7276537983862193E-001  0.1890113142573566E-001
 0.6997222200000000E+000  0.1469687600000000E+001 -0.2769495697543653E+000  0.2460179512801952E+000  0.2745849977040762E+000 -0.6754233463534634E-001  0.1676826532010366E-001
 0.7125000000000000E+000  0.1469687600000000E+001 -0.2605339251431668E+000  0.2327915506744432E+000  0.2584524671795382E+000 -0.6251643102296456E-001  0.1480505461864937E-001
 0.7250000000000000E+000  0.1469687600000000E+001 -0.2449922980345333E+000  0.2201526301965366E+000  0.2431610815995197E+000 -0.5770003496599278E-001  0.1300253129986692E-001
 0.7372222200000000E+000  0.1469687600000000E+001 -0.2302724588117905E+000  0.2080710717076592E+000  0.2286624383044570E+000 -0.5310240572402474E-001  0.1135254942071514E-001
 0.7491666700000000E+000  0.1469687600000000E+001 -0.2163258748285281E+000  0.1965190743267941E+000  0.2149113702945820E+000 -0.4872999141698888E-001  0.9847628728601081E-002
 0.7608333300000000E+000  0.1469687600000000E+001 -0.2031074804064655E+000  0.1854709676279040E+000  0.2018657771808884E+000 -0.4458673210545538E-001  0.8480815431795602E-002
 0.7722222200000000E+000  0.1469687600000000E+001 -0.1905753436580490E+000  0.1749029456503661E+000  0.1894863448511665E+000 -0.4067431264603848E-001  0.7245540007045630E-002
 0.7833333300000000E+000  0.1469687600000000E+001 -0.1786905155596947E+000  0.1647929579070850E+000  0.1777364371200529E+000 -0.3699245292278077E-001  0.6135501297656401E-002
 0.7941666700000000E+000  0.1469687600000000E+001 -0.1674167618320617E+000  0.1551205067738511E+000  0.1665818653413871E+000 -0.3353914046739016E-001  0.5144545288199047E-002
 0.8047222200000000E+000  0.1469687600000000E+001 -0.1567204205349653E+000  0.1458665545211749E+000  0.1559907770071722E+000 -0.3031088047011592E-001  0.4266563336018824E-002
 0.8149999999999999E+000  0.1469687600000000E+001 -0.1465701500302426E+000  0.1370133386662458E+000  0.1459334316041679E+000 -0.2730289060448985E-001  0.3495389565946400E-002
 0.8250000000000000E+000  0.1469687600000000E+001 -0.1369368346988321E+000  0.1285443249146733E+000  0.1363821291444481E+000 -0.2450932237211361E-001  0.2824722636294786E-002
 0.8347222200000000E+000  0.1469687600000000E+001 -0.1277933910082983E+000  0.1204440752657952E+000  0.1273110372516132E+000 -0.2192343127739646E-001  0.2248053095146266E-002
 0.8441666700000000E+000  0.1469687600000000E+001 -0.1191146272148071E+000  0.1126981628121491E+000  0.1186960690673671E+000 -0.1953774333362232E-001  0.1758613264523557E-002
 0.8533333300000000E+000  0.1469687600000000E+001 -0.1108771490991427E+000  0.1052931280265946E+000  0.1105148050519850E+000 -0.1734421474670786E-001  0.1349351828825219E-002
 0.8622222200000000E+000  0.1469687600000000E+001 -0.1030591751109382E+000  0.9821635364786421E-001  0.1027463233407374E+000 -0.1533434886196901E-001  0.1012930812676653E-002
 0.8708333300000000E+000  0.1469687600000000E+001 -0.9564048765522680E-001  0.9145606082856930E-001  0.9537116401532415E-001 -0.1349933292101713E-001  0.7417617472462035E-003
 0.8791666700000000E+000  0.1469687600000000E+001 -0.8860228458926687E-001  0.8500121460154014E-001  0.8837119315928230E-001 -0.1183013234587233E-001  0.5280726086978580E-003
 0.8872222200000000E+000  0.1469687600000000E+001 -0.8192712530149798E-001  0.7884151383791534E-001  0.8172955987537235E-001 -0.1031759417351171E-001  0.3640162801026440E-003
 0.8950000000000000E+000  0.1469687600000000E+001 -0.7559878210298082E-001  0.7296729270812523E-001  0.7543055811099718E-001 -0.8952514567692103E-002  0.2418126235902297E-003
 0.9025000000000000E+000  0.1469687600000000E+001 -0.6960221489596347E-001  0.6736953361554288E-001  0.6945961007973082E-001 -0.7725722608104291E-002  0.1539248051691629E-003
 0.9097222200000000E+000  0.1469687600000000E+001 -0.6392345980955171E-001  0.6203979877141804E-001  0.6380316303524043E-001 -0.6628133123430185E-002  0.9325300540080209E-004
 0.9166666700000000E+000  0.1469687600000000E+001 -0.5854955708358777E-001  0.5697019549450805E-001  0.5844862401875268E-001 -0.5650798897766503E-002  0.5333173967040404E-004
 0.9233333300000000E+000  0.1469687600000000E+001 -0.5346851405978052E-001  0.5215337249265078E-001  0.5338432857389653E-001 -0.4784959973140398E-002  0.2850727042480703E-004
 0.9297222200000000E+000  0.1469687600000000E+001 -0.4866918820409163E-001  0.4758243823588040E-001  0.4859942882672037E-001 -0.4022071004932977E-002  0.1406934286544534E-004
 0.9358333300000000E+000  0.1469687600000000E+001 -0.4414128219395459E-001  0.4325098307158068E-001  0.4408389242357423E-001 -0.3353841618973204E-002  0.6315232359050558E-005
 0.9416666700000000E+000  0.1469687600000000E+001 -0.3987525187482403E-001  0.3915301667230008E-001  0.3982841395440407E-001 -0.2772256049987610E-002  0.2530003040214969E-005
 0.9472222200000000E+000  0.1469687600000000E+001 -0.3586229309899233E-001  0.3528297880840825E-001  0.3582440450227452E-001 -0.2269599889041902E-002  0.8833753305924027E-006
 0.9525000000000000E+000  0.1469687600000000E+001 -0.3209424474971337E-001  0.3163566782625735E-001  0.3206389718212711E-001 -0.1838471093529257E-002  0.2607771772421187E-006
 0.9575000000000000E+000  0.1469687600000000E+001 -0.2856359727756571E-001  0.2820626901760996E-001  0.2853955763139846E-001 -0.1471801100148463E-002  0.6257586372466951E-007
 0.9622222200000000E+000  0.1469687600000000E+001 -0.2526342499401863E-001  0.2499030800410573E-001  0.2524461818413067E-001 -0.1162862929663722E-002  0.1158974355898943E-007
 0.9666666700000000E+000  0.1469687600000000E+001 -0.2218735100163974E-001  0.2198363400838788E-001  0.2217284439169363E-001 -0.9052810677221499E-003  0.1546485249126407E-008
 0.9708333300000000E+000  0.1469687600000000E+001 -0.1932954242145342E-001  0.1918243148205527E-001  0.1931853162493545E-001 -0.6930412003761471E-003  0.1361255438154599E-009
 0.9747222200000000E+000  0.1469687600000000E+001 -0.1668463256706376E-001  0.1658315895910013E-001  0.1667642856089201E-001 -0.5204921600133275E-003  0.7429771527735722E-011
 0.9783333300000000E+000  0.1469687600000000E+001 -0.1424774224026720E-001  0.1418258372620335E-001  0.1424175951934419E-001 -0.3823540979481865E-003  0.3465184764730890E-012
 0.9816666700000000E+000  0.1469687600000000E+001 -0.1201442118395507E-001  0.1197773714534003E-001  0.1201016692885381E-001 -0.2737193643565188E-003  0.2438923793375693E-013
 0.9847222200000000E+000  0.1469687600000000E+001 -0.9980659676104031E-002  0.9965937997906264E-002  0.9977723750384554E-002 -0.1900566330385021E-003  0.1084010124069972E-014
 0.9875000000000000E+000  0.1469687600000000E+001 -0.8142821891658884E-002  0.8144737805503238E-002  0.8140867628232344E-002 -0.1272103283818702E-003  0.1475353769287988E-016
 0.9900000000000000E+000  0.1469687600000000E+001 -0.6497674822499371E-002  0.6511960025668304E-002  0.6496430439416949E-002 -0.8140364709725261E-004  0.4639039165092991E-018
 0.9922222200000000E+000  0.1469687600000000E+001 -0.5042345789971424E-002  0.5065668240965853E-002  0.5041596401696443E-002 -0.4923792996056383E-004  0.1903530946474758E-019
 0.9941666700000000E+000  0.1469687600000000E+001 -0.3774308642142607E-002  0.3804157248105689E-002  0.3773888768292257E-002 -0.2769303199258770E-004  0.7644636137389341E-022
 0.9958333300000000E+000  0.1469687600000000E+001 -0.2691397604545104E-002  0.2725988980675150E-002  0.2691184102899725E-002 -0.1412765067599166E-004  0.7866345326313465E-023
 0.9972222200000000E+000  0.1469687600000000E+001 -0.1791751175397151E-002  0.1829411868326529E-002  0.1791656551294889E-002 -0.6278386170910848E-005 -0.1084314882321828E-022
 0.9983333300000000E+000  0.1469687600000000E+001 -0.1073848773153519E-002  0.1114069128636365E-002  0.1073814784569224E-002 -0.2260055859122780E-005  0.4438025349717167E-022
 0.9991666700000000E+000  0.1469687600000000E+001 -0.5364709578814195E-003  0.5698766467870606E-003  0.5364624750771064E-003 -0.5649749193971110E-006 -0.2084551301224891E-023
 0.9997222200000000E+000  0.1469687600000000E+001 -0.1787259118904259E-003  0.2008029281734124E-003  0.1787249703865316E-003 -0.6277407309325684E-007 -0.8623340370403652E-022
 0.1000000000000000E+001  0.1469687600000000E+001 -0.1429885744823354E-026 -0.1233985282071818E-026 -0.5469674190721263E-027  0.8034662414704838E-038 -0.1046323863401573E-039

 0.0000000000000000E+000  0.1494964800000000E+001 -0.2815740811145273E+001  0.2258337956293729E+001  0.2314272743747043E+001 -0.8352718342714094E-002  0.5784026570778086E-001
 0.2777777800000000E-003  0.1494964800000000E+001 -0.2815679187219093E+001  0.2258313002905391E+001  0.2314208488696022E+001 -0.8354439159476821E-002  0.5788279947952032E-001
 0.8333333300000000E-003  0.1494964800000000E+001 -0.2815188895027195E+001  0.2258114001196865E+001  0.2313697108675822E+001 -0.8368227211024107E-002  0.5822285354511936E-001
 0.1666666700000000E-002  0.1494964800000000E+001 -0.2813573614075727E+001  0.2257452460243119E+001  0.2312010345718955E+001 -0.8414909439198731E-002  0.5936459667163561E-001
 0.2777777800000000E-002  0.1494964800000000E+001 -0.2809980971285338E+001  0.2255947023277184E+001  0.2308246800898532E+001 -0.8526118160928547E-002  0.6202913796966364E-001
 0.4166666700000000E-002  0.1494964800000000E+001 -0.2803808889716009E+001  0.2253238571556129E+001  0.2301736016890403E+001 -0.8744474444006126E-002  0.6706507268067748E-001
 0.5833333300000000E-002  0.1494964800000000E+001 -0.2795209644657758E+001  0.2249153740485090E+001  0.2292538849087297E+001 -0.9121938326984515E-002  0.7529197260661805E-001
 0.7777777800000000E-002  0.1494964800000000E+001 -0.2785241801526352E+001  0.2243807478124908E+001  0.2281595618960754E+001 -0.9713470786894650E-002  0.8732465674593955E-001
 0.1000000000000000E-001  0.1494964800000000E+001 -0.2775407627718464E+001  0.2237541726130147E+001  0.2270262436382298E+001 -0.1056594264367299E-001  0.1034674892614158E+000
 0.1250000000000000E-001  0.1494964800000000E+001 -0.2766982314179989E+001  0.2230748454980708E+001  0.2259644328086842E+001 -0.1170835166135246E-001  0.1237263102030456E+000
 0.1527777800000000E-001  0.1494964800000000E+001 -0.2760690240186028E+001  0.2223721232575290E+001  0.2250280303209545E+001 -0.1314987513693962E-001  0.1478994873082084E+000
 0.1833333300000000E-001  0.1494964800000000E+001 -0.2756778938354958E+001  0.2216604231349482E+001  0.2242229403136351E+001 -0.1488517900033835E-001  0.1756764433966729E+000
 0.2166666700000000E-001  0.1494964800000000E+001 -0.2755225149218117E+001  0.2209408658075017E+001  0.2235291323991439E+001 -0.1690163972534007E-001  0.2067016093477102E+000
 0.2527777800000000E-001  0.1494964800000000E+001 -0.2755886922308592E+001  0.2202046669362201E+001  0.2229176618132763E+001 -0.1918463741311931E-001  0.2405983615079710E+000
 0.2916666700000000E-001  0.1494964800000000E+001 -0.2758564233801891E+001  0.2194355729693144E+001  0.2223591345834762E+001 -0.2172022456358298E-001  0.2769634833763096E+000
 0.3333333300000000E-001  0.1494964800000000E+001 -0.2762991713071539E+001  0.2186107455034492E+001  0.2218262944805121E+001 -0.2449594858830138E-001  0.3153423025297478E+000
 0.3777777800000000E-001  0.1494964800000000E+001 -0.2768789363947304E+001  0.2177003893617582E+001  0.2212936236374850E+001 -0.2750074955277191E-001  0.3551910438316324E+000
 0.4250000000000000E-001  0.1494964800000000E+001 -0.2775386442356281E+001  0.2166666496947783E+001  0.2207356430474391E+001 -0.3072450535580219E-001  0.3958301288996630E+000
 0.4750000000000000E-001  0.1494964800000000E+001 -0.2781928734766659E+001  0.2154623601434287E+001  0.2201246743804159E+001 -0.3415753823660941E-001  0.4363936765996396E+000
 0.5277777800000000E-001  0.1494964800000000E+001 -0.2787184618277901E+001  0.2140303870517219E+001  0.2194284366385698E+001 -0.3779019201363365E-001  0.4757852341674260E+000
 0.5833333300000000E-001  0.1494964800000000E+001 -0.2789480893269868E+001  0.2123045718002331E+001  0.2186078535181506E+001 -0.4161253039438638E-001  0.5126593953092764E+000
 0.6416666700000000E-001  0.1494964800000000E+001 -0.2786720896418378E+001  0.2102134904147919E+001  0.2176157263642763E+001 -0.4561415158916075E-001  0.5454591925665767E+000
 0.7027777800000000E-001  0.1494964800000000E+001 -0.2776549451579482E+001  0.2076880360990278E+001  0.2163972912276534E+001 -0.4978407631353221E-001  0.5725417257048697E+000
 0.7666666699999999E-001  0.1494964800000000E+001 -0.2756702666866204E+001  0.2046726673560799E+001  0.2148937439553371E+001 -0.5411068062646211E-001  0.5924049492586594E+000
 0.8333333300000000E-001  0.1494964800000000E+001 -0.2725492662723014E+001  0.2011380080914258E+001  0.2130491059055720E+001 -0.5858161914867727E-001  0.6039773060854144E+000
 0.9027777800000000E-001  0.1494964800000000E+001 -0.2682258493022972E+001  0.1970903314555204E+001  0.2108191521836641E+001 -0.6318374771086993E-001  0.6068705677249100E+000
 0.9750000000000000E-001  0.1494964800000000E+001 -0.2627566979355695E+001  0.1925734395323207E+001  0.2081794440681465E+001 -0.6790305472365696E-001  0.6014781380822377E+000
 0.1050000000000000E+000  0.1494964800000000E+001 -0.2563053617153721E+001  0.1876615326518929E+001  0.2051292936555408E+001 -0.7272464390311195E-001  0.5888654429815831E+000
 0.1127777800000000E+000  0.1494964800000000E+001 -0.2490991982976963E+001  0.1824460376989127E+001  0.2016903502435362E+001 -0.7763274949634277E-001  0.5705071200960123E+000
 0.1208333300000000E+000  0.1494964800000000E+001 -0.2413802724571142E+001  0.1770216003544965E+001  0.1979010308813818E+001 -0.8261075212378471E-001  0.5479903028305217E+000
 0.1291666700000000E+000  0.1494964800000000E+001 -0.2333680119165958E+001  0.1714753434918129E+001  0.1938093401897398E+001 -0.8764120313109704E-001  0.5227843873264157E+000
 0.1377777800000000E+000  0.1494964800000000E+001 -0.2252401077907435E+001  0.1658809856299174E+001  0.1894664216923359E+001 -0.9270574207014351E-001  0.4961153142248086E+000
 0.1466666700000000E+000  0.1494964800000000E+001 -0.2171284280381518E+001  0.1602969949206433E+001  0.1849218468370073E+001 -0.9778506946504525E-001  0.4689292758595958E+000
 0.1558333300000000E+000  0.1494964800000000E+001 -0.2091239194014236E+001  0.1547674619615848E+001  0.1802208850860260E+001 -0.1028588340041087E+000  0.4419124274609615E+000
 0.1652777800000000E+000  0.1494964800000000E+001 -0.2012848853187177E+001  0.1493241680972160E+001  0.1754032455351268E+001 -0.1079055806112193E+000  0.4155349811250923E+000
 0.1750000000000000E+000  0.1494964800000000E+001 -0.1936455627270266E+001  0.1439890591750845E+001  0.1705028836470976E+001 -0.1129026467453958E+000  0.3901004485388883E+000
 0.1850000000000000E+000  0.1494964800000000E+001 -0.1862233068483660E+001  0.1387764783768946E+001  0.1655483048858113E+001 -0.1178261562872066E+000  0.3657894567057034E+000
 0.1952777800000000E+000  0.1494964800000000E+001 -0.1790242146790199E+001  0.1336951070434408E+001  0.1605631914746434E+001 -0.1226509792129931E+000  0.3426954692084665E+000
 0.2058333300000000E+000  0.1494964800000000E+001 -0.1720471872433628E+001  0.1287494883660548E+001  0.1555670913761120E+001 -0.1273507415257715E+000  0.3208518981951035E+000
 0.2166666700000000E+000  0.1494964800000000E+001 -0.1652867427510454E+001  0.1239411790739050E+001  0.1505760719678360E+001 -0.1318978810322883E+000  0.3002519076554856E+000
 0.2277777800000000E+000  0.1494964800000000E+001 -0.1587349870594743E+001  0.1192696591163541E+001  0.1456033609781733E+001 -0.1362636862898393E+000  0.2808627618576431E+000
 0.2391666700000000E+000  0.1494964800000000E+001 -0.1523828416544936E+001  0.1147329480061823E+001  0.1406598405449807E+001 -0.1404184294977201E+000  0.2626356498792980E+000
 0.2508333300000000E+000  0.1494964800000000E+001 -0.1462208940913986E+001  0.1103280999562233E+001  0.1357545139792331E+001 -0.1443314848608739E+000  0.2455126547846959E+000
 0.2627777800000000E+000  0.1494964800000000E+001 -0.1402398829842111E+001  0.1060515275188349E+001  0.1308948524732942E+001 -0.1479715228957479E+000  0.2294313548331664E+000
 0.2750000000000000E+000  0.1494964800000000E+001 -0.1344310404322093E+001  0.1018992743580090E+001  0.1260871257302246E+001 -0.1513067051814786E+000  0.2143280534992480E+000
 0.2875000000000000E+000  0.1494964800000000E+001 -0.1287862261608637E+001  0.9786716593988624E+000  0.1213366180961176E+001 -0.1543049666280059E+000  0.2001397325625136E+000
 0.3002777800000000E+000  0.1494964800000000E+001 -0.1232980288032781E+001  0.9395094878072496E+000  0.1166478426088440E+001 -0.1569343073984246E+000  0.1868054100928936E+000
 0.3133333300000000E+000  0.1494964800000000E+001 -0.1179597886074465E+001  0.9014637688589523E+000  0.1120246987868688E+001 -0.1591631440544448E+000  0.1742669252859161E+000
 0.3266666700000000E+000  0.1494964800000000E+001 -0.1127655691083123E+001  0.8644926032219322E+000  0.1074705847312546E+001 -0.1609607102651199E+000  0.1624693410681063E+000
 0.3402777800000000E+000  0.1494964800000000E+001 -0.1077101509640217E+001  0.8285552565611756E+000  0.1029885211455908E+001 -0.1622974831416651E+000  0.1513612145099813E+000
 0.3541666700000000E+000  0.1494964800000000E+001 -0.1027889568406921E+001  0.7936122236178517E+000  0.9858120474833115E+000 -0.1631456709783814E+000  0.1408945824647572E+000
 0.3683333300000000E+000  0.1494964800000000E+001 -0.9799801594313035E+000  0.7596255234789596E+000  0.9425108461915385E+000 -0.1634797199353045E+000  0.1310249535722195E+000
 0.3827777800000000E+000  0.1494964800000000E+001 -0.9333388867623029E+000  0.7265586629667331E+000  0.9000039122245631E+000 -0.1632768568384337E+000  0.1217111589886000E+000
 0.3975000000000000E+000  0.1494964800000000E+001 -0.8879363085531975E+000  0.6943768367413348E+000  0.8583118974407961E+000 -0.1625176484273679E+000  0.1129152515703247E+000
 0.4125000000000000E+000  0.1494964800000000E+001 -0.8437471197579131E+000  0.6630467629778753E+000  0.8174538115705370E+000 -0.1611865695224311E+000  0.1046022937939871E+000
 0.4277777800000000E+000  0.1494964800000000E+001 -0.8007497075627675E+000  0.6325367498447049E+000  0.7774472755652814E+000 -0.1592725666502463E+000  0.9674021360611032E-001
 0.4433333300000000E+000  0.1494964800000000E+001 -0.7589255869982452E+000  0.6028166480857443E+000  0.7383085808604460E+000 -0.1567696037670032E+000  0.8929963573986439E-001
 0.4591666700000000E+000  0.1494964800000000E+001 -0.7182587579102735E+000  0.5738577222479588E+000  0.7000525974762498E+000 -0.1536771636043197E+000  0.8225370610734502E-001
 0.4752777800000000E+000  0.1494964800000000E+001 -0.6787353766456268E+000  0.5456327230180289E+000  0.6626929100347627E+000 -0.1500007150479748E+000  0.7557798155303720E-001
 0.4916666700000000E+000  0.1494964800000000E+001 -0.6403430847593449E+000  0.5181156947318093E+000  0.6262415735166394E+000 -0.1457520853232127E+000  0.6925027193891303E-001
 0.5083333300000000E+000  0.1494964800000000E+001 -0.6030706731845775E+000  0.4912820019339547E+000  0.5907091336824881E+000 -0.1409497682750112E+000  0.6325055520559596E-001
 0.5247222200000000E+000  0.1494964800000000E+001 -0.5680665429068212E+000  0.4659494464356515E+000  0.5572153904582955E+000 -0.1358005068078430E+000  0.5774124539423993E-001
 0.5408333300000000E+000  0.1494964800000000E+001 -0.5351647318774679E+000  0.4419982773004132E+000  0.5256285435712605E+000 -0.1303726949197788E+000  0.5267130083146332E-001
 0.5566666700000000E+000  0.1494964800000000E+001 -0.5042150213579307E+000  0.4193222113045915E+000  0.4958266388208206E+000 -0.1247310208160657E+000  0.4799709041676360E-001
 0.5722222200000000E+000  0.1494964800000000E+001 -0.4750808914939846E+000  0.3978265968285643E+000  0.4676966909419174E+000 -0.1189360141926439E+000  0.4368116754749830E-001
 0.5875000000000000E+000  0.1494964800000000E+001 -0.4476376474690953E+000  0.3774267277878228E+000  0.4411337250896591E+000 -0.1130436804902313E+000  0.3969124605571729E-001
 0.6025000000000000E+000  0.1494964800000000E+001 -0.4217711282227856E+000  0.3580466142819016E+000  0.4160401944722597E+000 -0.1071053064989447E+000  0.3599940204647808E-001
 0.6172222200000000E+000  0.1494964800000000E+001 -0.3973764519425456E+000  0.3396178102769443E+000  0.3923252921932426E+000 -0.1011673342949847E+000  0.3258139084541004E-001
 0.6316666700000000E+000  0.1494964800000000E+001 -0.3743570336705823E+000  0.3220784712573340E+000  0.3699044170526875E+000 -0.9527134516946791E-001  0.2941609166877640E-001
 0.6458333300000000E+000  0.1494964800000000E+001 -0.3526238150995207E+000  0.3053725994214819E+000  0.3486987609555547E+000 -0.8945414220889603E-001  0.2648505221929046E-001
 0.6597222200000000E+000  0.1494964800000000E+001 -0.3320944426982756E+000  0.2894492734791353E+000  0.3286347793637859E+000 -0.8374785578925550E-001  0.2377208306053691E-001
 0.6733333300000000E+000  0.1494964800000000E+001 -0.3126927622841789E+000  0.2742621431712571E+000  0.3096439178762432E+000 -0.7818016086199457E-001  0.2126294059159125E-001
 0.6866666700000000E+000  0.1494964800000000E+001 -0.2943482081609518E+000  0.2597688633290559E+000  0.2916621944706332E+000 -0.7277448703500065E-001  0.1894503226624277E-001
 0.6997222200000000E+000  0.1494964800000000E+001 -0.2769954022717240E+000  0.2459307094925184E+000  0.2746299539338821E+000 -0.6755029989160842E-001  0.1680717864819817E-001
 0.7125000000000000E+000  0.1494964800000000E+001 -0.2605736411865977E+000  0.2327121205160411E+000  0.2584914856786868E+000 -0.6252335416268269E-001  0.1483938486441865E-001
 0.7250000000000000E+000  0.1494964800000000E+001 -0.2450266167566723E+000  0.2200804402744844E+000  0.2431948492358982E+000 -0.5770601490942748E-001  0.1303265995580436E-001
 0.7372222200000000E+000  0.1494964800000000E+001 -0.2303020263276903E+000  0.2080055834414295E+000  0.2286915739726278E+000 -0.5310753875505557E-001  0.1137883731020564E-001
 0.7491666700000000E+000  0.1494964800000000E+001 -0.2163512704584592E+000  0.1964597807008528E+000  0.2149364304532896E+000 -0.4873436981744825E-001  0.9870417847516065E-002
 0.7608333300000000E+000  0.1494964800000000E+001 -0.2031292225023105E+000  0.1854173918862388E+000  0.2018872610757024E+000 -0.4459044312819543E-001  0.8500430415876321E-002
 0.7722222200000000E+000  0.1494964800000000E+001 -0.1905938949964413E+000  0.1748546400085728E+000  0.1895046993873836E+000 -0.4067743778436773E-001  0.7262289228348125E-002
 0.7833333300000000E+000  0.1494964800000000E+001 -0.1787062883682116E+000  0.1647495022270789E+000  0.1777520614361764E+000 -0.3699506744673093E-001  0.6149677659225707E-002
 0.7941666700000000E+000  0.1494964800000000E+001 -0.1674301224305850E+000  0.1550815072727498E+000  0.1665951150543075E+000 -0.3354131318157136E-001  0.5156426711050121E-002
 0.8047222200000000E+000  0.1494964800000000E+001 -0.1567316936390450E+000  0.1458316424795917E+000  0.1560019681661641E+000 -0.3031267366079096E-001  0.4276412988712125E-002
 0.8149999999999999E+000  0.1494964800000000E+001 -0.1465796227095361E+000  0.1369821691939591E+000  0.1459428443401316E+000 -0.2730436013582681E-001  0.3503455838948785E-002
 0.8250000000000000E+000  0.1494964800000000E+001 -0.1369447600399061E+000  0.1285165757248590E+000  0.1363900110579364E+000 -0.2451051790473007E-001  0.2831238920824909E-002
 0.8347222200000000E+000  0.1494964800000000E+001 -0.1277999914787339E+000  0.1204194455071119E+000  0.1273176065330322E+000 -0.2192439657610772E-001  0.2253237382011408E-002
 0.8441666700000000E+000  0.1494964800000000E+001 -0.1191200977567269E+000  0.1126763719466222E+000  0.1187015173745958E+000 -0.1953851664058777E-001  0.1762667617058949E-002
 0.8533333300000000E+000  0.1494964800000000E+001 -0.1108816599740675E+000  0.1052739147462040E+000  0.1105193001654178E+000 -0.1734482919857766E-001  0.1352461788548644E-002
 0.8622222200000000E+000  0.1494964800000000E+001 -0.1030628745006751E+000  0.9819947486467408E-001  0.1027500115992248E+000 -0.1533483293031104E-001  0.1015264790518229E-002
 0.8708333300000000E+000  0.1494964800000000E+001 -0.9564350405071119E-001  0.9144129069886305E-001  0.9537417256377219E-001 -0.1349971086325561E-001  0.7434704916366383E-003
 0.8791666700000000E+000  0.1494964800000000E+001 -0.8860472896969232E-001  0.8498834361756662E-001  0.8837363200931028E-001 -0.1183042465215878E-001  0.5292888220814826E-003
 0.8872222200000000E+000  0.1494964800000000E+001 -0.8192909312619580E-001  0.7883034796015226E-001  0.8173152380019728E-001 -0.1031781800108068E-001  0.3648544800181469E-003
 0.8950000000000000E+000  0.1494964800000000E+001 -0.7560035512028651E-001  0.7295765256246685E-001  0.7543212837720183E-001 -0.8952684153953156E-002  0.2423693260478003E-003
 0.9025000000000000E+000  0.1494964800000000E+001 -0.6960346278953490E-001  0.6736125372047451E-001  0.6946085603427425E-001 -0.7725849658337685E-002  0.1542791094300489E-003
 0.9097222200000000E+000  0.1494964800000000E+001 -0.6392444168599452E-001  0.6203272681401684E-001  0.6380414354909994E-001 -0.6628227168408297E-002  0.9346762035966258E-004
 0.9166666700000000E+000  0.1494964800000000E+001 -0.5855032281429759E-001  0.5696419164056132E-001  0.5844938879732886E-001 -0.5650867619533755E-002  0.5345446033146668E-004
 0.9233333300000000E+000  0.1494964800000000E+001 -0.5346910548762213E-001  0.5214830872039547E-001  0.5338491934197850E-001 -0.4785009498097706E-002  0.2857285887594990E-004
 0.9297222200000000E+000  0.1494964800000000E+001 -0.4866964022132401E-001  0.4757819770525534E-001  0.4859988039179640E-001 -0.4022106163950519E-002  0.1410170894004440E-004
 0.9358333300000000E+000  0.1494964800000000E+001 -0.4414162370500985E-001  0.4324745950474636E-001  0.4408423362886631E-001 -0.3353866175901227E-002  0.6329758638030506E-005
 0.9416666700000000E+000  0.1494964800000000E+001 -0.3987550665027576E-001  0.3915011375983408E-001  0.3982866852626917E-001 -0.2772272899748824E-002  0.2535821914434404E-005
 0.9472222200000000E+000  0.1494964800000000E+001 -0.3586248053208414E-001  0.3528060962717457E-001  0.3582459180217130E-001 -0.2269611227510342E-002  0.8854068447202114E-006
 0.9525000000000000E+000  0.1494964800000000E+001 -0.3209438052255483E-001  0.3163375428080958E-001  0.3206403286952798E-001 -0.1838478561325727E-002  0.2613768362058857E-006
 0.9575000000000000E+000  0.1494964800000000E+001 -0.2856369394728538E-001  0.2820474129037811E-001  0.2853965424751000E-001 -0.1471805902986348E-002  0.6271974526082926E-007
 0.9622222200000000E+000  0.1494964800000000E+001 -0.2526349250523120E-001  0.2498910402483165E-001  0.2524468566253598E-001 -0.1162865937667636E-002  0.1161638996694162E-007
 0.9666666700000000E+000  0.1494964800000000E+001 -0.2218739713296783E-001  0.2198269893795412E-001  0.2217289050350338E-001 -0.9052828963003606E-003  0.1550040585808711E-008
 0.9708333300000000E+000  0.1494964800000000E+001 -0.1932957317271622E-001  0.1918171720826855E-001  0.1931856236495415E-001 -0.6930422750985189E-003  0.1364384762573898E-009
 0.9747222200000000E+000  0.1494964800000000E+001 -0.1668465249260431E-001  0.1658262361018586E-001  0.1667644848019061E-001 -0.5204927677935978E-003  0.7446851272739768E-011
 0.9783333300000000E+000  0.1494964800000000E+001 -0.1424775473445981E-001  0.1418219119337431E-001  0.1424177201021748E-001 -0.3823544267243631E-003  0.3473151299608405E-012
 0.9816666700000000E+000  0.1494964800000000E+001 -0.1201442872342347E-001  0.1197745662008015E-001  0.1201017446664384E-001 -0.2737195332228251E-003  0.2444530786683176E-013
 0.9847222200000000E+000  0.1494964800000000E+001 -0.9980664023489958E-002  0.9965743518836041E-002  0.9977728096971164E-002 -0.1900567146169258E-003  0.1086501920187411E-014
 0.9875000000000000E+000  0.1494964800000000E+001 -0.8142824264962621E-002  0.8144607818067430E-002  0.8140870001181950E-002 -0.1272103649958530E-003  0.1478750710764107E-016
 0.9900000000000000E+000  0.1494964800000000E+001 -0.6497676034055462E-002  0.6511876949478807E-002  0.6496431650829443E-002 -0.8140366211483314E-004  0.4648968378970505E-018
 0.9922222200000000E+000  0.1494964800000000E+001 -0.5042346358529088E-002  0.5065618047217045E-002  0.5041596970202020E-002 -0.4923793546281064E-004  0.1915307624059623E-019
 0.9941666700000000E+000  0.1494964800000000E+001 -0.3774308881454576E-002  0.3804129044802752E-002  0.3773889007587882E-002 -0.2769303373531334E-004  0.8030808446471332E-022
 0.9958333300000000E+000  0.1494964800000000E+001 -0.2691397691587745E-002  0.2725974604588327E-002  0.2691184189938148E-002 -0.1412765113003319E-004 -0.4643718975805959E-023
 0.9972222200000000E+000  0.1494964800000000E+001 -0.1791751201145568E-002  0.1829405483913157E-002  0.1791656577042480E-002 -0.6278386260662057E-005  0.9826669233015884E-023
 0.9983333300000000E+000  0.1494964800000000E+001 -0.1073848778707955E-002  0.1114066831669192E-002  0.1073814790123555E-002 -0.2260055870761165E-005 -0.2733545383918117E-022
 0.9991666700000000E+000  0.1494964800000000E+001 -0.5364709585750325E-003  0.5698760728193716E-003  0.5364624757707126E-003 -0.5649749201247978E-006 -0.3602942483334090E-022
 0.9997222200000000E+000  0.1494964800000000E+001 -0.1787259119160998E-003  0.2008028644174055E-003  0.1787249704122053E-003 -0.6277407310224355E-007 -0.9417594954310673E-022
 0.1000000000000000E+001  0.1494964800000000E+001 -0.5455565144097888E-027 -0.6112493967673803E-027 -0.3376835829947597E-026  0.1303039084170595E-038 -0.1101237091544352E-039

 0.0000000000000000E+000  0.1516630900000000E+001 -0.2815825258686866E+001  0.2258253509683410E+001  0.2314351234139052E+001 -0.8352718342714094E-002  0.5792212017362905E-001
 0.2777777800000000E-003  0.1516630900000000E+001 -0.2815763579469685E+001  0.2258228605333003E+001  0.2314286911951606E+001 -0.8354439208425702E-002  0.5796471487706063E-001
 0.8333333300000000E-003  0.1516630900000000E+001 -0.2815272849189982E+001  0.2258029993843613E+001  0.2313774998813225E+001 -0.8368227643722836E-002  0.5830525614626011E-001
 0.1666666700000000E-002  0.1516630900000000E+001 -0.2813656148594188E+001  0.2257369739536779E+001  0.2312086492889031E+001 -0.8414911067199727E-002  0.5944863585760779E-001
 0.2777777800000000E-002  0.1516630900000000E+001 -0.2810060486188224E+001  0.2255867171265112E+001  0.2308319148342179E+001 -0.8526122069582266E-002  0.6211700133762261E-001
 0.4166666700000000E-002  0.1516630900000000E+001 -0.2803883721723872E+001  0.2253163677896184E+001  0.2301802108839127E+001 -0.8744481058090382E-002  0.6716018300664850E-001
 0.5833333300000000E-002  0.1516630900000000E+001 -0.2795279289213928E+001  0.2249085855542031E+001  0.2292596905669603E+001 -0.9121946180662532E-002  0.7539898107790988E-001
 0.7777777800000000E-002  0.1516630900000000E+001 -0.2785308229953390E+001  0.2243747994134901E+001  0.2281645661633251E+001 -0.9713476480242483E-002  0.8744921724465650E-001
 0.1000000000000000E-001  0.1516630900000000E+001 -0.2775475848274358E+001  0.2237491173664262E+001  0.2270306627581609E+001 -0.1056594257388997E-001  0.1036159242599318E+000
 0.1250000000000000E-001  0.1516630900000000E+001 -0.2767060054112718E+001  0.2230706853429612E+001  0.2259686424362478E+001 -0.1170834390372924E-001  0.1239053423056951E+000
 0.1527777800000000E-001  0.1516630900000000E+001 -0.2760787395123285E+001  0.2223688681634998E+001  0.2250324876510294E+001 -0.1314985998631732E-001  0.1481161510957131E+000
 0.1833333300000000E-001  0.1516630900000000E+001 -0.2756907341617667E+001  0.2216581396647638E+001  0.2242281372313631E+001 -0.1488515852672096E-001  0.1759381871996891E+000
 0.2166666700000000E-001  0.1516630900000000E+001 -0.2755398744339017E+001  0.2209397033011455E+001  0.2235355862677096E+001 -0.1690161727731736E-001  0.2070165339674485E+000
 0.2527777800000000E-001  0.1516630900000000E+001 -0.2756122183294996E+001  0.2202048656252694E+001  0.2229259276045937E+001 -0.1918461745910719E-001  0.2409755294025747E+000
 0.2916666700000000E-001  0.1516630900000000E+001 -0.2758880667202247E+001  0.2194374608957743E+001  0.2223698234335357E+001 -0.2172021281015761E-001  0.2774132341694812E+000
 0.3333333300000000E-001  0.1516630900000000E+001 -0.2763412301307020E+001  0.2186147274330599E+001  0.2218400906270253E+001 -0.2449595220709077E-001  0.3158765003830537E+000
 0.3777777800000000E-001  0.1516630900000000E+001 -0.2769340777786708E+001  0.2177069264086094E+001  0.2213112956230256E+001 -0.2750077738959615E-001  0.3558231490301146E+000
 0.4250000000000000E-001  0.1516630900000000E+001 -0.2776098745158181E+001  0.2166762246448209E+001  0.2207580453998290E+001 -0.3072456806717028E-001  0.3965749263445819E+000
 0.4750000000000000E-001  0.1516630900000000E+001 -0.2782834142867802E+001  0.2154754209360970E+001  0.2201527340246500E+001 -0.3415764837809721E-001  0.4372664199771409E+000
 0.5277777800000000E-001  0.1516630900000000E+001 -0.2788314734770242E+001  0.2140472607617466E+001  0.2194631153053254E+001 -0.3779036419261268E-001  0.4767999133306669E+000
 0.5833333300000000E-001  0.1516630900000000E+001 -0.2790861867218188E+001  0.2123253467823900E+001  0.2186500755133532E+001 -0.4161278166815370E-001  0.5138258992867828E+000
 0.6416666700000000E-001  0.1516630900000000E+001 -0.2788366470839501E+001  0.2102378789506848E+001  0.2176662640726806E+001 -0.4561450226010136E-001  0.5467794652076443E+000
 0.7027777800000000E-001  0.1516630900000000E+001 -0.2778453116165621E+001  0.2077152546252491E+001  0.2164566138644329E+001 -0.4978455105249579E-001  0.5740056967086326E+000
 0.7666666699999999E-001  0.1516630900000000E+001 -0.2758831863076958E+001  0.2047013956517728E+001  0.2149618602362436E+001 -0.5411130946594132E-001  0.5939878785876085E+000
 0.8333333300000000E-001  0.1516630900000000E+001 -0.2727788869985952E+001  0.2011664871662103E+001  0.2131254577024843E+001 -0.5858243759989595E-001  0.6056404961151268E+000
 0.9027777800000000E-001  0.1516630900000000E+001 -0.2684645288617280E+001  0.1971166098441784E+001  0.2109026189190646E+001 -0.6318479548070978E-001  0.6085663412428455E+000
 0.9750000000000000E-001  0.1516630900000000E+001 -0.2629963908294553E+001  0.1925956966898374E+001  0.2082684780144505E+001 -0.6790437329438097E-001  0.6031577322391745E+000
 0.1050000000000000E+000  0.1516630900000000E+001 -0.2565390164484920E+001  0.1876783590564171E+001  0.2052221433829511E+001 -0.7272627400694738E-001  0.5904867247856856E+000
 0.1127777800000000E+000  0.1516630900000000E+001 -0.2493216366307287E+001  0.1824565797732021E+001  0.2017852912528942E+001 -0.7763472956453196E-001  0.5720393627224966E+000
 0.1208333300000000E+000  0.1516630900000000E+001 -0.2415883901146444E+001  0.1770255564943981E+001  0.1979965355370247E+001 -0.8261311811881997E-001  0.5494152219987399E+000
 0.1291666700000000E+000  0.1516630900000000E+001 -0.2335604823791416E+001  0.1714728599469581E+001  0.1939041626657090E+001 -0.8764398943240659E-001  0.5240944287306162E+000
 0.1377777800000000E+000  0.1516630900000000E+001 -0.2254168796275653E+001  0.1658725162816234E+001  0.1895596111675976E+001 -0.9270898276760667E-001  0.4973107623137077E+000
 0.1466666700000000E+000  0.1516630900000000E+001 -0.2172902328323534E+001  0.1602831706211399E+001  0.1850127170513954E+001 -0.9778879953387994E-001  0.4700153780828054E+000
 0.1558333300000000E+000  0.1516630900000000E+001 -0.2092718899627737E+001  0.1547489899878971E+001  0.1803089657420718E+001 -0.1028630900748949E+000  0.4428971080659008E+000
 0.1652777800000000E+000  0.1516630900000000E+001 -0.2014202996927515E+001  0.1493017642761658E+001  0.1754882319454031E+001 -0.1079104012671728E+000  0.4164272576740186E+000
 0.1750000000000000E+000  0.1516630900000000E+001 -0.1937696916710640E+001  0.1439634070447214E+001  0.1705845926975184E+001 -0.1129080723770886E+000  0.3909094465719105E+000
 0.1850000000000000E+000  0.1516630900000000E+001 -0.1863373334756665E+001  0.1387482076339806E+001  0.1656266398475960E+001 -0.1178322285870219E+000  0.3665238560882739E+000
 0.1952777800000000E+000  0.1516630900000000E+001 -0.1791291996801670E+001  0.1336647845645903E+001  0.1606381154572853E+001 -0.1226577403761450E+000  0.3433632341940109E+000
 0.2058333300000000E+000  0.1516630900000000E+001 -0.1721440604626760E+001  0.1287176167691473E+001  0.1556386080420327E+001 -0.1273582332198307E+000  0.3214601796083887E+000
 0.2166666700000000E+000  0.1516630900000000E+001 -0.1653763087065284E+001  0.1239081994447911E+001  0.1506442118977404E+001 -0.1319061431839202E+000  0.3008070423074649E+000
 0.2277777800000000E+000  0.1516630900000000E+001 -0.1588179370242564E+001  0.1192359557912859E+001  0.1456681722790214E+001 -0.1362727557173982E+000  0.2813703228143635E+000
 0.2391666700000000E+000  0.1516630900000000E+001 -0.1524597679644236E+001  0.1146988541262071E+001  0.1407213824892801E+001 -0.1404283384315420E+000  0.2631005188238444E+000
 0.2508333300000000E+000  0.1516630900000000E+001 -0.1462923045098046E+001  0.1102939030930369E+001  0.1358128528237885E+001 -0.1443422593748955E+000  0.2459391011662907E+000
 0.2627777800000000E+000  0.1516630900000000E+001 -0.1403062139759851E+001  0.1060174749938152E+001  0.1309500587737509E+001 -0.1479831812932078E+000  0.2298231129020998E+000
 0.2750000000000000E+000  0.1516630900000000E+001 -0.1344926689649076E+001  0.1018655780853395E+001  0.1261392727131781E+001 -0.1513192563668802E+000  0.2146883935117116E+000
 0.2875000000000000E+000  0.1516630900000000E+001 -0.1288434798767003E+001  0.9783400673848146E+000  0.1213857807165632E+001 -0.1543184085234708E+000  0.2004715240918813E+000
 0.3002777800000000E+000  0.1516630900000000E+001 -0.1233511946889998E+001  0.9391848016104036E+000  0.1166940970866561E+001 -0.1569486254510871E+000  0.1871111775052163E+000
 0.3133333300000000E+000  0.1516630900000000E+001 -0.1180091202960351E+001  0.9011472834892607E+000  0.1120681224461745E+001 -0.1591783098993437E+000  0.1745488956613623E+000
 0.3266666700000000E+000  0.1516630900000000E+001 -0.1128112929780213E+001  0.8641854022451317E+000  0.1075112560195561E+001 -0.1609766806127183E+000  0.1627294852366097E+000
 0.3402777800000000E+000  0.1516630900000000E+001 -0.1077524712375376E+001  0.8282582368745440E+000  0.1030265197758453E+001 -0.1623141989529688E+000  0.1516012822214648E+000
 0.3541666700000000E+000  0.1516630900000000E+001 -0.1028280598002255E+001  0.7933261169593319E+000  0.9861661187838117E+000 -0.1631630570068531E+000  0.1411161322692283E+000
 0.3683333300000000E+000  0.1516630900000000E+001 -0.9803407342914532E+000  0.7593509150568987E+000  0.9428398305422675E+000 -0.1634976846957847E+000  0.1312293783631924E+000
 0.3827777800000000E+000  0.1516630900000000E+001 -0.9336706096001300E+000  0.7262960077003564E+000  0.9003086559422538E+000 -0.1632952930682764E+000  0.1218997077387292E+000
 0.3975000000000000E+000  0.1516630900000000E+001 -0.8882406900695560E+000  0.6941264733752450E+000  0.8585932666845867E+000 -0.1625364340832938E+000  0.1130890479893858E+000
 0.4125000000000000E+000  0.1516630900000000E+001 -0.8440255977766112E+000  0.6628089264934260E+000  0.8177126933329470E+000 -0.1612055693498889E+000  0.1047623522478998E+000
 0.4277777800000000E+000  0.1516630900000000E+001 -0.8010036624980625E+000  0.6323115823395448E+000  0.7776845781732867E+000 -0.1592916343315829E+000  0.9688745284689622E-001
 0.4433333300000000E+000  0.1516630900000000E+001 -0.7591563541049990E+000  0.6026042083760464E+000  0.7385252338549637E+000 -0.1567885846347316E+000  0.8943489075724845E-001
 0.4591666700000000E+000  0.1516630900000000E+001 -0.7184676367100504E+000  0.5736579944125225E+000  0.7002495507876951E+000 -0.1536958978739507E+000  0.8237773837995788E-001
 0.4752777800000000E+000  0.1516630900000000E+001 -0.6789236380612415E+000  0.5454456239519671E+000  0.6628711325840134E+000 -0.1500190414954672E+000  0.7569148803888190E-001
 0.4916666700000000E+000  0.1516630900000000E+001 -0.6405119760723735E+000  0.5179410809557010E+000  0.6264020510658791E+000 -0.1457698452982719E+000  0.6935389291982474E-001
 0.5083333300000000E+000  0.1516630900000000E+001 -0.6032214212547530E+000  0.4911196756740118E+000  0.5908528661067503E+000 -0.1409668099153187E+000  0.6334488125772629E-001
 0.5247222200000000E+000  0.1516630900000000E+001 -0.5682008878392169E+000  0.4657987738074836E+000  0.5573438842091062E+000 -0.1358167193072274E+000  0.5782709993955042E-001
 0.5408333300000000E+000  0.1516630900000000E+001 -0.5352842606934259E+000  0.4418586274136047E+000  0.5257431940697720E+000 -0.1303879921468037E+000  0.5274941068745823E-001
 0.5566666700000000E+000  0.1516630900000000E+001 -0.5043211827436996E+000  0.4191929630673458E+000  0.4959287366341043E+000 -0.1247453406742164E+000  0.4806810151753347E-001
 0.5722222200000000E+000  0.1516630900000000E+001 -0.4751750082421484E+000  0.3977071438422264E+000  0.4677874276288082E+000 -0.1189493172911430E+000  0.4374565768663852E-001
 0.5875000000000000E+000  0.1516630900000000E+001 -0.4477209271260484E+000  0.3773164818685209E+000  0.4412141987300041E+000 -0.1130559482803071E+000  0.3974973525677793E-001
 0.6025000000000000E+000  0.1516630900000000E+001 -0.4218446724881247E+000  0.3579450078610457E+000  0.4161114150538454E+000 -0.1071165390419517E+000  0.3605236111719975E-001
 0.6172222200000000E+000  0.1516630900000000E+001 -0.3974412650371085E+000  0.3395242980077264E+000  0.3923881868118078E+000 -0.1011775478007429E+000  0.3262924844458952E-001
 0.6316666700000000E+000  0.1516630900000000E+001 -0.3744140299215158E+000  0.3219925309950039E+000  0.3699598349746834E+000 -0.9528056943564717E-001  0.2945924019179935E-001
 0.6458333300000000E+000  0.1516630900000000E+001 -0.3526738259106452E+000  0.3052937327062546E+000  0.3487474785646239E+000 -0.8946241807237283E-001  0.2652385273615470E-001
 0.6597222200000000E+000  0.1516630900000000E+001 -0.3321382229531427E+000  0.2893770056921110E+000  0.3286775049304026E+000 -0.8375523266886270E-001  0.2380686944385548E-001
 0.6733333300000000E+000  0.1516630900000000E+001 -0.3127309963281062E+000  0.2741960233791722E+000  0.3096812962098368E+000 -0.7818669446813217E-001  0.2129402301386919E-001
 0.6866666700000000E+000  0.1516630900000000E+001 -0.2943815153548447E+000  0.2597084639454529E+000  0.2916948113851521E+000 -0.7278023728459601E-001  0.1897270013555410E-001
 0.6997222200000000E+000  0.1516630900000000E+001 -0.2770243421983863E+000  0.2458756257613559E+000  0.2746583405561868E+000 -0.6755532906378416E-001  0.1683170309402728E-001
 0.7125000000000000E+000  0.1516630900000000E+001 -0.2605987184926003E+000  0.2326619699101063E+000  0.2585161225457034E+000 -0.6252772530233847E-001  0.1486102080894915E-001
 0.7250000000000000E+000  0.1516630900000000E+001 -0.2450482857003105E+000  0.2200348617819382E+000  0.2432161702191702E+000 -0.5770979048875426E-001  0.1305164785776926E-001
 0.7372222200000000E+000  0.1516630900000000E+001 -0.2303206950122720E+000  0.2079642368109654E+000  0.2287099699868673E+000 -0.5311077957928075E-001  0.1139540459583954E-001
 0.7491666700000000E+000  0.1516630900000000E+001 -0.2163673047809130E+000  0.1964223456475629E+000  0.2149522529595186E+000 -0.4873713416265529E-001  0.9884780072236166E-002
 0.7608333300000000E+000  0.1516630900000000E+001 -0.2031429498378217E+000  0.1853835672617183E+000  0.2019008253845725E+000 -0.4459278609308993E-001  0.8512792189939302E-002
 0.7722222200000000E+000  0.1516630900000000E+001 -0.1906056076086176E+000  0.1748241429828973E+000  0.1895162877407795E+000 -0.4067941082921805E-001  0.7272844908583113E-002
 0.7833333300000000E+000  0.1516630900000000E+001 -0.1787162465867721E+000  0.1647220674478606E+000  0.1777619258989984E+000 -0.3699671810081117E-001  0.6158611850464548E-002
 0.7941666700000000E+000  0.1516630900000000E+001 -0.1674385575853873E+000  0.1550568860463586E+000  0.1666034801983002E+000 -0.3354268489052376E-001  0.5163914573545619E-002
 0.8047222200000000E+000  0.1516630900000000E+001 -0.1567388107801163E+000  0.1458096019525158E+000  0.1560090335693203E+000 -0.3031380575345640E-001  0.4282620383255872E-002
 0.8149999999999999E+000  0.1516630900000000E+001 -0.1465856031088190E+000  0.1369624915708341E+000  0.1459487868931823E+000 -0.2730528788525153E-001  0.3508539311083989E-002
 0.8250000000000000E+000  0.1516630900000000E+001 -0.1369497635059131E+000  0.1284990574922868E+000  0.1363949871054902E+000 -0.2451127266636578E-001  0.2835345561789853E-002
 0.8347222200000000E+000  0.1516630900000000E+001 -0.1278041584822404E+000  0.1204038966943393E+000  0.1273217538452524E+000 -0.2192500598230937E-001  0.2256504576195529E-002
 0.8441666700000000E+000  0.1516630900000000E+001 -0.1191235513853166E+000  0.1126626154154239E+000  0.1187049569654086E+000 -0.1953900483637642E-001  0.1765222710080634E-002
 0.8533333300000000E+000  0.1516630900000000E+001 -0.1108845077294068E+000  0.1052617855054509E+000  0.1105221379699314E+000 -0.1734521710515757E-001  0.1354421712899021E-002
 0.8622222200000000E+000  0.1516630900000000E+001 -0.1030652099415323E+000  0.9818881943154759E-001  0.1027523400125938E+000 -0.1533513852325990E-001  0.1016735682088197E-002
 0.8708333300000000E+000  0.1516630900000000E+001 -0.9564540830190857E-001  0.9143196648172768E-001  0.9537607186096624E-001 -0.1349994945732787E-001  0.7445473546581234E-003
 0.8791666700000000E+000  0.1516630900000000E+001 -0.8860627209849907E-001  0.8498021834168835E-001  0.8837517164670100E-001 -0.1183060918349945E-001  0.5300552875869472E-003
 0.8872222200000000E+000  0.1516630900000000E+001 -0.8193033540036941E-001  0.7882329911913732E-001  0.8173276361235568E-001 -0.1031795930151876E-001  0.3653827184100573E-003
 0.8950000000000000E+000  0.1516630900000000E+001 -0.7560134815046188E-001  0.7295156691080895E-001  0.7543311967060672E-001 -0.8952791211854123E-002  0.2427201627643417E-003
 0.9025000000000000E+000  0.1516630900000000E+001 -0.6960425056890103E-001  0.6735602678513733E-001  0.6946164258954235E-001 -0.7725929863408451E-002  0.1545023935609949E-003
 0.9097222200000000E+000  0.1516630900000000E+001 -0.6392506152971039E-001  0.6202826243693003E-001  0.6380476253263041E-001 -0.6628286537503862E-002  0.9360287154751611E-004
 0.9166666700000000E+000  0.1516630900000000E+001 -0.5855080620681155E-001  0.5696040154273160E-001  0.5844987158877376E-001 -0.5650911002352052E-002  0.5353179930959936E-004
 0.9233333300000000E+000  0.1516630900000000E+001 -0.5346947884461174E-001  0.5214511208099469E-001  0.5338529228247275E-001 -0.4785040762225578E-002  0.2861419290981634E-004
 0.9297222200000000E+000  0.1516630900000000E+001 -0.4866992557031231E-001  0.4757552076318259E-001  0.4860016545534692E-001 -0.4022128359088183E-002  0.1412210612078452E-004
 0.9358333300000000E+000  0.1516630900000000E+001 -0.4414183929325745E-001  0.4324523516735015E-001  0.4408444902409204E-001 -0.3353881678131422E-002  0.6338913129313433E-005
 0.9416666700000000E+000  0.1516630900000000E+001 -0.3987566748395584E-001  0.3914828122788269E-001  0.3982882923142962E-001 -0.2772283536599102E-002  0.2539488978927004E-005
 0.9472222200000000E+000  0.1516630900000000E+001 -0.3586259885392380E-001  0.3527911402722896E-001  0.3582471003992812E-001 -0.2269618385201454E-002  0.8866871077051193E-006
 0.9525000000000000E+000  0.1516630900000000E+001 -0.3209446623243474E-001  0.3163254631248079E-001  0.3206411852547142E-001 -0.1838483275551660E-002  0.2617547419172608E-006
 0.9575000000000000E+000  0.1516630900000000E+001 -0.2856375497229739E-001  0.2820377687915274E-001  0.2853971523868057E-001 -0.1471808934889342E-002  0.6281041951513662E-007
 0.9622222200000000E+000  0.1516630900000000E+001 -0.2526353512320973E-001  0.2498834398706781E-001  0.2524472825980418E-001 -0.1162867836537967E-002  0.1163318254662317E-007
 0.9666666700000000E+000  0.1516630900000000E+001 -0.2218742625438451E-001  0.2198210865497961E-001  0.2217291961259868E-001 -0.9052840506305791E-003  0.1552281159933047E-008
 0.9708333300000000E+000  0.1516630900000000E+001 -0.1932959258511335E-001  0.1918126630803880E-001  0.1931858177025323E-001 -0.6930429535401558E-003  0.1366356863063738E-009
 0.9747222200000000E+000  0.1516630900000000E+001 -0.1668466507102334E-001  0.1658228566013277E-001  0.1667646105466929E-001 -0.5204931514677482E-003  0.7457614928659150E-011
 0.9783333300000000E+000  0.1516630900000000E+001 -0.1424776262167935E-001  0.1418194339899204E-001  0.1424177989534164E-001 -0.3823546342711776E-003  0.3478171812744524E-012
 0.9816666700000000E+000  0.1516630900000000E+001 -0.1201443348286824E-001  0.1197727953280695E-001  0.1201017922502912E-001 -0.2737196398231602E-003  0.2448064311624337E-013
 0.9847222200000000E+000  0.1516630900000000E+001 -0.9980666767866082E-002  0.9965620749989853E-002  0.9977730840842705E-002 -0.1900567661149712E-003  0.1088072303584703E-014
 0.9875000000000000E+000  0.1516630900000000E+001 -0.8142825763158720E-002  0.8144525760880011E-002  0.8140871499154503E-002 -0.1272103881091720E-003  0.1480883982559239E-016
 0.9900000000000000E+000  0.1516630900000000E+001 -0.6497676798874681E-002  0.6511824505965403E-002  0.6496432415558012E-002 -0.8140367159498373E-004  0.4656247919701118E-018
 0.9922222200000000E+000  0.1516630900000000E+001 -0.5042346717442544E-002  0.5065586361406868E-002  0.5041597329082591E-002 -0.4923793893621452E-004  0.1912398055442162E-019
 0.9941666700000000E+000  0.1516630900000000E+001 -0.3774309032525053E-002  0.3804111240903134E-002  0.3773889158648042E-002 -0.2769303483544383E-004  0.9847851487832804E-022
 0.9958333300000000E+000  0.1516630900000000E+001 -0.2691397746535152E-002  0.2725965529395948E-002  0.2691184244882895E-002 -0.1412765141665599E-004 -0.5339204818272484E-024
 0.9972222200000000E+000  0.1516630900000000E+001 -0.1791751217399769E-002  0.1829401453624568E-002  0.1791656593296161E-002 -0.6278386317319303E-005 -0.4579924041086078E-023
 0.9983333300000000E+000  0.1516630900000000E+001 -0.1073848782214302E-002  0.1114065381662751E-002  0.1073814793629837E-002 -0.2260055878108127E-005  0.4188188896015351E-022
 0.9991666700000000E+000  0.1516630900000000E+001 -0.5364709590128892E-003  0.5698757104907958E-003  0.5364624762085649E-003 -0.5649749205841643E-006  0.4696064711795499E-022
 0.9997222200000000E+000  0.1516630900000000E+001 -0.1787259119323070E-003  0.2008028241701518E-003  0.1787249704284124E-003 -0.6277407310791658E-007 -0.5688222341175337E-022
 0.1000000000000000E+001  0.1516630900000000E+001 -0.8933655782694423E-029  0.1685790826247195E-026 -0.3536156085621016E-026 -0.2267050177184998E-038 -0.2978787349179170E-040

 0.0000000000000000E+000  0.1534686100000000E+001 -0.2815874208298933E+001  0.2258204560611228E+001  0.2314396731151811E+001 -0.8352718342714094E-002  0.5796950794382794E-001
 0.2777777800000000E-003  0.1534686100000000E+001 -0.2815812497029885E+001  0.2258179684688390E+001  0.2314332370047075E+001 -0.8354439236795770E-002  0.5801213792370233E-001
 0.8333333300000000E-003  0.1534686100000000E+001 -0.2815321512793224E+001  0.2257981299411083E+001  0.2313820147873606E+001 -0.8368227894509047E-002  0.5835296125985875E-001
 0.1666666700000000E-002  0.1534686100000000E+001 -0.2813703989236981E+001  0.2257321790977940E+001  0.2312130631595718E+001 -0.8414912010769082E-002  0.5949728847496096E-001
 0.2777777800000000E-002  0.1534686100000000E+001 -0.2810106576369941E+001  0.2255820885685593E+001  0.2308361084445481E+001 -0.8526124335002929E-002  0.6216786798137432E-001
 0.4166666700000000E-002  0.1534686100000000E+001 -0.2803927097225619E+001  0.2253120266625984E+001  0.2301840418796886E+001 -0.8744484891592514E-002  0.6721524534498449E-001
 0.5833333300000000E-002  0.1534686100000000E+001 -0.2795319657481121E+001  0.2249046507062147E+001  0.2292630557742709E+001 -0.9121950732695656E-002  0.7546093207463443E-001
 0.7777777800000000E-002  0.1534686100000000E+001 -0.2785346733634113E+001  0.2243713515336053E+001  0.2281674668261810E+001 -0.9713479780207904E-002  0.8752133061486894E-001
 0.1000000000000000E-001  0.1534686100000000E+001 -0.2775515390520062E+001  0.2237461871899299E+001  0.2270332242268586E+001 -0.1056594253349725E-001  0.1037018612663802E+000
 0.1250000000000000E-001  0.1534686100000000E+001 -0.2767105114479456E+001  0.2230682739743423E+001  0.2259710824700517E+001 -0.1170833940722504E-001  0.1240089966777926E+000
 0.1527777800000000E-001  0.1534686100000000E+001 -0.2760843710834615E+001  0.2223669813698537E+001  0.2250350712873529E+001 -0.1314985120433285E-001  0.1482415984823466E+000
 0.1833333300000000E-001  0.1534686100000000E+001 -0.2756981774619958E+001  0.2216568160357966E+001  0.2242311496444465E+001 -0.1488514665866672E-001  0.1760897447767276E+000
 0.2166666700000000E-001  0.1534686100000000E+001 -0.2755499382577824E+001  0.2209390294451204E+001  0.2235393274531790E+001 -0.1690160426349046E-001  0.2071988995996275E+000
 0.2527777800000000E-001  0.1534686100000000E+001 -0.2756258586317003E+001  0.2202049809032545E+001  0.2229307194476015E+001 -0.1918460588857442E-001  0.2411939619717629E+000
 0.2916666700000000E-001  0.1534686100000000E+001 -0.2759064160180130E+001  0.2194385556822588E+001  0.2223760205177509E+001 -0.2172020598920426E-001  0.2776737380507431E+000
 0.3333333300000000E-001  0.1534686100000000E+001 -0.2763656236326610E+001  0.2186170367533913E+001  0.2218480901282746E+001 -0.2449595429052023E-001  0.3161859710511687E+000
 0.3777777800000000E-001  0.1534686100000000E+001 -0.2769660662788551E+001  0.2177107182057759E+001  0.2213215439057394E+001 -0.2750079350163867E-001  0.3561894174297170E+000
 0.4250000000000000E-001  0.1534686100000000E+001 -0.2776512079395451E+001  0.2166817797548586E+001  0.2207710391193519E+001 -0.3072460438019727E-001  0.3970066047637275E+000
 0.4750000000000000E-001  0.1534686100000000E+001 -0.2783359704764107E+001  0.2154830003638697E+001  0.2201690123892661E+001 -0.3415771216352418E-001  0.4377724086301602E+000
 0.5277777800000000E-001  0.1534686100000000E+001 -0.2788970980459371E+001  0.2140570557485716E+001  0.2194832383893671E+001 -0.3779046390969266E-001  0.4773883959917163E+000
 0.5833333300000000E-001  0.1534686100000000E+001 -0.2791664115203176E+001  0.2123374102127742E+001  0.2186745823645652E+001 -0.4161292719659979E-001  0.5145026925418152E+000
 0.6416666700000000E-001  0.1534686100000000E+001 -0.2789322843185596E+001  0.2102520451717269E+001  0.2176956060562263E+001 -0.4561470536562443E-001  0.5475457737259348E+000
 0.7027777800000000E-001  0.1534686100000000E+001 -0.2779559938150671E+001  0.2077310692258156E+001  0.2164910663194412E+001 -0.4978482604557313E-001  0.5748557276352193E+000
 0.7666666699999999E-001  0.1534686100000000E+001 -0.2760070243413614E+001  0.2047180910936815E+001  0.2150014302642974E+001 -0.5411167378551729E-001  0.5949072723036649E+000
 0.8333333300000000E-001  0.1534686100000000E+001 -0.2729124714695824E+001  0.2011830394252295E+001  0.2131698215130367E+001 -0.5858291188398525E-001  0.6066067233727769E+000
 0.9027777800000000E-001  0.1534686100000000E+001 -0.2686033995754022E+001  0.1971318820492363E+001  0.2109511239354817E+001 -0.6318540281498067E-001  0.6095516033436964E+000
 0.9750000000000000E-001  0.1534686100000000E+001 -0.2631358488870240E+001  0.1926086281604905E+001  0.2083202218065261E+001 -0.6790513779220382E-001  0.6041335799329483E+000
 0.1050000000000000E+000  0.1534686100000000E+001 -0.2566749437410512E+001  0.1876881291254905E+001  0.2052761044449114E+001 -0.7272721932743050E-001  0.5914285795070328E+000
 0.1127777800000000E+000  0.1534686100000000E+001 -0.2494510115446344E+001  0.1824626924193235E+001  0.2018404640551220E+001 -0.7763587800341600E-001  0.5729293151503432E+000
 0.1208333300000000E+000  0.1534686100000000E+001 -0.2417094047062065E+001  0.1770278377611878E+001  0.1980520299368256E+001 -0.8261449051199886E-001  0.5502426360255436E+000
 0.1291666700000000E+000  0.1534686100000000E+001 -0.2336723679936195E+001  0.1714713968219365E+001  0.1939592534412473E+001 -0.8764560567731867E-001  0.5248549341393046E+000
 0.1377777800000000E+000  0.1534686100000000E+001 -0.2255196118738453E+001  0.1658675746210767E+001  0.1896137455146803E+001 -0.9271086258283194E-001  0.4980045593894372E+000
 0.1466666700000000E+000  0.1534686100000000E+001 -0.2173842433360108E+001  0.1602751188377828E+001  0.1850654965885865E+001 -0.9779096314823006E-001  0.4706455545811579E+000
 0.1558333300000000E+000  0.1534686100000000E+001 -0.2093578431544431E+001  0.1547382404547636E+001  0.1803601179776740E+001 -0.1028655586789684E+000  0.4434683037659471E+000
 0.1652777800000000E+000  0.1534686100000000E+001 -0.2014989434576101E+001  0.1492887338660579E+001  0.1755375807963006E+001 -0.1079131971883748E+000  0.4169447413043352E+000
 0.1750000000000000E+000  0.1534686100000000E+001 -0.1938417685850333E+001  0.1439484934587775E+001  0.1706320327562462E+001 -0.1129112189964163E+000  0.3913785427708520E+000
 0.1850000000000000E+000  0.1534686100000000E+001 -0.1864035342029345E+001  0.1387317769648070E+001  0.1656721158534706E+001 -0.1178357500460476E+000  0.3669496244042131E+000
 0.1952777800000000E+000  0.1534686100000000E+001 -0.1791901429358063E+001  0.1336471661652678E+001  0.1606816068311170E+001 -0.1226616611134402E+000  0.3437503133622662E+000
 0.2058333300000000E+000  0.1534686100000000E+001 -0.1722002882971818E+001  0.1286991024911041E+001  0.1556801176663751E+001 -0.1273625773730331E+000  0.3218127318584167E+000
 0.2166666700000000E+000  0.1534686100000000E+001 -0.1654282898697786E+001  0.1238890452802138E+001  0.1506837581949920E+001 -0.1319109338858272E+000  0.3011287540165214E+000
 0.2277777800000000E+000  0.1534686100000000E+001 -0.1588660741110436E+001  0.1192163846952230E+001  0.1457057837618601E+001 -0.1362780143027511E+000  0.2816644345134751E+000
 0.2391666700000000E+000  0.1534686100000000E+001 -0.1525044058238630E+001  0.1146790592750170E+001  0.1407570940752532E+001 -0.1404340835787672E+000  0.2633698678547990E+000
 0.2508333300000000E+000  0.1534686100000000E+001 -0.1463337386632055E+001  0.1102740511748667E+001  0.1358467034167283E+001 -0.1443485061964947E+000  0.2461861681257396E+000
 0.2627777800000000E+000  0.1534686100000000E+001 -0.1403446983816406E+001  0.1059977093137800E+001  0.1309820897135932E+001 -0.1479899403995590E+000  0.2300500667343426E+000
 0.2750000000000000E+000  0.1534686100000000E+001 -0.1345284229124448E+001  0.1018460213890851E+001  0.1261695268390505E+001 -0.1513265329220908E+000  0.2148971331203496E+000
 0.2875000000000000E+000  0.1534686100000000E+001 -0.1288766939241480E+001  0.9781476372352892E+000  0.1214143018267437E+001 -0.1543262013269633E+000  0.2006637152960664E+000
 0.3002777800000000E+000  0.1534686100000000E+001 -0.1233820357192927E+001  0.9389963968052121E+000  0.1167209296755815E+001 -0.1569569260719520E+000  0.1872882853923434E+000
 0.3133333300000000E+000  0.1534686100000000E+001 -0.1180377357729770E+001  0.9009636533018740E+000  0.1120933116163003E+001 -0.1591871019008228E+000  0.1747122125140632E+000
 0.3266666700000000E+000  0.1534686100000000E+001 -0.1128378144994798E+001  0.8640071733444343E+000  0.1075348474966915E+001 -0.1609859389068963E+000  0.1628801544327458E+000
 0.3402777800000000E+000  0.1534686100000000E+001 -0.1077770175048357E+001  0.8280859277193160E+000  0.1030485599951216E+001 -0.1623238893221871E+000  0.1517403187072060E+000
 0.3541666700000000E+000  0.1534686100000000E+001 -0.1028507390718728E+001  0.7931601502900292E+000  0.9863714809128181E+000 -0.1631731358377723E+000  0.1412444399452746E+000
 0.3683333300000000E+000  0.1534686100000000E+001 -0.9805498555692818E+000  0.7591916287115158E+000  0.9430306344850043E+000 -0.1635080989610174E+000  0.1313477649417243E+000
 0.3827777800000000E+000  0.1534686100000000E+001 -0.9338629906029757E+000  0.7261436640404296E+000  0.9004853939978673E+000 -0.1633059805934157E+000  0.1220088973814079E+000
 0.3975000000000000E+000  0.1534686100000000E+001 -0.8884172083812553E+000  0.6939812674757987E+000  0.8587564425061598E+000 -0.1625473241245746E+000  0.1131896921523856E+000
 0.4125000000000000E+000  0.1534686100000000E+001 -0.8441870885304840E+000  0.6626709933430776E+000  0.8178628225165295E+000 -0.1612165835038326E+000  0.1048550389324615E+000
 0.4277777800000000E+000  0.1534686100000000E+001 -0.8011509273723124E+000  0.6321810031506434E+000  0.7778221885605630E+000 -0.1593026877802883E+000  0.9697271457570186E-001
 0.4433333300000000E+000  0.1534686100000000E+001 -0.7592901684469407E+000  0.6024810161529284E+000  0.7386508654736087E+000 -0.1567995877188737E+000  0.8951321145794218E-001
 0.4591666700000000E+000  0.1534686100000000E+001 -0.7185887550185369E+000  0.5735421789053191E+000  0.7003637553820321E+000 -0.1537067579670869E+000  0.8244955933786345E-001
 0.4752777800000000E+000  0.1534686100000000E+001 -0.6790327981371126E+000  0.5453371360354224E+000  0.6629744728113051E+000 -0.1500296651361893E+000  0.7575721311646004E-001
 0.4916666700000000E+000  0.1534686100000000E+001 -0.6406099019040672E+000  0.5178398365757938E+000  0.6264950992566926E+000 -0.1457801405171256E+000  0.6941389310995542E-001
 0.5083333300000000E+000  0.1534686100000000E+001 -0.6033088248942111E+000  0.4910255593714784E+000  0.5909362026886850E+000 -0.1409766886782397E+000  0.6339949872886323E-001
 0.5247222200000000E+000  0.1534686100000000E+001 -0.5682787788894827E+000  0.4657114172497794E+000  0.5574183833038016E+000 -0.1358261173823758E+000  0.5787681166294360E-001
 0.5408333300000000E+000  0.1534686100000000E+001 -0.5353535598677345E+000  0.4417776641356679E+000  0.5258096652973560E+000 -0.1303968596071524E+000  0.5279463765489833E-001
 0.5566666700000000E+000  0.1534686100000000E+001 -0.5043827304398664E+000  0.4191180323973147E+000  0.4959879287151812E+000 -0.1247536415266862E+000  0.4810921785438718E-001
 0.5722222200000000E+000  0.1534686100000000E+001 -0.4752295717749316E+000  0.3976378937225673E+000  0.4678400317912789E+000 -0.1189570287059825E+000  0.4378299803787349E-001
 0.5875000000000000E+000  0.1534686100000000E+001 -0.4477692069160155E+000  0.3772525708836268E+000  0.4412608519294562E+000 -0.1130630595105034E+000  0.3978360079738717E-001
 0.6025000000000000E+000  0.1534686100000000E+001 -0.4218873075242381E+000  0.3578861066168723E+000  0.4161527031091014E+000 -0.1071230501291689E+000  0.3608302450961900E-001
 0.6172222200000000E+000  0.1534686100000000E+001 -0.3974788377392036E+000  0.3394700900528397E+000  0.3924246474301844E+000 -0.1011834681480323E+000  0.3265695793387492E-001
 0.6316666700000000E+000  0.1534686100000000E+001 -0.3744470705470830E+000  0.3219427133800443E+000  0.3699919606960858E+000 -0.9528591632279845E-001  0.2948422301602752E-001
 0.6458333300000000E+000  0.1534686100000000E+001 -0.3527028166037822E+000  0.3052480162563098E+000  0.3487757196368896E+000 -0.8946721517823109E-001  0.2654631798762281E-001
 0.6597222200000000E+000  0.1534686100000000E+001 -0.3321636014633954E+000  0.2893351150905936E+000  0.3287022720809917E+000 -0.8375950864666799E-001  0.2382701046082904E-001
 0.6733333300000000E+000  0.1534686100000000E+001 -0.3127531594842023E+000  0.2741576970722178E+000  0.3097029633484302E+000 -0.7819048161763718E-001  0.2131201940679487E-001
 0.6866666700000000E+000  0.1534686100000000E+001 -0.2944008222893064E+000  0.2596734539406795E+000  0.2917137181972682E+000 -0.7278357034327679E-001  0.1898871948784047E-001
 0.6997222200000000E+000  0.1534686100000000E+001 -0.2770411173699367E+000  0.2458436973243623E+000  0.2746747950049684E+000 -0.6755824413763839E-001  0.1684590240216471E-001
 0.7125000000000000E+000  0.1534686100000000E+001 -0.2606132544966546E+000  0.2326329012121616E+000  0.2585304032506299E+000 -0.6253025894044473E-001  0.1487354768244317E-001
 0.7250000000000000E+000  0.1534686100000000E+001 -0.2450608459085306E+000  0.2200084434833214E+000  0.2432285287341751E+000 -0.5771197890739084E-001  0.1306264152936117E-001
 0.7372222200000000E+000  0.1534686100000000E+001 -0.2303315160292267E+000  0.2079402716207457E+000  0.2287206329527739E+000 -0.5311265802765442E-001  0.1140499675046017E-001
 0.7491666700000000E+000  0.1534686100000000E+001 -0.2163765987352949E+000  0.1964006478609739E+000  0.2149614241369971E+000 -0.4873873642318362E-001  0.9893095519973635E-002
 0.7608333300000000E+000  0.1534686100000000E+001 -0.2031509065202815E+000  0.1853639622771254E+000  0.2019086875709094E+000 -0.4459414410572018E-001  0.8519949402287185E-002
 0.7722222200000000E+000  0.1534686100000000E+001 -0.1906123964501819E+000  0.1748064668259244E+000  0.1895230045578180E+000 -0.4068055442425657E-001  0.7278956419198053E-002
 0.7833333300000000E+000  0.1534686100000000E+001 -0.1787220185022285E+000  0.1647061662824725E+000  0.1777676434707783E+000 -0.3699767482943218E-001  0.6163784545699918E-002
 0.7941666700000000E+000  0.1534686100000000E+001 -0.1674434466751923E+000  0.1550426156990005E+000  0.1666083287079234E+000 -0.3354347993638440E-001  0.5168249870621775E-002
 0.8047222200000000E+000  0.1534686100000000E+001 -0.1567429359080559E+000  0.1457968274365135E+000  0.1560131287087145E+000 -0.3031446191355801E-001  0.4286214314434153E-002
 0.8149999999999999E+000  0.1534686100000000E+001 -0.1465890693529662E+000  0.1369510866322061E+000  0.1459522312008690E+000 -0.2730582560538417E-001  0.3511482514657615E-002
 0.8250000000000000E+000  0.1534686100000000E+001 -0.1369526635009864E+000  0.1284889041590486E+000  0.1363978712083611E+000 -0.2451171012128929E-001  0.2837723201686194E-002
 0.8347222200000000E+000  0.1534686100000000E+001 -0.1278065736523060E+000  0.1203948848472904E+000  0.1273241576019909E+000 -0.2192535918855772E-001  0.2258396195856595E-002
 0.8441666700000000E+000  0.1534686100000000E+001 -0.1191255530771772E+000  0.1126546423759641E+000  0.1187069505208495E+000 -0.1953928778897113E-001  0.1766702040372771E-002
 0.8533333300000000E+000  0.1534686100000000E+001 -0.1108861582547390E+000  0.1052547556377931E+000  0.1105237827277210E+000 -0.1734544193039894E-001  0.1355556455443653E-002
 0.8622222200000000E+000  0.1534686100000000E+001 -0.1030665635295342E+000  0.9818264377204465E-001  0.1027536895274645E+000 -0.1533531564001410E-001  0.1017587287304984E-002
 0.8708333300000000E+000  0.1534686100000000E+001 -0.9564651197417449E-001  0.9142656238081771E-001  0.9537717266191501E-001 -0.1350008774213869E-001  0.7451708278305977E-003
 0.8791666700000000E+000  0.1534686100000000E+001 -0.8860716646700401E-001  0.8497550913073200E-001  0.8837606399161284E-001 -0.1183071613419163E-001  0.5304990490654580E-003
 0.8872222200000000E+000  0.1534686100000000E+001 -0.8193105539681021E-001  0.7881921379221161E-001  0.8173348218184481E-001 -0.1031804119620386E-001  0.3656885530335093E-003
 0.8950000000000000E+000  0.1534686100000000E+001 -0.7560192368852693E-001  0.7294803983037065E-001  0.7543369420206864E-001 -0.8952853260140094E-002  0.2429232868627951E-003
 0.9025000000000000E+000  0.1534686100000000E+001 -0.6960470714697536E-001  0.6735299739875528E-001  0.6946209845815370E-001 -0.7725976348303226E-002  0.1546316684033835E-003
 0.9097222200000000E+000  0.1534686100000000E+001 -0.6392542077544387E-001  0.6202567501196654E-001  0.6380512127981967E-001 -0.6628320946303303E-002  0.9368117790299422E-004
 0.9166666700000000E+000  0.1534686100000000E+001 -0.5855108636828701E-001  0.5695820491357879E-001  0.5845015140188428E-001 -0.5650936145867863E-002  0.5357657622123584E-004
 0.9233333300000000E+000  0.1534686100000000E+001 -0.5346969523201036E-001  0.5214325940501406E-001  0.5338550842848151E-001 -0.4785058882042569E-002  0.2863812404484043E-004
 0.9297222200000000E+000  0.1534686100000000E+001 -0.4867009095043059E-001  0.4757396928968954E-001  0.4860033067003329E-001 -0.4022141222751405E-002  0.1413391545641160E-004
 0.9358333300000000E+000  0.1534686100000000E+001 -0.4414196424186307E-001  0.4324394601076524E-001  0.4408457386082772E-001 -0.3353890662765796E-002  0.6344213294029832E-005
 0.9416666700000000E+000  0.1534686100000000E+001 -0.3987576069830743E-001  0.3914721915031370E-001  0.3982892237129503E-001 -0.2772289701395733E-002  0.2541612094042841E-005
 0.9472222200000000E+000  0.1534686100000000E+001 -0.3586266742961967E-001  0.3527824722535505E-001  0.3582477856689213E-001 -0.2269622533578373E-002  0.8874283394992257E-006
 0.9525000000000000E+000  0.1534686100000000E+001 -0.3209451590719620E-001  0.3163184621307330E-001  0.3206416816897299E-001 -0.1838486007769102E-002  0.2619735373103053E-006
 0.9575000000000000E+000  0.1534686100000000E+001 -0.2856379034045455E-001  0.2820321793783114E-001  0.2853975058722428E-001 -0.1471810692083843E-002  0.6286291701110141E-007
 0.9622222200000000E+000  0.1534686100000000E+001 -0.2526355982321882E-001  0.2498790349411630E-001  0.2524475294781022E-001 -0.1162868937062073E-002  0.1164290491120719E-007
 0.9666666700000000E+000  0.1534686100000000E+001 -0.2218744313221117E-001  0.2198176654644457E-001  0.2217293648328427E-001 -0.9052847196428432E-003  0.1553578380130275E-008
 0.9708333300000000E+000  0.1534686100000000E+001 -0.1932960383590264E-001  0.1918100498121252E-001  0.1931859301692872E-001 -0.6930433467426931E-003  0.1367498645470443E-009
 0.9747222200000000E+000  0.1534686100000000E+001 -0.1668467236106011E-001  0.1658208979552649E-001  0.1667646834242238E-001 -0.5204933738326293E-003  0.7463846737112542E-011
 0.9783333300000000E+000  0.1534686100000000E+001 -0.1424776719285028E-001  0.1418179978563729E-001  0.1424178446529815E-001 -0.3823547545584288E-003  0.3481078528044422E-012
 0.9816666700000000E+000  0.1534686100000000E+001 -0.1201443624128397E-001  0.1197717689894670E-001  0.1201018198283081E-001 -0.2737197016051654E-003  0.2450110111006688E-013
 0.9847222200000000E+000  0.1534686100000000E+001 -0.9980668358414820E-002  0.9965549597280299E-002  0.9977732431099010E-002 -0.1900567959615182E-003  0.1088981468091742E-014
 0.9875000000000000E+000  0.1534686100000000E+001 -0.8142826631463014E-002  0.8144478203287375E-002  0.8140872367329249E-002 -0.1272104015048777E-003  0.1482124116230752E-016
 0.9900000000000000E+000  0.1534686100000000E+001 -0.6497677242138247E-002  0.6511794111466305E-002  0.6496432858769039E-002 -0.8140367708936105E-004  0.4659771446435999E-018
 0.9922222200000000E+000  0.1534686100000000E+001 -0.5042346925456734E-002  0.5065567997376149E-002  0.5041597537077717E-002 -0.4923794094928278E-004  0.1917757330671648E-019
 0.9941666700000000E+000  0.1534686100000000E+001 -0.3774309120080424E-002  0.3804100922361515E-002  0.3773889246197433E-002 -0.2769303547304248E-004  0.7754212730018658E-022
 0.9958333300000000E+000  0.1534686100000000E+001 -0.2691397778380819E-002  0.2725960269719656E-002  0.2691184276727023E-002 -0.1412765158277293E-004  0.5952188840226697E-023
 0.9972222200000000E+000  0.1534686100000000E+001 -0.1791751226820156E-002  0.1829399117804870E-002  0.1791656602716247E-002 -0.6278386350155933E-005  0.2642474445767206E-024
 0.9983333300000000E+000  0.1534686100000000E+001 -0.1073848784246462E-002  0.1114064541287796E-002  0.1073814795661960E-002 -0.2260055882366178E-005 -0.1905503195608189E-022
 0.9991666700000000E+000  0.1534686100000000E+001 -0.5364709592666556E-003  0.5698755004973419E-003  0.5364624764623288E-003 -0.5649749208503975E-006 -0.3509416966869256E-022
 0.9997222200000000E+000  0.1534686100000000E+001 -0.1787259119417002E-003  0.2008028008441974E-003  0.1787249704378054E-003 -0.6277407311120444E-007  0.5017840699573189E-022
 0.1000000000000000E+001  0.1534686100000000E+001 -0.1741506361038350E-026  0.5483957663329555E-026 -0.2592298528603896E-026 -0.9007119303611700E-039  0.2626241509843459E-040

 0.0000000000000000E+000  0.1549130200000000E+001 -0.2815899292857755E+001  0.2258179476329097E+001  0.2314420046526214E+001 -0.8352718342714094E-002  0.5799377545366778E-001
 0.2777777800000000E-003  0.1549130200000000E+001 -0.2815837565162743E+001  0.2258154614975003E+001  0.2314355665477486E+001 -0.8354439251333371E-002  0.5803642349918925E-001
 0.8333333300000000E-003  0.1549130200000000E+001 -0.2815346450778021E+001  0.2257956345628271E+001  0.2313843284932438E+001 -0.8368228023018875E-002  0.5837739128651025E-001
 0.1666666700000000E-002  0.1549130200000000E+001 -0.2813728505470110E+001  0.2257297219444460E+001  0.2312153250877461E+001 -0.8414912494280941E-002  0.5952220373442218E-001
 0.2777777800000000E-002  0.1549130200000000E+001 -0.2810130195523285E+001  0.2255797166401015E+001  0.2308382574956918E+001 -0.8526125495872817E-002  0.6219391708410611E-001
 0.4166666700000000E-002  0.1549130200000000E+001 -0.2803949325148283E+001  0.2253098020364402E+001  0.2301860051014971E+001 -0.8744486856005507E-002  0.6724344315003077E-001
 0.5833333300000000E-002  0.1549130200000000E+001 -0.2795340344225733E+001  0.2249026342867788E+001  0.2292647802932939E+001 -0.9121953065326526E-002  0.7549265773738822E-001
 0.7777777800000000E-002  0.1549130200000000E+001 -0.2785366464752822E+001  0.2243695846673566E+001  0.2281689532800029E+001 -0.9713481471252970E-002  0.8755826077136865E-001
 0.1000000000000000E-001  0.1549130200000000E+001 -0.2775535653791871E+001  0.2237446856219645E+001  0.2270345368537045E+001 -0.1056594251281385E-001  0.1037458711548918E+000
 0.1250000000000000E-001  0.1549130200000000E+001 -0.2767128205623522E+001  0.2230670382651216E+001  0.2259723328657303E+001 -0.1170833710300802E-001  0.1240620808168406E+000
 0.1527777800000000E-001  0.1549130200000000E+001 -0.2760872570291206E+001  0.2223660144714254E+001  0.2250363952796394E+001 -0.1314984670394597E-001  0.1483058449241818E+000
 0.1833333300000000E-001  0.1549130200000000E+001 -0.2757019919641644E+001  0.2216561377256816E+001  0.2242326933885574E+001 -0.1488514057662588E-001  0.1761673658284247E+000
 0.2166666700000000E-001  0.1549130200000000E+001 -0.2755550959492789E+001  0.2209386841188381E+001  0.2235412447147798E+001 -0.1690159759391570E-001  0.2072923033619687E+000
 0.2527777800000000E-001  0.1549130200000000E+001 -0.2756328496958881E+001  0.2202050400091860E+001  0.2229331752353596E+001 -0.1918459995795758E-001  0.2413058450658566E+000
 0.2916666700000000E-001  0.1549130200000000E+001 -0.2759158213419819E+001  0.2194391168435653E+001  0.2223791966377187E+001 -0.2172020249144522E-001  0.2778071806083386E+000
 0.3333333300000000E-001  0.1549130200000000E+001 -0.2763781283201869E+001  0.2186182205256737E+001  0.2218521902755838E+001 -0.2449595535415004E-001  0.3163445119651916E+000
 0.3777777800000000E-001  0.1549130200000000E+001 -0.2769824664234505E+001  0.2177126620863921E+001  0.2213267970743068E+001 -0.2750080175168886E-001  0.3563770779148028E+000
 0.4250000000000000E-001  0.1549130200000000E+001 -0.2776724023900291E+001  0.2166846279428309E+001  0.2207777002034815E+001 -0.3072462297842076E-001  0.3972278103060272E+000
 0.4750000000000000E-001  0.1549130200000000E+001 -0.2783629245269804E+001  0.2154868870007371E+001  0.2201773582579727E+001 -0.3415774483438647E-001  0.4380317369014226E+000
 0.5277777800000000E-001  0.1549130200000000E+001 -0.2789307614272130E+001  0.2140620793098745E+001  0.2194935568025322E+001 -0.3779051498594772E-001  0.4776900621510227E+000
 0.5833333300000000E-001  0.1549130200000000E+001 -0.2792075738597998E+001  0.2123435982776053E+001  0.2186871504982671E+001 -0.4161300173902466E-001  0.5148497015146729E+000
 0.6416666700000000E-001  0.1549130200000000E+001 -0.2789813663141865E+001  0.2102593131724335E+001  0.2177106562624035E+001 -0.4561480940290855E-001  0.5479387652079173E+000
 0.7027777800000000E-001  0.1549130200000000E+001 -0.2780128100053723E+001  0.2077391842349151E+001  0.2165087406613007E+001 -0.4978496691408889E-001  0.5752917458218565E+000
 0.7666666699999999E-001  0.1549130200000000E+001 -0.2760706061081272E+001  0.2047266591311161E+001  0.2150217329704627E+001 -0.5411186043074245E-001  0.5953789531121798E+000
 0.8333333300000000E-001  0.1549130200000000E+001 -0.2729810667038850E+001  0.2011915344548931E+001  0.2131925865784653E+001 -0.5858315489747666E-001  0.6071024934190572E+000
 0.9027777800000000E-001  0.1549130200000000E+001 -0.2686747139107471E+001  0.1971397198383359E+001  0.2109760160730489E+001 -0.6318571404710593E-001  0.6100571703443516E+000
 0.9750000000000000E-001  0.1549130200000000E+001 -0.2632074641968944E+001  0.1926152636073082E+001  0.2083467770415848E+001 -0.6790552961958642E-001  0.6046343120941589E+000
 0.1050000000000000E+000  0.1549130200000000E+001 -0.2567447408549811E+001  0.1876931406312248E+001  0.2053037974947222E+001 -0.7272770388830828E-001  0.5919118365477740E+000
 0.1127777800000000E+000  0.1549130200000000E+001 -0.2495174362654782E+001  0.1824658254389727E+001  0.2018687779298008E+001 -0.7763646672886949E-001  0.5733858910648718E+000
 0.1208333300000000E+000  0.1549130200000000E+001 -0.2417715280952409E+001  0.1770290034003407E+001  0.1980805071442699E+001 -0.8261519407673976E-001  0.5506670695110339E+000
 0.1291666700000000E+000  0.1549130200000000E+001 -0.2337297962331436E+001  0.1714706402937525E+001  0.1939875214553700E+001 -0.8764643426918582E-001  0.5252449881664322E+000
 0.1377777800000000E+000  0.1549130200000000E+001 -0.2255723340272730E+001  0.1658650329579304E+001  0.1896415205730025E+001 -0.9271182629486995E-001  0.4983603467804740E+000
 0.1466666700000000E+000  0.1549130200000000E+001 -0.2174324827670964E+001  0.1602709816198021E+001  0.1850925743703062E+001 -0.9779207233412936E-001  0.4709686709045337E+000
 0.1558333300000000E+000  0.1549130200000000E+001 -0.2094019425935993E+001  0.1547327196920155E+001  0.1803863588773251E+001 -0.1028668241859562E+000  0.4437611400398653E+000
 0.1652777800000000E+000  0.1549130200000000E+001 -0.2015392881901689E+001  0.1492820437435831E+001  0.1755628947314923E+001 -0.1079146304476744E+000  0.4172100094727935E+000
 0.1750000000000000E+000  0.1549130200000000E+001 -0.1938787408632176E+001  0.1439408382064448E+001  0.1706563659213299E+001 -0.1129128319808828E+000  0.3916189815088396E+000
 0.1850000000000000E+000  0.1549130200000000E+001 -0.1864374893578502E+001  0.1387233445001707E+001  0.1656954401615974E+001 -0.1178375551200121E+000  0.3671678346013493E+000
 0.1952777800000000E+000  0.1549130200000000E+001 -0.1792213991445928E+001  0.1336381254853141E+001  0.1607039119668849E+001 -0.1226636707950144E+000  0.3439486785376175E+000
 0.2058333300000000E+000  0.1549130200000000E+001 -0.1722291242147571E+001  0.1286896033022687E+001  0.1557014053245215E+001 -0.1273648040275153E+000  0.3219933899100649E+000
 0.2166666700000000E+000  0.1549130200000000E+001 -0.1654549463999588E+001  0.1238792188577594E+001  0.1507040380155018E+001 -0.1319133893647950E+000  0.3012935978415885E+000
 0.2277777800000000E+000  0.1549130200000000E+001 -0.1588907581092278E+001  0.1192063453437326E+001  0.1457250705357737E+001 -0.1362807095373984E+000  0.2818151276336186E+000
 0.2391666700000000E+000  0.1549130200000000E+001 -0.1525272944397545E+001  0.1146689060093040E+001  0.1407754058565350E+001 -0.1404370281399264E+000  0.2635078664801020E+000
 0.2508333300000000E+000  0.1549130200000000E+001 -0.1463549836807769E+001  0.1102638694146104E+001  0.1358640602843221E+001 -0.1443517078283559E+000  0.2463127451170926E+000
 0.2627777800000000E+000  0.1549130200000000E+001 -0.1403644302184306E+001  0.1059875724810709E+001  0.1309985129788783E+001 -0.1479934045397724E+000  0.2301663348372485E+000
 0.2750000000000000E+000  0.1549130200000000E+001 -0.1345467541680261E+001  0.1018359923600113E+001  0.1261850385676430E+001 -0.1513302622178005E+000  0.2150040663856607E+000
 0.2875000000000000E+000  0.1549130200000000E+001 -0.1288937224343118E+001  0.9780489611853221E+000  0.1214289245635588E+001 -0.1543301951640281E+000  0.2007621680921584E+000
 0.3002777800000000E+000  0.1549130200000000E+001 -0.1233978471561600E+001  0.9388997899619776E+000  0.1167346863116944E+001 -0.1569611801312064E+000  0.1873790090405624E+000
 0.3133333300000000E+000  0.1549130200000000E+001 -0.1180524058327258E+001  0.9008694992429483E+000  0.1121062253452018E+001 -0.1591916077605256E+000  0.1747958696427583E+000
 0.3266666700000000E+000  0.1549130200000000E+001 -0.1128514107283192E+001  0.8639157928061937E+000  0.1075469418233652E+001 -0.1609906837119046E+000  0.1629573312574494E+000
 0.3402777800000000E+000  0.1549130200000000E+001 -0.1077896008245974E+001  0.8279975859829358E+000  0.1030598587811338E+001 -0.1623288555385758E+000  0.1518115355469492E+000
 0.3541666700000000E+000  0.1549130200000000E+001 -0.1028623650404313E+001  0.7930750635898144E+000  0.9864767561049470E+000 -0.1631783011164349E+000  0.1413101601511860E+000
 0.3683333300000000E+000  0.1549130200000000E+001 -0.9806570541391204E+000  0.7591099697824335E+000  0.9431284444924876E+000 -0.1635134361281543E+000  0.1314084025250549E+000
 0.3827777800000000E+000  0.1549130200000000E+001 -0.9339616058533726E+000  0.7260655669520012E+000  0.9005759915975048E+000 -0.1633114577872983E+000  0.1220648235010804E+000
 0.3975000000000000E+000  0.1549130200000000E+001 -0.8885076905811526E+000  0.6939068318315006E+000  0.8588400862509998E+000 -0.1625529050915268E+000  0.1132412406811548E+000
 0.4125000000000000E+000  0.1549130200000000E+001 -0.8442698661355384E+000  0.6626002879717481E+000  0.8179397770419028E+000 -0.1612222280643759E+000  0.1049025112040197E+000
 0.4277777800000000E+000  0.1549130200000000E+001 -0.8012264116431349E+000  0.6321140693412374E+000  0.7778927247426822E+000 -0.1593083524673326E+000  0.9701638347731320E-001
 0.4433333300000000E+000  0.1549130200000000E+001 -0.7593587571066551E+000  0.6024178705086671E+000  0.7387152604019266E+000 -0.1568052265838870E+000  0.8955332496187804E-001
 0.4591666700000000E+000  0.1549130200000000E+001 -0.7186508350676034E+000  0.5734828158826474E+000  0.7004222921211676E+000 -0.1537123235407122E+000  0.8248634355494570E-001
 0.4752777800000000E+000  0.1549130200000000E+001 -0.6790887479845178E+000  0.5452815301880543E+000  0.6630274399912460E+000 -0.1500351095210336E+000  0.7579087497313469E-001
 0.4916666700000000E+000  0.1549130200000000E+001 -0.6406600928495038E+000  0.5177879445770981E+000  0.6265427904392890E+000 -0.1457854165803840E+000  0.6944462268344012E-001
 0.5083333300000000E+000  0.1549130200000000E+001 -0.6033536220921960E+000  0.4909773218198912E+000  0.5909789155613818E+000 -0.1409817513040446E+000  0.6342747132146519E-001
 0.5247222200000000E+000  0.1549130200000000E+001 -0.5683186999910473E+000  0.4656666451332961E+000  0.5574565660764020E+000 -0.1358309336536717E+000  0.5790227161071911E-001
 0.5408333300000000E+000  0.1549130200000000E+001 -0.5353890769274258E+000  0.4417361694369037E+000  0.5258437330846153E+000 -0.1304014039381133E+000  0.5281780061161596E-001
 0.5566666700000000E+000  0.1549130200000000E+001 -0.5044142743169904E+000  0.4190796300999703E+000  0.4960182653889214E+000 -0.1247578954726632E+000  0.4813027546168410E-001
 0.5722222200000000E+000  0.1549130200000000E+001 -0.4752575358457392E+000  0.3976024032525859E+000  0.4678669917314517E+000 -0.1189609805685476E+000  0.4380212171017818E-001
 0.5875000000000000E+000  0.1549130200000000E+001 -0.4477939502501020E+000  0.3772198171443445E+000  0.4412847616788404E+000 -0.1130667037836132E+000  0.3980094480178954E-001
 0.6025000000000000E+000  0.1549130200000000E+001 -0.4219091576879480E+000  0.3578559206926594E+000  0.4161738629838500E+000 -0.1071263868359096E+000  0.3609872850604892E-001
 0.6172222200000000E+000  0.1549130200000000E+001 -0.3974980932908557E+000  0.3394423096782048E+000  0.3924433330733005E+000 -0.1011865021090830E+000  0.3267114907339361E-001
 0.6316666700000000E+000  0.1549130200000000E+001 -0.3744640032981391E+000  0.3219171832238432E+000  0.3700084245888468E+000 -0.9528865639549776E-001  0.2949701768819307E-001
 0.6458333300000000E+000  0.1549130200000000E+001 -0.3527176736962144E+000  0.3052245880591776E+000  0.3487901925746542E+000 -0.8946967349922322E-001  0.2655782328641967E-001
 0.6597222200000000E+000  0.1549130200000000E+001 -0.3321766072775205E+000  0.2893136477060766E+000  0.3287149645955623E+000 -0.8376169990173205E-001  0.2383732541004389E-001
 0.6733333300000000E+000  0.1549130200000000E+001 -0.3127645174206071E+000  0.2741380564161831E+000  0.3097140670947309E+000 -0.7819242236112872E-001  0.2132123599808917E-001
 0.6866666700000000E+000  0.1549130200000000E+001 -0.2944107164228489E+000  0.2596555128868112E+000  0.2917234072839338E+000 -0.7278527837861702E-001  0.1899692355208039E-001
 0.6997222200000000E+000  0.1549130200000000E+001 -0.2770497139999071E+000  0.2458273355474398E+000  0.2746832272776684E+000 -0.6755973796935355E-001  0.1685317434719762E-001
 0.7125000000000000E+000  0.1549130200000000E+001 -0.2606207035881472E+000  0.2326180050064905E+000  0.2585377215121411E+000 -0.6253155729989392E-001  0.1487996310781904E-001
 0.7250000000000000E+000  0.1549130200000000E+001 -0.2450672824460554E+000  0.2199949055483276E+000  0.2432348619127496E+000 -0.5771310035515051E-001  0.1306827174385870E-001
 0.7372222200000000E+000  0.1549130200000000E+001 -0.2303370612764547E+000  0.2079279908346195E+000  0.2287260972059635E+000 -0.5311362062848439E-001  0.1140990919675060E-001
 0.7491666700000000E+000  0.1549130200000000E+001 -0.2163813614098966E+000  0.1963895290429372E+000  0.2149661238941326E+000 -0.4873955748995493E-001  0.9897354119375701E-002
 0.7608333300000000E+000  0.1549130200000000E+001 -0.2031549838900596E+000  0.1853539159393323E+000  0.2019127165159354E+000 -0.4459484000691316E-001  0.8523614829484787E-002
 0.7722222200000000E+000  0.1549130200000000E+001 -0.1906158753474167E+000  0.1747974089291106E+000  0.1895264465460200E+000 -0.4068114044707034E-001  0.7282086307553970E-002
 0.7833333300000000E+000  0.1549130200000000E+001 -0.1787249762687469E+000  0.1646980179849883E+000  0.1777705733889077E+000 -0.3699816509295278E-001  0.6166433636108318E-002
 0.7941666700000000E+000  0.1549130200000000E+001 -0.1674459520348667E+000  0.1550353031125941E+000  0.1666108132723650E+000 -0.3354388734631705E-001  0.5170470102806211E-002
 0.8047222200000000E+000  0.1549130200000000E+001 -0.1567450497755740E+000  0.1457902813823002E+000  0.1560152272087099E+000 -0.3031479815244443E-001  0.4288054870099344E-002
 0.8149999999999999E+000  0.1549130200000000E+001 -0.1465908455776204E+000  0.1369452424076544E+000  0.1459539961842997E+000 -0.2730610115078970E-001  0.3512989812912927E-002
 0.8250000000000000E+000  0.1549130200000000E+001 -0.1369541495547683E+000  0.1284837013067942E+000  0.1363993491182964E+000 -0.2451193428691329E-001  0.2838940857903665E-002
 0.8347222200000000E+000  0.1549130200000000E+001 -0.1278078112617706E+000  0.1203902669349928E+000  0.1273253893627991E+000 -0.2192554018205927E-001  0.2259364946866576E-002
 0.8441666700000000E+000  0.1549130200000000E+001 -0.1191265788043823E+000  0.1126505567849191E+000  0.1187079720786365E+000 -0.1953943278204433E-001  0.1767459646112997E-002
 0.8533333300000000E+000  0.1549130200000000E+001 -0.1108870040313965E+000  0.1052511533589477E+000  0.1105246255488778E+000 -0.1734555713708451E-001  0.1356137588017681E-002
 0.8622222200000000E+000  0.1549130200000000E+001 -0.1030672571452811E+000  0.9817947921592748E-001  0.1027543810559985E+000 -0.1533540639936211E-001  0.1018023417330099E-002
 0.8708333300000000E+000  0.1549130200000000E+001 -0.9564707752496929E-001  0.9142379319395552E-001  0.9537773674135419E-001 -0.1350015860282890E-001  0.7454901251345026E-003
 0.8791666700000000E+000  0.1549130200000000E+001 -0.8860762476410675E-001  0.8497309602483732E-001  0.8837652125176550E-001 -0.1183077093837857E-001  0.5307263111061121E-003
 0.8872222200000000E+000  0.1549130200000000E+001 -0.8193142434057325E-001  0.7881712038104910E-001  0.8173385039439768E-001 -0.1031808316100419E-001  0.3658451790084525E-003
 0.8950000000000000E+000  0.1549130200000000E+001 -0.7560221860780492E-001  0.7294623247886717E-001  0.7543398860553659E-001 -0.8952885055123148E-002  0.2430273120330408E-003
 0.9025000000000000E+000  0.1549130200000000E+001 -0.6960494110800300E-001  0.6735144507779216E-001  0.6946233205563486E-001 -0.7726000168211483E-002  0.1546978734141143E-003
 0.9097222200000000E+000  0.1549130200000000E+001 -0.6392560486091492E-001  0.6202434916237871E-001  0.6380530510982493E-001 -0.6628338578126862E-002  0.9372128061325211E-004
 0.9166666700000000E+000  0.1549130200000000E+001 -0.5855122992906362E-001  0.5695707931659522E-001  0.5845029478415081E-001 -0.5650949029942969E-002  0.5359950762960831E-004
 0.9233333300000000E+000  0.1549130200000000E+001 -0.5346980611346026E-001  0.5214231005716439E-001  0.5338561918623800E-001 -0.4785068167015273E-002  0.2865037979159793E-004
 0.9297222200000000E+000  0.1549130200000000E+001 -0.4867017569460048E-001  0.4757317428440060E-001  0.4860041532943235E-001 -0.4022147814355484E-002  0.1413996331801574E-004
 0.9358333300000000E+000  0.1549130200000000E+001 -0.4414202826804380E-001  0.4324328542209781E-001  0.4408463782968400E-001 -0.3353895266672693E-002  0.6346927642806360E-005
 0.9416666700000000E+000  0.1549130200000000E+001 -0.3987580846318414E-001  0.3914667492153558E-001  0.3982897009800351E-001 -0.2772292860359107E-002  0.2542699394923319E-005
 0.9472222200000000E+000  0.1549130200000000E+001 -0.3586270256914079E-001  0.3527780305972199E-001  0.3582481368144205E-001 -0.2269624659287293E-002  0.8878079429544824E-006
 0.9525000000000000E+000  0.1549130200000000E+001 -0.3209454136149747E-001  0.3163148746903837E-001  0.3206419360725612E-001 -0.1838487407809697E-002  0.2620855879182171E-006
 0.9575000000000000E+000  0.1549130200000000E+001 -0.2856380846376916E-001  0.2820293152591419E-001  0.2853976870048858E-001 -0.1471811592503609E-002  0.6288980229118608E-007
 0.9622222200000000E+000  0.1549130200000000E+001 -0.2526357247996730E-001  0.2498767777739333E-001  0.2524476559840811E-001 -0.1162869500991279E-002  0.1164788397645696E-007
 0.9666666700000000E+000  0.1549130200000000E+001 -0.2218745178072380E-001  0.2198159124374478E-001  0.2217294512813769E-001 -0.9052850624571793E-003  0.1554242718844257E-008
 0.9708333300000000E+000  0.1549130200000000E+001 -0.1932960960101507E-001  0.1918087107256431E-001  0.1931859877993317E-001 -0.6930435482269413E-003  0.1368083380567896E-009
 0.9747222200000000E+000  0.1549130200000000E+001 -0.1668467609660895E-001  0.1658198943092970E-001  0.1667647207680103E-001 -0.5204934877764818E-003  0.7467038200757747E-011
 0.9783333300000000E+000  0.1549130200000000E+001 -0.1424776953520190E-001  0.1418172619554178E-001  0.1424178680702749E-001 -0.3823548161958170E-003  0.3482567129360909E-012
 0.9816666700000000E+000  0.1549130200000000E+001 -0.1201443765474648E-001  0.1197712430749353E-001  0.1201018339597867E-001 -0.2737197332633912E-003  0.2451157814460338E-013
 0.9847222200000000E+000  0.1549130200000000E+001 -0.9980669173440910E-002  0.9965513137342312E-002  0.9977733245975257E-002 -0.1900568112554315E-003  0.1089447093605870E-014
 0.9875000000000000E+000  0.1549130200000000E+001 -0.8142827076397881E-002  0.8144453833915991E-002  0.8140872812197740E-002 -0.1272104083690803E-003  0.1482756496586680E-016
 0.9900000000000000E+000  0.1549130200000000E+001 -0.6497677469274527E-002  0.6511778536775223E-002  0.6496433085878394E-002 -0.8140367990477946E-004  0.4661949522328457E-018
 0.9922222200000000E+000  0.1549130200000000E+001 -0.5042347032046974E-002  0.5065558587314863E-002  0.5041597643658182E-002 -0.4923794198081537E-004  0.1916709232350900E-019
 0.9941666700000000E+000  0.1549130200000000E+001 -0.3774309164945379E-002  0.3804095634954349E-002  0.3773889291059323E-002 -0.2769303579975955E-004  0.8699566757552819E-022
 0.9958333300000000E+000  0.1549130200000000E+001 -0.2691397794699113E-002  0.2725957574566515E-002  0.2691184293044531E-002 -0.1412765166789425E-004 -0.5264947081216038E-023
 0.9972222200000000E+000  0.1549130200000000E+001 -0.1791751231647332E-002  0.1829397920888671E-002  0.1791656607543269E-002 -0.6278386366982016E-005  0.9893620906193252E-024
 0.9983333300000000E+000  0.1549130200000000E+001 -0.1073848785287777E-002  0.1114064110664493E-002  0.1073814796703257E-002 -0.2260055884548080E-005 -0.7746403669807018E-023
 0.9991666700000000E+000  0.1549130200000000E+001 -0.5364709593966899E-003  0.5698753928929036E-003  0.5364624765923615E-003 -0.5649749209868201E-006  0.1404813289939353E-022
 0.9997222200000000E+000  0.1549130200000000E+001 -0.1787259119465135E-003  0.2008027888915571E-003  0.1787249704426185E-003 -0.6277407311288919E-007 -0.3061389182088184E-022
 0.1000000000000000E+001  0.1549130200000000E+001 -0.1772673276185804E-026  0.6428698638199677E-026 -0.2117742252863875E-026  0.5517375581734565E-039  0.1075946336557241E-039

 0.0000000000000000E+000  0.1559963200000000E+001 -0.2815909879915109E+001  0.2258168889388522E+001  0.2314429886915962E+001 -0.8352718342714094E-002  0.5800401428592659E-001
 0.2777777800000000E-003  0.1559963200000000E+001 -0.2815848145287284E+001  0.2258144034183408E+001  0.2314365497449663E+001 -0.8354439257468859E-002  0.5804666995370275E-001
 0.8333333300000000E-003  0.1559963200000000E+001 -0.2815356975971713E+001  0.2257945813767081E+001  0.2313853050062227E+001 -0.8368228077255584E-002  0.5838769868784063E-001
 0.1666666700000000E-002  0.1559963200000000E+001 -0.2813738852657430E+001  0.2257286848917757E+001  0.2312162797474014E+001 -0.8414912698344003E-002  0.5953271586520466E-001
 0.2777777800000000E-002  0.1559963200000000E+001 -0.2810140164084828E+001  0.2255787155578950E+001  0.2308391645144217E+001 -0.8526125985811223E-002  0.6220490760663747E-001
 0.4166666700000000E-002  0.1559963200000000E+001 -0.2803958706519124E+001  0.2253088631251673E+001  0.2301868336890431E+001 -0.8744487685076833E-002  0.6725534025633709E-001
 0.5833333300000000E-002  0.1559963200000000E+001 -0.2795349075114624E+001  0.2249017832514232E+001  0.2292655081339035E+001 -0.9121954049806331E-002  0.7550604332947730E-001
 0.7777777800000000E-002  0.1559963200000000E+001 -0.2785374792293700E+001  0.2243688389577405E+001  0.2281695806427886E+001 -0.9713482184957531E-002  0.8757384227812408E-001
 0.1000000000000000E-001  0.1559963200000000E+001 -0.2775544205916968E+001  0.2237440518822810E+001  0.2270350908510443E+001 -0.1056594250408760E-001  0.1037644398263905E+000
 0.1250000000000000E-001  0.1559963200000000E+001 -0.2767137951280582E+001  0.2230665167307892E+001  0.2259728605978989E+001 -0.1170833613051180E-001  0.1240844782766772E+000
 0.1527777800000000E-001  0.1559963200000000E+001 -0.2760884750580522E+001  0.2223656063876905E+001  0.2250369540749343E+001 -0.1314984480453634E-001  0.1483329523348687E+000
 0.1833333300000000E-001  0.1559963200000000E+001 -0.2757036019199480E+001  0.2216558514401406E+001  0.2242333449356867E+001 -0.1488513800963572E-001  0.1762001168929225E+000
 0.2166666700000000E-001  0.1559963200000000E+001 -0.2755572728623342E+001  0.2209385383713794E+001  0.2235420539175557E+001 -0.1690159477887778E-001  0.2073317145626691E+000
 0.2527777800000000E-001  0.1559963200000000E+001 -0.2756358005110513E+001  0.2202050649614192E+001  0.2229342117479590E+001 -0.1918459745466452E-001  0.2413530548646478E+000
 0.2916666700000000E-001  0.1559963200000000E+001 -0.2759197913314256E+001  0.2194393537109255E+001  0.2223805372120399E+001 -0.2172020101472832E-001  0.2778634896302430E+000
 0.3333333300000000E-001  0.1559963200000000E+001 -0.2763834068117204E+001  0.2186187202126830E+001  0.2218539209146267E+001 -0.2449595580223855E-001  0.3164114148873173E+000
 0.3777777800000000E-001  0.1559963200000000E+001 -0.2769893896928441E+001  0.2177134826627661E+001  0.2213290144772312E+001 -0.2750080523230346E-001  0.3564562735780193E+000
 0.4250000000000000E-001  0.1559963200000000E+001 -0.2776813502260009E+001  0.2166858303260202E+001  0.2207805120270071E+001 -0.3072463082572519E-001  0.3973211689641220E+000
 0.4750000000000000E-001  0.1559963200000000E+001 -0.2783743049441613E+001  0.2154885278848323E+001  0.2201808814676434E+001 -0.3415775861993773E-001  0.4381411939847520E+000
 0.5277777800000000E-001  0.1559963200000000E+001 -0.2789449760661962E+001  0.2140642003533020E+001  0.2194979130008309E+001 -0.3779053653794629E-001  0.4778174010363971E+000
 0.5833333300000000E-001  0.1559963200000000E+001 -0.2792249569297661E+001  0.2123462112178083E+001  0.2186924568598613E+001 -0.4161303319295596E-001  0.5149961953787909E+000
 0.6416666700000000E-001  0.1559963200000000E+001 -0.2790020962876314E+001  0.2102623823831311E+001  0.2177170110661773E+001 -0.4561485330305863E-001  0.5481046886043074E+000
 0.7027777800000000E-001  0.1559963200000000E+001 -0.2780368091915780E+001  0.2077426113956618E+001  0.2165162040625771E+001 -0.4978502635739131E-001  0.5754758538574355E+000
 0.7666666699999999E-001  0.1559963200000000E+001 -0.2760974655928561E+001  0.2047302778283767E+001  0.2150303068745133E+001 -0.5411193919446560E-001  0.5955781366488155E+000
 0.8333333300000000E-001  0.1559963200000000E+001 -0.2730100459939039E+001  0.2011951224140151E+001  0.2132022009067152E+001 -0.5858325745499145E-001  0.6073118621208115E+000
 0.9027777800000000E-001  0.1559963200000000E+001 -0.2687048428792584E+001  0.1971430301473379E+001  0.2109865291384924E+001 -0.6318584540398868E-001  0.6102706825603716E+000
 0.9750000000000000E-001  0.1559963200000000E+001 -0.2632377201897622E+001  0.1926180658873337E+001  0.2083579927115087E+001 -0.6790569500344133E-001  0.6048457816258623E+000
 0.1050000000000000E+000  0.1559963200000000E+001 -0.2567742276649585E+001  0.1876952567318851E+001  0.2053154937024066E+001 -0.7272790842498454E-001  0.5921159193492879E+000
 0.1127777800000000E+000  0.1559963200000000E+001 -0.2495454967621743E+001  0.1824671478560289E+001  0.2018807361302592E+001 -0.7763671524402309E-001  0.5735786959311316E+000
 0.1208333300000000E+000  0.1559963200000000E+001 -0.2417977697172250E+001  0.1770294946669195E+001  0.1980925339789130E+001 -0.8261549107511168E-001  0.5508462892820590E+000
 0.1291666700000000E+000  0.1559963200000000E+001 -0.2337540527862902E+001  0.1714703196222334E+001  0.1939994595181517E+001 -0.8764678404881604E-001  0.5254096792133066E+000
 0.1377777800000000E+000  0.1559963200000000E+001 -0.2255946012158752E+001  0.1658639583452804E+001  0.1896532500041145E+001 -0.9271223311315195E-001  0.4985105588041423E+000
 0.1466666700000000E+000  0.1559963200000000E+001 -0.2174528553074865E+001  0.1602692332392642E+001  0.1851040089012645E+001 -0.9779254055829686E-001  0.4711050800249065E+000
 0.1558333300000000E+000  0.1559963200000000E+001 -0.2094205655940892E+001  0.1547303871634465E+001  0.1803974395942992E+001 -0.1028673583916793E+000  0.4438847581196034E+000
 0.1652777800000000E+000  0.1559963200000000E+001 -0.2015563246760288E+001  0.1492792175780290E+001  0.1755735836460923E+001 -0.1079152354573949E+000  0.4173219835389593E+000
 0.1750000000000000E+000  0.1559963200000000E+001 -0.1938943525156397E+001  0.1439376046866786E+001  0.1706666403678249E+001 -0.1129135128459900E+000  0.3917204694776460E+000
 0.1850000000000000E+000  0.1559963200000000E+001 -0.1864518264307110E+001  0.1387197830009609E+001  0.1657052883331848E+001 -0.1178383170574697E+000  0.3672599358400805E+000
 0.1952777800000000E+000  0.1559963200000000E+001 -0.1792345961529239E+001  0.1336343073769273E+001  0.1607133295569808E+001 -0.1226645190870122E+000  0.3440324003197544E+000
 0.2058333300000000E+000  0.1559963200000000E+001 -0.1722412989450878E+001  0.1286855917985197E+001  0.1557103930928032E+001 -0.1273657438920332E+000  0.3220696355513631E+000
 0.2166666700000000E+000  0.1559963200000000E+001 -0.1654662006674858E+001  0.1238750693823295E+001  0.1507126000712346E+001 -0.1319144258032423E+000  0.3013631670200239E+000
 0.2277777800000000E+000  0.1559963200000000E+001 -0.1589011793289086E+001  0.1192021061494910E+001  0.1457332131582034E+001 -0.1362818471629443E+000  0.2818787230349923E+000
 0.2391666700000000E+000  0.1559963200000000E+001 -0.1525369574659651E+001  0.1146646188900044E+001  0.1407831366980966E+001 -0.1404382709917728E+000  0.2635661031518441E+000
 0.2508333300000000E+000  0.1559963200000000E+001 -0.1463639526443562E+001  0.1102595704218329E+001  0.1358713878484622E+001 -0.1443530591749124E+000  0.2463661606146982E+000
 0.2627777800000000E+000  0.1559963200000000E+001 -0.1403727602187181E+001  0.1059832925997504E+001  0.1310054462859398E+001 -0.1479948666760850E+000  0.2302153990558445E+000
 0.2750000000000000E+000  0.1559963200000000E+001 -0.1345544927736530E+001  0.1018317581220289E+001  0.1261915869534338E+001 -0.1513318362612647E+000  0.2150491906204099E+000
 0.2875000000000000E+000  0.1559963200000000E+001 -0.1289009109746182E+001  0.9780073014800835E+000  0.1214350975636828E+001 -0.1543318808556677E+000  0.2008037130774545E+000
 0.3002777800000000E+000  0.1559963200000000E+001 -0.1234045218203929E+001  0.9388590048767812E+000  0.1167404936056935E+001 -0.1569629756483643E+000  0.1874172919825249E+000
 0.3133333300000000E+000  0.1559963200000000E+001 -0.1180585985947513E+001  0.9008297505884396E+000  0.1121116767383842E+001 -0.1591935095490484E+000  0.1748311702861089E+000
 0.3266666700000000E+000  0.1559963200000000E+001 -0.1128571501183257E+001  0.8638772158682532E+000  0.1075520472508850E+001 -0.1609926863464888E+000  0.1629898970750303E+000
 0.3402777800000000E+000  0.1559963200000000E+001 -0.1077949125737752E+001  0.8279602926418916E+000  0.1030646283272328E+001 -0.1623309516191780E+000  0.1518415861832240E+000
 0.3541666700000000E+000  0.1559963200000000E+001 -0.1028672726135477E+001  0.7930391450264969E+000  0.9865211953219296E+000 -0.1631804812106804E+000  0.1413378911944465E+000
 0.3683333300000000E+000  0.1559963200000000E+001 -0.9807023045112790E+000  0.7590754988205229E+000  0.9431697320273456E+000 -0.1635156887673020E+000  0.1314339887298126E+000
 0.3827777800000000E+000  0.1559963200000000E+001 -0.9340032326479671E+000  0.7260326000989005E+000  0.9006142342366298E+000 -0.1633137695239474E+000  0.1220884215284310E+000
 0.3975000000000000E+000  0.1559963200000000E+001 -0.8885458839473107E+000  0.6938754110511991E+000  0.8588753932100852E+000 -0.1625552606245277E+000  0.1132629914497427E+000
 0.4125000000000000E+000  0.1559963200000000E+001 -0.8443048070039220E+000  0.6625704422431338E+000  0.8179722600959614E+000 -0.1612246104355679E+000  0.1049225418949189E+000
 0.4277777800000000E+000  0.1559963200000000E+001 -0.8012582736768216E+000  0.6320858160235584E+000  0.7779224982936954E+000 -0.1593107433309015E+000  0.9703480926237804E-001
 0.4433333300000000E+000  0.1559963200000000E+001 -0.7593877082461925E+000  0.6023912165462724E+000  0.7387424414677755E+000 -0.1568076065466285E+000  0.8957025049500147E-001
 0.4591666700000000E+000  0.1559963200000000E+001 -0.7186770387201007E+000  0.5734577588766345E+000  0.7004470002356514E+000 -0.1537146725674883E+000  0.8250186426143914E-001
 0.4752777800000000E+000  0.1559963200000000E+001 -0.6791123639239945E+000  0.5452580593433961E+000  0.6630497970315458E+000 -0.1500374073960208E+000  0.7580507818007308E-001
 0.4916666700000000E+000  0.1559963200000000E+001 -0.6406812778431495E+000  0.5177660415561818E+000  0.6265629203589526E+000 -0.1457876434104621E+000  0.6945758860558560E-001
 0.5083333300000000E+000  0.1559963200000000E+001 -0.6033725303078505E+000  0.4909569615044508E+000  0.5909969440503410E+000 -0.1409838880473961E+000  0.6343927393701788E-001
 0.5247222200000000E+000  0.1559963200000000E+001 -0.5683355499613637E+000  0.4656477476975217E+000  0.5574726823566922E+000 -0.1358329664172905E+000  0.5791301402438635E-001
 0.5408333300000000E+000  0.1559963200000000E+001 -0.5354040679318288E+000  0.4417186554824258E+000  0.5258581124020428E+000 -0.1304033219233016E+000  0.5282757382357466E-001
 0.5566666700000000E+000  0.1559963200000000E+001 -0.5044275882407139E+000  0.4190634215016193E+000  0.4960310697960315E+000 -0.1247596908948197E+000  0.4813916033866745E-001
 0.5722222200000000E+000  0.1559963200000000E+001 -0.4752693387477783E+000  0.3975874237657138E+000  0.4678783708276333E+000 -0.1189626484904644E+000  0.4381019058290100E-001
 0.5875000000000000E+000  0.1559963200000000E+001 -0.4478043937048173E+000  0.3772059928409188E+000  0.4412948533095918E+000 -0.1130682418817101E+000  0.3980826276477936E-001
 0.6025000000000000E+000  0.1559963200000000E+001 -0.4219183799690845E+000  0.3578431802575547E+000  0.4161827939212756E+000 -0.1071277951202832E+000  0.3610535448968292E-001
 0.6172222200000000E+000  0.1559963200000000E+001 -0.3975062204253601E+000  0.3394305846066014E+000  0.3924512196724045E+000 -0.1011877826147350E+000  0.3267713672942971E-001
 0.6316666700000000E+000  0.1559963200000000E+001 -0.3744711500210818E+000  0.3219064079406709E+000  0.3700153734259879E+000 -0.9528981286115645E-001  0.2950241612718952E-001
 0.6458333300000000E+000  0.1559963200000000E+001 -0.3527239443280533E+000  0.3052146999766835E+000  0.3487963010708884E+000 -0.8947071104767659E-001  0.2656267769637437E-001
 0.6597222200000000E+000  0.1559963200000000E+001 -0.3321820965297357E+000  0.2893045872408077E+000  0.3287203216173626E+000 -0.8376262473163712E-001  0.2384167757351097E-001
 0.6733333300000000E+000  0.1559963200000000E+001 -0.3127693111481354E+000  0.2741297669673086E+000  0.3097187535395904E+000 -0.7819324145976300E-001  0.2132512473024687E-001
 0.6866666700000000E+000  0.1559963200000000E+001 -0.2944148923224728E+000  0.2596479407917370E+000  0.2917274966422468E+000 -0.7278599926039930E-001  0.1900038506842997E-001
 0.6997222200000000E+000  0.1559963200000000E+001 -0.2770533422647742E+000  0.2458204300154210E+000  0.2746867861746206E+000 -0.6756036844456578E-001  0.1685624257490020E-001
 0.7125000000000000E+000  0.1559963200000000E+001 -0.2606238475163352E+000  0.2326117180417905E+000  0.2585408102228682E+000 -0.6253210527450799E-001  0.1488266994510264E-001
 0.7250000000000000E+000  0.1559963200000000E+001 -0.2450699990120642E+000  0.2199891918595467E+000  0.2432375348556417E+000 -0.5771357366301039E-001  0.1307064727840849E-001
 0.7372222200000000E+000  0.1559963200000000E+001 -0.2303394016630536E+000  0.2079228077390056E+000  0.2287284034087017E+000 -0.5311402689412469E-001  0.1141198188491199E-001
 0.7491666700000000E+000  0.1559963200000000E+001 -0.2163833715041104E+000  0.1963848363659158E+000  0.2149681074338090E+000 -0.4873990402052669E-001  0.9899150931637129E-002
 0.7608333300000000E+000  0.1559963200000000E+001 -0.2031567047459155E+000  0.1853496759096800E+000  0.2019144169339807E+000 -0.4459513371094126E-001  0.8525161366406072E-002
 0.7722222200000000E+000  0.1559963200000000E+001 -0.1906173436141542E+000  0.1747935860757264E+000  0.1895278992352104E+000 -0.4068138777668291E-001  0.7283406886408335E-002
 0.7833333300000000E+000  0.1559963200000000E+001 -0.1787262245897722E+000  0.1646945790308871E+000  0.1777718099564682E+000 -0.3699837200723840E-001  0.6167551353699527E-002
 0.7941666700000000E+000  0.1559963200000000E+001 -0.1674470094160656E+000  0.1550322168717614E+000  0.1666118618769091E+000 -0.3354405929222460E-001  0.5171406873999984E-002
 0.8047222200000000E+000  0.1559963200000000E+001 -0.1567459419267147E+000  0.1457875186566343E+000  0.1560161128739777E+000 -0.3031494006065937E-001  0.4288831446039086E-002
 0.8149999999999999E+000  0.1559963200000000E+001 -0.1465915952263228E+000  0.1369427758885695E+000  0.1459547410886437E+000 -0.2730621744341468E-001  0.3513625779096361E-002
 0.8250000000000000E+000  0.1559963200000000E+001 -0.1369547767369555E+000  0.1284815054776009E+000  0.1363999728633790E+000 -0.2451202889482341E-001  0.2839454616830515E-002
 0.8347222200000000E+000  0.1559963200000000E+001 -0.1278083335883828E+000  0.1203883179779473E+000  0.1273259092209945E+000 -0.2192561656931130E-001  0.2259773686482394E-002
 0.8441666700000000E+000  0.1559963200000000E+001 -0.1191270117065912E+000  0.1126488324919734E+000  0.1187084032211522E+000 -0.1953949397545554E-001  0.1767779298317351E-002
 0.8533333300000000E+000  0.1559963200000000E+001 -0.1108873609860665E+000  0.1052496330456286E+000  0.1105249812561882E+000 -0.1734560575928708E-001  0.1356382781859442E-002
 0.8622222200000000E+000  0.1559963200000000E+001 -0.1030675498810626E+000  0.9817814364109356E-001  0.1027546729108803E+000 -0.1533544470369330E-001  0.1018207431058553E-002
 0.8708333300000000E+000  0.1559963200000000E+001 -0.9564731621155947E-001  0.9142262448229524E-001  0.9537797480696604E-001 -0.1350018850904709E-001  0.7456248443040919E-003
 0.8791666700000000E+000  0.1559963200000000E+001 -0.8860781818487071E-001  0.8497207759476051E-001  0.8837671423489067E-001 -0.1183079406805155E-001  0.5308221983778288E-003
 0.8872222200000000E+000  0.1559963200000000E+001 -0.8193158005031141E-001  0.7881623687582194E-001  0.8173400579553343E-001 -0.1031810087190209E-001  0.3659112632283434E-003
 0.8950000000000000E+000  0.1559963200000000E+001 -0.7560234307600791E-001  0.7294546970291732E-001  0.7543411285604566E-001 -0.8952898473924081E-002  0.2430712027163267E-003
 0.9025000000000000E+000  0.1559963200000000E+001 -0.6960503984921841E-001  0.6735078993541374E-001  0.6946243064341837E-001 -0.7726010221193808E-002  0.1547258068719121E-003
 0.9097222200000000E+000  0.1559963200000000E+001 -0.6392568255253625E-001  0.6202378960032512E-001  0.6380538269362912E-001 -0.6628346019478285E-002  0.9373820089149305E-004
 0.9166666700000000E+000  0.1559963200000000E+001 -0.5855129051756691E-001  0.5695660426939207E-001  0.5845035529731550E-001 -0.5650954467547336E-002  0.5360918292975098E-004
 0.9233333300000000E+000  0.1559963200000000E+001 -0.5346985290993124E-001  0.5214190939430859E-001  0.5338566593050532E-001 -0.4785072085650040E-002  0.2865555077856062E-004
 0.9297222200000000E+000  0.1559963200000000E+001 -0.4867021146006296E-001  0.4757283876038378E-001  0.4860045105911808E-001 -0.4022150596278391E-002  0.1414251505236285E-004
 0.9358333300000000E+000  0.1559963200000000E+001 -0.4414205528966757E-001  0.4324300662733430E-001  0.4408466482711455E-001 -0.3353897209706474E-002  0.6348072889958262E-005
 0.9416666700000000E+000  0.1559963200000000E+001 -0.3987582862187668E-001  0.3914644523533231E-001  0.3982899024058755E-001 -0.2772294193568210E-002  0.2543158152518230E-005
 0.9472222200000000E+000  0.1559963200000000E+001 -0.3586271739942288E-001  0.3527761560418052E-001  0.3582482850118528E-001 -0.2269625556421370E-002  0.8879681064895464E-006
 0.9525000000000000E+000  0.1559963200000000E+001 -0.3209455210422707E-001  0.3163133606482689E-001  0.3206420434322543E-001 -0.1838487998682612E-002  0.2621328646744136E-006
 0.9575000000000000E+000  0.1559963200000000E+001 -0.2856381611252860E-001  0.2820281064874038E-001  0.2853977634500636E-001 -0.1471811972516550E-002  0.6290114581497794E-007
 0.9622222200000000E+000  0.1559963200000000E+001 -0.2526357782161748E-001  0.2498758251600543E-001  0.2524477093746250E-001 -0.1162869738991783E-002  0.1164998475952804E-007
 0.9666666700000000E+000  0.1559963200000000E+001 -0.2218745543073884E-001  0.2198151725907572E-001  0.2217294877660839E-001 -0.9052852071384124E-003  0.1554523018733570E-008
 0.9708333300000000E+000  0.1559963200000000E+001 -0.1932961203412065E-001  0.1918081455782533E-001  0.1931860121214911E-001 -0.6930436332612672E-003  0.1368330093835662E-009
 0.9747222200000000E+000  0.1559963200000000E+001 -0.1668467767315821E-001  0.1658194707310783E-001  0.1667647365285643E-001 -0.5204935358652919E-003  0.7468384753104765E-011
 0.9783333300000000E+000  0.1559963200000000E+001 -0.1424777052376679E-001  0.1418169513761782E-001  0.1424178779532976E-001 -0.3823548422092290E-003  0.3483195204691728E-012
 0.9816666700000000E+000  0.1559963200000000E+001 -0.1201443825128344E-001  0.1197710211182597E-001  0.1201018399238285E-001 -0.2737197466244121E-003  0.2451599865479473E-013
 0.9847222200000000E+000  0.1559963200000000E+001 -0.9980669517414071E-002  0.9965497749810840E-002  0.9977733589885180E-002 -0.1900568177100662E-003  0.1089643541097928E-014
 0.9875000000000000E+000  0.1559963200000000E+001 -0.8142827264177933E-002  0.8144443549080584E-002  0.8140872999949788E-002 -0.1272104112660443E-003  0.1483024757159125E-016
 0.9900000000000000E+000  0.1559963200000000E+001 -0.6497677565134986E-002  0.6511771963641694E-002  0.6496433181727488E-002 -0.8140368109299695E-004  0.4662667838065049E-018
 0.9922222200000000E+000  0.1559963200000000E+001 -0.5042347077032256E-002  0.5065554615898138E-002  0.5041597688639337E-002 -0.4923794241616277E-004  0.1918395171209225E-019
 0.9941666700000000E+000  0.1559963200000000E+001 -0.3774309183880154E-002  0.3804093403460156E-002  0.3773889309992806E-002 -0.2769303593764701E-004  0.6217721157794438E-022
 0.9958333300000000E+000  0.1559963200000000E+001 -0.2691397801586073E-002  0.2725956437105682E-002  0.2691184299931161E-002 -0.1412765170381879E-004 -0.6291186598371202E-023
 0.9972222200000000E+000  0.1559963200000000E+001 -0.1791751233684588E-002  0.1829397415742870E-002  0.1791656609580462E-002 -0.6278386374083280E-005  0.8964119816069568E-024
 0.9983333300000000E+000  0.1559963200000000E+001 -0.1073848785727252E-002  0.1114063928924490E-002  0.1073814797142724E-002 -0.2260055885468927E-005 -0.8302551070646417E-022
 0.9991666700000000E+000  0.1559963200000000E+001 -0.5364709594515687E-003  0.5698753474795901E-003  0.5364624766472398E-003 -0.5649749210443954E-006 -0.2276547936771112E-022
 0.9997222200000000E+000  0.1559963200000000E+001 -0.1787259119485448E-003  0.2008027838470717E-003  0.1787249704446498E-003 -0.6277407311360017E-007 -0.5204056509914711E-022
 0.1000000000000000E+001  0.1559963200000000E+001 -0.4735275615930984E-026  0.1000069073970903E-026 -0.7373134854422038E-026  0.8425217079356393E-039  0.2545985766681356E-040

 0.0000000000000000E+000  0.1567185300000000E+001 -0.2815913017388018E+001  0.2258165751950223E+001  0.2314432803116895E+001 -0.8352718342714094E-002  0.5800704817659443E-001
 0.2777777800000000E-003  0.1567185300000000E+001 -0.2815851280705637E+001  0.2258140898567376E+001  0.2314368411156038E+001 -0.8354439259287090E-002  0.5804970610294693E-001
 0.8333333300000000E-003  0.1567185300000000E+001 -0.2815360095111175E+001  0.2257942692651722E+001  0.2313855943959767E+001 -0.8368228093328461E-002  0.5839075289644505E-001
 0.1666666700000000E-002  0.1567185300000000E+001 -0.2813741919044265E+001  0.2257283775614344E+001  0.2312165626608923E+001 -0.8414912758817445E-002  0.5953583073790468E-001
 0.2777777800000000E-002  0.1567185300000000E+001 -0.2810143118264945E+001  0.2255784188874974E+001  0.2308394333094586E+001 -0.8526126131003000E-002  0.6220816423332075E-001
 0.4166666700000000E-002  0.1567185300000000E+001 -0.2803961486683631E+001  0.2253085848792647E+001  0.2301870792408927E+001 -0.8744487930769885E-002  0.6725886551637293E-001
 0.5833333300000000E-002  0.1567185300000000E+001 -0.2795351662506572E+001  0.2249015310476818E+001  0.2292657238292659E+001 -0.9121954341554708E-002  0.7551000964926337E-001
 0.7777777800000000E-002  0.1567185300000000E+001 -0.2785377260151064E+001  0.2243686179673386E+001  0.2281697665614174E+001 -0.9713482396462742E-002  0.8757845928093914E-001
 0.1000000000000000E-001  0.1567185300000000E+001 -0.2775546740328291E+001  0.2237438640740988E+001  0.2270352550277263E+001 -0.1056594250150195E-001  0.1037699419759328E+000
 0.1250000000000000E-001  0.1567185300000000E+001 -0.2767140839396641E+001  0.2230663621744645E+001  0.2259730169908770E+001 -0.1170833584231378E-001  0.1240911149683309E+000
 0.1527777800000000E-001  0.1567185300000000E+001 -0.2760888360209591E+001  0.2223654854521744E+001  0.2250371196736166E+001 -0.1314984424164657E-001  0.1483409846885020E+000
 0.1833333300000000E-001  0.1567185300000000E+001 -0.2757040790331894E+001  0.2216557665992876E+001  0.2242335380218784E+001 -0.1488513724890447E-001  0.1762098216099412E+000
 0.2166666700000000E-001  0.1567185300000000E+001 -0.2755579179998747E+001  0.2209384951790433E+001  0.2235422937262086E+001 -0.1690159394462891E-001  0.2073433928925417E+000
 0.2527777800000000E-001  0.1567185300000000E+001 -0.2756366750078758E+001  0.2202050723567275E+001  0.2229345189223876E+001 -0.1918459671278569E-001  0.2413670442291801E+000
 0.2916666700000000E-001  0.1567185300000000E+001 -0.2759209678859980E+001  0.2194394239095620E+001  0.2223809344999154E+001 -0.2172020057704976E-001  0.2778801755425494E+000
 0.3333333300000000E-001  0.1567185300000000E+001 -0.2763849711864284E+001  0.2186188683028711E+001  0.2218544338066321E+001 -0.2449595593493582E-001  0.3164312404168428E+000
 0.3777777800000000E-001  0.1567185300000000E+001 -0.2769914415749898E+001  0.2177137258578266E+001  0.2213296716359880E+001 -0.2750080626362817E-001  0.3564797423662973E+000
 0.4250000000000000E-001  0.1567185300000000E+001 -0.2776840022144461E+001  0.2166861866853987E+001  0.2207813453653954E+001 -0.3072463315102583E-001  0.3973488355408469E+000
 0.4750000000000000E-001  0.1567185300000000E+001 -0.2783776780233359E+001  0.2154890142188309E+001  0.2201819256611270E+001 -0.3415776270490259E-001  0.4381736323027052E+000
 0.5277777800000000E-001  0.1567185300000000E+001 -0.2789491893538286E+001  0.2140648290183889E+001  0.2194992041036437E+001 -0.3779054292430988E-001  0.4778551400954979E+000
 0.5833333300000000E-001  0.1567185300000000E+001 -0.2792301095764205E+001  0.2123469857035141E+001  0.2186940296185268E+001 -0.4161304251351882E-001  0.5150396130481925E+000
 0.6416666700000000E-001  0.1567185300000000E+001 -0.2790082412881602E+001  0.2102632921391452E+001  0.2177188946300287E+001 -0.4561486631180219E-001  0.5481538667697353E+000
 0.7027777800000000E-001  0.1567185300000000E+001 -0.2780439235891754E+001  0.2077436272833431E+001  0.2165184162811281E+001 -0.4978504397215776E-001  0.5755304238945241E+000
 0.7666666699999999E-001  0.1567185300000000E+001 -0.2761054281940451E+001  0.2047313505159938E+001  0.2150328483261748E+001 -0.5411196253485173E-001  0.5956371770407423E+000
 0.8333333300000000E-001  0.1567185300000000E+001 -0.2730186372386232E+001  0.2011961860009803E+001  0.2132050508219701E+001 -0.5858328784704018E-001  0.6073739229625947E+000
 0.9027777800000000E-001  0.1567185300000000E+001 -0.2687137750674022E+001  0.1971440114232065E+001  0.2109896455081496E+001 -0.6318588433156684E-001  0.6103339723216886E+000
 0.9750000000000000E-001  0.1567185300000000E+001 -0.2632466900211411E+001  0.1926188965432670E+001  0.2083613173762536E+001 -0.6790574401620443E-001  0.6049084657960383E+000
 0.1050000000000000E+000  0.1567185300000000E+001 -0.2567829693428780E+001  0.1876958839487660E+001  0.2053189608106858E+001 -0.7272796904230243E-001  0.5921764131751998E+000
 0.1127777800000000E+000  0.1567185300000000E+001 -0.2495538154120261E+001  0.1824675397667466E+001  0.2018842808766677E+001 -0.7763678889610523E-001  0.5736358455961187E+000
 0.1208333300000000E+000  0.1567185300000000E+001 -0.2418055489466004E+001  0.1770296401740599E+001  0.1980960990306148E+001 -0.8261557909687185E-001  0.5508994108095804E+000
 0.1291666700000000E+000  0.1567185300000000E+001 -0.2337612433457637E+001  0.1714702244342337E+001  0.1940029982073833E+001 -0.8764688771377371E-001  0.5254584930187728E+000
 0.1377777800000000E+000  0.1567185300000000E+001 -0.2256012018690382E+001  0.1658636396680151E+001  0.1896567267994324E+001 -0.9271235368270818E-001  0.4985550798546758E+000
 0.1466666700000000E+000  0.1567185300000000E+001 -0.2174588941743312E+001  0.1602687148503375E+001  0.1851073982331567E+001 -0.9779267932638498E-001  0.4711455089973755E+000
 0.1558333300000000E+000  0.1567185300000000E+001 -0.2094260857296962E+001  0.1547296956376710E+001  0.1804007240045087E+001 -0.1028675167140184E+000  0.4439213951902995E+000
 0.1652777800000000E+000  0.1567185300000000E+001 -0.2015613744401770E+001  0.1492783797512618E+001  0.1755767518803504E+001 -0.1079154147628683E+000  0.4173551689076289E+000
 0.1750000000000000E+000  0.1567185300000000E+001 -0.1938989798624785E+001  0.1439366461386849E+001  0.1706696857140851E+001 -0.1129137146313697E+000  0.3917505465261283E+000
 0.1850000000000000E+000  0.1567185300000000E+001 -0.1864560759204622E+001  0.1387187272616583E+001  0.1657082072979179E+001 -0.1178385428686354E+000  0.3672872305540057E+000
 0.1952777800000000E+000  0.1567185300000000E+001 -0.1792385076749971E+001  0.1336331756019332E+001  0.1607161208693099E+001 -0.1226647704892102E+000  0.3440572113526169E+000
 0.2058333300000000E+000  0.1567185300000000E+001 -0.1722449074259252E+001  0.1286844027246010E+001  0.1557130569829303E+001 -0.1273660224315139E+000  0.3220922307154320E+000
 0.2166666700000000E+000  0.1567185300000000E+001 -0.1654695362960539E+001  0.1238738394363746E+001  0.1507151377615834E+001 -0.1319147329621037E+000  0.3013837833878169E+000
 0.2277777800000000E+000  0.1567185300000000E+001 -0.1589042680232462E+001  0.1192008496323772E+001  0.1457356265138083E+001 -0.1362821843082536E+000  0.2818975689145028E+000
 0.2391666700000000E+000  0.1567185300000000E+001 -0.1525398214191411E+001  0.1146633481877673E+001  0.1407854279904855E+001 -0.1404386393205224E+000  0.2635833608632931E+000
 0.2508333300000000E+000  0.1567185300000000E+001 -0.1463666108694883E+001  0.1102582962183280E+001  0.1358735596009445E+001 -0.1443534596556882E+000  0.2463819895011976E+000
 0.2627777800000000E+000  0.1567185300000000E+001 -0.1403752290508773E+001  0.1059820240769908E+001  0.1310075011746346E+001 -0.1479952999890302E+000  0.2302299383999058E+000
 0.2750000000000000E+000  0.1567185300000000E+001 -0.1345567863149818E+001  0.1018305031421309E+001  0.1261935277476212E+001 -0.1513323027375372E+000  0.2150625623312399E+000
 0.2875000000000000E+000  0.1567185300000000E+001 -0.1289030414773139E+001  0.9779949541486773E+000  0.1214369270915673E+001 -0.1543323804185458E+000  0.2008160240750832E+000
 0.3002777800000000E+000  0.1567185300000000E+001 -0.1234065000126615E+001  0.9388469168873813E+000  0.1167422147378894E+001 -0.1569635077577340E+000  0.1874286362831883E+000
 0.3133333300000000E+000  0.1567185300000000E+001 -0.1180604339550023E+001  0.9008179698844619E+000  0.1121132923825626E+001 -0.1591940731516694E+000  0.1748416308011581E+000
 0.3266666700000000E+000  0.1567185300000000E+001 -0.1128588511039849E+001  0.8638657825322388E+000  0.1075535603530121E+001 -0.1609932798346039E+000  0.1629995471495989E+000
 0.3402777800000000E+000  0.1567185300000000E+001 -0.1077964868124268E+001  0.8279492398201028E+000  0.1030660418772960E+001 -0.1623315727998120E+000  0.1518504909136336E+000
 0.3541666700000000E+000  0.1567185300000000E+001 -0.1028687270608317E+001  0.7930284997310149E+000  0.9865343657124150E+000 -0.1631811272885702E+000  0.1413461085465387E+000
 0.3683333300000000E+000  0.1567185300000000E+001 -0.9807157152172631E+000  0.7590652826235132E+000  0.9431819683071733E+000 -0.1635163563436980E+000  0.1314415704942408E+000
 0.3827777800000000E+000  0.1567185300000000E+001 -0.9340155693992833E+000  0.7260228297375066E+000  0.9006255680634252E+000 -0.1633144546137137E+000  0.1220954141330246E+000
 0.3975000000000000E+000  0.1567185300000000E+001 -0.8885572031072851E+000  0.6938660989529853E+000  0.8588858569604149E+000 -0.1625559586931579E+000  0.1132694366564142E+000
 0.4125000000000000E+000  0.1567185300000000E+001 -0.8443151622026130E+000  0.6625615969879293E+000  0.8179818869039641E+000 -0.1612253164574884E+000  0.1049284773939630E+000
 0.4277777800000000E+000  0.1567185300000000E+001 -0.8012677163893608E+000  0.6320774427481356E+000  0.7779313220712092E+000 -0.1593114518692962E+000  0.9704026918478571E-001
 0.4433333300000000E+000  0.1567185300000000E+001 -0.7593962882508178E+000  0.6023833173013884E+000  0.7387504969011262E+000 -0.1568083118542776E+000  0.8957526585448589E-001
 0.4591666700000000E+000  0.1567185300000000E+001 -0.7186848044506658E+000  0.5734503329446198E+000  0.7004543227560811E+000 -0.1537153687069280E+000  0.8250646333661327E-001
 0.4752777800000000E+000  0.1567185300000000E+001 -0.6791193627368872E+000  0.5452511035188385E+000  0.6630564227641279E+000 -0.1500380883762377E+000  0.7580928684948134E-001
 0.4916666700000000E+000  0.1567185300000000E+001 -0.6406875562029628E+000  0.5177595503988695E+000  0.6265688860435048E+000 -0.1457883033360762E+000  0.6946143063992363E-001
 0.5083333300000000E+000  0.1567185300000000E+001 -0.6033781339082054E+000  0.4909509275651651E+000  0.5910022869407053E+000 -0.1409845212753164E+000  0.6344277125869266E-001
 0.5247222200000000E+000  0.1567185300000000E+001 -0.5683405435707174E+000  0.4656421473139201E+000  0.5574774585348310E+000 -0.1358335688303030E+000  0.5791619718635675E-001
 0.5408333300000000E+000  0.1567185300000000E+001 -0.5354085106119202E+000  0.4417134651197110E+000  0.5258623738071172E+000 -0.1304038903212049E+000  0.5283046979173363E-001
 0.5566666700000000E+000  0.1567185300000000E+001 -0.5044315338976542E+000  0.4190586180030571E+000  0.4960348644565797E+000 -0.1247602229706540E+000  0.4814179307597625E-001
 0.5722222200000000E+000  0.1567185300000000E+001 -0.4752728365968538E+000  0.3975829845325062E+000  0.4678817430810209E+000 -0.1189631427811082E+000  0.4381258152278361E-001
 0.5875000000000000E+000  0.1567185300000000E+001 -0.4478074886681841E+000  0.3772018959613509E+000  0.4412978440093422E+000 -0.1130686976986018E+000  0.3981043119632253E-001
 0.6025000000000000E+000  0.1567185300000000E+001 -0.4219211130267479E+000  0.3578394045947216E+000  0.4161854406388198E+000 -0.1071282124664550E+000  0.3610731787532754E-001
 0.6172222200000000E+000  0.1567185300000000E+001 -0.3975086289275532E+000  0.3394271098568410E+000  0.3924535568916479E+000 -0.1011881620933064E+000  0.3267891096739071E-001
 0.6316666700000000E+000  0.1567185300000000E+001 -0.3744732679713215E+000  0.3219032146689023E+000  0.3700174327325793E+000 -0.9529015558014990E-001  0.2950401576998270E-001
 0.6458333300000000E+000  0.1567185300000000E+001 -0.3527258026431763E+000  0.3052117696334180E+000  0.3487981113370004E+000 -0.8947101852528200E-001  0.2656411613414289E-001
 0.6597222200000000E+000  0.1567185300000000E+001 -0.3321837232786956E+000  0.2893019021671385E+000  0.3287219091797618E+000 -0.8376289880487729E-001  0.2384296718726605E-001
 0.6733333300000000E+000  0.1567185300000000E+001 -0.3127707317750283E+000  0.2741273103884486E+000  0.3097201423732199E+000 -0.7819348419936599E-001  0.2132627702168278E-001
 0.6866666700000000E+000  0.1567185300000000E+001 -0.2944161298535398E+000  0.2596456968038351E+000  0.2917287085267746E+000 -0.7278621289330776E-001  0.1900141076888590E-001
 0.6997222200000000E+000  0.1567185300000000E+001 -0.2770544175023991E+000  0.2458183835658589E+000  0.2746878408550572E+000 -0.6756055528539640E-001  0.1685715173761967E-001
 0.7125000000000000E+000  0.1567185300000000E+001 -0.2606247792194180E+000  0.2326098549063880E+000  0.2585417255622594E+000 -0.6253226766623012E-001  0.1488347202210435E-001
 0.7250000000000000E+000  0.1567185300000000E+001 -0.2450708040654056E+000  0.2199874986156702E+000  0.2432383269812810E+000 -0.5771371392721263E-001  0.1307135118520232E-001
 0.7372222200000000E+000  0.1567185300000000E+001 -0.2303400952349859E+000  0.2079212717371931E+000  0.2287290868502584E+000 -0.5311414729036153E-001  0.1141259605360258E-001
 0.7491666700000000E+000  0.1567185300000000E+001 -0.2163839671934994E+000  0.1963834457000874E+000  0.2149686952537736E+000 -0.4874000671429084E-001  0.9899683354035139E-002
 0.7608333300000000E+000  0.1567185300000000E+001 -0.2031572147193086E+000  0.1853484193860597E+000  0.2019149208506413E+000 -0.4459522074958785E-001  0.8525619628381489E-002
 0.7722222200000000E+000  0.1567185300000000E+001 -0.1906177787326920E+000  0.1747924531822384E+000  0.1895283297373541E+000 -0.4068146107230981E-001  0.7283798193565520E-002
 0.7833333300000000E+000  0.1567185300000000E+001 -0.1787265945274286E+000  0.1646935599057315E+000  0.1777721764109961E+000 -0.3699843332582758E-001  0.6167882549992293E-002
 0.7941666700000000E+000  0.1567185300000000E+001 -0.1674473227688045E+000  0.1550313022728390E+000  0.1666121726286958E+000 -0.3354411024798252E-001  0.5171684453150227E-002
 0.8047222200000000E+000  0.1567185300000000E+001 -0.1567462063136716E+000  0.1457866999309979E+000  0.1560163753388543E+000 -0.3031498211479547E-001  0.4289061556935383E-002
 0.8149999999999999E+000  0.1567185300000000E+001 -0.1465918173828553E+000  0.1369420449432582E+000  0.1459549618391926E+000 -0.2730625190641801E-001  0.3513814225224917E-002
 0.8250000000000000E+000  0.1567185300000000E+001 -0.1369549626007230E+000  0.1284808547507051E+000  0.1364001577085662E+000 -0.2451205693160641E-001  0.2839606851134159E-002
 0.8347222200000000E+000  0.1567185300000000E+001 -0.1278084883783905E+000  0.1203877404110587E+000  0.1273260632794915E+000 -0.2192563920644387E-001  0.2259894802010653E-002
 0.8441666700000000E+000  0.1567185300000000E+001 -0.1191271399958624E+000  0.1126483215037317E+000  0.1187085309889419E+000 -0.1953951210993107E-001  0.1767874015932380E-002
 0.8533333300000000E+000  0.1567185300000000E+001 -0.1108874667684604E+000  0.1052491825061967E+000  0.1105250866689298E+000 -0.1734562016831845E-001  0.1356455436367583E-002
 0.8622222200000000E+000  0.1567185300000000E+001 -0.1030676366323519E+000  0.9817774784837476E-001  0.1027547594011172E+000 -0.1533545605505276E-001  0.1018261957002796E-002
 0.8708333300000000E+000  0.1567185300000000E+001 -0.9564738694551907E-001  0.9142227813896331E-001  0.9537804535690039E-001 -0.1350019737165095E-001  0.7456647635502644E-003
 0.8791666700000000E+000  0.1567185300000000E+001 -0.8860787550443522E-001  0.8497177578688855E-001  0.8837677142476220E-001 -0.1183080092244756E-001  0.5308506111666306E-003
 0.8872222200000000E+000  0.1567185300000000E+001 -0.8193162619433018E-001  0.7881597505247255E-001  0.8173405184809890E-001 -0.1031810612046190E-001  0.3659308449394193E-003
 0.8950000000000000E+000  0.1567185300000000E+001 -0.7560237996169930E-001  0.7294524365726557E-001  0.7543414967722416E-001 -0.8952902450535571E-002  0.2430842081603563E-003
 0.9025000000000000E+000  0.1567185300000000E+001 -0.6960506911080423E-001  0.6735059578658116E-001  0.6946245985953521E-001 -0.7726013200356805E-002  0.1547340839588213E-003
 0.9097222200000000E+000  0.1567185300000000E+001 -0.6392570557614881E-001  0.6202362377636627E-001  0.6380540568529049E-001 -0.6628348224693928E-002  0.9374321461398832E-004
 0.9166666700000000E+000  0.1567185300000000E+001 -0.5855130847273243E-001  0.5695646349108746E-001  0.5845037323015469E-001 -0.5650956078959986E-002  0.5361204986058920E-004
 0.9233333300000000E+000  0.1567185300000000E+001 -0.5346986677787933E-001  0.5214179065951656E-001  0.5338567978298307E-001 -0.4785073246921821E-002  0.2865708301643083E-004
 0.9297222200000000E+000  0.1567185300000000E+001 -0.4867022205901377E-001  0.4757273932922947E-001  0.4860046164746658E-001 -0.4022151420690013E-002  0.1414327116794746E-004
 0.9358333300000000E+000  0.1567185300000000E+001 -0.4414206329741580E-001  0.4324292400766691E-001  0.4408467282769320E-001 -0.3353897785516612E-002  0.6348412243145969E-005
 0.9416666700000000E+000  0.1567185300000000E+001 -0.3987583459582240E-001  0.3914637716878757E-001  0.3982899620975957E-001 -0.2772294588659242E-002  0.2543294088980660E-005
 0.9472222200000000E+000  0.1567185300000000E+001 -0.3586272179431555E-001  0.3527756005251929E-001  0.3582483289295479E-001 -0.2269625822283335E-002  0.8880155652430691E-006
 0.9525000000000000E+000  0.1567185300000000E+001 -0.3209455528779018E-001  0.3163129119682820E-001  0.3206420752478518E-001 -0.1838488173785335E-002  0.2621468734551786E-006
 0.9575000000000000E+000  0.1567185300000000E+001 -0.2856381837920637E-001  0.2820277482730210E-001  0.2853977861042712E-001 -0.1471812085131791E-002  0.6290450706363609E-007
 0.9622222200000000E+000  0.1567185300000000E+001 -0.2526357940459299E-001  0.2498755428569789E-001  0.2524477251966876E-001 -0.1162869809522228E-002  0.1165060725164097E-007
 0.9666666700000000E+000  0.1567185300000000E+001 -0.2218745651240534E-001  0.2198149533403412E-001  0.2217294985781724E-001 -0.9052852500140836E-003  0.1554606075603478E-008
 0.9708333300000000E+000  0.1567185300000000E+001 -0.1932961275516116E-001  0.1918079780992357E-001  0.1931860193292598E-001 -0.6930436584608286E-003  0.1368403198507418E-009
 0.9747222200000000E+000  0.1567185300000000E+001 -0.1668467814036187E-001  0.1658193452054833E-001  0.1667647411991374E-001 -0.5204935501162064E-003  0.7468783755829417E-011
 0.9783333300000000E+000  0.1567185300000000E+001 -0.1424777081672378E-001  0.1418168593373493E-001  0.1424178808820893E-001 -0.3823548499181926E-003  0.3483381312441436E-012
 0.9816666700000000E+000  0.1567185300000000E+001 -0.1201443842806463E-001  0.1197709553423493E-001  0.1201018416912469E-001 -0.2737197505838937E-003  0.2451730850865170E-013
 0.9847222200000000E+000  0.1567185300000000E+001 -0.9980669619349047E-002  0.9965493189781835E-002  0.9977733691801419E-002 -0.1900568196228696E-003  0.1089701761047870E-014
 0.9875000000000000E+000  0.1567185300000000E+001 -0.8142827319825746E-002  0.8144440501213717E-002  0.8140873055589307E-002 -0.1272104121245472E-003  0.1483102946673673E-016
 0.9900000000000000E+000  0.1567185300000000E+001 -0.6497677593542824E-002  0.6511770015721768E-002  0.6496433210131954E-002 -0.8140368144512008E-004  0.4663066735089132E-018
 0.9922222200000000E+000  0.1567185300000000E+001 -0.5042347090363454E-002  0.5065553438985833E-002  0.5041597701969309E-002 -0.4923794254517610E-004  0.1916701502444340E-019
 0.9941666700000000E+000  0.1567185300000000E+001 -0.3774309189491393E-002  0.3804092742166428E-002  0.3773889315603663E-002 -0.2769303597850938E-004  0.1185611953559349E-021
 0.9958333300000000E+000  0.1567185300000000E+001 -0.2691397803626993E-002  0.2725956100024046E-002  0.2691184301971984E-002 -0.1412765171446487E-004  0.1222456555419288E-022
 0.9972222200000000E+000  0.1567185300000000E+001 -0.1791751234288319E-002  0.1829397266045081E-002  0.1791656610184175E-002 -0.6278386376187708E-005 -0.1660043271558545E-023
 0.9983333300000000E+000  0.1567185300000000E+001 -0.1073848785857488E-002  0.1114063875066622E-002  0.1073814797272958E-002 -0.2260055885741816E-005  0.1086279581551393E-021
 0.9991666700000000E+000  0.1567185300000000E+001 -0.5364709594678315E-003  0.5698753340215493E-003  0.5364624766635024E-003 -0.5649749210614576E-006  0.2395553046657201E-022
 0.9997222200000000E+000  0.1567185300000000E+001 -0.1787259119491468E-003  0.2008027823521601E-003  0.1787249704452519E-003 -0.6277407311381087E-007  0.6173326113418833E-022
 0.1000000000000000E+001  0.1567185300000000E+001 -0.3383108973905409E-026 -0.2157596439818120E-026 -0.2787092839169512E-026  0.4225562946053345E-039  0.2124277171069491E-040

 0.0000000000000000E+000  0.1570796300000000E+001 -0.2815913409580740E+001  0.2258165359761827E+001  0.2314433167650105E+001 -0.8352718342714092E-002  0.5800742740885229E-001
 0.2777777800000000E-003  0.1570796300000000E+001 -0.2815851672641533E+001  0.2258140506606770E+001  0.2314368775377421E+001 -0.8354439259514372E-002  0.5805008561752410E-001
 0.8333333300000000E-003  0.1570796300000000E+001 -0.2815360485012160E+001  0.2257942302503745E+001  0.2313856305704988E+001 -0.8368228095337613E-002  0.5839113466842046E-001
 0.1666666700000000E-002  0.1570796300000000E+001 -0.2813742302351011E+001  0.2257283391443007E+001  0.2312165980258626E+001 -0.8414912766376771E-002  0.5953622009281910E-001
 0.2777777800000000E-002  0.1570796300000000E+001 -0.2810143487545512E+001  0.2255783818028892E+001  0.2308394669095810E+001 -0.8526126149152324E-002  0.6220857130731461E-001
 0.4166666700000000E-002  0.1570796300000000E+001 -0.2803961834211713E+001  0.2253085500977736E+001  0.2301871099355493E+001 -0.8744487961482122E-002  0.6725930616922453E-001
 0.5833333300000000E-002  0.1570796300000000E+001 -0.2795351985937481E+001  0.2249014995215371E+001  0.2292657507917748E+001 -0.9121954378023987E-002  0.7551050543409697E-001
 0.7777777800000000E-002  0.1570796300000000E+001 -0.2785377568639742E+001  0.2243685903429492E+001  0.2281697898017484E+001 -0.9713482422901439E-002  0.8757903640049507E-001
 0.1000000000000000E-001  0.1570796300000000E+001 -0.2775547057136347E+001  0.2237438405975763E+001  0.2270352755502508E+001 -0.1056594250117875E-001  0.1037706297380726E+000
 0.1250000000000000E-001  0.1570796300000000E+001 -0.2767141200418815E+001  0.2230663428545095E+001  0.2259730365404163E+001 -0.1170833580628828E-001  0.1240919445475305E+000
 0.1527777800000000E-001  0.1570796300000000E+001 -0.2760888811423196E+001  0.2223654703349045E+001  0.2250371403738991E+001 -0.1314984417128380E-001  0.1483419887250593E+000
 0.1833333300000000E-001  0.1570796300000000E+001 -0.2757041386737525E+001  0.2216557559939427E+001  0.2242335621581915E+001 -0.1488513715381085E-001  0.1762110346922482E+000
 0.2166666700000000E-001  0.1570796300000000E+001 -0.2755579986441482E+001  0.2209384897798797E+001  0.2235423237029972E+001 -0.1690159384034510E-001  0.2073448526780928E+000
 0.2527777800000000E-001  0.1570796300000000E+001 -0.2756367843231234E+001  0.2202050732811844E+001  0.2229345573201649E+001 -0.1918459662004789E-001  0.2413687928978740E+000
 0.2916666700000000E-001  0.1570796300000000E+001 -0.2759211149601158E+001  0.2194394326846815E+001  0.2223809841622750E+001 -0.2172020052233701E-001  0.2778822612869324E+000
 0.3333333300000000E-001  0.1570796300000000E+001 -0.2763851667405974E+001  0.2186188868148087E+001  0.2218544979200986E+001 -0.2449595595152033E-001  0.3164337186257371E+000
 0.3777777800000000E-001  0.1570796300000000E+001 -0.2769916980714262E+001  0.2177137562584350E+001  0.2213297537836555E+001 -0.2750080639254162E-001  0.3564826760023951E+000
 0.4250000000000000E-001  0.1570796300000000E+001 -0.2776843337298774E+001  0.2166862312323692E+001  0.2207814495367453E+001 -0.3072463344168685E-001  0.3973522939308934E+000
 0.4750000000000000E-001  0.1570796300000000E+001 -0.2783780996833780E+001  0.2154890750137875E+001  0.2201820561910972E+001 -0.3415776321552214E-001  0.4381776872048597E+000
 0.5277777800000000E-001  0.1570796300000000E+001 -0.2789497160514706E+001  0.2140649076062777E+001  0.2194993654996704E+001 -0.3779054372260456E-001  0.4778598576521695E+000
 0.5833333300000000E-001  0.1570796300000000E+001 -0.2792307537092205E+001  0.2123470825208946E+001  0.2186942262247229E+001 -0.4161304367858885E-001  0.5150450405121868E+000
 0.6416666700000000E-001  0.1570796300000000E+001 -0.2790090094839844E+001  0.2102634058674418E+001  0.2177191300909260E+001 -0.4561486793789675E-001  0.5481600143937826E+000
 0.7027777800000000E-001  0.1570796300000000E+001 -0.2780448129805114E+001  0.2077437542801013E+001  0.2165186928286883E+001 -0.4978504617401176E-001  0.5755372456092096E+000
 0.7666666699999999E-001  0.1570796300000000E+001 -0.2761064236309974E+001  0.2047314846141261E+001  0.2150331660331445E+001 -0.5411196545242439E-001  0.5956445576499464E+000
 0.8333333300000000E-001  0.1570796300000000E+001 -0.2730197112718831E+001  0.2011963189617826E+001  0.2132054070920466E+001 -0.5858329164610210E-001  0.6073816812031612E+000
 0.9027777800000000E-001  0.1570796300000000E+001 -0.2687148917271306E+001  0.1971441340939462E+001  0.2109900350894171E+001 -0.6318588919762040E-001  0.6103418842124099E+000
 0.9750000000000000E-001  0.1570796300000000E+001 -0.2632478113863633E+001  0.1926190003839907E+001  0.2083617329974988E+001 -0.6790575014297549E-001  0.6049163019784205E+000
 0.1050000000000000E+000  0.1570796300000000E+001 -0.2567840621816564E+001  0.1876959623561584E+001  0.2053193942389288E+001 -0.7272797661972683E-001  0.5921839755171042E+000
 0.1127777800000000E+000  0.1570796300000000E+001 -0.2495548553601852E+001  0.1824675887570662E+001  0.2018847240097803E+001 -0.7763679810296717E-001  0.5736429898461104E+000
 0.1208333300000000E+000  0.1570796300000000E+001 -0.2418065214529403E+001  0.1770296583602892E+001  0.1980965447008365E+001 -0.8261559010003709E-001  0.5509060514606754E+000
 0.1291666700000000E+000  0.1570796300000000E+001 -0.2337621422540421E+001  0.1714702125304208E+001  0.1940034405804560E+001 -0.8764690067242914E-001  0.5254645951240551E+000
 0.1377777800000000E+000  0.1570796300000000E+001 -0.2256020270258796E+001  0.1658635998255362E+001  0.1896571614334743E+001 -0.9271236875452346E-001  0.4985606452927451E+000
 0.1466666700000000E+000  0.1570796300000000E+001 -0.2174596490964473E+001  0.1602686500420462E+001  0.1851078219317849E+001 -0.9779269667309581E-001  0.4711505628633277E+000
 0.1558333300000000E+000  0.1570796300000000E+001 -0.2094267758007714E+001  0.1547296091860057E+001  0.1804011345854203E+001 -0.1028675365050845E+000  0.4439259750169983E+000
 0.1652777800000000E+000  0.1570796300000000E+001 -0.2015620057068370E+001  0.1492782750111939E+001  0.1755771479368466E+001 -0.1079154371768959E+000  0.4173593172299330E+000
 0.1750000000000000E+000  0.1570796300000000E+001 -0.1938995583204087E+001  0.1439365263080729E+001  0.1706700664073007E+001 -0.1129137398554527E+000  0.3917543062752215E+000
 0.1850000000000000E+000  0.1570796300000000E+001 -0.1864566071408583E+001  0.1387185952820384E+001  0.1657085721913262E+001 -0.1178385710960079E+000  0.3672906424850425E+000
 0.1952777800000000E+000  0.1570796300000000E+001 -0.1792389966449777E+001  0.1336330341179778E+001  0.1607164698042210E+001 -0.1226648019155280E+000  0.3440603128028680E+000
 0.2058333300000000E+000  0.1570796300000000E+001 -0.1722453585120483E+001  0.1286842540785657E+001  0.1557133899882833E+001 -0.1273660572500593E+000  0.3220950551658571E+000
 0.2166666700000000E+000  0.1570796300000000E+001 -0.1654699532725391E+001  0.1238736856817326E+001  0.1507154549903338E+001 -0.1319147713581409E+000  0.3013863604759630E+000
 0.2277777800000000E+000  0.1570796300000000E+001 -0.1589046541303257E+001  0.1192006925568141E+001  0.1457359281992251E+001 -0.1362822264526684E+000  0.2818999246816005E+000
 0.2391666700000000E+000  0.1570796300000000E+001 -0.1525401794313305E+001  0.1146631893395864E+001  0.1407857144166359E+001 -0.1404386853629413E+000  0.2635855181015102E+000
 0.2508333300000000E+000  0.1570796300000000E+001 -0.1463669431637353E+001  0.1102581369330397E+001  0.1358738310833558E+001 -0.1443535097171868E+000  0.2463839681301018E+000
 0.2627777800000000E+000  0.1570796300000000E+001 -0.1403755376693160E+001  0.1059818655023602E+001  0.1310077580479234E+001 -0.1479953541546285E+000  0.2302317558311312E+000
 0.2750000000000000E+000  0.1570796300000000E+001 -0.1345570730205856E+001  0.1018303462609245E+001  0.1261937703580393E+001 -0.1513323610486315E+000  0.2150642338044773E+000
 0.2875000000000000E+000  0.1570796300000000E+001 -0.1289033078017777E+001  0.9779934106506666E+000  0.1214371557927231E+001 -0.1543324428655463E+000  0.2008175629561585E+000
 0.3002777800000000E+000  0.1570796300000000E+001 -0.1234067472971540E+001  0.9388454058126079E+000  0.1167424298886843E+001 -0.1569635742731261E+000  0.1874300543247826E+000
 0.3133333300000000E+000  0.1570796300000000E+001 -0.1180606633844458E+001  0.9008164972256897E+000  0.1121134943465237E+001 -0.1591941436037963E+000  0.1748429383677088E+000
 0.3266666700000000E+000  0.1570796300000000E+001 -0.1128590637356615E+001  0.8638643532995927E+000  0.1075537494984475E+001 -0.1609933540224924E+000  0.1630007534096608E+000
 0.3402777800000000E+000  0.1570796300000000E+001 -0.1077966835998746E+001  0.8279478581566524E+000  0.1030662185780112E+001 -0.1623316504493350E+000  0.1518516040045772E+000
 0.3541666700000000E+000  0.1570796300000000E+001 -0.1028689088735845E+001  0.7930271690130439E+000  0.9865360120742060E+000 -0.1631812080503129E+000  0.1413471357143587E+000
 0.3683333300000000E+000  0.1570796300000000E+001 -0.9807173916168926E+000  0.7590640055473086E+000  0.9431834978990283E+000 -0.1635164397928077E+000  0.1314425182129809E+000
 0.3827777800000000E+000  0.1570796300000000E+001 -0.9340171115481609E+000  0.7260216083949734E+000  0.9006269848430044E+000 -0.1633145402520375E+000  0.1220962882063340E+000
 0.3975000000000000E+000  0.1570796300000000E+001 -0.8885586180513886E+000  0.6938649348973313E+000  0.8588871649752156E+000 -0.1625560459538694E+000  0.1132702423046689E+000
 0.4125000000000000E+000  0.1570796300000000E+001 -0.8443164566462091E+000  0.6625604912913974E+000  0.8179830902961545E+000 -0.1612254047123765E+000  0.1049292193285597E+000
 0.4277777800000000E+000  0.1570796300000000E+001 -0.8012688967673071E+000  0.6320763960525906E+000  0.7779324250801458E+000 -0.1593115404387427E+000  0.9704095167218631E-001
 0.4433333300000000E+000  0.1570796300000000E+001 -0.7593973607858230E+000  0.6023823298629495E+000  0.7387515038629550E+000 -0.1568084000198628E+000  0.8957589277147515E-001
 0.4591666700000000E+000  0.1570796300000000E+001 -0.7186857751973573E+000  0.5734494046733587E+000  0.7004552381000435E+000 -0.1537154557264510E+000  0.8250703821807406E-001
 0.4752777800000000E+000  0.1570796300000000E+001 -0.6791202376151807E+000  0.5452502340138677E+000  0.6630572510061750E+000 -0.1500381735008035E+000  0.7580981293027633E-001
 0.4916666700000000E+000  0.1570796300000000E+001 -0.6406883410212739E+000  0.5177587389799585E+000  0.6265696317764141E+000 -0.1457883858287443E+000  0.6946191089142485E-001
 0.5083333300000000E+000  0.1570796300000000E+001 -0.6033788343785553E+000  0.4909501733009670E+000  0.5910029548214911E+000 -0.1409846004306832E+000  0.6344320842122833E-001
 0.5247222200000000E+000  0.1570796300000000E+001 -0.5683411677895445E+000  0.4656414472463848E+000  0.5574780555740865E+000 -0.1358336441337048E+000  0.5791659507906282E-001
 0.5408333300000000E+000  0.1570796300000000E+001 -0.5354090659622750E+000  0.4417128163067606E+000  0.5258629064975435E+000 -0.1304039613726074E+000  0.5283083178535655E-001
 0.5566666700000000E+000  0.1570796300000000E+001 -0.5044320271180911E+000  0.4190580175498962E+000  0.4960353388020142E+000 -0.1247602894816811E+000  0.4814212216589141E-001
 0.5722222200000000E+000  0.1570796300000000E+001 -0.4752732738395387E+000  0.3975824296141039E+000  0.4678821646238718E+000 -0.1189632045688663E+000  0.4381288038817082E-001
 0.5875000000000000E+000  0.1570796300000000E+001 -0.4478078755486098E+000  0.3772013838385812E+000  0.4412982178565092E+000 -0.1130687546770199E+000  0.3981070224831700E-001
 0.6025000000000000E+000  0.1570796300000000E+001 -0.4219214546676112E+000  0.3578389326253274E+000  0.4161857714869167E+000 -0.1071282646359134E+000  0.3610756329673186E-001
 0.6172222200000000E+000  0.1570796300000000E+001 -0.3975089299978055E+000  0.3394266755027359E+000  0.3924538490513255E+000 -0.1011882095291981E+000  0.3267913274547796E-001
 0.6316666700000000E+000  0.1570796300000000E+001 -0.3744735327215531E+000  0.3219028155005861E+000  0.3700176901521869E+000 -0.9529019842098248E-001  0.2950421572381258E-001
 0.6458333300000000E+000  0.1570796300000000E+001 -0.3527260349381245E+000  0.3052114033321018E+000  0.3487983376256857E+000 -0.8947105696083502E-001  0.2656429593747781E-001
 0.6597222200000000E+000  0.1570796300000000E+001 -0.3321839266270958E+000  0.2893015665253670E+000  0.3287221076297313E+000 -0.8376293306478529E-001  0.2384312838772644E-001
 0.6733333300000000E+000  0.1570796300000000E+001 -0.3127709093574945E+000  0.2741270033092905E+000  0.3097203159814389E+000 -0.7819351454247721E-001  0.2132642105697412E-001
 0.6866666700000000E+000  0.1570796300000000E+001 -0.2944162845484413E+000  0.2596454162992350E+000  0.2917288600157871E+000 -0.7278623959799771E-001  0.1900153898041906E-001
 0.6997222200000000E+000  0.1570796300000000E+001 -0.2770545519101120E+000  0.2458181277541726E+000  0.2746879726930646E+000 -0.6756057864099975E-001  0.1685726538204341E-001
 0.7125000000000000E+000  0.1570796300000000E+001 -0.2606248956848731E+000  0.2326096220095334E+000  0.2585418399822080E+000 -0.6253228796562564E-001  0.1488357228091427E-001
 0.7250000000000000E+000  0.1570796300000000E+001 -0.2450709046992626E+000  0.2199872869557640E+000  0.2432384259991398E+000 -0.5771373146060622E-001  0.1307143917283039E-001
 0.7372222200000000E+000  0.1570796300000000E+001 -0.2303401819333386E+000  0.2079210797330038E+000  0.2287291722822866E+000 -0.5311416234020450E-001  0.1141267282405516E-001
 0.7491666700000000E+000  0.1570796300000000E+001 -0.2163840416562514E+000  0.1963832718633111E+000  0.2149687687328262E+000 -0.4874001955127638E-001  0.9899749906281887E-002
 0.7608333300000000E+000  0.1570796300000000E+001 -0.2031572784673180E+000  0.1853482623174347E+000  0.2019149838415427E+000 -0.4459523162964142E-001  0.8525676910649583E-002
 0.7722222200000000E+000  0.1570796300000000E+001 -0.1906178331236356E+000  0.1747923115677193E+000  0.1895283835512362E+000 -0.4068147023444921E-001  0.7283847106549042E-002
 0.7833333300000000E+000  0.1570796300000000E+001 -0.1787266407705831E+000  0.1646934325125609E+000  0.1777722222187503E+000 -0.3699844099080566E-001  0.6167923949179159E-002
 0.7941666700000000E+000  0.1570796300000000E+001 -0.1674473619386915E+000  0.1550311879457248E+000  0.1666122114734568E+000 -0.3354411661757963E-001  0.5171719150249532E-002
 0.8047222200000000E+000  0.1570796300000000E+001 -0.1567462393627054E+000  0.1457865975882951E+000  0.1560164081476230E+000 -0.3031498737166683E-001  0.4289090320552258E-002
 0.8149999999999999E+000  0.1570796300000000E+001 -0.1465918451529752E+000  0.1369419535733223E+000  0.1459549894335607E+000 -0.2730625621437836E-001  0.3513837780789425E-002
 0.8250000000000000E+000  0.1570796300000000E+001 -0.1369549858341531E+000  0.1284807734082754E+000  0.1364001808146710E+000 -0.2451206043627293E-001  0.2839625880258693E-002
 0.8347222200000000E+000  0.1570796300000000E+001 -0.1278085077275209E+000  0.1203876682138139E+000  0.1273260825371811E+000 -0.2192564203614052E-001  0.2259909941321233E-002
 0.8441666700000000E+000  0.1570796300000000E+001 -0.1191271560323335E+000  0.1126482576289835E+000  0.1187085469602266E+000 -0.1953951437678438E-001  0.1767885855531924E-002
 0.8533333300000000E+000  0.1570796300000000E+001 -0.1108874799915154E+000  0.1052491261876988E+000  0.1105250998457774E+000 -0.1734562196948204E-001  0.1356464518102379E-002
 0.8622222200000000E+000  0.1570796300000000E+001 -0.1030676474764715E+000  0.9817769837334976E-001  0.1027547702126047E+000 -0.1533545747399986E-001  0.1018268772686591E-002
 0.8708333300000000E+000  0.1570796300000000E+001 -0.9564739578743310E-001  0.9142223484523157E-001  0.9537805417581083E-001 -0.1350019847949754E-001  0.7456697534125640E-003
 0.8791666700000000E+000  0.1570796300000000E+001 -0.8860788266951714E-001  0.8497173806019655E-001  0.8837677857363217E-001 -0.1183080177926332E-001  0.5308541627342200E-003
 0.8872222200000000E+000  0.1570796300000000E+001 -0.8193163196244180E-001  0.7881594232394150E-001  0.8173405760477863E-001 -0.1031810677654428E-001  0.3659332926318870E-003
 0.8950000000000000E+000  0.1570796300000000E+001 -0.7560238457249771E-001  0.7294521540103184E-001  0.7543415427995825E-001 -0.8952902947621367E-002  0.2430858338266086E-003
 0.9025000000000000E+000  0.1570796300000000E+001 -0.6960507276857122E-001  0.6735057151752534E-001  0.6946246351161847E-001 -0.7726013572759168E-002  0.1547351185855988E-003
 0.9097222200000000E+000  0.1570796300000000E+001 -0.6392570845415428E-001  0.6202360304798637E-001  0.6380540855930200E-001 -0.6628348500351043E-002  0.9374384132378748E-004
 0.9166666700000000E+000  0.1570796300000000E+001 -0.5855131071717003E-001  0.5695644589347310E-001  0.5845037547180144E-001 -0.5650956280390325E-002  0.5361240822378695E-004
 0.9233333300000000E+000  0.1570796300000000E+001 -0.5346986851140512E-001  0.5214177581739282E-001  0.5338568151457503E-001 -0.4785073392083497E-002  0.2865727454447499E-004
 0.9297222200000000E+000  0.1570796300000000E+001 -0.4867022338390724E-001  0.4757272690010544E-001  0.4860046297103474E-001 -0.4022151523743379E-002  0.1414336568156070E-004
 0.9358333300000000E+000  0.1570796300000000E+001 -0.4414206429840289E-001  0.4324291368001783E-001  0.4408467382778408E-001 -0.3353897857494215E-002  0.6348454661919308E-005
 0.9416666700000000E+000  0.1570796300000000E+001 -0.3987583534257944E-001  0.3914636866031258E-001  0.3982899695591988E-001 -0.2772294638046534E-002  0.2543311080888036E-005
 0.9472222200000000E+000  0.1570796300000000E+001 -0.3586272234368729E-001  0.3527755310843370E-001  0.3582483344193612E-001 -0.2269625855516694E-002  0.8880214975346893E-006
 0.9525000000000000E+000  0.1570796300000000E+001 -0.3209455568574291E-001  0.3163128558822511E-001  0.3206420792248749E-001 -0.1838488195673578E-002  0.2621486245372424E-006
 0.9575000000000000E+000  0.1570796300000000E+001 -0.2856381866254631E-001  0.2820277034953994E-001  0.2853977889360993E-001 -0.1471812099208956E-002  0.6290492721598858E-007
 0.9622222200000000E+000  0.1570796300000000E+001 -0.2526357960246858E-001  0.2498755075684457E-001  0.2524477271744819E-001 -0.1162869818338696E-002  0.1165068506246382E-007
 0.9666666700000000E+000  0.1570796300000000E+001 -0.2218745664761615E-001  0.2198149259335355E-001  0.2217294999297083E-001 -0.9052852553736411E-003  0.1554616457619920E-008
 0.9708333300000000E+000  0.1570796300000000E+001 -0.1932961284529287E-001  0.1918079571639739E-001  0.1931860202302474E-001 -0.6930436616108317E-003  0.1368412336510086E-009
 0.9747222200000000E+000  0.1570796300000000E+001 -0.1668467819876339E-001  0.1658193295144957E-001  0.1667647417829698E-001 -0.5204935518976035E-003  0.7468833630729789E-011
 0.9783333300000000E+000  0.1570796300000000E+001 -0.1424777085334408E-001  0.1418168478322844E-001  0.1424178812481950E-001 -0.3823548508818307E-003  0.3483404575672635E-012
 0.9816666700000000E+000  0.1570796300000000E+001 -0.1201443845016269E-001  0.1197709471202096E-001  0.1201018419121783E-001 -0.2737197510788381E-003  0.2451747224523511E-013
 0.9847222200000000E+000  0.1570796300000000E+001 -0.9980669632091155E-002  0.9965492619767745E-002  0.9977733704541185E-002 -0.1900568198619744E-003  0.1089709029455849E-014
 0.9875000000000000E+000  0.1570796300000000E+001 -0.8142827326781850E-002  0.8144440120223369E-002  0.8140873062544378E-002 -0.1272104122318620E-003  0.1483113918442329E-016
 0.9900000000000000E+000  0.1570796300000000E+001 -0.6497677597093869E-002  0.6511769772227308E-002  0.6496433213682576E-002 -0.8140368148913629E-004  0.4662943308626226E-018
 0.9922222200000000E+000  0.1570796300000000E+001 -0.5042347092029885E-002  0.5065553291869096E-002  0.5041597703635586E-002 -0.4923794256130307E-004  0.1918603314059165E-019
 0.9941666700000000E+000  0.1570796300000000E+001 -0.3774309190192811E-002  0.3804092659503195E-002  0.3773889316305033E-002 -0.2769303598361727E-004  0.5480577574877393E-022
 0.9958333300000000E+000  0.1570796300000000E+001 -0.2691397803882113E-002  0.2725956057888068E-002  0.2691184302227092E-002 -0.1412765171579565E-004 -0.1081084223883199E-022
 0.9972222200000000E+000  0.1570796300000000E+001 -0.1791751234363787E-002  0.1829397247332514E-002  0.1791656610259640E-002 -0.6278386376450766E-005  0.1576372102067171E-023
 0.9983333300000000E+000  0.1570796300000000E+001 -0.1073848785873767E-002  0.1114063868334265E-002  0.1073814797289237E-002 -0.2260055885775928E-005 -0.1017080582748639E-021
 0.9991666700000000E+000  0.1570796300000000E+001 -0.5364709594698643E-003  0.5698753323392633E-003  0.5364624766655352E-003 -0.5649749210635903E-006 -0.2351383226279486E-022
 0.9997222200000000E+000  0.1570796300000000E+001 -0.1787259119492221E-003  0.2008027821652927E-003  0.1787249704453271E-003 -0.6277407311383720E-007 -0.5092002025496654E-022
 0.1000000000000000E+001  0.1570796300000000E+001  0.1330195332180310E-026  0.1327275105555018E-026  0.3552914911863179E-027 -0.1411360308342456E-039 -0.1568947673226811E-040

